ISO-10303-21;
HEADER;
/* Generated by software containing ST-Developer
 * from STEP Tools, Inc. (www.steptools.com) 
 */

FILE_DESCRIPTION(
/* description */ (''),
/* implementation_level */ '2;1');

FILE_NAME(
/* name */ '92114A196.step',
/* time_stamp */ '2026-03-16T23:23:31-04:00',
/* author */ (''),
/* organization */ (''),
/* preprocessor_version */ 'ST-DEVELOPER v20.1',
/* originating_system */ 'Autodesk Translation Framework v14.24.0.0',
/* authorisation */ '');

FILE_SCHEMA (('AUTOMOTIVE_DESIGN { 1 0 10303 214 3 1 1 }'));
ENDSEC;

DATA;
#10=MECHANICAL_DESIGN_GEOMETRIC_PRESENTATION_REPRESENTATION('',(#13),#3590);
#11=SHAPE_REPRESENTATION_RELATIONSHIP('SRR','None',#3600,#12);
#12=ADVANCED_BREP_SHAPE_REPRESENTATION('',(#14),#3589);
#13=STYLED_ITEM('',(#3609),#14);
#14=MANIFOLD_SOLID_BREP('Body1',#901);
#15=(
BOUNDED_CURVE()
B_SPLINE_CURVE(2,(#3302,#3303,#3304,#3305,#3306,#3307,#3308,#3309,#3310,
#3311,#3312,#3313,#3314,#3315,#3316,#3317,#3318,#3319,#3320,#3321,#3322,
#3323,#3324,#3325,#3326,#3327,#3328,#3329,#3330,#3331,#3332,#3333,#3334,
#3335,#3336,#3337,#3338,#3339,#3340,#3341,#3342,#3343,#3344,#3345,#3346,
#3347,#3348,#3349,#3350,#3351,#3352,#3353,#3354,#3355,#3356,#3357,#3358,
#3359,#3360,#3361,#3362,#3363,#3364,#3365,#3366,#3367,#3368,#3369,#3370,
#3371,#3372,#3373,#3374,#3375,#3376),.UNSPECIFIED.,.F.,.F.)
B_SPLINE_CURVE_WITH_KNOTS((3,2,2,2,2,2,2,2,2,2,2,2,2,2,2,2,2,2,2,2,2,2,
2,2,2,2,2,2,2,2,2,2,2,2,2,2,2,3),(0.,0.0166666666666667,0.0333333333333333,
0.05,0.0666666666666667,0.0833333333333333,0.1,0.116666666666667,0.133333333333333,
0.15,0.166666666666667,0.183333333333333,0.2,0.216666666666667,0.233333333333333,
0.25,0.266666666666667,0.283333333333333,0.3,0.316666666666667,0.333333333333333,
0.35,0.366666666666667,0.383333333333333,0.4,0.416666666666667,0.433333333333333,
0.45,0.466666666666667,0.483333333333333,0.5,0.516666666666667,0.533333333333333,
0.55,0.566666666666667,0.583333333333333,0.6,0.605447904608812),
 .UNSPECIFIED.)
CURVE()
GEOMETRIC_REPRESENTATION_ITEM()
RATIONAL_B_SPLINE_CURVE((1.,0.951056516295154,1.,0.951056516295154,1.,0.951056516295154,
1.,0.951056516295154,1.,0.951056516295154,1.,0.951056516295154,1.,0.951056516295154,
1.,0.951056516295154,1.,0.951056516295154,1.,0.951056516295154,1.,0.951056516295154,
1.,0.951056516295154,1.,0.951056516295154,1.,0.951056516295154,1.,0.951056516295154,
1.,0.951056516295154,1.,0.951056516295154,1.,0.951056516295154,1.,0.951056516295154,
1.,0.951056516295154,1.,0.951056516295154,1.,0.951056516295154,1.,0.951056516295154,
1.,0.951056516295154,1.,0.951056516295154,1.,0.951056516295154,1.,0.951056516295154,
1.,0.951056516295154,1.,0.951056516295154,1.,0.951056516295154,1.,0.951056516295154,
1.,0.951056516295154,1.,0.951056516295154,1.,0.951056516295154,1.,0.951056516295154,
1.,0.951056516295154,1.,0.984001634173184,0.978462176856932))
REPRESENTATION_ITEM('')
);
#16=(
BOUNDED_SURFACE()
B_SPLINE_SURFACE(1,2,((#2284,#2285,#2286,#2287,#2288,#2289,#2290,#2291,
#2292,#2293,#2294,#2295,#2296,#2297,#2298,#2299,#2300,#2301,#2302,#2303,
#2304,#2305,#2306,#2307,#2308,#2309,#2310,#2311,#2312,#2313,#2314,#2315,
#2316,#2317,#2318,#2319,#2320,#2321,#2322,#2323,#2324,#2325,#2326,#2327,
#2328,#2329,#2330,#2331,#2332,#2333,#2334,#2335,#2336,#2337,#2338,#2339,
#2340,#2341,#2342,#2343,#2344,#2345,#2346,#2347,#2348,#2349,#2350,#2351,
#2352,#2353,#2354,#2355,#2356,#2357,#2358,#2359,#2360,#2361,#2362,#2363,
#2364,#2365,#2366,#2367,#2368,#2369,#2370,#2371,#2372,#2373,#2374,#2375,
#2376,#2377,#2378,#2379,#2380,#2381,#2382,#2383,#2384,#2385,#2386),(#2387,
#2388,#2389,#2390,#2391,#2392,#2393,#2394,#2395,#2396,#2397,#2398,#2399,
#2400,#2401,#2402,#2403,#2404,#2405,#2406,#2407,#2408,#2409,#2410,#2411,
#2412,#2413,#2414,#2415,#2416,#2417,#2418,#2419,#2420,#2421,#2422,#2423,
#2424,#2425,#2426,#2427,#2428,#2429,#2430,#2431,#2432,#2433,#2434,#2435,
#2436,#2437,#2438,#2439,#2440,#2441,#2442,#2443,#2444,#2445,#2446,#2447,
#2448,#2449,#2450,#2451,#2452,#2453,#2454,#2455,#2456,#2457,#2458,#2459,
#2460,#2461,#2462,#2463,#2464,#2465,#2466,#2467,#2468,#2469,#2470,#2471,
#2472,#2473,#2474,#2475,#2476,#2477,#2478,#2479,#2480,#2481,#2482,#2483,
#2484,#2485,#2486,#2487,#2488,#2489)),.UNSPECIFIED.,.F.,.F.,.F.)
B_SPLINE_SURFACE_WITH_KNOTS((2,2),(3,2,2,2,2,2,2,2,2,2,2,2,2,2,2,2,2,2,
2,2,2,2,2,2,2,2,2,2,2,2,2,2,2,2,2,2,2,2,2,2,2,2,2,2,2,2,2,2,2,2,2,3),(0.,
1.),(-2.04900448963078E-5,0.0166666666666667,0.0333333333333333,0.05,0.0666666666666667,
0.0833333333333333,0.1,0.116666666666667,0.133333333333333,0.15,0.166666666666667,
0.183333333333333,0.2,0.216666666666667,0.233333333333333,0.25,0.266666666666667,
0.283333333333333,0.3,0.316666666666667,0.333333333333333,0.35,0.366666666666667,
0.383333333333333,0.4,0.416666666666667,0.433333333333333,0.45,0.466666666666667,
0.483333333333333,0.5,0.516666666666667,0.533333333333333,0.55,0.566666666666667,
0.583333333333333,0.6,0.616666666666667,0.633333333333333,0.65,0.666666666666667,
0.683333333333333,0.7,0.716666666666667,0.733333333333333,0.75,0.766666666666667,
0.783333333333333,0.8,0.816666666666667,0.833333333333333,0.84017985884368),
 .UNSPECIFIED.)
GEOMETRIC_REPRESENTATION_ITEM()
RATIONAL_B_SPLINE_SURFACE(((1.00012049045081,0.950996345044444,1.,0.951056516295154,
1.,0.951056516295154,1.,0.951056516295154,1.,0.951056516295154,1.,0.951056516295154,
1.,0.951056516295154,1.,0.951056516295154,1.,0.951056516295154,1.,0.951056516295154,
1.,0.951056516295154,1.,0.951056516295154,1.,0.951056516295154,1.,0.951056516295154,
1.,0.951056516295154,1.,0.951056516295154,1.,0.951056516295154,1.,0.951056516295154,
1.,0.951056516295154,1.,0.951056516295154,1.,0.951056516295154,1.,0.951056516295154,
1.,0.951056516295154,1.,0.951056516295154,1.,0.951056516295154,1.,0.951056516295154,
1.,0.951056516295154,1.,0.951056516295154,1.,0.951056516295154,1.,0.951056516295154,
1.,0.951056516295154,1.,0.951056516295154,1.,0.951056516295154,1.,0.951056516295154,
1.,0.951056516295154,1.,0.951056516295154,1.,0.951056516295154,1.,0.951056516295154,
1.,0.951056516295154,1.,0.951056516295154,1.,0.951056516295154,1.,0.951056516295154,
1.,0.951056516295154,1.,0.951056516295154,1.,0.951056516295154,1.,0.951056516295154,
1.,0.951056516295154,1.,0.951056516295154,1.,0.951056516295154,1.,0.951056516295154,
1.,0.979894431414972,0.976307257416034),(1.00012049045081,0.950996345044444,
1.,0.951056516295154,1.,0.951056516295154,1.,0.951056516295154,1.,0.951056516295154,
1.,0.951056516295154,1.,0.951056516295154,1.,0.951056516295154,1.,0.951056516295154,
1.,0.951056516295154,1.,0.951056516295154,1.,0.951056516295154,1.,0.951056516295154,
1.,0.951056516295154,1.,0.951056516295154,1.,0.951056516295154,1.,0.951056516295154,
1.,0.951056516295154,1.,0.951056516295154,1.,0.951056516295154,1.,0.951056516295154,
1.,0.951056516295154,1.,0.951056516295154,1.,0.951056516295154,1.,0.951056516295154,
1.,0.951056516295154,1.,0.951056516295154,1.,0.951056516295154,1.,0.951056516295154,
1.,0.951056516295154,1.,0.951056516295154,1.,0.951056516295154,1.,0.951056516295154,
1.,0.951056516295154,1.,0.951056516295154,1.,0.951056516295154,1.,0.951056516295154,
1.,0.951056516295154,1.,0.951056516295154,1.,0.951056516295154,1.,0.951056516295154,
1.,0.951056516295154,1.,0.951056516295154,1.,0.951056516295154,1.,0.951056516295154,
1.,0.951056516295154,1.,0.951056516295154,1.,0.951056516295154,1.,0.951056516295154,
1.,0.951056516295154,1.,0.979894431414972,0.976307257416034)))
REPRESENTATION_ITEM('')
SURFACE()
);
#17=(
BOUNDED_SURFACE()
B_SPLINE_SURFACE(1,2,((#3096,#3097,#3098,#3099,#3100,#3101,#3102,#3103,
#3104,#3105,#3106,#3107,#3108,#3109,#3110,#3111,#3112,#3113,#3114,#3115,
#3116,#3117,#3118,#3119,#3120,#3121,#3122,#3123,#3124,#3125,#3126,#3127,
#3128,#3129,#3130,#3131,#3132,#3133,#3134,#3135,#3136,#3137,#3138,#3139,
#3140,#3141,#3142,#3143,#3144,#3145,#3146,#3147,#3148,#3149,#3150,#3151,
#3152,#3153,#3154,#3155,#3156,#3157,#3158,#3159,#3160,#3161,#3162,#3163,
#3164,#3165,#3166,#3167,#3168,#3169,#3170,#3171,#3172,#3173,#3174,#3175,
#3176,#3177,#3178,#3179,#3180,#3181,#3182,#3183,#3184,#3185,#3186,#3187,
#3188,#3189,#3190,#3191,#3192,#3193,#3194,#3195,#3196,#3197,#3198),(#3199,
#3200,#3201,#3202,#3203,#3204,#3205,#3206,#3207,#3208,#3209,#3210,#3211,
#3212,#3213,#3214,#3215,#3216,#3217,#3218,#3219,#3220,#3221,#3222,#3223,
#3224,#3225,#3226,#3227,#3228,#3229,#3230,#3231,#3232,#3233,#3234,#3235,
#3236,#3237,#3238,#3239,#3240,#3241,#3242,#3243,#3244,#3245,#3246,#3247,
#3248,#3249,#3250,#3251,#3252,#3253,#3254,#3255,#3256,#3257,#3258,#3259,
#3260,#3261,#3262,#3263,#3264,#3265,#3266,#3267,#3268,#3269,#3270,#3271,
#3272,#3273,#3274,#3275,#3276,#3277,#3278,#3279,#3280,#3281,#3282,#3283,
#3284,#3285,#3286,#3287,#3288,#3289,#3290,#3291,#3292,#3293,#3294,#3295,
#3296,#3297,#3298,#3299,#3300,#3301)),.UNSPECIFIED.,.F.,.F.,.F.)
B_SPLINE_SURFACE_WITH_KNOTS((2,2),(3,2,2,2,2,2,2,2,2,2,2,2,2,2,2,2,2,2,
2,2,2,2,2,2,2,2,2,2,2,2,2,2,2,2,2,2,2,2,2,2,2,2,2,2,2,2,2,2,2,2,2,3),(0.,
1.),(0.,0.0166666666666667,0.0333333333333333,0.05,0.0666666666666667,0.0833333333333333,
0.1,0.116666666666667,0.133333333333333,0.15,0.166666666666667,0.183333333333333,
0.2,0.216666666666667,0.233333333333333,0.25,0.266666666666667,0.283333333333333,
0.3,0.316666666666667,0.333333333333333,0.35,0.366666666666667,0.383333333333333,
0.4,0.416666666666667,0.433333333333333,0.45,0.466666666666667,0.483333333333333,
0.5,0.516666666666667,0.533333333333333,0.55,0.566666666666667,0.583333333333333,
0.6,0.616666666666667,0.633333333333333,0.65,0.666666666666667,0.683333333333333,
0.7,0.716666666666667,0.733333333333333,0.75,0.766666666666667,0.783333333333333,
0.8,0.816666666666667,0.833333333333333,0.840179027885043),
 .UNSPECIFIED.)
GEOMETRIC_REPRESENTATION_ITEM()
RATIONAL_B_SPLINE_SURFACE(((1.,0.951056516295154,1.,0.951056516295154,1.,
0.951056516295154,1.,0.951056516295154,1.,0.951056516295154,1.,0.951056516295154,
1.,0.951056516295154,1.,0.951056516295154,1.,0.951056516295154,1.,0.951056516295154,
1.,0.951056516295154,1.,0.951056516295154,1.,0.951056516295154,1.,0.951056516295154,
1.,0.951056516295154,1.,0.951056516295154,1.,0.951056516295154,1.,0.951056516295154,
1.,0.951056516295154,1.,0.951056516295154,1.,0.951056516295154,1.,0.951056516295154,
1.,0.951056516295154,1.,0.951056516295154,1.,0.951056516295154,1.,0.951056516295154,
1.,0.951056516295154,1.,0.951056516295154,1.,0.951056516295154,1.,0.951056516295154,
1.,0.951056516295154,1.,0.951056516295154,1.,0.951056516295154,1.,0.951056516295154,
1.,0.951056516295154,1.,0.951056516295154,1.,0.951056516295154,1.,0.951056516295154,
1.,0.951056516295154,1.,0.951056516295154,1.,0.951056516295154,1.,0.951056516295154,
1.,0.951056516295154,1.,0.951056516295154,1.,0.951056516295154,1.,0.951056516295154,
1.,0.951056516295154,1.,0.951056516295154,1.,0.951056516295154,1.,0.951056516295154,
1.,0.979896871615604,0.976308128405612),(1.,0.951056516295154,1.,0.951056516295154,
1.,0.951056516295154,1.,0.951056516295154,1.,0.951056516295154,1.,0.951056516295154,
1.,0.951056516295154,1.,0.951056516295154,1.,0.951056516295154,1.,0.951056516295154,
1.,0.951056516295154,1.,0.951056516295154,1.,0.951056516295154,1.,0.951056516295154,
1.,0.951056516295154,1.,0.951056516295154,1.,0.951056516295154,1.,0.951056516295154,
1.,0.951056516295154,1.,0.951056516295154,1.,0.951056516295154,1.,0.951056516295154,
1.,0.951056516295154,1.,0.951056516295154,1.,0.951056516295154,1.,0.951056516295154,
1.,0.951056516295154,1.,0.951056516295154,1.,0.951056516295154,1.,0.951056516295154,
1.,0.951056516295154,1.,0.951056516295154,1.,0.951056516295154,1.,0.951056516295154,
1.,0.951056516295154,1.,0.951056516295154,1.,0.951056516295154,1.,0.951056516295154,
1.,0.951056516295154,1.,0.951056516295154,1.,0.951056516295154,1.,0.951056516295154,
1.,0.951056516295154,1.,0.951056516295154,1.,0.951056516295154,1.,0.951056516295154,
1.,0.951056516295154,1.,0.951056516295154,1.,0.951056516295154,1.,0.951056516295154,
1.,0.979896871615604,0.976308128405612)))
REPRESENTATION_ITEM('')
SURFACE()
);
#18=(
BOUNDED_SURFACE()
B_SPLINE_SURFACE(1,2,((#3377,#3378,#3379,#3380,#3381,#3382,#3383,#3384,
#3385,#3386,#3387,#3388,#3389,#3390,#3391,#3392,#3393,#3394,#3395,#3396,
#3397,#3398,#3399,#3400,#3401,#3402,#3403,#3404,#3405,#3406,#3407,#3408,
#3409,#3410,#3411,#3412,#3413,#3414,#3415,#3416,#3417,#3418,#3419,#3420,
#3421,#3422,#3423,#3424,#3425,#3426,#3427,#3428,#3429,#3430,#3431,#3432,
#3433,#3434,#3435,#3436,#3437,#3438,#3439,#3440,#3441,#3442,#3443,#3444,
#3445,#3446,#3447,#3448,#3449,#3450,#3451,#3452,#3453,#3454,#3455,#3456,
#3457,#3458,#3459,#3460,#3461,#3462,#3463,#3464,#3465,#3466,#3467,#3468,
#3469,#3470,#3471,#3472,#3473,#3474,#3475,#3476,#3477,#3478,#3479,#3480,
#3481),(#3482,#3483,#3484,#3485,#3486,#3487,#3488,#3489,#3490,#3491,#3492,
#3493,#3494,#3495,#3496,#3497,#3498,#3499,#3500,#3501,#3502,#3503,#3504,
#3505,#3506,#3507,#3508,#3509,#3510,#3511,#3512,#3513,#3514,#3515,#3516,
#3517,#3518,#3519,#3520,#3521,#3522,#3523,#3524,#3525,#3526,#3527,#3528,
#3529,#3530,#3531,#3532,#3533,#3534,#3535,#3536,#3537,#3538,#3539,#3540,
#3541,#3542,#3543,#3544,#3545,#3546,#3547,#3548,#3549,#3550,#3551,#3552,
#3553,#3554,#3555,#3556,#3557,#3558,#3559,#3560,#3561,#3562,#3563,#3564,
#3565,#3566,#3567,#3568,#3569,#3570,#3571,#3572,#3573,#3574,#3575,#3576,
#3577,#3578,#3579,#3580,#3581,#3582,#3583,#3584,#3585,#3586)),
 .UNSPECIFIED.,.F.,.F.,.F.)
B_SPLINE_SURFACE_WITH_KNOTS((2,2),(3,2,2,2,2,2,2,2,2,2,2,2,2,2,2,2,2,2,
2,2,2,2,2,2,2,2,2,2,2,2,2,2,2,2,2,2,2,2,2,2,2,2,2,2,2,2,2,2,2,2,2,2,3),
(-7.94546697182902E-5,1.0000794546697),(0.,0.0166666666666667,0.0333333333333333,
0.05,0.0666666666666667,0.0833333333333333,0.1,0.116666666666667,0.133333333333333,
0.15,0.166666666666667,0.183333333333333,0.2,0.216666666666667,0.233333333333333,
0.25,0.266666666666667,0.283333333333333,0.3,0.316666666666667,0.333333333333333,
0.35,0.366666666666667,0.383333333333333,0.4,0.416666666666667,0.433333333333333,
0.45,0.466666666666667,0.483333333333333,0.5,0.516666666666667,0.533333333333333,
0.55,0.566666666666667,0.583333333333333,0.6,0.616666666666667,0.633333333333333,
0.65,0.666666666666667,0.683333333333333,0.7,0.716666666666667,0.733333333333333,
0.75,0.766666666666667,0.783333333333333,0.8,0.816666666666667,0.833333333333333,
0.840179027875043,0.848580818153793),.UNSPECIFIED.)
GEOMETRIC_REPRESENTATION_ITEM()
RATIONAL_B_SPLINE_SURFACE(((1.,0.951056516295153,1.,0.951056516295153,1.,
0.951056516295153,1.,0.951056516295153,1.,0.951056516295153,1.,0.951056516295153,
1.,0.951056516295153,1.,0.951056516295153,1.,0.951056516295153,1.,0.951056516295153,
1.,0.951056516295153,1.,0.951056516295153,1.,0.951056516295153,1.,0.951056516295153,
1.,0.951056516295153,1.,0.951056516295153,1.,0.951056516295153,1.,0.951056516295153,
1.,0.951056516295153,1.,0.951056516295153,1.,0.951056516295153,1.,0.951056516295153,
1.,0.951056516295153,1.,0.951056516295153,1.,0.951056516295153,1.,0.951056516295153,
1.,0.951056516295153,1.,0.951056516295153,1.,0.951056516295153,1.,0.951056516295153,
1.,0.951056516295153,1.,0.951056516295153,1.,0.951056516295153,1.,0.951056516295153,
1.,0.951056516295153,1.,0.951056516295153,1.,0.951056516295153,1.,0.951056516295153,
1.,0.951056516295153,1.,0.951056516295153,1.,0.951056516295153,1.,0.951056516295153,
1.,0.951056516295153,1.,0.951056516295153,1.,0.951056516295153,1.,0.951056516295153,
1.,0.951056516295153,1.,0.951056516295153,1.,0.951056516295153,1.,0.951056516295153,
1.,0.97989687164497,0.976308128416097,0.976308128416097,0.976308128416097),
(1.,0.951056516295154,1.,0.951056516295154,1.,0.951056516295154,1.,0.951056516295154,
1.,0.951056516295154,1.,0.951056516295154,1.,0.951056516295154,1.,0.951056516295154,
1.,0.951056516295154,1.,0.951056516295154,1.,0.951056516295154,1.,0.951056516295154,
1.,0.951056516295154,1.,0.951056516295154,1.,0.951056516295154,1.,0.951056516295154,
1.,0.951056516295154,1.,0.951056516295154,1.,0.951056516295154,1.,0.951056516295154,
1.,0.951056516295154,1.,0.951056516295154,1.,0.951056516295154,1.,0.951056516295154,
1.,0.951056516295154,1.,0.951056516295154,1.,0.951056516295154,1.,0.951056516295154,
1.,0.951056516295154,1.,0.951056516295154,1.,0.951056516295154,1.,0.951056516295154,
1.,0.951056516295154,1.,0.951056516295154,1.,0.951056516295154,1.,0.951056516295154,
1.,0.951056516295154,1.,0.951056516295154,1.,0.951056516295154,1.,0.951056516295154,
1.,0.951056516295154,1.,0.951056516295154,1.,0.951056516295154,1.,0.951056516295154,
1.,0.951056516295154,1.,0.951056516295154,1.,0.951056516295154,1.,0.951056516295154,
1.,0.951056516295154,1.,0.951056516295154,1.,0.97989687164497,0.976308128416097,
0.976308128416097,0.976308128416097)))
REPRESENTATION_ITEM('')
SURFACE()
);
#19=B_SPLINE_SURFACE_WITH_KNOTS('',1,3,((#1924,#1925,#1926,#1927,#1928,
#1929,#1930,#1931,#1932,#1933,#1934,#1935,#1936,#1937,#1938,#1939,#1940,
#1941,#1942,#1943,#1944,#1945,#1946,#1947,#1948,#1949,#1950,#1951,#1952,
#1953,#1954,#1955,#1956,#1957,#1958,#1959,#1960,#1961,#1962,#1963,#1964,
#1965,#1966,#1967,#1968,#1969,#1970,#1971,#1972,#1973,#1974,#1975,#1976,
#1977,#1978,#1979,#1980,#1981,#1982,#1983,#1984,#1985,#1986,#1987,#1988,
#1989),(#1990,#1991,#1992,#1993,#1994,#1995,#1996,#1997,#1998,#1999,#2000,
#2001,#2002,#2003,#2004,#2005,#2006,#2007,#2008,#2009,#2010,#2011,#2012,
#2013,#2014,#2015,#2016,#2017,#2018,#2019,#2020,#2021,#2022,#2023,#2024,
#2025,#2026,#2027,#2028,#2029,#2030,#2031,#2032,#2033,#2034,#2035,#2036,
#2037,#2038,#2039,#2040,#2041,#2042,#2043,#2044,#2045,#2046,#2047,#2048,
#2049,#2050,#2051,#2052,#2053,#2054,#2055)),.UNSPECIFIED.,.F.,.F.,.F.,(2,
2),(4,2,2,2,2,2,2,2,2,2,2,2,2,2,2,2,2,2,2,2,2,2,2,2,2,2,2,2,2,2,2,2,4),
(-1.30101731696843E-5,1.),(-2.72498227490522E-5,0.03125,0.0625,0.09375,
0.125,0.15625,0.1875,0.21875,0.25,0.28125,0.3125,0.34375,0.375,0.40625,
0.4375,0.46875,0.5,0.53125,0.5625,0.59375,0.625,0.65625,0.6875,0.71875,
0.75,0.78125,0.8125,0.84375,0.875,0.90625,0.9375,0.96875,1.),
 .UNSPECIFIED.);
#20=B_SPLINE_SURFACE_WITH_KNOTS('',1,3,((#2106,#2107,#2108,#2109,#2110,
#2111,#2112,#2113,#2114,#2115,#2116,#2117,#2118,#2119,#2120,#2121,#2122,
#2123,#2124,#2125,#2126,#2127,#2128,#2129,#2130,#2131,#2132,#2133,#2134,
#2135,#2136,#2137,#2138,#2139,#2140,#2141,#2142,#2143,#2144,#2145,#2146,
#2147,#2148,#2149,#2150,#2151,#2152,#2153,#2154,#2155,#2156,#2157,#2158,
#2159,#2160,#2161,#2162,#2163,#2164,#2165,#2166,#2167,#2168,#2169,#2170,
#2171),(#2172,#2173,#2174,#2175,#2176,#2177,#2178,#2179,#2180,#2181,#2182,
#2183,#2184,#2185,#2186,#2187,#2188,#2189,#2190,#2191,#2192,#2193,#2194,
#2195,#2196,#2197,#2198,#2199,#2200,#2201,#2202,#2203,#2204,#2205,#2206,
#2207,#2208,#2209,#2210,#2211,#2212,#2213,#2214,#2215,#2216,#2217,#2218,
#2219,#2220,#2221,#2222,#2223,#2224,#2225,#2226,#2227,#2228,#2229,#2230,
#2231,#2232,#2233,#2234,#2235,#2236,#2237)),.UNSPECIFIED.,.F.,.F.,.F.,(2,
2),(4,2,2,2,2,2,2,2,2,2,2,2,2,2,2,2,2,2,2,2,2,2,2,2,2,2,2,2,2,2,2,2,4),
(0.,1.),(-3.53036983461464E-5,0.03125,0.0625,0.09375,0.125,0.15625,0.1875,
0.21875,0.25,0.28125,0.3125,0.34375,0.375,0.40625,0.4375,0.46875,0.5,0.53125,
0.5625,0.59375,0.625,0.65625,0.6875,0.71875,0.75,0.78125,0.8125,0.84375,
0.875,0.90625,0.9375,0.96875,1.),.UNSPECIFIED.);
#21=B_SPLINE_SURFACE_WITH_KNOTS('',1,3,((#2963,#2964,#2965,#2966,#2967,
#2968,#2969,#2970,#2971,#2972,#2973,#2974,#2975,#2976,#2977,#2978,#2979,
#2980,#2981,#2982,#2983,#2984,#2985,#2986,#2987,#2988,#2989,#2990,#2991,
#2992,#2993,#2994,#2995,#2996,#2997,#2998,#2999,#3000,#3001,#3002,#3003,
#3004,#3005,#3006,#3007,#3008,#3009,#3010,#3011,#3012,#3013,#3014,#3015,
#3016,#3017,#3018,#3019,#3020,#3021,#3022,#3023,#3024,#3025,#3026,#3027,
#3028),(#3029,#3030,#3031,#3032,#3033,#3034,#3035,#3036,#3037,#3038,#3039,
#3040,#3041,#3042,#3043,#3044,#3045,#3046,#3047,#3048,#3049,#3050,#3051,
#3052,#3053,#3054,#3055,#3056,#3057,#3058,#3059,#3060,#3061,#3062,#3063,
#3064,#3065,#3066,#3067,#3068,#3069,#3070,#3071,#3072,#3073,#3074,#3075,
#3076,#3077,#3078,#3079,#3080,#3081,#3082,#3083,#3084,#3085,#3086,#3087,
#3088,#3089,#3090,#3091,#3092,#3093,#3094)),.UNSPECIFIED.,.F.,.F.,.F.,(2,
2),(4,2,2,2,2,2,2,2,2,2,2,2,2,2,2,2,2,2,2,2,2,2,2,2,2,2,2,2,2,2,2,2,4),
(-2.01516673683975E-8,1.),(0.,0.03125,0.0625,0.09375,0.125,0.15625,0.1875,
0.21875,0.25,0.28125,0.3125,0.34375,0.375,0.40625,0.4375,0.46875,0.5,0.53125,
0.5625,0.59375,0.625,0.65625,0.6875,0.71875,0.75,0.78125,0.8125,0.84375,
0.875,0.90625,0.9375,0.96875,1.),.UNSPECIFIED.);
#22=FACE_BOUND('',#119,.T.);
#23=PLANE('',#942);
#24=PLANE('',#943);
#25=PLANE('',#944);
#26=PLANE('',#945);
#27=PLANE('',#946);
#28=PLANE('',#947);
#29=PLANE('',#948);
#30=PLANE('',#949);
#31=PLANE('',#950);
#32=PLANE('',#951);
#33=PLANE('',#952);
#34=PLANE('',#953);
#35=PLANE('',#954);
#36=PLANE('',#955);
#37=PLANE('',#956);
#38=PLANE('',#957);
#39=PLANE('',#958);
#40=PLANE('',#959);
#41=PLANE('',#960);
#42=PLANE('',#961);
#43=PLANE('',#962);
#44=PLANE('',#963);
#45=PLANE('',#964);
#46=PLANE('',#965);
#47=PLANE('',#966);
#48=PLANE('',#967);
#49=CYLINDRICAL_SURFACE('',#924,0.05535);
#50=CYLINDRICAL_SURFACE('',#926,0.05535);
#51=CYLINDRICAL_SURFACE('',#927,0.05535);
#52=CYLINDRICAL_SURFACE('',#929,0.166);
#53=CYLINDRICAL_SURFACE('',#934,0.082);
#54=CYLINDRICAL_SURFACE('',#936,0.05535);
#55=FACE_OUTER_BOUND('',#103,.T.);
#56=FACE_OUTER_BOUND('',#104,.T.);
#57=FACE_OUTER_BOUND('',#105,.T.);
#58=FACE_OUTER_BOUND('',#106,.T.);
#59=FACE_OUTER_BOUND('',#107,.T.);
#60=FACE_OUTER_BOUND('',#108,.T.);
#61=FACE_OUTER_BOUND('',#109,.T.);
#62=FACE_OUTER_BOUND('',#110,.T.);
#63=FACE_OUTER_BOUND('',#111,.T.);
#64=FACE_OUTER_BOUND('',#112,.T.);
#65=FACE_OUTER_BOUND('',#113,.T.);
#66=FACE_OUTER_BOUND('',#114,.T.);
#67=FACE_OUTER_BOUND('',#115,.T.);
#68=FACE_OUTER_BOUND('',#116,.T.);
#69=FACE_OUTER_BOUND('',#117,.T.);
#70=FACE_OUTER_BOUND('',#118,.T.);
#71=FACE_OUTER_BOUND('',#120,.T.);
#72=FACE_OUTER_BOUND('',#121,.T.);
#73=FACE_OUTER_BOUND('',#122,.T.);
#74=FACE_OUTER_BOUND('',#123,.T.);
#75=FACE_OUTER_BOUND('',#124,.T.);
#76=FACE_OUTER_BOUND('',#125,.T.);
#77=FACE_OUTER_BOUND('',#126,.T.);
#78=FACE_OUTER_BOUND('',#127,.T.);
#79=FACE_OUTER_BOUND('',#128,.T.);
#80=FACE_OUTER_BOUND('',#129,.T.);
#81=FACE_OUTER_BOUND('',#130,.T.);
#82=FACE_OUTER_BOUND('',#131,.T.);
#83=FACE_OUTER_BOUND('',#132,.T.);
#84=FACE_OUTER_BOUND('',#133,.T.);
#85=FACE_OUTER_BOUND('',#134,.T.);
#86=FACE_OUTER_BOUND('',#135,.T.);
#87=FACE_OUTER_BOUND('',#136,.T.);
#88=FACE_OUTER_BOUND('',#137,.T.);
#89=FACE_OUTER_BOUND('',#138,.T.);
#90=FACE_OUTER_BOUND('',#139,.T.);
#91=FACE_OUTER_BOUND('',#140,.T.);
#92=FACE_OUTER_BOUND('',#141,.T.);
#93=FACE_OUTER_BOUND('',#142,.T.);
#94=FACE_OUTER_BOUND('',#143,.T.);
#95=FACE_OUTER_BOUND('',#144,.T.);
#96=FACE_OUTER_BOUND('',#145,.T.);
#97=FACE_OUTER_BOUND('',#146,.T.);
#98=FACE_OUTER_BOUND('',#147,.T.);
#99=FACE_OUTER_BOUND('',#148,.T.);
#100=FACE_OUTER_BOUND('',#149,.T.);
#101=FACE_OUTER_BOUND('',#150,.T.);
#102=FACE_OUTER_BOUND('',#151,.T.);
#103=EDGE_LOOP('',(#583,#584,#585));
#104=EDGE_LOOP('',(#586,#587,#588,#589,#590,#591,#592,#593));
#105=EDGE_LOOP('',(#594,#595,#596));
#106=EDGE_LOOP('',(#597,#598,#599,#600,#601,#602));
#107=EDGE_LOOP('',(#603,#604,#605,#606,#607));
#108=EDGE_LOOP('',(#608,#609,#610,#611));
#109=EDGE_LOOP('',(#612,#613,#614,#615,#616));
#110=EDGE_LOOP('',(#617,#618,#619,#620,#621));
#111=EDGE_LOOP('',(#622,#623,#624,#625));
#112=EDGE_LOOP('',(#626,#627,#628,#629));
#113=EDGE_LOOP('',(#630,#631,#632,#633));
#114=EDGE_LOOP('',(#634,#635,#636));
#115=EDGE_LOOP('',(#637,#638,#639,#640));
#116=EDGE_LOOP('',(#641,#642,#643));
#117=EDGE_LOOP('',(#644,#645,#646,#647,#648,#649,#650,#651,#652));
#118=EDGE_LOOP('',(#653));
#119=EDGE_LOOP('',(#654,#655,#656,#657,#658,#659,#660,#661,#662,#663,#664,
#665,#666,#667,#668,#669,#670,#671,#672,#673));
#120=EDGE_LOOP('',(#674,#675,#676,#677,#678));
#121=EDGE_LOOP('',(#679,#680,#681,#682));
#122=EDGE_LOOP('',(#683,#684,#685,#686,#687));
#123=EDGE_LOOP('',(#688,#689,#690,#691));
#124=EDGE_LOOP('',(#692,#693,#694,#695));
#125=EDGE_LOOP('',(#696,#697,#698,#699,#700));
#126=EDGE_LOOP('',(#701,#702,#703,#704));
#127=EDGE_LOOP('',(#705,#706,#707,#708,#709));
#128=EDGE_LOOP('',(#710,#711,#712,#713));
#129=EDGE_LOOP('',(#714,#715,#716,#717));
#130=EDGE_LOOP('',(#718,#719,#720,#721,#722));
#131=EDGE_LOOP('',(#723,#724,#725,#726));
#132=EDGE_LOOP('',(#727,#728,#729,#730,#731));
#133=EDGE_LOOP('',(#732,#733,#734,#735));
#134=EDGE_LOOP('',(#736,#737,#738,#739));
#135=EDGE_LOOP('',(#740,#741,#742,#743,#744));
#136=EDGE_LOOP('',(#745,#746,#747,#748));
#137=EDGE_LOOP('',(#749,#750,#751,#752,#753));
#138=EDGE_LOOP('',(#754,#755,#756,#757));
#139=EDGE_LOOP('',(#758,#759,#760,#761));
#140=EDGE_LOOP('',(#762,#763,#764,#765,#766,#767,#768,#769,#770,#771,#772,
#773,#774,#775,#776,#777,#778,#779,#780,#781));
#141=EDGE_LOOP('',(#782,#783,#784,#785));
#142=EDGE_LOOP('',(#786,#787,#788,#789));
#143=EDGE_LOOP('',(#790,#791,#792,#793));
#144=EDGE_LOOP('',(#794,#795,#796,#797));
#145=EDGE_LOOP('',(#798,#799,#800,#801,#802,#803,#804,#805));
#146=EDGE_LOOP('',(#806,#807,#808,#809,#810,#811));
#147=EDGE_LOOP('',(#812,#813,#814,#815,#816,#817,#818,#819,#820,#821));
#148=EDGE_LOOP('',(#822,#823,#824,#825));
#149=EDGE_LOOP('',(#826,#827,#828,#829));
#150=EDGE_LOOP('',(#830,#831,#832,#833,#834,#835,#836,#837,#838));
#151=EDGE_LOOP('',(#839,#840,#841,#842));
#152=CIRCLE('',#916,0.05535);
#153=CIRCLE('',#918,0.0333063489982278);
#154=CIRCLE('',#919,0.0165529379676783);
#155=CIRCLE('',#920,0.0165529379676783);
#156=CIRCLE('',#923,0.0333063489982278);
#157=CIRCLE('',#925,0.05535);
#158=CIRCLE('',#930,0.166);
#159=CIRCLE('',#931,0.166);
#160=CIRCLE('',#933,0.082);
#161=CIRCLE('',#935,0.082);
#162=CIRCLE('',#937,0.05535);
#163=CIRCLE('',#941,0.076847766139384);
#164=CIRCLE('',#969,0.0819999999999999);
#165=B_SPLINE_CURVE_WITH_KNOTS('',3,(#1175,#1176,#1177,#1178),
 .UNSPECIFIED.,.F.,.F.,(4,4),(-0.0126578983461425,-1.00000010020557E-6),
 .UNSPECIFIED.);
#166=B_SPLINE_CURVE_WITH_KNOTS('',3,(#1187,#1188,#1189,#1190,#1191,#1192,
#1193,#1194,#1195,#1196,#1197,#1198,#1199,#1200),.UNSPECIFIED.,.F.,.F.,
(4,2,2,2,2,2,4),(9.99999996292423E-7,0.02471227153703,0.0480150372778322,
0.0792352159229484,0.107475617443771,0.12482363560957,0.14100876662263),
 .UNSPECIFIED.);
#167=B_SPLINE_CURVE_WITH_KNOTS('',3,(#1207,#1208,#1209,#1210,#1211,#1212,
#1213,#1214,#1215,#1216,#1217,#1218,#1219,#1220,#1221,#1222),
 .UNSPECIFIED.,.F.,.F.,(4,2,2,2,2,2,2,4),(9.9999573170001E-7,0.0192171925273404,
0.0374161889439733,0.0466159442012171,0.0561500117873025,0.0661587211146737,
0.0765295232948636,0.0968838792699777),.UNSPECIFIED.);
#168=B_SPLINE_CURVE_WITH_KNOTS('',3,(#1226,#1227,#1228,#1229,#1230,#1231,
#1232,#1233,#1234,#1235,#1236,#1237,#1238,#1239,#1240,#1241,#1242,#1243,
#1244,#1245,#1246,#1247,#1248,#1249),.UNSPECIFIED.,.F.,.F.,(4,2,2,2,2,2,
2,2,2,2,2,4),(0.554315584938708,0.590702714620021,0.611085778281714,0.631343460567456,
0.651387515094472,0.671196875556088,0.690879485556956,0.710223446103624,
0.729511752984972,0.767234415728605,0.803932391737082,0.839734603308024),
 .UNSPECIFIED.);
#169=B_SPLINE_CURVE_WITH_KNOTS('',3,(#1255,#1256,#1257,#1258,#1259,#1260,
#1261,#1262,#1263,#1264,#1265,#1266),.UNSPECIFIED.,.F.,.F.,(4,2,2,2,2,4),
(-0.272403150630704,-0.231087168474851,-0.149087660760137,-0.112746748386538,
-0.0519864488014298,-1.00000015745838E-6),.UNSPECIFIED.);
#170=B_SPLINE_CURVE_WITH_KNOTS('',3,(#1267,#1268,#1269,#1270,#1271,#1272,
#1273,#1274,#1275,#1276,#1277,#1278,#1279,#1280,#1281,#1282,#1283,#1284,
#1285,#1286,#1287,#1288,#1289,#1290,#1291,#1292,#1293,#1294,#1295,#1296,
#1297,#1298,#1299,#1300,#1301,#1302,#1303,#1304),.UNSPECIFIED.,.F.,.F.,
(4,2,2,2,2,2,2,2,2,2,2,2,2,2,2,2,2,2,4),(1.0000001948382E-6,0.0443302034384517,
0.0879240389192764,0.11305170087925,0.137673863262547,0.162264255094952,
0.186541016991369,0.210597552728143,0.23453861926098,0.282171799613105,
0.329059775860811,0.375100596649944,0.397527200414523,0.419976578900025,
0.4420417093153,0.46405498069174,0.507206828051555,0.549395643605283,0.554315584938708),
 .UNSPECIFIED.);
#171=B_SPLINE_CURVE_WITH_KNOTS('',3,(#1307,#1308,#1309,#1310,#1311,#1312,
#1313,#1314,#1315,#1316,#1317,#1318,#1319,#1320,#1321,#1322,#1323,#1324,
#1325,#1326,#1327,#1328,#1329,#1330,#1331,#1332,#1333,#1334,#1335,#1336,
#1337,#1338,#1339,#1340,#1341,#1342,#1343,#1344,#1345,#1346,#1347,#1348,
#1349,#1350),.UNSPECIFIED.,.F.,.F.,(4,2,2,2,2,2,2,2,2,2,2,2,2,2,2,2,2,2,
2,2,2,4),(1.00000023818547E-6,0.0253786897546414,0.0511948991356596,0.0687046249033853,
0.107355111967433,0.146805712045954,0.187077954533397,0.207669641623919,
0.228287334122405,0.249313558067654,0.270434383088662,0.291896732126128,
0.313560809799286,0.335459731493857,0.379907253446064,0.425152000918176,
0.471225861602867,0.494752723770141,0.518263992699859,0.542140692470726,
0.566212161904123,0.578231002195493),.UNSPECIFIED.);
#172=B_SPLINE_CURVE_WITH_KNOTS('',3,(#1356,#1357,#1358,#1359,#1360,#1361,
#1362,#1363,#1364,#1365,#1366,#1367,#1368,#1369,#1370,#1371,#1372,#1373,
#1374,#1375,#1376,#1377,#1378,#1379,#1380,#1381,#1382,#1383,#1384,#1385,
#1386,#1387,#1388,#1389),.UNSPECIFIED.,.F.,.F.,(4,2,2,2,2,2,2,2,2,2,2,2,
2,2,2,2,4),(-0.86325507675272,-0.815819762329138,-0.75802437245072,-0.701537412203875,
-0.644548730490859,-0.587235693970155,-0.530938539612394,-0.473707074196553,
-0.416939707164631,-0.360470688548809,-0.302794999728621,-0.246216881439942,
-0.189369194102994,-0.131829073077441,-0.0756025497675451,-0.0376040734450099,
-1.00000000002876E-6),.UNSPECIFIED.);
#173=B_SPLINE_CURVE_WITH_KNOTS('',3,(#1393,#1394,#1395,#1396,#1397,#1398,
#1399,#1400,#1401,#1402,#1403,#1404,#1405,#1406),.UNSPECIFIED.,.F.,.F.,
(4,2,2,2,2,2,4),(-0.221844473608289,-0.194258656265488,-0.166451062126501,
-0.110961300556024,-0.0554307251680429,-0.027604569319072,-1.0000000791599E-6),
 .UNSPECIFIED.);
#174=B_SPLINE_CURVE_WITH_KNOTS('',3,(#1407,#1408,#1409,#1410,#1411,#1412,
#1413,#1414,#1415,#1416),.UNSPECIFIED.,.F.,.F.,(4,2,2,2,4),(-2.39956830416764,
-2.34204376844179,-2.28518489905634,-2.22737783733688,-2.17288733534081),
 .UNSPECIFIED.);
#175=B_SPLINE_CURVE_WITH_KNOTS('',3,(#1421,#1422,#1423,#1424,#1425,#1426,
#1427,#1428,#1429,#1430,#1431,#1432,#1433,#1434,#1435,#1436,#1437,#1438,
#1439,#1440,#1441,#1442,#1443,#1444,#1445,#1446,#1447,#1448,#1449,#1450,
#1451,#1452,#1453,#1454,#1455,#1456),.UNSPECIFIED.,.F.,.F.,(4,2,2,2,2,2,
2,2,2,2,2,2,2,2,2,2,2,4),(-1.76519884550748,-1.72475776910751,-1.66815333426452,
-1.61137665350381,-1.55401477981971,-1.49764616324416,-1.44038181991073,
-1.38329806806526,-1.32680219769385,-1.26998559509306,-1.21234011667919,
-1.15611602882998,-1.09918822081412,-1.04228736717884,-0.986098751080019,
-0.928843565945009,-0.872340982963748,-0.86325507675272),.UNSPECIFIED.);
#176=B_SPLINE_CURVE_WITH_KNOTS('',3,(#1457,#1458,#1459,#1460,#1461,#1462,
#1463,#1464,#1465,#1466,#1467,#1468,#1469,#1470,#1471,#1472,#1473,#1474,
#1475,#1476,#1477,#1478,#1479,#1480,#1481,#1482,#1483,#1484,#1485,#1486,
#1487,#1488,#1489,#1490,#1491,#1492),.UNSPECIFIED.,.F.,.F.,(4,2,2,2,2,2,
2,2,2,2,2,2,2,2,2,2,2,4),(-2.17288733534081,-2.17072452849193,-2.11357371594799,
-2.05615696174468,-1.99957765902782,-1.94178507458831,-1.88455356975075,
-1.82768080527122,-1.76962432160292,-1.7128087726015,-1.65580546226109,
-1.59822851797661,-1.54164217788161,-1.4841424547707,-1.42684067992774,
-1.37011931942823,-1.31201485301611,-1.26588526781251),.UNSPECIFIED.);
#177=B_SPLINE_CURVE_WITH_KNOTS('',3,(#1496,#1497,#1498,#1499,#1500,#1501,
#1502,#1503,#1504,#1505,#1506,#1507,#1508,#1509,#1510,#1511,#1512,#1513,
#1514,#1515,#1516,#1517,#1518,#1519,#1520,#1521,#1522,#1523,#1524,#1525,
#1526,#1527,#1528,#1529,#1530,#1531),.UNSPECIFIED.,.F.,.F.,(4,2,2,2,2,2,
2,2,2,2,2,2,2,2,2,2,2,4),(-2.65470357897068,-2.61721387007693,-2.57945449638782,
-2.52254976800863,-2.46570346579306,-2.40951219857396,-2.35182514544796,
-2.29506245592699,-2.23841395615136,-2.18080895028551,-2.12435814079917,
-2.06742604896454,-2.01021392328307,-1.95384401515914,-1.896279413816,-1.83925633515924,
-1.78260176963441,-1.76519884550748),.UNSPECIFIED.);
#178=B_SPLINE_CURVE_WITH_KNOTS('',3,(#1532,#1533,#1534,#1535,#1536,#1537,
#1538,#1539,#1540,#1541,#1542,#1543,#1544,#1545,#1546,#1547,#1548,#1549,
#1550,#1551,#1552,#1553,#1554,#1555,#1556,#1557,#1558,#1559,#1560,#1561,
#1562,#1563,#1564,#1565,#1566,#1567),.UNSPECIFIED.,.F.,.F.,(4,2,2,2,2,2,
2,2,2,2,2,2,2,2,2,2,2,4),(-1.26588526781251,-1.25520889306038,-1.19854162650641,
-1.14141448014779,-1.08430963445605,-1.02792376883716,-0.970469257276445,
-0.913766157876506,-0.857048801429427,-0.799053587934152,-0.742368673137289,
-0.685183269413772,-0.627667459735566,-0.571175150869719,-0.513747329227076,
-0.456781061212696,-0.400118420687333,-0.361353638922847),.UNSPECIFIED.);
#179=B_SPLINE_CURVE_WITH_KNOTS('',3,(#1570,#1571,#1572,#1573,#1574,#1575,
#1576,#1577),.UNSPECIFIED.,.F.,.F.,(4,2,2,4),(-0.134955464157819,-0.0977904241000462,
-0.0587887775585438,0.),.UNSPECIFIED.);
#180=B_SPLINE_CURVE_WITH_KNOTS('',3,(#1579,#1580,#1581,#1582,#1583,#1584,
#1585,#1586,#1587,#1588),.UNSPECIFIED.,.F.,.F.,(4,2,2,2,4),(-0.128030271301753,
-0.0956922879970661,-0.0639276988620979,-0.0315551653131542,0.),
 .UNSPECIFIED.);
#181=B_SPLINE_CURVE_WITH_KNOTS('',3,(#1589,#1590,#1591,#1592,#1593,#1594,
#1595,#1596,#1597,#1598,#1599,#1600,#1601,#1602,#1603,#1604,#1605,#1606,
#1607,#1608),.UNSPECIFIED.,.F.,.F.,(4,2,2,2,2,2,2,2,2,4),(-0.192155590839933,
-0.174304112835044,-0.157353038287956,-0.132747100526513,-0.108254037943086,
-0.0820854163362429,-0.0571154005646924,-0.0351781312149774,-0.0171581877337322,
-9.99996429856064E-7),.UNSPECIFIED.);
#182=B_SPLINE_CURVE_WITH_KNOTS('',3,(#1625,#1626,#1627,#1628,#1629,#1630,
#1631,#1632,#1633,#1634,#1635,#1636,#1637,#1638,#1639,#1640),
 .UNSPECIFIED.,.F.,.F.,(4,2,2,2,2,2,2,4),(-0.361353638922847,-0.34224611702218,
-0.285472140320894,-0.228431099239257,-0.17069001298645,-0.114271183191172,
-0.0570823382512069,-9.99999999917733E-7),.UNSPECIFIED.);
#183=B_SPLINE_CURVE_WITH_KNOTS('',3,(#1643,#1644,#1645,#1646,#1647,#1648,
#1649,#1650,#1651,#1652,#1653,#1654,#1655,#1656,#1657,#1658,#1659,#1660,
#1661,#1662,#1663,#1664,#1665,#1666,#1667,#1668,#1669,#1670),
 .UNSPECIFIED.,.F.,.F.,(4,2,2,2,2,2,2,2,2,2,2,2,2,4),(0.578231002195493,
0.59065972593785,0.615191721999731,0.665465203090522,0.716816432424549,
0.742741207050372,0.794958996275641,0.821425766921978,0.848120100341424,
0.875151349483797,0.902286159787376,0.950094461474344,0.974154840629885,
0.998539667492235),.UNSPECIFIED.);
#184=B_SPLINE_CURVE_WITH_KNOTS('',3,(#1671,#1672,#1673,#1674,#1675,#1676),
 .UNSPECIFIED.,.F.,.F.,(4,2,4),(-0.334264457623284,-0.282200785607674,-0.272403150630704),
 .UNSPECIFIED.);
#185=B_SPLINE_CURVE_WITH_KNOTS('',3,(#1678,#1679,#1680,#1681,#1682,#1683,
#1684,#1685,#1686,#1687),.UNSPECIFIED.,.F.,.F.,(4,2,2,2,4),(0.0968838792699777,
0.0985328016626266,0.12230329059215,0.135305270169906,0.148701676485326),
 .UNSPECIFIED.);
#186=B_SPLINE_CURVE_WITH_KNOTS('',3,(#1692,#1693,#1694,#1695,#1696,#1697,
#1698,#1699,#1700,#1701,#1702,#1703,#1704,#1705,#1706,#1707,#1708,#1709,
#1710,#1711,#1712,#1713),.UNSPECIFIED.,.F.,.F.,(4,2,2,2,2,2,2,2,2,2,4),
(-0.470316264828634,-0.459657438733347,-0.409106681657107,-0.35033783016771,
-0.321169383226891,-0.260916528601754,-0.230365574956462,-0.168280010911906,
-0.100043890622868,-0.0509302642835612,-9.9999989586208E-7),
 .UNSPECIFIED.);
#187=B_SPLINE_CURVE_WITH_KNOTS('',3,(#1716,#1717,#1718,#1719,#1720,#1721,
#1722,#1723,#1724,#1725,#1726,#1727,#1728,#1729,#1730,#1731,#1732,#1733,
#1734,#1735,#1736,#1737,#1738,#1739,#1740,#1741,#1742,#1743,#1744,#1745,
#1746,#1747,#1748,#1749),.UNSPECIFIED.,.F.,.F.,(4,2,2,2,2,2,2,2,2,2,2,2,
2,2,2,2,4),(-1.44910195892213,-1.36802272771061,-1.28675121976302,-1.13171693612299,
-0.965770198073724,-0.823965056965854,-0.75493016717041,-0.61980332644363,
-0.555313510850906,-0.432443412397371,-0.400541780180384,-0.337739648093412,
-0.220474452900972,-0.169549807784424,-0.0876949096805436,-0.0397032927570634,
-0.0126578983461425),.UNSPECIFIED.);
#188=B_SPLINE_CURVE_WITH_KNOTS('',3,(#1750,#1751,#1752,#1753,#1754,#1755,
#1756,#1757,#1758,#1759,#1760,#1761,#1762,#1763,#1764,#1765,#1766,#1767,
#1768,#1769,#1770,#1771,#1772,#1773,#1774,#1775,#1776,#1777),
 .UNSPECIFIED.,.F.,.F.,(4,2,2,2,2,2,2,2,2,2,2,2,2,4),(-0.798988175132107,
-0.789764168338811,-0.780186577893056,-0.761068814937184,-0.736466611808754,
-0.721929079839167,-0.687745891029091,-0.649190974179753,-0.628604118212724,
-0.588081306166591,-0.566815969988375,-0.524408784096821,-0.502737706763093,
-0.470316264828634),.UNSPECIFIED.);
#189=B_SPLINE_CURVE_WITH_KNOTS('',3,(#2057,#2058,#2059,#2060,#2061,#2062,
#2063,#2064,#2065,#2066,#2067,#2068,#2069,#2070,#2071,#2072,#2073,#2074,
#2075,#2076,#2077,#2078,#2079,#2080,#2081,#2082,#2083,#2084,#2085,#2086,
#2087,#2088,#2089,#2090,#2091,#2092,#2093,#2094,#2095,#2096,#2097,#2098,
#2099,#2100,#2101,#2102,#2103,#2104),.UNSPECIFIED.,.F.,.F.,(4,2,2,2,2,2,
2,2,2,2,2,2,2,2,2,2,2,2,2,2,2,2,2,4),(0.,0.03125,0.0625,0.09375,0.125,0.15625,
0.1875,0.21875,0.25,0.28125,0.3125,0.34375,0.375,0.40625,0.4375,0.46875,
0.5,0.53125,0.5625,0.59375,0.625,0.65625,0.6875,0.714337116240688),
 .UNSPECIFIED.);
#190=B_SPLINE_CURVE_WITH_KNOTS('',3,(#2240,#2241,#2242,#2243,#2244,#2245,
#2246,#2247,#2248,#2249,#2250,#2251,#2252,#2253,#2254,#2255,#2256,#2257,
#2258,#2259,#2260,#2261,#2262,#2263,#2264,#2265,#2266,#2267,#2268,#2269,
#2270,#2271,#2272,#2273,#2274,#2275,#2276,#2277,#2278,#2279,#2280,#2281,
#2282,#2283),.UNSPECIFIED.,.F.,.F.,(4,2,2,2,2,2,2,2,2,2,2,2,2,2,2,2,2,2,
2,2,2,4),(0.,0.03125,0.0625,0.09375,0.125,0.15625,0.1875,0.21875,0.25,0.28125,
0.3125,0.34375,0.375,0.40625,0.4375,0.46875,0.5,0.53125,0.5625,0.59375,
0.625,0.63838760665707),.UNSPECIFIED.);
#191=B_SPLINE_CURVE_WITH_KNOTS('',3,(#2491,#2492,#2493,#2494,#2495,#2496,
#2497,#2498,#2499,#2500,#2501,#2502),.UNSPECIFIED.,.F.,.F.,(4,2,2,2,2,4),
(0.,0.0688348640603487,0.154994217843002,0.242106361274707,0.285894794166626,
0.328125393348354),.UNSPECIFIED.);
#192=B_SPLINE_CURVE_WITH_KNOTS('',3,(#2503,#2504,#2505,#2506,#2507,#2508,
#2509,#2510,#2511,#2512,#2513,#2514,#2515,#2516,#2517,#2518,#2519,#2520,
#2521,#2522,#2523,#2524,#2525,#2526,#2527,#2528,#2529,#2530,#2531,#2532,
#2533,#2534,#2535,#2536,#2537,#2538,#2539,#2540,#2541,#2542,#2543,#2544,
#2545,#2546,#2547,#2548,#2549,#2550,#2551,#2552,#2553,#2554,#2555,#2556,
#2557,#2558,#2559,#2560,#2561,#2562,#2563,#2564,#2565,#2566,#2567,#2568,
#2569,#2570,#2571,#2572,#2573,#2574,#2575,#2576,#2577,#2578,#2579,#2580,
#2581,#2582,#2583,#2584,#2585,#2586,#2587,#2588,#2589,#2590,#2591,#2592,
#2593,#2594,#2595,#2596,#2597,#2598,#2599,#2600,#2601,#2602,#2603,#2604,
#2605,#2606,#2607,#2608,#2609,#2610,#2611,#2612,#2613,#2614,#2615,#2616,
#2617,#2618,#2619,#2620,#2621,#2622,#2623,#2624,#2625,#2626,#2627,#2628,
#2629,#2630,#2631,#2632,#2633,#2634,#2635,#2636,#2637,#2638,#2639,#2640,
#2641,#2642,#2643,#2644,#2645,#2646,#2647,#2648,#2649,#2650,#2651,#2652,
#2653,#2654,#2655,#2656,#2657,#2658,#2659,#2660,#2661,#2662,#2663,#2664,
#2665,#2666,#2667,#2668,#2669,#2670,#2671,#2672,#2673,#2674,#2675,#2676,
#2677,#2678,#2679,#2680,#2681,#2682,#2683,#2684,#2685,#2686,#2687,#2688,
#2689,#2690,#2691,#2692,#2693,#2694,#2695,#2696,#2697,#2698,#2699,#2700,
#2701,#2702,#2703,#2704,#2705,#2706,#2707,#2708,#2709,#2710,#2711,#2712,
#2713,#2714,#2715,#2716,#2717,#2718,#2719,#2720,#2721,#2722,#2723,#2724,
#2725,#2726,#2727,#2728,#2729,#2730,#2731,#2732,#2733,#2734,#2735,#2736,
#2737,#2738,#2739,#2740,#2741,#2742,#2743,#2744,#2745,#2746,#2747,#2748,
#2749,#2750,#2751,#2752,#2753,#2754,#2755,#2756,#2757,#2758,#2759,#2760,
#2761,#2762,#2763,#2764,#2765,#2766,#2767,#2768,#2769,#2770,#2771,#2772,
#2773,#2774,#2775,#2776,#2777,#2778,#2779,#2780,#2781,#2782,#2783,#2784,
#2785,#2786,#2787,#2788,#2789,#2790,#2791,#2792,#2793,#2794,#2795,#2796,
#2797,#2798,#2799,#2800,#2801,#2802,#2803,#2804,#2805,#2806,#2807,#2808,
#2809,#2810,#2811,#2812,#2813,#2814,#2815,#2816,#2817,#2818,#2819,#2820,
#2821,#2822,#2823,#2824,#2825,#2826,#2827,#2828,#2829,#2830,#2831,#2832,
#2833,#2834,#2835,#2836,#2837,#2838,#2839,#2840,#2841,#2842,#2843,#2844,
#2845,#2846,#2847,#2848,#2849,#2850,#2851,#2852,#2853,#2854,#2855,#2856,
#2857,#2858,#2859,#2860,#2861,#2862,#2863,#2864,#2865,#2866,#2867,#2868,
#2869,#2870,#2871,#2872,#2873,#2874,#2875,#2876,#2877,#2878,#2879,#2880,
#2881,#2882,#2883,#2884,#2885,#2886,#2887,#2888,#2889,#2890,#2891,#2892,
#2893,#2894,#2895,#2896,#2897,#2898,#2899,#2900,#2901,#2902,#2903,#2904,
#2905,#2906,#2907,#2908,#2909,#2910,#2911,#2912,#2913,#2914,#2915,#2916,
#2917,#2918,#2919,#2920,#2921,#2922,#2923,#2924,#2925,#2926,#2927,#2928,
#2929,#2930,#2931,#2932,#2933,#2934,#2935,#2936,#2937,#2938,#2939,#2940,
#2941,#2942,#2943,#2944,#2945,#2946,#2947,#2948,#2949,#2950,#2951,#2952,
#2953),.UNSPECIFIED.,.F.,.F.,(4,3,3,3,3,3,3,3,3,3,3,3,3,3,3,3,3,3,3,3,3,
3,3,3,3,3,3,3,3,3,3,3,3,3,3,3,3,3,3,3,3,3,3,3,3,3,3,3,3,3,3,3,3,3,3,3,3,
3,3,3,3,3,3,3,3,3,3,3,3,3,3,3,3,3,3,3,3,3,3,3,3,3,3,3,3,3,3,3,3,3,3,3,3,
3,3,3,3,3,3,3,3,3,3,3,3,3,3,3,3,3,3,3,3,3,3,3,3,3,3,3,3,3,3,3,3,3,3,3,3,
3,3,3,3,3,3,3,3,3,3,3,3,3,3,3,3,3,3,3,3,3,4),(0.,0.00596122065535336,0.0118876002938194,
0.0178482379049875,0.0198370223839281,0.0257982430392814,0.0317246226777475,
0.0376852602889157,0.0396740447678561,0.0456352654232095,0.0515616450616755,
0.0575222826728436,0.0595110671517842,0.0654722878071375,0.0713986674456036,
0.0773593050567719,0.0793480895357123,0.0853093101910656,0.0912356898295315,
0.0971963274406997,0.0991851119196403,0.105146332574994,0.11107271221346,
0.117033349824628,0.119022134303568,0.124983354958922,0.130909734597388,
0.136870372208556,0.138859156687496,0.14482037734285,0.150746756981316,
0.156707394592484,0.158696179071425,0.164657399726778,0.170583779365243,
0.176544416976412,0.178533201455353,0.184494422110706,0.190420801749172,
0.19638143936034,0.198370223839281,0.204331444494634,0.2102578241331,0.216218461744268,
0.218207246223209,0.224168466878562,0.230094846517029,0.236055484128197,
0.238044268607137,0.24400548926249,0.249931868900956,0.255892506512123,
0.257881290991065,0.263842511646418,0.269768891284884,0.275729528896052,
0.277718313374993,0.283679534030346,0.289605913668812,0.29556655127998,
0.297555335758921,0.303516556414274,0.309442936052741,0.315403573663909,
0.317392358142849,0.323353578798203,0.329279958436668,0.335240596047836,
0.337229380526777,0.343190601182131,0.349116980820597,0.355077618431765,
0.357066402910705,0.363027623566058,0.368954003204525,0.374914640815693,
0.376903425294633,0.382864645949987,0.388791025588453,0.394751663199621,
0.396740447678561,0.402701668333914,0.40862804797238,0.414588685583548,
0.416577470062489,0.422538690717843,0.428465070356308,0.434425707967475,
0.436414492446417,0.442375713101771,0.448302092740236,0.454262730351404,
0.456251514830346,0.462212735485699,0.468139115124165,0.474099752735335,
0.476088537214274,0.482049757869627,0.487976137508093,0.493936775119261,
0.495925559598202,0.501886780253555,0.507813159892023,0.51377379750319,
0.51576258198213,0.521723802637483,0.527650182275949,0.533610819887118,
0.535599604366058,0.541560825021411,0.547487204659878,0.553447842271046,
0.555436626749986,0.56139784740534,0.567324227043804,0.573284864654973,
0.575273649133914,0.581234869789268,0.587161249427732,0.593121887038901,
0.595110671517842,0.601071892173196,0.606998271811661,0.612958909422829,
0.61494769390177,0.620908914557123,0.62683529419559,0.632795931806758,0.634784716285698,
0.640745936941051,0.646672316579518,0.652632954190684,0.654621738669626,
0.66058295932498,0.666509338963446,0.672469976574614,0.674458761053554,
0.680419981708908,0.686346361347373,0.692306998958541,0.694295783437482,
0.700257004092835,0.706183383731302,0.71214402134247,0.71413280582141,0.720094026476764,
0.72602040611523,0.731981043726398,0.733969828205338,0.739933904787633,
0.745302953744095),.UNSPECIFIED.);
#193=B_SPLINE_CURVE_WITH_KNOTS('',3,(#2956,#2957,#2958,#2959,#2960,#2961),
 .UNSPECIFIED.,.F.,.F.,(4,2,4),(1.00000189880156E-6,0.0665105367276077,
0.145883953033638),.UNSPECIFIED.);
#194=LINE('',#1173,#281);
#195=LINE('',#1183,#282);
#196=LINE('',#1204,#283);
#197=LINE('',#1225,#284);
#198=LINE('',#1253,#285);
#199=LINE('',#1354,#286);
#200=LINE('',#1420,#287);
#201=LINE('',#1495,#288);
#202=LINE('',#1613,#289);
#203=LINE('',#1617,#290);
#204=LINE('',#1621,#291);
#205=LINE('',#1690,#292);
#206=LINE('',#1781,#293);
#207=LINE('',#1783,#294);
#208=LINE('',#1785,#295);
#209=LINE('',#1787,#296);
#210=LINE('',#1789,#297);
#211=LINE('',#1791,#298);
#212=LINE('',#1793,#299);
#213=LINE('',#1795,#300);
#214=LINE('',#1797,#301);
#215=LINE('',#1799,#302);
#216=LINE('',#1801,#303);
#217=LINE('',#1803,#304);
#218=LINE('',#1805,#305);
#219=LINE('',#1807,#306);
#220=LINE('',#1809,#307);
#221=LINE('',#1811,#308);
#222=LINE('',#1813,#309);
#223=LINE('',#1815,#310);
#224=LINE('',#1817,#311);
#225=LINE('',#1818,#312);
#226=LINE('',#1821,#313);
#227=LINE('',#1823,#314);
#228=LINE('',#1825,#315);
#229=LINE('',#1826,#316);
#230=LINE('',#1829,#317);
#231=LINE('',#1830,#318);
#232=LINE('',#1833,#319);
#233=LINE('',#1835,#320);
#234=LINE('',#1836,#321);
#235=LINE('',#1839,#322);
#236=LINE('',#1840,#323);
#237=LINE('',#1843,#324);
#238=LINE('',#1844,#325);
#239=LINE('',#1847,#326);
#240=LINE('',#1849,#327);
#241=LINE('',#1850,#328);
#242=LINE('',#1853,#329);
#243=LINE('',#1854,#330);
#244=LINE('',#1858,#331);
#245=LINE('',#1859,#332);
#246=LINE('',#1860,#333);
#247=LINE('',#1863,#334);
#248=LINE('',#1864,#335);
#249=LINE('',#1867,#336);
#250=LINE('',#1868,#337);
#251=LINE('',#1871,#338);
#252=LINE('',#1873,#339);
#253=LINE('',#1874,#340);
#254=LINE('',#1877,#341);
#255=LINE('',#1878,#342);
#256=LINE('',#1882,#343);
#257=LINE('',#1883,#344);
#258=LINE('',#1884,#345);
#259=LINE('',#1887,#346);
#260=LINE('',#1888,#347);
#261=LINE('',#1891,#348);
#262=LINE('',#1892,#349);
#263=LINE('',#1895,#350);
#264=LINE('',#1897,#351);
#265=LINE('',#1898,#352);
#266=LINE('',#1901,#353);
#267=LINE('',#1902,#354);
#268=LINE('',#1906,#355);
#269=LINE('',#1907,#356);
#270=LINE('',#1908,#357);
#271=LINE('',#1911,#358);
#272=LINE('',#1912,#359);
#273=LINE('',#1914,#360);
#274=LINE('',#1916,#361);
#275=LINE('',#1917,#362);
#276=LINE('',#1918,#363);
#277=LINE('',#1919,#364);
#278=LINE('',#2105,#365);
#279=LINE('',#2239,#366);
#280=LINE('',#3095,#367);
#281=VECTOR('',#974,0.05535);
#282=VECTOR('',#979,26.0676188467376);
#283=VECTOR('',#984,26.0676188467376);
#284=VECTOR('',#989,0.0333063489982278);
#285=VECTOR('',#992,0.0333063489982278);
#286=VECTOR('',#997,0.05535);
#287=VECTOR('',#1002,0.05535);
#288=VECTOR('',#1005,0.05535);
#289=VECTOR('',#1012,0.166);
#290=VECTOR('',#1017,0.082);
#291=VECTOR('',#1022,0.082);
#292=VECTOR('',#1035,0.05535);
#293=VECTOR('',#1040,39.3700787401575);
#294=VECTOR('',#1041,39.3700787401575);
#295=VECTOR('',#1042,39.3700787401575);
#296=VECTOR('',#1043,39.3700787401575);
#297=VECTOR('',#1044,39.3700787401575);
#298=VECTOR('',#1045,39.3700787401575);
#299=VECTOR('',#1046,39.3700787401575);
#300=VECTOR('',#1047,39.3700787401575);
#301=VECTOR('',#1048,39.3700787401575);
#302=VECTOR('',#1049,39.3700787401575);
#303=VECTOR('',#1050,39.3700787401575);
#304=VECTOR('',#1051,39.3700787401575);
#305=VECTOR('',#1052,39.3700787401575);
#306=VECTOR('',#1053,39.3700787401575);
#307=VECTOR('',#1054,39.3700787401575);
#308=VECTOR('',#1055,39.3700787401575);
#309=VECTOR('',#1056,39.3700787401575);
#310=VECTOR('',#1057,39.3700787401575);
#311=VECTOR('',#1058,39.3700787401575);
#312=VECTOR('',#1059,39.3700787401575);
#313=VECTOR('',#1062,39.3700787401575);
#314=VECTOR('',#1063,39.3700787401575);
#315=VECTOR('',#1064,39.3700787401575);
#316=VECTOR('',#1065,39.3700787401575);
#317=VECTOR('',#1068,39.3700787401575);
#318=VECTOR('',#1069,39.3700787401575);
#319=VECTOR('',#1072,39.3700787401575);
#320=VECTOR('',#1073,39.3700787401575);
#321=VECTOR('',#1074,39.3700787401575);
#322=VECTOR('',#1077,39.3700787401575);
#323=VECTOR('',#1078,39.3700787401575);
#324=VECTOR('',#1081,39.3700787401575);
#325=VECTOR('',#1082,39.3700787401575);
#326=VECTOR('',#1085,39.3700787401575);
#327=VECTOR('',#1086,39.3700787401575);
#328=VECTOR('',#1087,39.3700787401575);
#329=VECTOR('',#1090,39.3700787401575);
#330=VECTOR('',#1091,39.3700787401575);
#331=VECTOR('',#1094,39.3700787401575);
#332=VECTOR('',#1095,39.3700787401575);
#333=VECTOR('',#1096,39.3700787401575);
#334=VECTOR('',#1099,39.3700787401575);
#335=VECTOR('',#1100,39.3700787401575);
#336=VECTOR('',#1103,39.3700787401575);
#337=VECTOR('',#1104,39.3700787401575);
#338=VECTOR('',#1107,39.3700787401575);
#339=VECTOR('',#1108,39.3700787401575);
#340=VECTOR('',#1109,39.3700787401575);
#341=VECTOR('',#1112,39.3700787401575);
#342=VECTOR('',#1113,39.3700787401575);
#343=VECTOR('',#1116,39.3700787401575);
#344=VECTOR('',#1117,39.3700787401575);
#345=VECTOR('',#1118,39.3700787401575);
#346=VECTOR('',#1121,39.3700787401575);
#347=VECTOR('',#1122,39.3700787401575);
#348=VECTOR('',#1125,39.3700787401575);
#349=VECTOR('',#1126,39.3700787401575);
#350=VECTOR('',#1129,39.3700787401575);
#351=VECTOR('',#1130,39.3700787401575);
#352=VECTOR('',#1131,39.3700787401575);
#353=VECTOR('',#1134,39.3700787401575);
#354=VECTOR('',#1135,39.3700787401575);
#355=VECTOR('',#1138,39.3700787401575);
#356=VECTOR('',#1139,39.3700787401575);
#357=VECTOR('',#1140,39.3700787401575);
#358=VECTOR('',#1143,39.3700787401575);
#359=VECTOR('',#1144,39.3700787401575);
#360=VECTOR('',#1147,39.3700787401575);
#361=VECTOR('',#1150,39.3700787401575);
#362=VECTOR('',#1151,39.3700787401575);
#363=VECTOR('',#1152,39.3700787401575);
#364=VECTOR('',#1153,39.3700787401575);
#365=VECTOR('',#1162,0.393700787401575);
#366=VECTOR('',#1163,0.393700787401575);
#367=VECTOR('',#1168,0.393700787401575);
#368=VERTEX_POINT('',#1171);
#369=VERTEX_POINT('',#1172);
#370=VERTEX_POINT('',#1174);
#371=VERTEX_POINT('',#1181);
#372=VERTEX_POINT('',#1182);
#373=VERTEX_POINT('',#1184);
#374=VERTEX_POINT('',#1186);
#375=VERTEX_POINT('',#1201);
#376=VERTEX_POINT('',#1203);
#377=VERTEX_POINT('',#1205);
#378=VERTEX_POINT('',#1224);
#379=VERTEX_POINT('',#1251);
#380=VERTEX_POINT('',#1252);
#381=VERTEX_POINT('',#1254);
#382=VERTEX_POINT('',#1305);
#383=VERTEX_POINT('',#1352);
#384=VERTEX_POINT('',#1353);
#385=VERTEX_POINT('',#1355);
#386=VERTEX_POINT('',#1390);
#387=VERTEX_POINT('',#1392);
#388=VERTEX_POINT('',#1418);
#389=VERTEX_POINT('',#1419);
#390=VERTEX_POINT('',#1494);
#391=VERTEX_POINT('',#1569);
#392=VERTEX_POINT('',#1578);
#393=VERTEX_POINT('',#1610);
#394=VERTEX_POINT('',#1612);
#395=VERTEX_POINT('',#1616);
#396=VERTEX_POINT('',#1620);
#397=VERTEX_POINT('',#1624);
#398=VERTEX_POINT('',#1689);
#399=VERTEX_POINT('',#1691);
#400=VERTEX_POINT('',#1714);
#401=VERTEX_POINT('',#1779);
#402=VERTEX_POINT('',#1780);
#403=VERTEX_POINT('',#1782);
#404=VERTEX_POINT('',#1784);
#405=VERTEX_POINT('',#1786);
#406=VERTEX_POINT('',#1788);
#407=VERTEX_POINT('',#1790);
#408=VERTEX_POINT('',#1792);
#409=VERTEX_POINT('',#1794);
#410=VERTEX_POINT('',#1796);
#411=VERTEX_POINT('',#1798);
#412=VERTEX_POINT('',#1800);
#413=VERTEX_POINT('',#1802);
#414=VERTEX_POINT('',#1804);
#415=VERTEX_POINT('',#1806);
#416=VERTEX_POINT('',#1808);
#417=VERTEX_POINT('',#1810);
#418=VERTEX_POINT('',#1812);
#419=VERTEX_POINT('',#1814);
#420=VERTEX_POINT('',#1816);
#421=VERTEX_POINT('',#1820);
#422=VERTEX_POINT('',#1822);
#423=VERTEX_POINT('',#1824);
#424=VERTEX_POINT('',#1828);
#425=VERTEX_POINT('',#1832);
#426=VERTEX_POINT('',#1834);
#427=VERTEX_POINT('',#1838);
#428=VERTEX_POINT('',#1842);
#429=VERTEX_POINT('',#1846);
#430=VERTEX_POINT('',#1848);
#431=VERTEX_POINT('',#1852);
#432=VERTEX_POINT('',#1856);
#433=VERTEX_POINT('',#1857);
#434=VERTEX_POINT('',#1862);
#435=VERTEX_POINT('',#1866);
#436=VERTEX_POINT('',#1870);
#437=VERTEX_POINT('',#1872);
#438=VERTEX_POINT('',#1876);
#439=VERTEX_POINT('',#1880);
#440=VERTEX_POINT('',#1881);
#441=VERTEX_POINT('',#1886);
#442=VERTEX_POINT('',#1890);
#443=VERTEX_POINT('',#1894);
#444=VERTEX_POINT('',#1896);
#445=VERTEX_POINT('',#1900);
#446=VERTEX_POINT('',#1904);
#447=VERTEX_POINT('',#1905);
#448=VERTEX_POINT('',#1910);
#449=VERTEX_POINT('',#2056);
#450=VERTEX_POINT('',#2238);
#451=VERTEX_POINT('',#2490);
#452=VERTEX_POINT('',#2955);
#453=EDGE_CURVE('',#368,#369,#194,.T.);
#454=EDGE_CURVE('',#368,#370,#165,.T.);
#455=EDGE_CURVE('',#370,#369,#152,.T.);
#456=EDGE_CURVE('',#371,#372,#195,.T.);
#457=EDGE_CURVE('',#373,#371,#153,.T.);
#458=EDGE_CURVE('',#374,#373,#166,.F.);
#459=EDGE_CURVE('',#375,#374,#154,.T.);
#460=EDGE_CURVE('',#375,#376,#196,.T.);
#461=EDGE_CURVE('',#377,#375,#155,.T.);
#462=EDGE_CURVE('',#372,#377,#167,.F.);
#463=EDGE_CURVE('',#378,#371,#197,.T.);
#464=EDGE_CURVE('',#373,#378,#168,.F.);
#465=EDGE_CURVE('',#379,#380,#198,.T.);
#466=EDGE_CURVE('',#379,#381,#169,.T.);
#467=EDGE_CURVE('',#378,#381,#170,.F.);
#468=EDGE_CURVE('',#371,#382,#156,.T.);
#469=EDGE_CURVE('',#380,#382,#171,.F.);
#470=EDGE_CURVE('',#383,#384,#199,.T.);
#471=EDGE_CURVE('',#385,#383,#172,.F.);
#472=EDGE_CURVE('',#385,#386,#157,.T.);
#473=EDGE_CURVE('',#387,#386,#173,.T.);
#474=EDGE_CURVE('',#384,#387,#174,.F.);
#475=EDGE_CURVE('',#388,#389,#200,.T.);
#476=EDGE_CURVE('',#383,#388,#175,.F.);
#477=EDGE_CURVE('',#389,#384,#176,.F.);
#478=EDGE_CURVE('',#369,#390,#201,.T.);
#479=EDGE_CURVE('',#388,#370,#177,.F.);
#480=EDGE_CURVE('',#390,#389,#178,.F.);
#481=EDGE_CURVE('',#391,#374,#179,.F.);
#482=EDGE_CURVE('',#392,#391,#180,.F.);
#483=EDGE_CURVE('',#377,#392,#181,.F.);
#484=EDGE_CURVE('',#393,#393,#158,.T.);
#485=EDGE_CURVE('',#393,#394,#202,.T.);
#486=EDGE_CURVE('',#394,#394,#159,.T.);
#487=EDGE_CURVE('',#394,#395,#203,.T.);
#488=EDGE_CURVE('',#395,#395,#160,.T.);
#489=EDGE_CURVE('',#395,#396,#204,.T.);
#490=EDGE_CURVE('',#396,#396,#161,.T.);
#491=EDGE_CURVE('',#397,#390,#182,.F.);
#492=EDGE_CURVE('',#369,#397,#162,.T.);
#493=EDGE_CURVE('',#386,#380,#183,.F.);
#494=EDGE_CURVE('',#385,#379,#184,.T.);
#495=EDGE_CURVE('',#382,#372,#185,.F.);
#496=EDGE_CURVE('',#396,#398,#205,.T.);
#497=EDGE_CURVE('',#398,#399,#186,.T.);
#498=EDGE_CURVE('',#400,#399,#163,.T.);
#499=EDGE_CURVE('',#400,#368,#187,.T.);
#500=EDGE_CURVE('',#397,#398,#188,.T.);
#501=EDGE_CURVE('',#401,#402,#206,.T.);
#502=EDGE_CURVE('',#402,#403,#207,.T.);
#503=EDGE_CURVE('',#403,#404,#208,.T.);
#504=EDGE_CURVE('',#404,#405,#209,.T.);
#505=EDGE_CURVE('',#405,#406,#210,.T.);
#506=EDGE_CURVE('',#406,#407,#211,.T.);
#507=EDGE_CURVE('',#407,#408,#212,.T.);
#508=EDGE_CURVE('',#408,#409,#213,.T.);
#509=EDGE_CURVE('',#409,#410,#214,.T.);
#510=EDGE_CURVE('',#410,#411,#215,.T.);
#511=EDGE_CURVE('',#411,#412,#216,.T.);
#512=EDGE_CURVE('',#412,#413,#217,.T.);
#513=EDGE_CURVE('',#413,#414,#218,.T.);
#514=EDGE_CURVE('',#414,#415,#219,.T.);
#515=EDGE_CURVE('',#415,#416,#220,.T.);
#516=EDGE_CURVE('',#416,#417,#221,.T.);
#517=EDGE_CURVE('',#417,#418,#222,.T.);
#518=EDGE_CURVE('',#418,#419,#223,.T.);
#519=EDGE_CURVE('',#419,#420,#224,.T.);
#520=EDGE_CURVE('',#420,#401,#225,.T.);
#521=EDGE_CURVE('',#421,#402,#226,.T.);
#522=EDGE_CURVE('',#422,#401,#227,.T.);
#523=EDGE_CURVE('',#422,#423,#228,.T.);
#524=EDGE_CURVE('',#421,#423,#229,.T.);
#525=EDGE_CURVE('',#424,#403,#230,.T.);
#526=EDGE_CURVE('',#421,#424,#231,.T.);
#527=EDGE_CURVE('',#425,#404,#232,.T.);
#528=EDGE_CURVE('',#426,#424,#233,.T.);
#529=EDGE_CURVE('',#425,#426,#234,.T.);
#530=EDGE_CURVE('',#425,#427,#235,.T.);
#531=EDGE_CURVE('',#427,#405,#236,.T.);
#532=EDGE_CURVE('',#427,#428,#237,.T.);
#533=EDGE_CURVE('',#428,#406,#238,.T.);
#534=EDGE_CURVE('',#429,#407,#239,.T.);
#535=EDGE_CURVE('',#428,#430,#240,.T.);
#536=EDGE_CURVE('',#429,#430,#241,.T.);
#537=EDGE_CURVE('',#431,#408,#242,.T.);
#538=EDGE_CURVE('',#429,#431,#243,.T.);
#539=EDGE_CURVE('',#432,#433,#244,.T.);
#540=EDGE_CURVE('',#433,#409,#245,.T.);
#541=EDGE_CURVE('',#432,#431,#246,.T.);
#542=EDGE_CURVE('',#433,#434,#247,.T.);
#543=EDGE_CURVE('',#434,#410,#248,.T.);
#544=EDGE_CURVE('',#434,#435,#249,.T.);
#545=EDGE_CURVE('',#435,#411,#250,.T.);
#546=EDGE_CURVE('',#436,#412,#251,.T.);
#547=EDGE_CURVE('',#435,#437,#252,.T.);
#548=EDGE_CURVE('',#436,#437,#253,.T.);
#549=EDGE_CURVE('',#438,#413,#254,.T.);
#550=EDGE_CURVE('',#436,#438,#255,.T.);
#551=EDGE_CURVE('',#439,#440,#256,.T.);
#552=EDGE_CURVE('',#440,#414,#257,.T.);
#553=EDGE_CURVE('',#439,#438,#258,.T.);
#554=EDGE_CURVE('',#440,#441,#259,.T.);
#555=EDGE_CURVE('',#441,#415,#260,.T.);
#556=EDGE_CURVE('',#441,#442,#261,.T.);
#557=EDGE_CURVE('',#442,#416,#262,.T.);
#558=EDGE_CURVE('',#443,#417,#263,.T.);
#559=EDGE_CURVE('',#442,#444,#264,.T.);
#560=EDGE_CURVE('',#443,#444,#265,.T.);
#561=EDGE_CURVE('',#445,#418,#266,.T.);
#562=EDGE_CURVE('',#443,#445,#267,.T.);
#563=EDGE_CURVE('',#446,#447,#268,.T.);
#564=EDGE_CURVE('',#447,#419,#269,.T.);
#565=EDGE_CURVE('',#446,#445,#270,.T.);
#566=EDGE_CURVE('',#447,#448,#271,.T.);
#567=EDGE_CURVE('',#448,#420,#272,.T.);
#568=EDGE_CURVE('',#448,#422,#273,.T.);
#569=EDGE_CURVE('',#423,#426,#274,.T.);
#570=EDGE_CURVE('',#444,#446,#275,.T.);
#571=EDGE_CURVE('',#437,#439,#276,.T.);
#572=EDGE_CURVE('',#430,#432,#277,.T.);
#573=EDGE_CURVE('',#449,#392,#189,.T.);
#574=EDGE_CURVE('',#449,#387,#278,.T.);
#575=EDGE_CURVE('',#381,#450,#279,.T.);
#576=EDGE_CURVE('',#450,#391,#190,.T.);
#577=EDGE_CURVE('',#451,#400,#191,.T.);
#578=EDGE_CURVE('',#450,#451,#192,.T.);
#579=EDGE_CURVE('',#399,#452,#193,.T.);
#580=EDGE_CURVE('',#452,#451,#164,.T.);
#581=EDGE_CURVE('',#450,#449,#280,.T.);
#582=EDGE_CURVE('',#449,#452,#15,.T.);
#583=ORIENTED_EDGE('',*,*,#453,.F.);
#584=ORIENTED_EDGE('',*,*,#454,.T.);
#585=ORIENTED_EDGE('',*,*,#455,.T.);
#586=ORIENTED_EDGE('',*,*,#456,.F.);
#587=ORIENTED_EDGE('',*,*,#457,.F.);
#588=ORIENTED_EDGE('',*,*,#458,.F.);
#589=ORIENTED_EDGE('',*,*,#459,.F.);
#590=ORIENTED_EDGE('',*,*,#460,.T.);
#591=ORIENTED_EDGE('',*,*,#460,.F.);
#592=ORIENTED_EDGE('',*,*,#461,.F.);
#593=ORIENTED_EDGE('',*,*,#462,.F.);
#594=ORIENTED_EDGE('',*,*,#463,.F.);
#595=ORIENTED_EDGE('',*,*,#464,.F.);
#596=ORIENTED_EDGE('',*,*,#457,.T.);
#597=ORIENTED_EDGE('',*,*,#465,.F.);
#598=ORIENTED_EDGE('',*,*,#466,.T.);
#599=ORIENTED_EDGE('',*,*,#467,.F.);
#600=ORIENTED_EDGE('',*,*,#463,.T.);
#601=ORIENTED_EDGE('',*,*,#468,.T.);
#602=ORIENTED_EDGE('',*,*,#469,.F.);
#603=ORIENTED_EDGE('',*,*,#470,.F.);
#604=ORIENTED_EDGE('',*,*,#471,.F.);
#605=ORIENTED_EDGE('',*,*,#472,.T.);
#606=ORIENTED_EDGE('',*,*,#473,.F.);
#607=ORIENTED_EDGE('',*,*,#474,.F.);
#608=ORIENTED_EDGE('',*,*,#475,.F.);
#609=ORIENTED_EDGE('',*,*,#476,.F.);
#610=ORIENTED_EDGE('',*,*,#470,.T.);
#611=ORIENTED_EDGE('',*,*,#477,.F.);
#612=ORIENTED_EDGE('',*,*,#478,.F.);
#613=ORIENTED_EDGE('',*,*,#455,.F.);
#614=ORIENTED_EDGE('',*,*,#479,.F.);
#615=ORIENTED_EDGE('',*,*,#475,.T.);
#616=ORIENTED_EDGE('',*,*,#480,.F.);
#617=ORIENTED_EDGE('',*,*,#461,.T.);
#618=ORIENTED_EDGE('',*,*,#459,.T.);
#619=ORIENTED_EDGE('',*,*,#481,.F.);
#620=ORIENTED_EDGE('',*,*,#482,.F.);
#621=ORIENTED_EDGE('',*,*,#483,.F.);
#622=ORIENTED_EDGE('',*,*,#484,.F.);
#623=ORIENTED_EDGE('',*,*,#485,.T.);
#624=ORIENTED_EDGE('',*,*,#486,.T.);
#625=ORIENTED_EDGE('',*,*,#485,.F.);
#626=ORIENTED_EDGE('',*,*,#486,.F.);
#627=ORIENTED_EDGE('',*,*,#487,.T.);
#628=ORIENTED_EDGE('',*,*,#488,.T.);
#629=ORIENTED_EDGE('',*,*,#487,.F.);
#630=ORIENTED_EDGE('',*,*,#488,.F.);
#631=ORIENTED_EDGE('',*,*,#489,.T.);
#632=ORIENTED_EDGE('',*,*,#490,.T.);
#633=ORIENTED_EDGE('',*,*,#489,.F.);
#634=ORIENTED_EDGE('',*,*,#478,.T.);
#635=ORIENTED_EDGE('',*,*,#491,.F.);
#636=ORIENTED_EDGE('',*,*,#492,.F.);
#637=ORIENTED_EDGE('',*,*,#465,.T.);
#638=ORIENTED_EDGE('',*,*,#493,.F.);
#639=ORIENTED_EDGE('',*,*,#472,.F.);
#640=ORIENTED_EDGE('',*,*,#494,.T.);
#641=ORIENTED_EDGE('',*,*,#456,.T.);
#642=ORIENTED_EDGE('',*,*,#495,.F.);
#643=ORIENTED_EDGE('',*,*,#468,.F.);
#644=ORIENTED_EDGE('',*,*,#490,.F.);
#645=ORIENTED_EDGE('',*,*,#496,.T.);
#646=ORIENTED_EDGE('',*,*,#497,.T.);
#647=ORIENTED_EDGE('',*,*,#498,.F.);
#648=ORIENTED_EDGE('',*,*,#499,.T.);
#649=ORIENTED_EDGE('',*,*,#453,.T.);
#650=ORIENTED_EDGE('',*,*,#492,.T.);
#651=ORIENTED_EDGE('',*,*,#500,.T.);
#652=ORIENTED_EDGE('',*,*,#496,.F.);
#653=ORIENTED_EDGE('',*,*,#484,.T.);
#654=ORIENTED_EDGE('',*,*,#501,.T.);
#655=ORIENTED_EDGE('',*,*,#502,.T.);
#656=ORIENTED_EDGE('',*,*,#503,.T.);
#657=ORIENTED_EDGE('',*,*,#504,.T.);
#658=ORIENTED_EDGE('',*,*,#505,.T.);
#659=ORIENTED_EDGE('',*,*,#506,.T.);
#660=ORIENTED_EDGE('',*,*,#507,.T.);
#661=ORIENTED_EDGE('',*,*,#508,.T.);
#662=ORIENTED_EDGE('',*,*,#509,.T.);
#663=ORIENTED_EDGE('',*,*,#510,.T.);
#664=ORIENTED_EDGE('',*,*,#511,.T.);
#665=ORIENTED_EDGE('',*,*,#512,.T.);
#666=ORIENTED_EDGE('',*,*,#513,.T.);
#667=ORIENTED_EDGE('',*,*,#514,.T.);
#668=ORIENTED_EDGE('',*,*,#515,.T.);
#669=ORIENTED_EDGE('',*,*,#516,.T.);
#670=ORIENTED_EDGE('',*,*,#517,.T.);
#671=ORIENTED_EDGE('',*,*,#518,.T.);
#672=ORIENTED_EDGE('',*,*,#519,.T.);
#673=ORIENTED_EDGE('',*,*,#520,.T.);
#674=ORIENTED_EDGE('',*,*,#521,.T.);
#675=ORIENTED_EDGE('',*,*,#501,.F.);
#676=ORIENTED_EDGE('',*,*,#522,.F.);
#677=ORIENTED_EDGE('',*,*,#523,.T.);
#678=ORIENTED_EDGE('',*,*,#524,.F.);
#679=ORIENTED_EDGE('',*,*,#525,.T.);
#680=ORIENTED_EDGE('',*,*,#502,.F.);
#681=ORIENTED_EDGE('',*,*,#521,.F.);
#682=ORIENTED_EDGE('',*,*,#526,.T.);
#683=ORIENTED_EDGE('',*,*,#527,.T.);
#684=ORIENTED_EDGE('',*,*,#503,.F.);
#685=ORIENTED_EDGE('',*,*,#525,.F.);
#686=ORIENTED_EDGE('',*,*,#528,.F.);
#687=ORIENTED_EDGE('',*,*,#529,.F.);
#688=ORIENTED_EDGE('',*,*,#530,.T.);
#689=ORIENTED_EDGE('',*,*,#531,.T.);
#690=ORIENTED_EDGE('',*,*,#504,.F.);
#691=ORIENTED_EDGE('',*,*,#527,.F.);
#692=ORIENTED_EDGE('',*,*,#505,.F.);
#693=ORIENTED_EDGE('',*,*,#531,.F.);
#694=ORIENTED_EDGE('',*,*,#532,.T.);
#695=ORIENTED_EDGE('',*,*,#533,.T.);
#696=ORIENTED_EDGE('',*,*,#534,.T.);
#697=ORIENTED_EDGE('',*,*,#506,.F.);
#698=ORIENTED_EDGE('',*,*,#533,.F.);
#699=ORIENTED_EDGE('',*,*,#535,.T.);
#700=ORIENTED_EDGE('',*,*,#536,.F.);
#701=ORIENTED_EDGE('',*,*,#537,.T.);
#702=ORIENTED_EDGE('',*,*,#507,.F.);
#703=ORIENTED_EDGE('',*,*,#534,.F.);
#704=ORIENTED_EDGE('',*,*,#538,.T.);
#705=ORIENTED_EDGE('',*,*,#539,.T.);
#706=ORIENTED_EDGE('',*,*,#540,.T.);
#707=ORIENTED_EDGE('',*,*,#508,.F.);
#708=ORIENTED_EDGE('',*,*,#537,.F.);
#709=ORIENTED_EDGE('',*,*,#541,.F.);
#710=ORIENTED_EDGE('',*,*,#509,.F.);
#711=ORIENTED_EDGE('',*,*,#540,.F.);
#712=ORIENTED_EDGE('',*,*,#542,.T.);
#713=ORIENTED_EDGE('',*,*,#543,.T.);
#714=ORIENTED_EDGE('',*,*,#510,.F.);
#715=ORIENTED_EDGE('',*,*,#543,.F.);
#716=ORIENTED_EDGE('',*,*,#544,.T.);
#717=ORIENTED_EDGE('',*,*,#545,.T.);
#718=ORIENTED_EDGE('',*,*,#546,.T.);
#719=ORIENTED_EDGE('',*,*,#511,.F.);
#720=ORIENTED_EDGE('',*,*,#545,.F.);
#721=ORIENTED_EDGE('',*,*,#547,.T.);
#722=ORIENTED_EDGE('',*,*,#548,.F.);
#723=ORIENTED_EDGE('',*,*,#549,.T.);
#724=ORIENTED_EDGE('',*,*,#512,.F.);
#725=ORIENTED_EDGE('',*,*,#546,.F.);
#726=ORIENTED_EDGE('',*,*,#550,.T.);
#727=ORIENTED_EDGE('',*,*,#551,.T.);
#728=ORIENTED_EDGE('',*,*,#552,.T.);
#729=ORIENTED_EDGE('',*,*,#513,.F.);
#730=ORIENTED_EDGE('',*,*,#549,.F.);
#731=ORIENTED_EDGE('',*,*,#553,.F.);
#732=ORIENTED_EDGE('',*,*,#514,.F.);
#733=ORIENTED_EDGE('',*,*,#552,.F.);
#734=ORIENTED_EDGE('',*,*,#554,.T.);
#735=ORIENTED_EDGE('',*,*,#555,.T.);
#736=ORIENTED_EDGE('',*,*,#515,.F.);
#737=ORIENTED_EDGE('',*,*,#555,.F.);
#738=ORIENTED_EDGE('',*,*,#556,.T.);
#739=ORIENTED_EDGE('',*,*,#557,.T.);
#740=ORIENTED_EDGE('',*,*,#558,.T.);
#741=ORIENTED_EDGE('',*,*,#516,.F.);
#742=ORIENTED_EDGE('',*,*,#557,.F.);
#743=ORIENTED_EDGE('',*,*,#559,.T.);
#744=ORIENTED_EDGE('',*,*,#560,.F.);
#745=ORIENTED_EDGE('',*,*,#561,.T.);
#746=ORIENTED_EDGE('',*,*,#517,.F.);
#747=ORIENTED_EDGE('',*,*,#558,.F.);
#748=ORIENTED_EDGE('',*,*,#562,.T.);
#749=ORIENTED_EDGE('',*,*,#563,.T.);
#750=ORIENTED_EDGE('',*,*,#564,.T.);
#751=ORIENTED_EDGE('',*,*,#518,.F.);
#752=ORIENTED_EDGE('',*,*,#561,.F.);
#753=ORIENTED_EDGE('',*,*,#565,.F.);
#754=ORIENTED_EDGE('',*,*,#519,.F.);
#755=ORIENTED_EDGE('',*,*,#564,.F.);
#756=ORIENTED_EDGE('',*,*,#566,.T.);
#757=ORIENTED_EDGE('',*,*,#567,.T.);
#758=ORIENTED_EDGE('',*,*,#522,.T.);
#759=ORIENTED_EDGE('',*,*,#520,.F.);
#760=ORIENTED_EDGE('',*,*,#567,.F.);
#761=ORIENTED_EDGE('',*,*,#568,.T.);
#762=ORIENTED_EDGE('',*,*,#535,.F.);
#763=ORIENTED_EDGE('',*,*,#532,.F.);
#764=ORIENTED_EDGE('',*,*,#530,.F.);
#765=ORIENTED_EDGE('',*,*,#529,.T.);
#766=ORIENTED_EDGE('',*,*,#569,.F.);
#767=ORIENTED_EDGE('',*,*,#523,.F.);
#768=ORIENTED_EDGE('',*,*,#568,.F.);
#769=ORIENTED_EDGE('',*,*,#566,.F.);
#770=ORIENTED_EDGE('',*,*,#563,.F.);
#771=ORIENTED_EDGE('',*,*,#570,.F.);
#772=ORIENTED_EDGE('',*,*,#559,.F.);
#773=ORIENTED_EDGE('',*,*,#556,.F.);
#774=ORIENTED_EDGE('',*,*,#554,.F.);
#775=ORIENTED_EDGE('',*,*,#551,.F.);
#776=ORIENTED_EDGE('',*,*,#571,.F.);
#777=ORIENTED_EDGE('',*,*,#547,.F.);
#778=ORIENTED_EDGE('',*,*,#544,.F.);
#779=ORIENTED_EDGE('',*,*,#542,.F.);
#780=ORIENTED_EDGE('',*,*,#539,.F.);
#781=ORIENTED_EDGE('',*,*,#572,.F.);
#782=ORIENTED_EDGE('',*,*,#528,.T.);
#783=ORIENTED_EDGE('',*,*,#526,.F.);
#784=ORIENTED_EDGE('',*,*,#524,.T.);
#785=ORIENTED_EDGE('',*,*,#569,.T.);
#786=ORIENTED_EDGE('',*,*,#562,.F.);
#787=ORIENTED_EDGE('',*,*,#560,.T.);
#788=ORIENTED_EDGE('',*,*,#570,.T.);
#789=ORIENTED_EDGE('',*,*,#565,.T.);
#790=ORIENTED_EDGE('',*,*,#550,.F.);
#791=ORIENTED_EDGE('',*,*,#548,.T.);
#792=ORIENTED_EDGE('',*,*,#571,.T.);
#793=ORIENTED_EDGE('',*,*,#553,.T.);
#794=ORIENTED_EDGE('',*,*,#538,.F.);
#795=ORIENTED_EDGE('',*,*,#536,.T.);
#796=ORIENTED_EDGE('',*,*,#572,.T.);
#797=ORIENTED_EDGE('',*,*,#541,.T.);
#798=ORIENTED_EDGE('',*,*,#493,.T.);
#799=ORIENTED_EDGE('',*,*,#469,.T.);
#800=ORIENTED_EDGE('',*,*,#495,.T.);
#801=ORIENTED_EDGE('',*,*,#462,.T.);
#802=ORIENTED_EDGE('',*,*,#483,.T.);
#803=ORIENTED_EDGE('',*,*,#573,.F.);
#804=ORIENTED_EDGE('',*,*,#574,.T.);
#805=ORIENTED_EDGE('',*,*,#473,.T.);
#806=ORIENTED_EDGE('',*,*,#481,.T.);
#807=ORIENTED_EDGE('',*,*,#458,.T.);
#808=ORIENTED_EDGE('',*,*,#464,.T.);
#809=ORIENTED_EDGE('',*,*,#467,.T.);
#810=ORIENTED_EDGE('',*,*,#575,.T.);
#811=ORIENTED_EDGE('',*,*,#576,.T.);
#812=ORIENTED_EDGE('',*,*,#494,.F.);
#813=ORIENTED_EDGE('',*,*,#471,.T.);
#814=ORIENTED_EDGE('',*,*,#476,.T.);
#815=ORIENTED_EDGE('',*,*,#479,.T.);
#816=ORIENTED_EDGE('',*,*,#454,.F.);
#817=ORIENTED_EDGE('',*,*,#499,.F.);
#818=ORIENTED_EDGE('',*,*,#577,.F.);
#819=ORIENTED_EDGE('',*,*,#578,.F.);
#820=ORIENTED_EDGE('',*,*,#575,.F.);
#821=ORIENTED_EDGE('',*,*,#466,.F.);
#822=ORIENTED_EDGE('',*,*,#577,.T.);
#823=ORIENTED_EDGE('',*,*,#498,.T.);
#824=ORIENTED_EDGE('',*,*,#579,.T.);
#825=ORIENTED_EDGE('',*,*,#580,.T.);
#826=ORIENTED_EDGE('',*,*,#573,.T.);
#827=ORIENTED_EDGE('',*,*,#482,.T.);
#828=ORIENTED_EDGE('',*,*,#576,.F.);
#829=ORIENTED_EDGE('',*,*,#581,.T.);
#830=ORIENTED_EDGE('',*,*,#500,.F.);
#831=ORIENTED_EDGE('',*,*,#491,.T.);
#832=ORIENTED_EDGE('',*,*,#480,.T.);
#833=ORIENTED_EDGE('',*,*,#477,.T.);
#834=ORIENTED_EDGE('',*,*,#474,.T.);
#835=ORIENTED_EDGE('',*,*,#574,.F.);
#836=ORIENTED_EDGE('',*,*,#582,.T.);
#837=ORIENTED_EDGE('',*,*,#579,.F.);
#838=ORIENTED_EDGE('',*,*,#497,.F.);
#839=ORIENTED_EDGE('',*,*,#580,.F.);
#840=ORIENTED_EDGE('',*,*,#582,.F.);
#841=ORIENTED_EDGE('',*,*,#581,.F.);
#842=ORIENTED_EDGE('',*,*,#578,.T.);
#843=CONICAL_SURFACE('',#915,0.05535,0.349065850398867);
#844=CONICAL_SURFACE('',#917,26.0676188467376,0.584846577464643);
#845=CONICAL_SURFACE('',#921,0.0333063489982278,0.222798696177007);
#846=CONICAL_SURFACE('',#922,0.0333063489982278,0.222798696177007);
#847=CONICAL_SURFACE('',#928,0.0819999999999999,0.933912427863503);
#848=CONICAL_SURFACE('',#932,0.082,0.715584993317676);
#849=CONICAL_SURFACE('',#938,0.0333063489982278,0.222798696177007);
#850=CONICAL_SURFACE('',#939,26.0676188467376,0.584846577464643);
#851=CONICAL_SURFACE('',#940,0.05535,0.349065850398867);
#852=CONICAL_SURFACE('',#968,0.0686749999999999,0.523598775598301);
#853=ADVANCED_FACE('',(#55),#843,.T.);
#854=ADVANCED_FACE('',(#56),#844,.T.);
#855=ADVANCED_FACE('',(#57),#845,.T.);
#856=ADVANCED_FACE('',(#58),#846,.T.);
#857=ADVANCED_FACE('',(#59),#49,.T.);
#858=ADVANCED_FACE('',(#60),#50,.T.);
#859=ADVANCED_FACE('',(#61),#51,.T.);
#860=ADVANCED_FACE('',(#62),#847,.T.);
#861=ADVANCED_FACE('',(#63),#52,.T.);
#862=ADVANCED_FACE('',(#64),#848,.T.);
#863=ADVANCED_FACE('',(#65),#53,.T.);
#864=ADVANCED_FACE('',(#66),#54,.T.);
#865=ADVANCED_FACE('',(#67),#849,.T.);
#866=ADVANCED_FACE('',(#68),#850,.T.);
#867=ADVANCED_FACE('',(#69),#851,.T.);
#868=ADVANCED_FACE('',(#70,#22),#23,.F.);
#869=ADVANCED_FACE('',(#71),#24,.T.);
#870=ADVANCED_FACE('',(#72),#25,.T.);
#871=ADVANCED_FACE('',(#73),#26,.T.);
#872=ADVANCED_FACE('',(#74),#27,.F.);
#873=ADVANCED_FACE('',(#75),#28,.F.);
#874=ADVANCED_FACE('',(#76),#29,.T.);
#875=ADVANCED_FACE('',(#77),#30,.T.);
#876=ADVANCED_FACE('',(#78),#31,.T.);
#877=ADVANCED_FACE('',(#79),#32,.F.);
#878=ADVANCED_FACE('',(#80),#33,.F.);
#879=ADVANCED_FACE('',(#81),#34,.T.);
#880=ADVANCED_FACE('',(#82),#35,.T.);
#881=ADVANCED_FACE('',(#83),#36,.T.);
#882=ADVANCED_FACE('',(#84),#37,.F.);
#883=ADVANCED_FACE('',(#85),#38,.F.);
#884=ADVANCED_FACE('',(#86),#39,.T.);
#885=ADVANCED_FACE('',(#87),#40,.T.);
#886=ADVANCED_FACE('',(#88),#41,.T.);
#887=ADVANCED_FACE('',(#89),#42,.F.);
#888=ADVANCED_FACE('',(#90),#43,.F.);
#889=ADVANCED_FACE('',(#91),#44,.T.);
#890=ADVANCED_FACE('',(#92),#45,.T.);
#891=ADVANCED_FACE('',(#93),#46,.T.);
#892=ADVANCED_FACE('',(#94),#47,.T.);
#893=ADVANCED_FACE('',(#95),#48,.T.);
#894=ADVANCED_FACE('',(#96),#19,.T.);
#895=ADVANCED_FACE('',(#97),#20,.T.);
#896=ADVANCED_FACE('',(#98),#16,.F.);
#897=ADVANCED_FACE('',(#99),#852,.T.);
#898=ADVANCED_FACE('',(#100),#21,.T.);
#899=ADVANCED_FACE('',(#101),#17,.F.);
#900=ADVANCED_FACE('',(#102),#18,.F.);
#901=CLOSED_SHELL('',(#853,#854,#855,#856,#857,#858,#859,#860,#861,#862,
#863,#864,#865,#866,#867,#868,#869,#870,#871,#872,#873,#874,#875,#876,#877,
#878,#879,#880,#881,#882,#883,#884,#885,#886,#887,#888,#889,#890,#891,#892,
#893,#894,#895,#896,#897,#898,#899,#900));
#902=DERIVED_UNIT_ELEMENT(#904,1.);
#903=DERIVED_UNIT_ELEMENT(#3594,-3.);
#904=(
MASS_UNIT()
NAMED_UNIT(*)
SI_UNIT(.KILO.,.GRAM.)
);
#905=DERIVED_UNIT((#902,#903));
#906=MEASURE_REPRESENTATION_ITEM('density measure',
POSITIVE_RATIO_MEASURE(7850.),#905);
#907=PROPERTY_DEFINITION_REPRESENTATION(#912,#909);
#908=PROPERTY_DEFINITION_REPRESENTATION(#913,#910);
#909=REPRESENTATION('material name',(#911),#3589);
#910=REPRESENTATION('density',(#906),#3589);
#911=DESCRIPTIVE_REPRESENTATION_ITEM('Steel','Steel');
#912=PROPERTY_DEFINITION('material property','material name',#3602);
#913=PROPERTY_DEFINITION('material property','density of part',#3602);
#914=AXIS2_PLACEMENT_3D('',#1169,#970,#971);
#915=AXIS2_PLACEMENT_3D('',#1170,#972,#973);
#916=AXIS2_PLACEMENT_3D('',#1179,#975,#976);
#917=AXIS2_PLACEMENT_3D('',#1180,#977,#978);
#918=AXIS2_PLACEMENT_3D('',#1185,#980,#981);
#919=AXIS2_PLACEMENT_3D('',#1202,#982,#983);
#920=AXIS2_PLACEMENT_3D('',#1206,#985,#986);
#921=AXIS2_PLACEMENT_3D('',#1223,#987,#988);
#922=AXIS2_PLACEMENT_3D('',#1250,#990,#991);
#923=AXIS2_PLACEMENT_3D('',#1306,#993,#994);
#924=AXIS2_PLACEMENT_3D('',#1351,#995,#996);
#925=AXIS2_PLACEMENT_3D('',#1391,#998,#999);
#926=AXIS2_PLACEMENT_3D('',#1417,#1000,#1001);
#927=AXIS2_PLACEMENT_3D('',#1493,#1003,#1004);
#928=AXIS2_PLACEMENT_3D('',#1568,#1006,#1007);
#929=AXIS2_PLACEMENT_3D('',#1609,#1008,#1009);
#930=AXIS2_PLACEMENT_3D('',#1611,#1010,#1011);
#931=AXIS2_PLACEMENT_3D('',#1614,#1013,#1014);
#932=AXIS2_PLACEMENT_3D('',#1615,#1015,#1016);
#933=AXIS2_PLACEMENT_3D('',#1618,#1018,#1019);
#934=AXIS2_PLACEMENT_3D('',#1619,#1020,#1021);
#935=AXIS2_PLACEMENT_3D('',#1622,#1023,#1024);
#936=AXIS2_PLACEMENT_3D('',#1623,#1025,#1026);
#937=AXIS2_PLACEMENT_3D('',#1641,#1027,#1028);
#938=AXIS2_PLACEMENT_3D('',#1642,#1029,#1030);
#939=AXIS2_PLACEMENT_3D('',#1677,#1031,#1032);
#940=AXIS2_PLACEMENT_3D('',#1688,#1033,#1034);
#941=AXIS2_PLACEMENT_3D('',#1715,#1036,#1037);
#942=AXIS2_PLACEMENT_3D('',#1778,#1038,#1039);
#943=AXIS2_PLACEMENT_3D('',#1819,#1060,#1061);
#944=AXIS2_PLACEMENT_3D('',#1827,#1066,#1067);
#945=AXIS2_PLACEMENT_3D('',#1831,#1070,#1071);
#946=AXIS2_PLACEMENT_3D('',#1837,#1075,#1076);
#947=AXIS2_PLACEMENT_3D('',#1841,#1079,#1080);
#948=AXIS2_PLACEMENT_3D('',#1845,#1083,#1084);
#949=AXIS2_PLACEMENT_3D('',#1851,#1088,#1089);
#950=AXIS2_PLACEMENT_3D('',#1855,#1092,#1093);
#951=AXIS2_PLACEMENT_3D('',#1861,#1097,#1098);
#952=AXIS2_PLACEMENT_3D('',#1865,#1101,#1102);
#953=AXIS2_PLACEMENT_3D('',#1869,#1105,#1106);
#954=AXIS2_PLACEMENT_3D('',#1875,#1110,#1111);
#955=AXIS2_PLACEMENT_3D('',#1879,#1114,#1115);
#956=AXIS2_PLACEMENT_3D('',#1885,#1119,#1120);
#957=AXIS2_PLACEMENT_3D('',#1889,#1123,#1124);
#958=AXIS2_PLACEMENT_3D('',#1893,#1127,#1128);
#959=AXIS2_PLACEMENT_3D('',#1899,#1132,#1133);
#960=AXIS2_PLACEMENT_3D('',#1903,#1136,#1137);
#961=AXIS2_PLACEMENT_3D('',#1909,#1141,#1142);
#962=AXIS2_PLACEMENT_3D('',#1913,#1145,#1146);
#963=AXIS2_PLACEMENT_3D('',#1915,#1148,#1149);
#964=AXIS2_PLACEMENT_3D('',#1920,#1154,#1155);
#965=AXIS2_PLACEMENT_3D('',#1921,#1156,#1157);
#966=AXIS2_PLACEMENT_3D('',#1922,#1158,#1159);
#967=AXIS2_PLACEMENT_3D('',#1923,#1160,#1161);
#968=AXIS2_PLACEMENT_3D('',#2954,#1164,#1165);
#969=AXIS2_PLACEMENT_3D('',#2962,#1166,#1167);
#970=DIRECTION('axis',(0.,0.,1.));
#971=DIRECTION('refdir',(1.,0.,0.));
#972=DIRECTION('center_axis',(-1.,0.,0.));
#973=DIRECTION('ref_axis',(0.,0.,1.));
#974=DIRECTION('',(0.939692620785908,4.18853873767701E-17,0.34202014332567));
#975=DIRECTION('center_axis',(-1.,0.,0.));
#976=DIRECTION('ref_axis',(0.,0.,1.));
#977=DIRECTION('center_axis',(-1.,0.,0.));
#978=DIRECTION('ref_axis',(0.,0.,1.));
#979=DIRECTION('',(0.83379679590381,6.76092553259616E-17,0.552071465609789));
#980=DIRECTION('center_axis',(-1.,0.,0.));
#981=DIRECTION('ref_axis',(0.,0.,1.));
#982=DIRECTION('center_axis',(-1.,-1.83991406121898E-16,0.));
#983=DIRECTION('ref_axis',(1.83991406121898E-16,-1.,0.));
#984=DIRECTION('',(0.83379679590381,6.76092553259617E-17,0.552071465609789));
#985=DIRECTION('center_axis',(-1.,-1.83991406121898E-16,0.));
#986=DIRECTION('ref_axis',(1.83991406121898E-16,-1.,0.));
#987=DIRECTION('center_axis',(-1.,0.,0.));
#988=DIRECTION('ref_axis',(0.,0.,1.));
#989=DIRECTION('',(0.975282869762471,2.70597963246033E-17,0.220960005312907));
#990=DIRECTION('center_axis',(-1.,0.,0.));
#991=DIRECTION('ref_axis',(0.,0.,1.));
#992=DIRECTION('',(0.975282869762471,2.70597963246033E-17,0.220960005312907));
#993=DIRECTION('center_axis',(-1.,0.,0.));
#994=DIRECTION('ref_axis',(0.,0.,1.));
#995=DIRECTION('center_axis',(-1.,0.,0.));
#996=DIRECTION('ref_axis',(0.,0.,1.));
#997=DIRECTION('',(1.,0.,0.));
#998=DIRECTION('center_axis',(-1.,0.,0.));
#999=DIRECTION('ref_axis',(0.,0.,1.));
#1000=DIRECTION('center_axis',(-1.,0.,0.));
#1001=DIRECTION('ref_axis',(0.,0.,1.));
#1002=DIRECTION('',(1.,0.,0.));
#1003=DIRECTION('center_axis',(-1.,0.,0.));
#1004=DIRECTION('ref_axis',(0.,0.,1.));
#1005=DIRECTION('',(1.,0.,0.));
#1006=DIRECTION('center_axis',(-1.,-1.83991406121898E-16,0.));
#1007=DIRECTION('ref_axis',(1.76181484748726E-17,-0.095755279261251,-0.995404905801453));
#1008=DIRECTION('center_axis',(-1.,0.,0.));
#1009=DIRECTION('ref_axis',(0.,0.,1.));
#1010=DIRECTION('center_axis',(-1.,0.,0.));
#1011=DIRECTION('ref_axis',(0.,0.,1.));
#1012=DIRECTION('',(1.,0.,0.));
#1013=DIRECTION('center_axis',(-1.,0.,0.));
#1014=DIRECTION('ref_axis',(0.,0.,1.));
#1015=DIRECTION('center_axis',(-1.,0.,0.));
#1016=DIRECTION('ref_axis',(0.,0.,1.));
#1017=DIRECTION('',(0.754709580222771,8.03440589904946E-17,0.656059028990508));
#1018=DIRECTION('center_axis',(-1.,0.,0.));
#1019=DIRECTION('ref_axis',(0.,0.,1.));
#1020=DIRECTION('center_axis',(-1.,0.,0.));
#1021=DIRECTION('ref_axis',(0.,0.,1.));
#1022=DIRECTION('',(1.,0.,0.));
#1023=DIRECTION('center_axis',(-1.,0.,0.));
#1024=DIRECTION('ref_axis',(0.,0.,1.));
#1025=DIRECTION('center_axis',(-1.,0.,0.));
#1026=DIRECTION('ref_axis',(0.,0.,1.));
#1027=DIRECTION('center_axis',(-1.,0.,0.));
#1028=DIRECTION('ref_axis',(0.,0.,1.));
#1029=DIRECTION('center_axis',(-1.,0.,0.));
#1030=DIRECTION('ref_axis',(0.,0.,1.));
#1031=DIRECTION('center_axis',(-1.,0.,0.));
#1032=DIRECTION('ref_axis',(0.,0.,1.));
#1033=DIRECTION('center_axis',(-1.,0.,0.));
#1034=DIRECTION('ref_axis',(0.,0.,1.));
#1035=DIRECTION('',(0.939692620785908,4.18853873767701E-17,0.34202014332567));
#1036=DIRECTION('center_axis',(1.,0.,0.));
#1037=DIRECTION('ref_axis',(0.,5.32907051820075E-15,1.));
#1038=DIRECTION('center_axis',(1.,0.,0.));
#1039=DIRECTION('ref_axis',(0.,0.,-1.));
#1040=DIRECTION('',(0.,1.,0.));
#1041=DIRECTION('',(0.,0.,1.));
#1042=DIRECTION('',(0.,-1.,0.));
#1043=DIRECTION('',(0.,-0.907560762937575,0.419920780119498));
#1044=DIRECTION('',(0.,-0.419920780119497,0.907560762937575));
#1045=DIRECTION('',(0.,0.,1.));
#1046=DIRECTION('',(0.,-1.,0.));
#1047=DIRECTION('',(0.,0.,-1.));
#1048=DIRECTION('',(0.,-0.419920780119497,-0.907560762937575));
#1049=DIRECTION('',(0.,-0.907560762937575,-0.419920780119498));
#1050=DIRECTION('',(0.,-1.,0.));
#1051=DIRECTION('',(0.,0.,-1.));
#1052=DIRECTION('',(0.,1.,0.));
#1053=DIRECTION('',(0.,0.907560762937575,-0.419920780119498));
#1054=DIRECTION('',(0.,0.419920780119497,-0.907560762937575));
#1055=DIRECTION('',(0.,0.,-1.));
#1056=DIRECTION('',(0.,1.,0.));
#1057=DIRECTION('',(0.,0.,1.));
#1058=DIRECTION('',(0.,0.419920780119497,0.907560762937575));
#1059=DIRECTION('',(0.,0.907560762937575,0.419920780119497));
#1060=DIRECTION('center_axis',(0.,0.,1.));
#1061=DIRECTION('ref_axis',(1.,0.,0.));
#1062=DIRECTION('',(-1.,0.,0.));
#1063=DIRECTION('',(-0.992301799603163,0.123843201284224,0.));
#1064=DIRECTION('',(0.,1.,0.));
#1065=DIRECTION('',(0.857167300702112,-0.515038074910054,0.));
#1066=DIRECTION('center_axis',(0.,-1.,0.));
#1067=DIRECTION('ref_axis',(0.,0.,-1.));
#1068=DIRECTION('',(-1.,0.,0.));
#1069=DIRECTION('',(0.,0.,1.));
#1070=DIRECTION('center_axis',(0.,0.,-1.));
#1071=DIRECTION('ref_axis',(-1.,0.,0.));
#1072=DIRECTION('',(-0.992301799603163,0.123843201284224,0.));
#1073=DIRECTION('',(-0.857167300702112,0.515038074910054,0.));
#1074=DIRECTION('',(0.,1.,0.));
#1075=DIRECTION('center_axis',(0.052335956242944,0.419345293284512,0.906316982453856));
#1076=DIRECTION('ref_axis',(-1.26579076251152E-18,-0.907560762937575,0.419920780119497));
#1077=DIRECTION('',(0.,-0.907560762937575,0.419920780119497));
#1078=DIRECTION('',(-0.998445034911634,0.0394177134059391,0.0394177134059391));
#1079=DIRECTION('center_axis',(0.052335956242944,0.906316982453856,0.419345293284511));
#1080=DIRECTION('ref_axis',(2.83997303388103E-18,-0.419920780119497,0.907560762937575));
#1081=DIRECTION('',(0.,-0.419920780119497,0.907560762937575));
#1082=DIRECTION('',(-0.992301799603163,0.,0.123843201284224));
#1083=DIRECTION('center_axis',(0.,-1.,0.));
#1084=DIRECTION('ref_axis',(0.,0.,-1.));
#1085=DIRECTION('',(-1.,0.,0.));
#1086=DIRECTION('',(0.,0.,1.));
#1087=DIRECTION('',(0.857167300702112,0.,-0.515038074910054));
#1088=DIRECTION('center_axis',(0.,0.,-1.));
#1089=DIRECTION('ref_axis',(-1.,0.,0.));
#1090=DIRECTION('',(-1.,0.,0.));
#1091=DIRECTION('',(0.,-1.,-3.49148133884313E-15));
#1092=DIRECTION('center_axis',(0.,1.,0.));
#1093=DIRECTION('ref_axis',(0.,0.,1.));
#1094=DIRECTION('',(0.,0.,-1.));
#1095=DIRECTION('',(-0.992301799603163,0.,0.123843201284224));
#1096=DIRECTION('',(-0.857167300702112,0.,0.515038074910054));
#1097=DIRECTION('center_axis',(0.052335956242944,-0.906316982453856,0.419345293284511));
#1098=DIRECTION('ref_axis',(-2.83997303388103E-18,-0.419920780119497,-0.907560762937575));
#1099=DIRECTION('',(0.,-0.419920780119497,-0.907560762937575));
#1100=DIRECTION('',(-0.998445034911634,-0.0394177134059391,0.0394177134059391));
#1101=DIRECTION('center_axis',(0.052335956242944,-0.419345293284512,0.906316982453856));
#1102=DIRECTION('ref_axis',(1.26579076251152E-18,-0.907560762937575,-0.419920780119497));
#1103=DIRECTION('',(0.,-0.907560762937575,-0.419920780119497));
#1104=DIRECTION('',(-0.992301799603163,-0.123843201284224,0.));
#1105=DIRECTION('center_axis',(0.,0.,-1.));
#1106=DIRECTION('ref_axis',(-1.,0.,0.));
#1107=DIRECTION('',(-1.,0.,0.));
#1108=DIRECTION('',(0.,-1.,0.));
#1109=DIRECTION('',(0.857167300702112,0.515038074910054,0.));
#1110=DIRECTION('center_axis',(0.,1.,0.));
#1111=DIRECTION('ref_axis',(0.,0.,1.));
#1112=DIRECTION('',(-1.,0.,0.));
#1113=DIRECTION('',(0.,0.,-1.));
#1114=DIRECTION('center_axis',(0.,0.,1.));
#1115=DIRECTION('ref_axis',(1.,0.,0.));
#1116=DIRECTION('',(0.,1.,0.));
#1117=DIRECTION('',(-0.992301799603163,-0.123843201284224,0.));
#1118=DIRECTION('',(-0.857167300702112,-0.515038074910054,0.));
#1119=DIRECTION('center_axis',(0.052335956242944,-0.419345293284512,-0.906316982453856));
#1120=DIRECTION('ref_axis',(-1.26579076251152E-18,0.907560762937575,-0.419920780119497));
#1121=DIRECTION('',(0.,0.907560762937575,-0.419920780119497));
#1122=DIRECTION('',(-0.998445034911634,-0.0394177134059391,-0.0394177134059391));
#1123=DIRECTION('center_axis',(0.052335956242944,-0.906316982453856,-0.419345293284511));
#1124=DIRECTION('ref_axis',(2.83997303388103E-18,0.419920780119497,-0.907560762937575));
#1125=DIRECTION('',(0.,0.419920780119497,-0.907560762937575));
#1126=DIRECTION('',(-0.992301799603163,0.,-0.123843201284224));
#1127=DIRECTION('center_axis',(0.,1.,0.));
#1128=DIRECTION('ref_axis',(0.,0.,1.));
#1129=DIRECTION('',(-1.,0.,0.));
#1130=DIRECTION('',(0.,0.,-1.));
#1131=DIRECTION('',(0.857167300702112,0.,0.515038074910054));
#1132=DIRECTION('center_axis',(0.,0.,1.));
#1133=DIRECTION('ref_axis',(1.,0.,0.));
#1134=DIRECTION('',(-1.,0.,0.));
#1135=DIRECTION('',(0.,1.,1.04744440165294E-14));
#1136=DIRECTION('center_axis',(0.,-1.,0.));
#1137=DIRECTION('ref_axis',(0.,0.,-1.));
#1138=DIRECTION('',(0.,0.,1.));
#1139=DIRECTION('',(-0.992301799603163,0.,-0.123843201284224));
#1140=DIRECTION('',(-0.857167300702112,0.,-0.515038074910054));
#1141=DIRECTION('center_axis',(0.052335956242944,0.906316982453856,-0.419345293284511));
#1142=DIRECTION('ref_axis',(-2.83997303388103E-18,0.419920780119497,0.907560762937575));
#1143=DIRECTION('',(0.,0.419920780119497,0.907560762937575));
#1144=DIRECTION('',(-0.998445034911634,0.0394177134059391,-0.0394177134059391));
#1145=DIRECTION('center_axis',(0.052335956242944,0.419345293284511,-0.906316982453856));
#1146=DIRECTION('ref_axis',(1.91584728186209E-18,0.907560762937575,0.419920780119497));
#1147=DIRECTION('',(0.,0.907560762937575,0.419920780119497));
#1148=DIRECTION('center_axis',(-1.,0.,0.));
#1149=DIRECTION('ref_axis',(0.,0.,1.));
#1150=DIRECTION('',(0.,0.,1.));
#1151=DIRECTION('',(0.,1.,1.04744440165294E-14));
#1152=DIRECTION('',(0.,0.,-1.));
#1153=DIRECTION('',(0.,-1.,-3.49148133884313E-15));
#1154=DIRECTION('center_axis',(-0.515038074910054,-0.857167300702112,0.));
#1155=DIRECTION('ref_axis',(0.857167300702112,-0.515038074910054,0.));
#1156=DIRECTION('center_axis',(-0.515038074910054,-8.9783509040039E-15,
0.857167300702112));
#1157=DIRECTION('ref_axis',(0.857167300702112,-2.92771044906712E-31,0.515038074910054));
#1158=DIRECTION('center_axis',(-0.515038074910054,0.857167300702112,0.));
#1159=DIRECTION('ref_axis',(-0.857167300702112,-0.515038074910054,0.));
#1160=DIRECTION('center_axis',(-0.515038074910054,2.99278363466797E-15,
-0.857167300702112));
#1161=DIRECTION('ref_axis',(-0.857167300702112,-1.47406548029312E-31,0.515038074910054));
#1162=DIRECTION('',(-0.500000000000004,-0.866025403784436,0.));
#1163=DIRECTION('',(-0.500000000000004,0.866025403784436,0.));
#1164=DIRECTION('center_axis',(1.,1.83991406121898E-16,0.));
#1165=DIRECTION('ref_axis',(-1.83991406121898E-16,1.,0.));
#1166=DIRECTION('center_axis',(-1.,-1.83991406121898E-16,0.));
#1167=DIRECTION('ref_axis',(1.83991406121898E-16,-1.,0.));
#1168=DIRECTION('',(-1.,0.,0.));
#1169=CARTESIAN_POINT('',(0.,0.,0.));
#1170=CARTESIAN_POINT('Origin',(-0.0312797267715345,0.,0.));
#1171=CARTESIAN_POINT('',(-0.0324620711865316,-1.01591347902299E-16,-0.0557803381737098));
#1172=CARTESIAN_POINT('',(-0.0312797267715504,-6.7784200332806E-18,-0.05535));
#1173=CARTESIAN_POINT('',(-0.0312797267715345,-6.7784200332806E-18,-0.05535));
#1174=CARTESIAN_POINT('',(-0.0312797267715345,0.00479199434507847,-0.0551421734264867));
#1175=CARTESIAN_POINT('Ctrl Pts',(-0.0324620711865316,-1.15117565433092E-16,
-0.0557803381737098));
#1176=CARTESIAN_POINT('Ctrl Pts',(-0.0320691635428518,0.00160481985197831,
-0.0556373314865947));
#1177=CARTESIAN_POINT('Ctrl Pts',(-0.0316747553590825,0.00320340718611982,
-0.0554245462068258));
#1178=CARTESIAN_POINT('Ctrl Pts',(-0.0312797267715386,0.00479199434507813,
-0.0551421734264882));
#1179=CARTESIAN_POINT('Origin',(-0.0312797267715345,0.,0.));
#1180=CARTESIAN_POINT('Origin',(-39.0575787401575,0.,0.));
#1181=CARTESIAN_POINT('',(0.26219722434884,-4.07885136919643E-18,-0.0333063489982278));
#1182=CARTESIAN_POINT('',(0.269778201417693,-1.50264018781097E-15,-0.0282868512720217));
#1183=CARTESIAN_POINT('',(-39.0575787401575,-3.19236259820504E-15,-26.0676188467376));
#1184=CARTESIAN_POINT('',(0.26219722434884,0.00627937133993047,0.0327090565312882));
#1185=CARTESIAN_POINT('Origin',(0.26219722434884,0.,0.));
#1186=CARTESIAN_POINT('',(0.2875,-0.0164975104908166,-0.0013534781000063));
#1187=CARTESIAN_POINT('Ctrl Pts',(0.262197224348818,0.00627937133998992,
0.0327090565312893));
#1188=CARTESIAN_POINT('Ctrl Pts',(0.263396537745431,0.00327522338250308,
0.0324771954097613));
#1189=CARTESIAN_POINT('Ctrl Pts',(0.264625123205785,0.000329505020725199,
0.0318253598162819));
#1190=CARTESIAN_POINT('Ctrl Pts',(0.267091076388907,-0.00506981496421572,
0.0297575209606426));
#1191=CARTESIAN_POINT('Ctrl Pts',(0.268315747288787,-0.00751606549481806,
0.0283959787981827));
#1192=CARTESIAN_POINT('Ctrl Pts',(0.271301981647497,-0.0126409855469566,
0.0244290874648894));
#1193=CARTESIAN_POINT('Ctrl Pts',(0.273065807428669,-0.0150642894010998,
0.0215970420748808));
#1194=CARTESIAN_POINT('Ctrl Pts',(0.276656315824896,-0.0182641015913756,
0.0154654605323271));
#1195=CARTESIAN_POINT('Ctrl Pts',(0.27842141956732,-0.0191465512140741,
0.0122932347288141));
#1196=CARTESIAN_POINT('Ctrl Pts',(0.281469072463772,-0.019343455959531,
0.00715619356519497));
#1197=CARTESIAN_POINT('Ctrl Pts',(0.282661753256084,-0.0191307253580221,
0.00522203799458204));
#1198=CARTESIAN_POINT('Ctrl Pts',(0.285064331659577,-0.0181585571191273,
0.00167763165560912));
#1199=CARTESIAN_POINT('Ctrl Pts',(0.286254565661759,-0.0174420826961946,
7.47989497794652E-5));
#1200=CARTESIAN_POINT('Ctrl Pts',(0.2875,-0.0164975104908188,-0.00135347810000812));
#1201=CARTESIAN_POINT('',(0.287499999999999,-2.02715024986075E-18,-0.0165529379676783));
#1202=CARTESIAN_POINT('Origin',(0.2875,1.10394843673139E-16,0.));
#1203=CARTESIAN_POINT('',(0.3125,0.,0.));
#1204=CARTESIAN_POINT('',(-39.0575787401575,-3.19236259820504E-15,-26.0676188467376));
#1205=CARTESIAN_POINT('',(0.2875,0.0155356540634885,0.00571342350797047));
#1206=CARTESIAN_POINT('Origin',(0.2875,1.10394843673139E-16,0.));
#1207=CARTESIAN_POINT('Ctrl Pts',(0.287500000000002,0.015535654063486,0.00571342350796712));
#1208=CARTESIAN_POINT('Ctrl Pts',(0.28633323992809,0.0169848478134359,0.00401103022557921));
#1209=CARTESIAN_POINT('Ctrl Pts',(0.285129434038388,0.0182113622705838,
0.00183805108290342));
#1210=CARTESIAN_POINT('Ctrl Pts',(0.282698420423053,0.0196180675250408,
-0.00322711000498199));
#1211=CARTESIAN_POINT('Ctrl Pts',(0.281507991599884,0.0198273414699116,
-0.0059892206596617));
#1212=CARTESIAN_POINT('Ctrl Pts',(0.279679626285691,0.0191646064348256,
-0.0103427736788574));
#1213=CARTESIAN_POINT('Ctrl Pts',(0.279080892592846,0.0187838432718672,
-0.0117836781217509));
#1214=CARTESIAN_POINT('Ctrl Pts',(0.277882584295385,0.0177138475103681,
-0.0146219891800468));
#1215=CARTESIAN_POINT('Ctrl Pts',(0.277285848301369,0.0170157400373312,
-0.0160112535903549));
#1216=CARTESIAN_POINT('Ctrl Pts',(0.276086515216807,0.0153039054686328,
-0.0186970068668558));
#1217=CARTESIAN_POINT('Ctrl Pts',(0.275487734086274,0.0142795831348782,
-0.0199798787849723));
#1218=CARTESIAN_POINT('Ctrl Pts',(0.274288341916877,0.0119442639003593,
-0.0223646388521571));
#1219=CARTESIAN_POINT('Ctrl Pts',(0.273690290439369,0.010627747829228,-0.0234548109309318));
#1220=CARTESIAN_POINT('Ctrl Pts',(0.271949126372191,0.00642773937903581,
-0.0262720021542714));
#1221=CARTESIAN_POINT('Ctrl Pts',(0.270851238305086,0.00329048238731961,
-0.0275763747506619));
#1222=CARTESIAN_POINT('Ctrl Pts',(0.269778201417694,-2.95806389904221E-15,
-0.0282868512720231));
#1223=CARTESIAN_POINT('Origin',(0.26219722434884,0.,0.));
#1224=CARTESIAN_POINT('',(0.233387487473024,-2.42475743958118E-15,-0.0398334805725721));
#1225=CARTESIAN_POINT('',(0.26219722434884,-4.07885136919643E-18,-0.0333063489982278));
#1226=CARTESIAN_POINT('Ctrl Pts',(0.233387487473024,-4.84463649713303E-15,
-0.0398334805725721));
#1227=CARTESIAN_POINT('Ctrl Pts',(0.234519522996957,0.0046129282500007,
-0.0395770066990558));
#1228=CARTESIAN_POINT('Ctrl Pts',(0.235649784431433,0.00915500865885006,
-0.0385183759053101));
#1229=CARTESIAN_POINT('Ctrl Pts',(0.23745260119365,0.0157849422108681,-0.0356611110226332));
#1230=CARTESIAN_POINT('Ctrl Pts',(0.238102415115437,0.0180554816430945,
-0.0344009227789439));
#1231=CARTESIAN_POINT('Ctrl Pts',(0.239403317732071,0.0222943336354053,
-0.0314569673952061));
#1232=CARTESIAN_POINT('Ctrl Pts',(0.240052735217507,0.0242539765989252,
-0.02978276428922));
#1233=CARTESIAN_POINT('Ctrl Pts',(0.241358446352271,0.027786707756845,-0.0260852996646198));
#1234=CARTESIAN_POINT('Ctrl Pts',(0.242010890945431,0.0293530790643209,
-0.0240769778260784));
#1235=CARTESIAN_POINT('Ctrl Pts',(0.24331441965166,0.0320422444384848,-0.0198030906742027));
#1236=CARTESIAN_POINT('Ctrl Pts',(0.243962770292301,0.0331628789988626,
-0.0175516766153971));
#1237=CARTESIAN_POINT('Ctrl Pts',(0.245268836186942,0.0349279272407496,
-0.0128736045221681));
#1238=CARTESIAN_POINT('Ctrl Pts',(0.245923079734443,0.0355703006594809,
-0.0104615353988339));
#1239=CARTESIAN_POINT('Ctrl Pts',(0.247229412434945,0.036351831741932,-0.00558693713075928));
#1240=CARTESIAN_POINT('Ctrl Pts',(0.247877119269802,0.0364975221405866,
-0.00313797503145922));
#1241=CARTESIAN_POINT('Ctrl Pts',(0.249183523021824,0.0362945560362888,
0.00174301337169105));
#1242=CARTESIAN_POINT('Ctrl Pts',(0.249838883032221,0.0359480017932364,
0.00416147041574647));
#1243=CARTESIAN_POINT('Ctrl Pts',(0.25179263671553,0.0342079979288977,0.0111503618403153));
#1244=CARTESIAN_POINT('Ctrl Pts',(0.253082342893306,0.0321473394362313,
0.0155006608141614));
#1245=CARTESIAN_POINT('Ctrl Pts',(0.255695055811602,0.0264927974966505,
0.0230025747575284));
#1246=CARTESIAN_POINT('Ctrl Pts',(0.256981709033208,0.0229951307404786,
0.0261147790020874));
#1247=CARTESIAN_POINT('Ctrl Pts',(0.259589769749449,0.0150780400145628,
0.0306915947517129));
#1248=CARTESIAN_POINT('Ctrl Pts',(0.260877579186104,0.0107553672629326,
0.0321542086207501));
#1249=CARTESIAN_POINT('Ctrl Pts',(0.26219722434884,0.00627937133993051,
0.0327090565312882));
#1250=CARTESIAN_POINT('Origin',(0.26219722434884,0.,0.));
#1251=CARTESIAN_POINT('',(0.16822075449237,1.07409172913911E-9,-0.0545976501402556));
#1252=CARTESIAN_POINT('',(0.200689755275258,-2.15032538391306E-17,-0.0472414760415155));
#1253=CARTESIAN_POINT('',(0.26219722434884,-4.07885136919643E-18,-0.0333063489982278));
#1254=CARTESIAN_POINT('',(0.187395571750454,0.0502534051477723,0.));
#1255=CARTESIAN_POINT('Ctrl Pts',(0.168220754260804,1.12943049556808E-9,
-0.0545976501927191));
#1256=CARTESIAN_POINT('Ctrl Pts',(0.168973668931849,0.00331238632273387,
-0.0544270698393673));
#1257=CARTESIAN_POINT('Ctrl Pts',(0.169729016125395,0.00660416433866845,
-0.0539545129551499));
#1258=CARTESIAN_POINT('Ctrl Pts',(0.171962272539951,0.0162451935801157,
-0.0516572621713443));
#1259=CARTESIAN_POINT('Ctrl Pts',(0.173536333741601,0.0230251809075888,
-0.0488180373769883));
#1260=CARTESIAN_POINT('Ctrl Pts',(0.176207204091703,0.032185342363319,-0.0419878526281662));
#1261=CARTESIAN_POINT('Ctrl Pts',(0.177033044119384,0.0347821952579337,
-0.0396151204239841));
#1262=CARTESIAN_POINT('Ctrl Pts',(0.179221998901428,0.0410406093371616,
-0.0326335184188926));
#1263=CARTESIAN_POINT('Ctrl Pts',(0.180751230473466,0.0449223861770911,
-0.0268492634656676));
#1264=CARTESIAN_POINT('Ctrl Pts',(0.184213994414884,0.0496616434088575,
-0.0132652530652628));
#1265=CARTESIAN_POINT('Ctrl Pts',(0.185837789833504,0.0506063360884427,
-0.00663264802178025));
#1266=CARTESIAN_POINT('Ctrl Pts',(0.187395571750453,0.0502534051477725,
-4.45701000166324E-15));
#1267=CARTESIAN_POINT('Ctrl Pts',(0.187395571750455,0.0502534051477721,
4.67828968915005E-15));
#1268=CARTESIAN_POINT('Ctrl Pts',(0.188503663725647,0.0500023559226528,
0.00570546326199253));
#1269=CARTESIAN_POINT('Ctrl Pts',(0.189607104157034,0.0487816224774114,
0.0113207143860907));
#1270=CARTESIAN_POINT('Ctrl Pts',(0.191841281022558,0.0445107856304042,
0.0218040147543822));
#1271=CARTESIAN_POINT('Ctrl Pts',(0.192944422561133,0.0415202304252316,
0.026611494545878));
#1272=CARTESIAN_POINT('Ctrl Pts',(0.194716220999685,0.0356214367926648,
0.0332118443119731));
#1273=CARTESIAN_POINT('Ctrl Pts',(0.195366948875269,0.0332309844400796,
0.0354017716575386));
#1274=CARTESIAN_POINT('Ctrl Pts',(0.19665847547352,0.0281020607143109,0.0392323315660423));
#1275=CARTESIAN_POINT('Ctrl Pts',(0.19729696254912,0.0253842817868022,0.0408732351163838));
#1276=CARTESIAN_POINT('Ctrl Pts',(0.198585968544191,0.0196674652800052,
0.0435911906908228));
#1277=CARTESIAN_POINT('Ctrl Pts',(0.199233186016467,0.0166848800100601,
0.0446613246889689));
#1278=CARTESIAN_POINT('Ctrl Pts',(0.200526131226403,0.0105890781832861,
0.0461828258063062));
#1279=CARTESIAN_POINT('Ctrl Pts',(0.201167292085591,0.00749197424197929,
0.046638413714423));
#1280=CARTESIAN_POINT('Ctrl Pts',(0.202455541300306,0.00128315137331053,
0.0469256988491006));
#1281=CARTESIAN_POINT('Ctrl Pts',(0.203099512171263,-0.00181172065301212,
0.0467624637925077));
#1282=CARTESIAN_POINT('Ctrl Pts',(0.204393908964726,-0.00790936645300173,
0.0458264030301837));
#1283=CARTESIAN_POINT('Ctrl Pts',(0.205039327714379,-0.010900734917748,
0.045058291791992));
#1284=CARTESIAN_POINT('Ctrl Pts',(0.206982042112101,-0.0195408672813744,
0.0418888694747704));
#1285=CARTESIAN_POINT('Ctrl Pts',(0.20827841126344,-0.0248008337964547,
0.0386574552893611));
#1286=CARTESIAN_POINT('Ctrl Pts',(0.210886185535197,-0.0336484048373205,
0.030375456636605));
#1287=CARTESIAN_POINT('Ctrl Pts',(0.212183043648737,-0.0371627003329794,
0.0254419592263016));
#1288=CARTESIAN_POINT('Ctrl Pts',(0.214791115842482,-0.0419773336152193,
0.0145800282217733));
#1289=CARTESIAN_POINT('Ctrl Pts',(0.216085214901147,-0.0432608900709631,
0.00878973843256195));
#1290=CARTESIAN_POINT('Ctrl Pts',(0.218042326233454,-0.0434041577217952,
5.79579548118179E-5));
#1291=CARTESIAN_POINT('Ctrl Pts',(0.21868357821476,-0.0431685088137174,
-0.00279850469534533));
#1292=CARTESIAN_POINT('Ctrl Pts',(0.219979930304227,-0.0421322239995572,
-0.00842467710486407));
#1293=CARTESIAN_POINT('Ctrl Pts',(0.220631695412015,-0.0413339672486405,
-0.011178289600682));
#1294=CARTESIAN_POINT('Ctrl Pts',(0.221930422459738,-0.0392155800017386,
-0.0164394982374562));
#1295=CARTESIAN_POINT('Ctrl Pts',(0.222573333881807,-0.0379107340875064,
-0.0189352793349064));
#1296=CARTESIAN_POINT('Ctrl Pts',(0.223870710082885,-0.0348262757530745,
-0.0236239588353477));
#1297=CARTESIAN_POINT('Ctrl Pts',(0.224521708356329,-0.0330566698716141,
-0.0258039216309305));
#1298=CARTESIAN_POINT('Ctrl Pts',(0.226462491525835,-0.0272099707697777,
-0.0316834330750445));
#1299=CARTESIAN_POINT('Ctrl Pts',(0.227741953077511,-0.0226065550285828,
-0.0347739185899368));
#1300=CARTESIAN_POINT('Ctrl Pts',(0.23033831710989,-0.01256482618083,-0.0388980663434198));
#1301=CARTESIAN_POINT('Ctrl Pts',(0.231617042293775,-0.00724105080219451,
-0.0399387335831819));
#1302=CARTESIAN_POINT('Ctrl Pts',(0.233081417509724,-0.00124875249295983,
-0.0398881742266171));
#1303=CARTESIAN_POINT('Ctrl Pts',(0.233234424042311,-0.000623717726746985,
-0.0398681586106184));
#1304=CARTESIAN_POINT('Ctrl Pts',(0.233387487473024,-4.84463649713303E-15,
-0.0398334805725721));
#1305=CARTESIAN_POINT('',(0.26219722434884,-0.0244141500587062,-0.0226552899010966));
#1306=CARTESIAN_POINT('Origin',(0.26219722434884,0.,0.));
#1307=CARTESIAN_POINT('Ctrl Pts',(0.262197224348839,-0.0244141500587086,
-0.0226552899010944));
#1308=CARTESIAN_POINT('Ctrl Pts',(0.261132475231471,-0.0267311780233502,
-0.0205130178010638));
#1309=CARTESIAN_POINT('Ctrl Pts',(0.260083432555437,-0.0287321988380318,
-0.0180519103045607));
#1310=CARTESIAN_POINT('Ctrl Pts',(0.257977508193955,-0.0320298116047379,
-0.0125823719005203));
#1311=CARTESIAN_POINT('Ctrl Pts',(0.256927682596328,-0.0332945005104397,
-0.00959680995221969));
#1312=CARTESIAN_POINT('Ctrl Pts',(0.25517443254254,-0.0346921639982557,
-0.00436453986365272));
#1313=CARTESIAN_POINT('Ctrl Pts',(0.254474121101778,-0.0350550738295275,
-0.00220076268496428));
#1314=CARTESIAN_POINT('Ctrl Pts',(0.252235466264565,-0.0355655251072899,
0.00480531998707398));
#1315=CARTESIAN_POINT('Ctrl Pts',(0.250725770803354,-0.0349214597076067,
0.00965251438954771));
#1316=CARTESIAN_POINT('Ctrl Pts',(0.247686443505731,-0.0317064579015363,
0.0189284081532212));
#1317=CARTESIAN_POINT('Ctrl Pts',(0.246180064694414,-0.0291367797418228,
0.0232371759941458));
#1318=CARTESIAN_POINT('Ctrl Pts',(0.24314855720114,-0.0223569176733903,
0.03068116249978));
#1319=CARTESIAN_POINT('Ctrl Pts',(0.241644996879022,-0.0181925116593261,
0.0337070691165174));
#1320=CARTESIAN_POINT('Ctrl Pts',(0.239382352271029,-0.0111697028612502,
0.0369103640007856));
#1321=CARTESIAN_POINT('Ctrl Pts',(0.238623951363347,-0.00868679289370349,
0.0377484137722945));
#1322=CARTESIAN_POINT('Ctrl Pts',(0.237108479825642,-0.00358650435707505,
0.0389128998267031));
#1323=CARTESIAN_POINT('Ctrl Pts',(0.236355018642679,-0.000980796571863112,
0.0392361912691596));
#1324=CARTESIAN_POINT('Ctrl Pts',(0.234842244217741,0.00431311922975861,
0.0393582619981304));
#1325=CARTESIAN_POINT('Ctrl Pts',(0.234086345778143,0.00698756912226176,
0.0391462003981401));
#1326=CARTESIAN_POINT('Ctrl Pts',(0.232572980611891,0.0122658113382488,
0.0381862483547749));
#1327=CARTESIAN_POINT('Ctrl Pts',(0.231818895304407,0.0148574971665355,
0.0374381026239784));
#1328=CARTESIAN_POINT('Ctrl Pts',(0.230306843444905,0.01989316086734,0.0354190119600457));
#1329=CARTESIAN_POINT('Ctrl Pts',(0.229553709307934,0.0223218142427852,
0.0341445297514932));
#1330=CARTESIAN_POINT('Ctrl Pts',(0.228042691509186,0.0269087191556516,
0.0311152484957671));
#1331=CARTESIAN_POINT('Ctrl Pts',(0.227287957287253,0.0290543363324102,
0.0293625923126538));
#1332=CARTESIAN_POINT('Ctrl Pts',(0.225776551980039,0.0329841466912147,
0.0254336727954846));
#1333=CARTESIAN_POINT('Ctrl Pts',(0.225025903751728,0.0347537455423706,
0.0232630795415214));
#1334=CARTESIAN_POINT('Ctrl Pts',(0.222756854769276,0.0394203301375781,
0.0162006494960598));
#1335=CARTESIAN_POINT('Ctrl Pts',(0.22126376741691,0.041556229834366,0.0108827569624696));
#1336=CARTESIAN_POINT('Ctrl Pts',(0.218259110076451,0.0436438910568315,
-0.000410871621623238));
#1337=CARTESIAN_POINT('Ctrl Pts',(0.216768071005074,0.0435348143496723,
-0.00626640891696451));
#1338=CARTESIAN_POINT('Ctrl Pts',(0.213768896668768,0.0410037185306639,
-0.017725717189921));
#1339=CARTESIAN_POINT('Ctrl Pts',(0.212279487688824,0.0385696951340397,
-0.0231970557215008));
#1340=CARTESIAN_POINT('Ctrl Pts',(0.210037340326768,0.0333787141074253,
-0.0305151996725395));
#1341=CARTESIAN_POINT('Ctrl Pts',(0.209285956453286,0.0313764625671168,
-0.0328060663600873));
#1342=CARTESIAN_POINT('Ctrl Pts',(0.20778436484828,0.026946926963922,-0.0369527416743568));
#1343=CARTESIAN_POINT('Ctrl Pts',(0.207037557570055,0.0245298773022853,
-0.0387997045318352));
#1344=CARTESIAN_POINT('Ctrl Pts',(0.205540957972646,0.0193234552694976,
-0.0420142814289782));
#1345=CARTESIAN_POINT('Ctrl Pts',(0.204794434478932,0.01654173058276,-0.0433660880571746));
#1346=CARTESIAN_POINT('Ctrl Pts',(0.203295651514236,0.0107279099863234,
-0.0455069292326692));
#1347=CARTESIAN_POINT('Ctrl Pts',(0.202546704722505,0.00770684035676042,
-0.0462865566052958));
#1348=CARTESIAN_POINT('Ctrl Pts',(0.201428858293169,0.00309540189607085,
-0.0469977625926008));
#1349=CARTESIAN_POINT('Ctrl Pts',(0.201058710857929,0.00154976249973954,
-0.0471578854955982));
#1350=CARTESIAN_POINT('Ctrl Pts',(0.200689755275258,-3.72211371208296E-17,
-0.0472414760415155));
#1351=CARTESIAN_POINT('Origin',(-0.3125,0.,0.));
#1352=CARTESIAN_POINT('',(0.101119718007234,-4.88998230868359E-15,-0.05535));
#1353=CARTESIAN_POINT('',(0.128680281992763,-2.89550287352972E-16,-0.05535));
#1354=CARTESIAN_POINT('',(-0.3125,-6.7784200332806E-18,-0.05535));
#1355=CARTESIAN_POINT('',(0.1649,-0.0148106955241388,-0.0533316584974746));
#1356=CARTESIAN_POINT('Ctrl Pts',(0.101119718007234,-9.74586771739726E-15,
-0.05535));
#1357=CARTESIAN_POINT('Ctrl Pts',(0.102310506721834,0.00611020743178809,
-0.0553500000000011));
#1358=CARTESIAN_POINT('Ctrl Pts',(0.103482607476583,0.0121818150338428,
-0.0543377940184915));
#1359=CARTESIAN_POINT('Ctrl Pts',(0.106009194979082,0.0250090321742007,
-0.0499364283367329));
#1360=CARTESIAN_POINT('Ctrl Pts',(0.107467649521337,0.0314891572608199,
-0.0461235897610183));
#1361=CARTESIAN_POINT('Ctrl Pts',(0.110318528579393,0.0424237953774867,
-0.036286323418637));
#1362=CARTESIAN_POINT('Ctrl Pts',(0.111636189121829,0.0468162221233082,
-0.0304093056141208));
#1363=CARTESIAN_POINT('Ctrl Pts',(0.114458152983109,0.0531093064869698,
-0.0172287348819788));
#1364=CARTESIAN_POINT('Ctrl Pts',(0.115899182755632,0.0549240482446905,
-0.0100436044590732));
#1365=CARTESIAN_POINT('Ctrl Pts',(0.118668653280604,0.0556451772160964,
0.00466418747241785));
#1366=CARTESIAN_POINT('Ctrl Pts',(0.120068029473825,0.054527390386737,0.012042856857027));
#1367=CARTESIAN_POINT('Ctrl Pts',(0.122921895246625,0.0495009153167297,
0.0258070940099513));
#1368=CARTESIAN_POINT('Ctrl Pts',(0.124255926069811,0.0456928197791275,
0.0320706966712407));
#1369=CARTESIAN_POINT('Ctrl Pts',(0.127053129299908,0.0357913838896617,
0.0428614665088015));
#1370=CARTESIAN_POINT('Ctrl Pts',(0.128506287288157,0.0297616518489346,
0.0472479802575874));
#1371=CARTESIAN_POINT('Ctrl Pts',(0.131315751233074,0.0163917688419233,
0.0533718753509877));
#1372=CARTESIAN_POINT('Ctrl Pts',(0.132660774724193,0.00919657850881969,
0.0550695189650084));
#1373=CARTESIAN_POINT('Ctrl Pts',(0.135505394304009,-0.00539981082887877,
0.0555653581573732));
#1374=CARTESIAN_POINT('Ctrl Pts',(0.136886115830617,-0.0126526111291651,
0.054373177804543));
#1375=CARTESIAN_POINT('Ctrl Pts',(0.139648463594165,-0.0264168169672491,
0.0492033347232073));
#1376=CARTESIAN_POINT('Ctrl Pts',(0.141106820400044,-0.0327715632372462,
0.0452187802266893));
#1377=CARTESIAN_POINT('Ctrl Pts',(0.143947323980306,-0.0434247020422592,
0.0350846388052364));
#1378=CARTESIAN_POINT('Ctrl Pts',(0.14526693773321,-0.0476562653570986,
0.0290776100682054));
#1379=CARTESIAN_POINT('Ctrl Pts',(0.148096341578229,-0.0535686451216046,
0.0157332000319091));
#1380=CARTESIAN_POINT('Ctrl Pts',(0.149530379495757,-0.0551787225759194,
0.00851929324192866));
#1381=CARTESIAN_POINT('Ctrl Pts',(0.15228058406412,-0.0554973351467584,
-0.00621533874315711));
#1382=CARTESIAN_POINT('Ctrl Pts',(0.153710749544284,-0.0541666407792523,
-0.0135948738544832));
#1383=CARTESIAN_POINT('Ctrl Pts',(0.156568072410538,-0.0487254645202873,
-0.0272430184501829));
#1384=CARTESIAN_POINT('Ctrl Pts',(0.157891464849141,-0.0447362605752997,
-0.0333922884377831));
#1385=CARTESIAN_POINT('Ctrl Pts',(0.16022907621152,-0.0362482236893,-0.0421163060553863));
#1386=CARTESIAN_POINT('Ctrl Pts',(0.161189051011124,-0.032373018660248,
-0.0451628984338108));
#1387=CARTESIAN_POINT('Ctrl Pts',(0.163083099845777,-0.0239670382176172,
-0.0501276603748942));
#1388=CARTESIAN_POINT('Ctrl Pts',(0.163989268820298,-0.0194838641176614,
-0.0520338762960322));
#1389=CARTESIAN_POINT('Ctrl Pts',(0.164900000000008,-0.0148106955240979,
-0.0533316584974859));
#1390=CARTESIAN_POINT('',(0.1649,0.00198985648901015,0.0553142203339534));
#1391=CARTESIAN_POINT('Origin',(0.1649,0.,0.));
#1392=CARTESIAN_POINT('',(0.14534694865943,0.05535,0.));
#1393=CARTESIAN_POINT('Ctrl Pts',(0.14534694865943,0.05535,8.05348125201994E-18));
#1394=CARTESIAN_POINT('Ctrl Pts',(0.146158800015255,0.05535,0.00352783513855308));
#1395=CARTESIAN_POINT('Ctrl Pts',(0.146971353681264,0.0550127229956022,
0.00704756868347416));
#1396=CARTESIAN_POINT('Ctrl Pts',(0.14860240260555,0.0536674490407484,0.0140026334662736));
#1397=CARTESIAN_POINT('Ctrl Pts',(0.149417127836728,0.0526571834761591,
0.0174210221756802));
#1398=CARTESIAN_POINT('Ctrl Pts',(0.151865292989793,0.0486693527545279,
0.0272998643944628));
#1399=CARTESIAN_POINT('Ctrl Pts',(0.153489931915849,0.0447717379386807,
0.0333088802091921));
#1400=CARTESIAN_POINT('Ctrl Pts',(0.156751628496291,0.0349161789295696,
0.0435307315314141));
#1401=CARTESIAN_POINT('Ctrl Pts',(0.158377142575813,0.0290483553331111,
0.0476472005306604));
#1402=CARTESIAN_POINT('Ctrl Pts',(0.160827325512712,0.0193133882334602,
0.0519930853623392));
#1403=CARTESIAN_POINT('Ctrl Pts',(0.161641990516129,0.01593154712627,0.0531269318828205));
#1404=CARTESIAN_POINT('Ctrl Pts',(0.163275298486407,0.0090251809368739,
0.0547232073596596));
#1405=CARTESIAN_POINT('Ctrl Pts',(0.164087924650331,0.00551750745493793,
0.0551873422058667));
#1406=CARTESIAN_POINT('Ctrl Pts',(0.164900088266847,0.00198947305837485,
0.0553142341260367));
#1407=CARTESIAN_POINT('Ctrl Pts',(0.14534694865943,0.05535,-1.36592399683213E-18));
#1408=CARTESIAN_POINT('Ctrl Pts',(0.143978035673123,0.05535,-0.00738568467584626));
#1409=CARTESIAN_POINT('Ctrl Pts',(0.142535005325892,0.0538718601058195,
-0.0146909773578338));
#1410=CARTESIAN_POINT('Ctrl Pts',(0.139687570892245,0.0481796064004879,
-0.0282041909689868));
#1411=CARTESIAN_POINT('Ctrl Pts',(0.138364016624135,0.0440525906790948,
-0.0342948946875146));
#1412=CARTESIAN_POINT('Ctrl Pts',(0.135530977500248,0.0335835658130251,
-0.0446172842549542));
#1413=CARTESIAN_POINT('Ctrl Pts',(0.134073329450366,0.0273120541350501,
-0.0487102140657026));
#1414=CARTESIAN_POINT('Ctrl Pts',(0.131353003517678,0.0139199296784794,
-0.054025342520315));
#1415=CARTESIAN_POINT('Ctrl Pts',(0.130042614118597,0.00699043564806213,
-0.0553500000000001));
#1416=CARTESIAN_POINT('Ctrl Pts',(0.128680281992763,-5.6071180069959E-16,
-0.05535));
#1417=CARTESIAN_POINT('Origin',(-0.3125,0.,0.));
#1418=CARTESIAN_POINT('',(0.0344530513405693,-2.080474097625E-17,-0.05535));
#1419=CARTESIAN_POINT('',(0.0620136153260955,-1.17808384729227E-15,-0.05535));
#1420=CARTESIAN_POINT('',(-0.3125,-6.7784200332806E-18,-0.05535));
#1421=CARTESIAN_POINT('Ctrl Pts',(0.0344530513405694,-1.36592399683213E-18,
-0.05535));
#1422=CARTESIAN_POINT('Ctrl Pts',(0.035461317727925,0.00517364390317173,
-0.05535));
#1423=CARTESIAN_POINT('Ctrl Pts',(0.0364671828967706,0.010334966608631,
-0.0546245869255369));
#1424=CARTESIAN_POINT('Ctrl Pts',(0.0388036395890875,0.0223238567202341,
-0.0511686538593506));
#1425=CARTESIAN_POINT('Ctrl Pts',(0.0401952164598153,0.0288583964706865,
-0.0477908565150865));
#1426=CARTESIAN_POINT('Ctrl Pts',(0.0430381412535624,0.0402663591870943,
-0.0386745044533957));
#1427=CARTESIAN_POINT('Ctrl Pts',(0.0443767162510895,0.0450176090794387,
-0.0330232631174077));
#1428=CARTESIAN_POINT('Ctrl Pts',(0.0471921467530479,0.0520865723020686,
-0.0201300400868137));
#1429=CARTESIAN_POINT('Ctrl Pts',(0.0486466942393649,0.0543061362540805,
-0.0130035123612203));
#1430=CARTESIAN_POINT('Ctrl Pts',(0.0514386389039684,0.0558022923696457,
0.00157371252180092));
#1431=CARTESIAN_POINT('Ctrl Pts',(0.0527785315918321,0.0551147053373239,
0.00887333105553948));
#1432=CARTESIAN_POINT('Ctrl Pts',(0.0556309122055906,0.050926926017549,
0.0229020641108269));
#1433=CARTESIAN_POINT('Ctrl Pts',(0.0570190779701768,0.0474245999638315,
0.0294767376239744));
#1434=CARTESIAN_POINT('Ctrl Pts',(0.0597959689960727,0.0380708795996822,
0.0408440524364653));
#1435=CARTESIAN_POINT('Ctrl Pts',(0.0612395297026891,0.0323196330425239,
0.0455300865555347));
#1436=CARTESIAN_POINT('Ctrl Pts',(0.0640579868081305,0.0193963315702232,
0.0523471565783664));
#1437=CARTESIAN_POINT('Ctrl Pts',(0.0653763053525348,0.0123666645477084,
0.0544379691032012));
#1438=CARTESIAN_POINT('Ctrl Pts',(0.0682044419408573,-0.00214514681583822,
0.0557891250121221));
#1439=CARTESIAN_POINT('Ctrl Pts',(0.0696357232960003,-0.00948937662417068,
0.055019359897678));
#1440=CARTESIAN_POINT('Ctrl Pts',(0.0723786954572024,-0.0235641899635215,
0.0506308324068443));
#1441=CARTESIAN_POINT('Ctrl Pts',(0.0738209456652352,-0.0301475904268358,
0.0470127324838992));
#1442=CARTESIAN_POINT('Ctrl Pts',(0.0766794288074091,-0.0413606366843036,
0.0374922802047515));
#1443=CARTESIAN_POINT('Ctrl Pts',(0.0780003331638335,-0.0459170493638419,
0.031749344436576));
#1444=CARTESIAN_POINT('Ctrl Pts',(0.0808130316528038,-0.0525963721696896,
0.0187442595667265));
#1445=CARTESIAN_POINT('Ctrl Pts',(0.0822600153685794,-0.0546199696104418,
0.0115948672091561));
#1446=CARTESIAN_POINT('Ctrl Pts',(0.0850475035736329,-0.0557518139151209,
-0.00307668585821233));
#1447=CARTESIAN_POINT('Ctrl Pts',(0.0864204269972596,-0.054850001089658,
-0.0104521057738468));
#1448=CARTESIAN_POINT('Ctrl Pts',(0.0892705213039819,-0.0502430232291513,
-0.0243322976735711));
#1449=CARTESIAN_POINT('Ctrl Pts',(0.0906207649022173,-0.0466186053679409,
-0.0307100451191313));
#1450=CARTESIAN_POINT('Ctrl Pts',(0.0934043527914109,-0.037024265375069,
-0.0418046374685455));
#1451=CARTESIAN_POINT('Ctrl Pts',(0.0948605837432853,-0.031108580774267,
-0.0463749503023788));
#1452=CARTESIAN_POINT('Ctrl Pts',(0.0976843791915972,-0.0179211942926363,
-0.0528751409722731));
#1453=CARTESIAN_POINT('Ctrl Pts',(0.0990149744872879,-0.0107999171808986,
-0.0547748638864304));
#1454=CARTESIAN_POINT('Ctrl Pts',(0.100663252862024,-0.00234222636513416,
-0.0553128805944328));
#1455=CARTESIAN_POINT('Ctrl Pts',(0.100891630933791,-0.00117036659331451,
-0.0553499999999998));
#1456=CARTESIAN_POINT('Ctrl Pts',(0.101119718007234,-9.74914902748194E-15,
-0.05535));
#1457=CARTESIAN_POINT('Ctrl Pts',(0.128680281992763,-5.69608243621354E-16,
-0.05535));
#1458=CARTESIAN_POINT('Ctrl Pts',(0.128626209059971,-0.000277460503070032,
-0.05535));
#1459=CARTESIAN_POINT('Ctrl Pts',(0.12857211510276,-0.000555028887211921,
-0.0553479137137996));
#1460=CARTESIAN_POINT('Ctrl Pts',(0.127088161441024,-0.0081695322673841,
-0.0552333484212542));
#1461=CARTESIAN_POINT('Ctrl Pts',(0.125731201203819,-0.0154111369237769,
-0.0536652617496167));
#1462=CARTESIAN_POINT('Ctrl Pts',(0.122931703529858,-0.028892964173969,
-0.0477824478931617));
#1463=CARTESIAN_POINT('Ctrl Pts',(0.121481167167207,-0.0349920686903511,
-0.0435143033413456));
#1464=CARTESIAN_POINT('Ctrl Pts',(0.118676257347037,-0.0450849682907286,
-0.0329197839727118));
#1465=CARTESIAN_POINT('Ctrl Pts',(0.117349660752816,-0.0490090815600026,
-0.0267292315395687));
#1466=CARTESIAN_POINT('Ctrl Pts',(0.114493547094111,-0.0543010859080801,
-0.0130391420791758));
#1467=CARTESIAN_POINT('Ctrl Pts',(0.113074973379275,-0.0555552797141003,
-0.00565963671980523));
#1468=CARTESIAN_POINT('Ctrl Pts',(0.110317674650282,-0.0550923111278486,
0.00906636621754705));
#1469=CARTESIAN_POINT('Ctrl Pts',(0.108880998508184,-0.0534088453999788,
0.0162706617027217));
#1470=CARTESIAN_POINT('Ctrl Pts',(0.106054082551243,-0.0473596932878202,
0.0295572088278305));
#1471=CARTESIAN_POINT('Ctrl Pts',(0.104735742705051,-0.0430703979077819,
0.0355177843516527));
#1472=CARTESIAN_POINT('Ctrl Pts',(0.101891364154195,-0.0323160129877373,
0.0455464000339749));
#1473=CARTESIAN_POINT('Ctrl Pts',(0.100432832182745,-0.0259158928381994,
0.0494700318973239));
#1474=CARTESIAN_POINT('Ctrl Pts',(0.0976765686423783,-0.0120897621448814,
0.0545015288881972));
#1475=CARTESIAN_POINT('Ctrl Pts',(0.0962862946859513,-0.00481999787360668,
0.0556194885436484));
#1476=CARTESIAN_POINT('Ctrl Pts',(0.0934431713623344,0.00976871383359733,
0.0549698454387998));
#1477=CARTESIAN_POINT('Ctrl Pts',(0.0921038907266586,0.0169377270902033,
0.0532000814393547));
#1478=CARTESIAN_POINT('Ctrl Pts',(0.0892891403814833,0.0302435847093513,
0.0469419139270754));
#1479=CARTESIAN_POINT('Ctrl Pts',(0.0878347439445893,0.0362334234739463,
0.0424896804284959));
#1480=CARTESIAN_POINT('Ctrl Pts',(0.0850421723992178,0.0460264523274105,
0.0315901346262768));
#1481=CARTESIAN_POINT('Ctrl Pts',(0.0837030074467687,0.0497693808659805,
0.0252858151560234));
#1482=CARTESIAN_POINT('Ctrl Pts',(0.0808504517644886,0.054646902838368,
0.0114802485281851));
#1483=CARTESIAN_POINT('Ctrl Pts',(0.0794610206759045,0.0556880587194076,
0.00410247088813739));
#1484=CARTESIAN_POINT('Ctrl Pts',(0.0766849811034703,0.0548214755257343,
-0.0105935020279434));
#1485=CARTESIAN_POINT('Ctrl Pts',(0.0752417055632325,0.0529327628596176,
-0.0177667144173483));
#1486=CARTESIAN_POINT('Ctrl Pts',(0.0724228254057322,0.0465026303656681,
-0.0308861180316657));
#1487=CARTESIAN_POINT('Ctrl Pts',(0.0711046277411138,0.0420521234131958,
-0.0367158134384768));
#1488=CARTESIAN_POINT('Ctrl Pts',(0.0682503314936502,0.0310163852302823,
-0.0464437587384057));
#1489=CARTESIAN_POINT('Ctrl Pts',(0.0667921443479113,0.0244918436244202,
-0.0501931289112826));
#1490=CARTESIAN_POINT('Ctrl Pts',(0.0643086455878525,0.0117973761662717,
-0.0544010542549009));
#1491=CARTESIAN_POINT('Ctrl Pts',(0.0631666749665515,0.00591661098063742,
-0.0553500000000002));
#1492=CARTESIAN_POINT('Ctrl Pts',(0.0620136153260955,-2.32343671861146E-15,
-0.05535));
#1493=CARTESIAN_POINT('Origin',(-0.3125,0.,0.));
#1494=CARTESIAN_POINT('',(-0.00465305134057103,1.36848399437613E-17,-0.05535));
#1495=CARTESIAN_POINT('',(-0.3125,-6.7784200332806E-18,-0.05535));
#1496=CARTESIAN_POINT('Ctrl Pts',(-0.0312797267715504,0.00479199434501311,
-0.0551421734264924));
#1497=CARTESIAN_POINT('Ctrl Pts',(-0.0303348123753035,0.00964056478876547,
-0.054720820391164));
#1498=CARTESIAN_POINT('Ctrl Pts',(-0.0294225527655946,0.0144069835109532,
-0.053662625165277));
#1499=CARTESIAN_POINT('Ctrl Pts',(-0.0275948236690668,0.0235702907592053,
-0.050319189883778));
#1500=CARTESIAN_POINT('Ctrl Pts',(-0.026647590755073,0.0279223481160292,
-0.0480401620965552));
#1501=CARTESIAN_POINT('Ctrl Pts',(-0.0242596343576239,0.0379342720377012,
-0.040974094712734));
#1502=CARTESIAN_POINT('Ctrl Pts',(-0.0228805534811971,0.0430433303464422,
-0.0355682568040579));
#1503=CARTESIAN_POINT('Ctrl Pts',(-0.0200974284281652,0.0508405074768646,
-0.0230859421309803));
#1504=CARTESIAN_POINT('Ctrl Pts',(-0.0186518245782702,0.053453671539989,
-0.0161355563599938));
#1505=CARTESIAN_POINT('Ctrl Pts',(-0.0158366402131095,0.0557986860665647,
-0.0017087573338441));
#1506=CARTESIAN_POINT('Ctrl Pts',(-0.0145170522171323,0.0555411821997508,
0.00561871044090196));
#1507=CARTESIAN_POINT('Ctrl Pts',(-0.0116577903162536,0.05216601289051,
0.0199486030442615));
#1508=CARTESIAN_POINT('Ctrl Pts',(-0.0102068343081916,0.0490093914539036,
0.0267759331459063));
#1509=CARTESIAN_POINT('Ctrl Pts',(-0.00746898348520744,0.0402794932682718,
0.038661053724969));
#1510=CARTESIAN_POINT('Ctrl Pts',(-0.0060396913322705,0.034827702284612,
0.0436346919592083));
#1511=CARTESIAN_POINT('Ctrl Pts',(-0.00320657172878543,0.0223310700419394,
0.0511670219596675));
#1512=CARTESIAN_POINT('Ctrl Pts',(-0.00188338089481183,0.0154095827452393,
0.053659152454387));
#1513=CARTESIAN_POINT('Ctrl Pts',(0.00095023103563164,0.00086967615731699,
0.0558373811852737));
#1514=CARTESIAN_POINT('Ctrl Pts',(0.00240794871486174,-0.00661020443601866,
0.0554522498648101));
#1515=CARTESIAN_POINT('Ctrl Pts',(0.00517992682056601,-0.0208338538665171,
0.0517920308861044));
#1516=CARTESIAN_POINT('Ctrl Pts',(0.00654620860132674,-0.0274515192551216,
0.0486102206092016));
#1517=CARTESIAN_POINT('Ctrl Pts',(0.00939325734388422,-0.0391291676186816,
0.0398290578919937));
#1518=CARTESIAN_POINT('Ctrl Pts',(0.0107492670861723,-0.0440576881380816,
0.0342982065593483));
#1519=CARTESIAN_POINT('Ctrl Pts',(0.0135495204711201,-0.0514898688856987,
0.0216048850278905));
#1520=CARTESIAN_POINT('Ctrl Pts',(0.0150002669407063,-0.0539061992003882,
0.014562798162559));
#1521=CARTESIAN_POINT('Ctrl Pts',(0.0178046351753095,-0.0558243895687693,
5.56717384482549E-5));
#1522=CARTESIAN_POINT('Ctrl Pts',(0.0191317023034293,-0.0553502995699747,
-0.00725847818283776));
#1523=CARTESIAN_POINT('Ctrl Pts',(0.0219876549827418,-0.051565805106305,
-0.021437518766187));
#1524=CARTESIAN_POINT('Ctrl Pts',(0.0234047563237832,-0.0482348271988592,
-0.028138957768177));
#1525=CARTESIAN_POINT('Ctrl Pts',(0.0261629685794571,-0.0391899717467718,
-0.0397683273847902));
#1526=CARTESIAN_POINT('Ctrl Pts',(0.0275999793632997,-0.0335864400121855,
-0.0446004942276851));
#1527=CARTESIAN_POINT('Ctrl Pts',(0.030426554358419,-0.0208729627704818,
-0.0517772297981187));
#1528=CARTESIAN_POINT('Ctrl Pts',(0.0317447754925369,-0.0138967786737669,
-0.0540688801647874));
#1529=CARTESIAN_POINT('Ctrl Pts',(0.0335848353622945,-0.00445501343590239,
-0.0552156751900431));
#1530=CARTESIAN_POINT('Ctrl Pts',(0.0340191656832897,-0.00222636588267696,
-0.05535));
#1531=CARTESIAN_POINT('Ctrl Pts',(0.0344530513405693,3.53254688594784E-18,
-0.05535));
#1532=CARTESIAN_POINT('Ctrl Pts',(0.0620136153260955,-2.33159481677139E-15,
-0.05535));
#1533=CARTESIAN_POINT('Ctrl Pts',(0.0617467476146532,-0.00136935885751411,
-0.0553499999999999));
#1534=CARTESIAN_POINT('Ctrl Pts',(0.0614794976561614,-0.00274067911148027,
-0.0552991849998937));
#1535=CARTESIAN_POINT('Ctrl Pts',(0.0597947694400083,-0.0113854023446536,
-0.0546553109467375));
#1536=CARTESIAN_POINT('Ctrl Pts',(0.0584681383369645,-0.018479269944308,
-0.0526817858245222));
#1537=CARTESIAN_POINT('Ctrl Pts',(0.0556492616572114,-0.0315522618407471,
-0.0460670842099523));
#1538=CARTESIAN_POINT('Ctrl Pts',(0.0542023530636408,-0.0373896472291184,
-0.0414703837540671));
#1539=CARTESIAN_POINT('Ctrl Pts',(0.0514151060197215,-0.046924729201963,
-0.0302622861759627));
#1540=CARTESIAN_POINT('Ctrl Pts',(0.0500418468582593,-0.0505279045816221,
-0.0237635508296351));
#1541=CARTESIAN_POINT('Ctrl Pts',(0.0471916982160837,-0.0549536696729379,
-0.00982418617637859));
#1542=CARTESIAN_POINT('Ctrl Pts',(0.0458417181905666,-0.0557671933539373,
-0.00253387153565382));
#1543=CARTESIAN_POINT('Ctrl Pts',(0.0430579280683261,-0.054520487680487,
0.0120804085756906));
#1544=CARTESIAN_POINT('Ctrl Pts',(0.0416017311753594,-0.0524181523004591,
0.0192539252030522));
#1545=CARTESIAN_POINT('Ctrl Pts',(0.0387781239770546,-0.0455648868282777,
0.0322613483419538));
#1546=CARTESIAN_POINT('Ctrl Pts',(0.037447364446003,-0.0409177990799897,
0.0379823824148914));
#1547=CARTESIAN_POINT('Ctrl Pts',(0.0346069460610991,-0.029667947233861,
0.0472944750593764));
#1548=CARTESIAN_POINT('Ctrl Pts',(0.0331982510574853,-0.0231827257156952,
0.050786202011146));
#1549=CARTESIAN_POINT('Ctrl Pts',(0.0304532556004453,-0.00909753038572413,
0.0551029003422837));
#1550=CARTESIAN_POINT('Ctrl Pts',(0.0289947940914918,-0.0016138330330858,
0.0558242314450067));
#1551=CARTESIAN_POINT('Ctrl Pts',(0.0261440485206492,0.0130139901563434,
0.0542873240762856));
#1552=CARTESIAN_POINT('Ctrl Pts',(0.0248263952146574,0.0200212311286243,
0.0521117683032417));
#1553=CARTESIAN_POINT('Ctrl Pts',(0.0220043182976087,0.0328569217396055,
0.0451425121697536));
#1554=CARTESIAN_POINT('Ctrl Pts',(0.020563376903052,0.0385463731949239,
0.0403942903687877));
#1555=CARTESIAN_POINT('Ctrl Pts',(0.0177941603390473,0.0477705772643394,
0.0289157079195257));
#1556=CARTESIAN_POINT('Ctrl Pts',(0.0163943934342472,0.0512009975957281,
0.0222874825345236));
#1557=CARTESIAN_POINT('Ctrl Pts',(0.0135404784220106,0.0552193909524811,
0.00819543411643246));
#1558=CARTESIAN_POINT('Ctrl Pts',(0.0122066295436984,0.055817308638089,
0.000889530197674725));
#1559=CARTESIAN_POINT('Ctrl Pts',(0.00940925428429336,0.0541437573540817,
-0.0136593551433795));
#1560=CARTESIAN_POINT('Ctrl Pts',(0.0079561466928976,0.0518412337202904,
-0.0207511589814595));
#1561=CARTESIAN_POINT('Ctrl Pts',(0.00514688848628747,0.044619332120058,
-0.0335613879878875));
#1562=CARTESIAN_POINT('Ctrl Pts',(0.00380163267764998,0.0397937257447517,
-0.0391623931595428));
#1563=CARTESIAN_POINT('Ctrl Pts',(0.000956956470195863,0.028272757908186,
-0.0481384964472118));
#1564=CARTESIAN_POINT('Ctrl Pts',(-0.000423413046883048,0.0217032350231876,
-0.0514344135980461));
#1565=CARTESIAN_POINT('Ctrl Pts',(-0.00272511554321721,0.0098926765870334,
-0.0546856457040964));
#1566=CARTESIAN_POINT('Ctrl Pts',(-0.00368814801044151,0.00495113820482211,
-0.05535));
#1567=CARTESIAN_POINT('Ctrl Pts',(-0.00465305134057103,1.91229359556498E-17,
-0.05535));
#1568=CARTESIAN_POINT('Origin',(0.239088054251836,1.01487461701837E-16,
0.));
#1569=CARTESIAN_POINT('',(0.263292677409251,-0.0421592695452428,0.0255136476252693));
#1570=CARTESIAN_POINT('Ctrl Pts',(0.2875,-0.0164975104908166,-0.0013534781000062));
#1571=CARTESIAN_POINT('Ctrl Pts',(0.28516968269918,-0.0197188414536552,
-0.000616761965351223));
#1572=CARTESIAN_POINT('Ctrl Pts',(0.282896119790136,-0.0228157547723162,
0.000675042414116088));
#1573=CARTESIAN_POINT('Ctrl Pts',(0.278310565692394,-0.0286963620732341,
0.00431047375244297));
#1574=CARTESIAN_POINT('Ctrl Pts',(0.276039251951979,-0.0314092226234265,
0.00667226692968829));
#1575=CARTESIAN_POINT('Ctrl Pts',(0.270457016018256,-0.0373154026084899,
0.0135808311131011));
#1576=CARTESIAN_POINT('Ctrl Pts',(0.266947962673769,-0.0403459043452656,
0.0189658348362245));
#1577=CARTESIAN_POINT('Ctrl Pts',(0.263292677409251,-0.0421592695452428,
0.0255136476252692));
#1578=CARTESIAN_POINT('',(0.26616949169046,-0.0395611734818508,-0.022250666973109));
#1579=CARTESIAN_POINT('Ctrl Pts',(0.263292677409251,-0.0421592695452428,
0.0255136476252693));
#1580=CARTESIAN_POINT('Ctrl Pts',(0.263525637338019,-0.0440632871287667,
0.0217591325202336));
#1581=CARTESIAN_POINT('Ctrl Pts',(0.263755889692941,-0.0454921795084927,
0.0177543397075523));
#1582=CARTESIAN_POINT('Ctrl Pts',(0.264227389909752,-0.0472334279016684,
0.00956653827801237));
#1583=CARTESIAN_POINT('Ctrl Pts',(0.264466391882465,-0.0475648118689093,
0.00540017849105648));
#1584=CARTESIAN_POINT('Ctrl Pts',(0.264944161510425,-0.0471410634687492,
-0.00296043846116902));
#1585=CARTESIAN_POINT('Ctrl Pts',(0.265185347547515,-0.0463659698546053,
-0.00712835144323927));
#1586=CARTESIAN_POINT('Ctrl Pts',(0.265680199317968,-0.0437080430771038,
-0.0150754766853805));
#1587=CARTESIAN_POINT('Ctrl Pts',(0.265924005923316,-0.041870364322249,
-0.0188219549413771));
#1588=CARTESIAN_POINT('Ctrl Pts',(0.26616949169046,-0.0395611734818508,
-0.022250666973109));
#1589=CARTESIAN_POINT('Ctrl Pts',(0.266169491690441,-0.0395611734819305,
-0.0222506669730184));
#1590=CARTESIAN_POINT('Ctrl Pts',(0.266732737983024,-0.0371431514144507,
-0.0249965902121018));
#1591=CARTESIAN_POINT('Ctrl Pts',(0.267306074767094,-0.0344086119134965,
-0.0274175318140979));
#1592=CARTESIAN_POINT('Ctrl Pts',(0.268457415542815,-0.0285349703725492,
-0.0314022301550327));
#1593=CARTESIAN_POINT('Ctrl Pts',(0.269028799535589,-0.0254429118158106,
-0.0329871139609797));
#1594=CARTESIAN_POINT('Ctrl Pts',(0.27047378518276,-0.0174778439590752,
-0.0358340602747076));
#1595=CARTESIAN_POINT('Ctrl Pts',(0.271356668290316,-0.0124841517422263,
-0.036607392919479));
#1596=CARTESIAN_POINT('Ctrl Pts',(0.273205452243499,-0.00257013559032159,
-0.0361047323041437));
#1597=CARTESIAN_POINT('Ctrl Pts',(0.274088975784159,0.00183981790870921,
-0.0348592829353569));
#1598=CARTESIAN_POINT('Ctrl Pts',(0.275831827317305,0.00951790313951109,
-0.0311816288210479));
#1599=CARTESIAN_POINT('Ctrl Pts',(0.276707727150526,0.0127754572007784,
-0.0286354465653758));
#1600=CARTESIAN_POINT('Ctrl Pts',(0.27841063831063,0.0177317423389028,-0.023010950356662));
#1601=CARTESIAN_POINT('Ctrl Pts',(0.279270748657055,0.0196002041229497,
-0.0198379407309339));
#1602=CARTESIAN_POINT('Ctrl Pts',(0.281007343583905,0.0217330076147652,
-0.0133523674325155));
#1603=CARTESIAN_POINT('Ctrl Pts',(0.28185283869434,0.0221481723350819,-0.0101503447427393));
#1604=CARTESIAN_POINT('Ctrl Pts',(0.283514512632974,0.0216302408693111,
-0.00439337293633385));
#1605=CARTESIAN_POINT('Ctrl Pts',(0.284296140716462,0.0209289194762435,
-0.00185978837437579));
#1606=CARTESIAN_POINT('Ctrl Pts',(0.285927566450633,0.0186271772332299,
0.00259868472079786));
#1607=CARTESIAN_POINT('Ctrl Pts',(0.286713322574351,0.0171626938263485,
0.00437040970573482));
#1608=CARTESIAN_POINT('Ctrl Pts',(0.287500000000002,0.0155356540634867,
0.00571342350796715));
#1609=CARTESIAN_POINT('Origin',(-0.3125,0.,0.));
#1610=CARTESIAN_POINT('',(-0.3125,-2.03291368658461E-17,-0.166));
#1611=CARTESIAN_POINT('Origin',(-0.3125,0.,0.));
#1612=CARTESIAN_POINT('',(-0.309130946206565,-2.03291368658461E-17,-0.166));
#1613=CARTESIAN_POINT('',(-0.3125,-2.03291368658461E-17,-0.166));
#1614=CARTESIAN_POINT('Origin',(-0.309130946206565,0.,0.));
#1615=CARTESIAN_POINT('Origin',(-0.2125,0.,0.));
#1616=CARTESIAN_POINT('',(-0.2125,-1.00421037530083E-17,-0.082));
#1617=CARTESIAN_POINT('',(-0.2125,-1.00421037530083E-17,-0.082));
#1618=CARTESIAN_POINT('Origin',(-0.2125,0.,0.));
#1619=CARTESIAN_POINT('Origin',(-0.3125,0.,0.));
#1620=CARTESIAN_POINT('',(-0.1045,-1.00421037530083E-17,-0.082));
#1621=CARTESIAN_POINT('',(-0.3125,-1.00421037530083E-17,-0.082));
#1622=CARTESIAN_POINT('Origin',(-0.1045,0.,0.));
#1623=CARTESIAN_POINT('Origin',(-0.3125,0.,0.));
#1624=CARTESIAN_POINT('',(-0.0312797267715345,-0.0326997037455576,0.0446581669457308));
#1625=CARTESIAN_POINT('Ctrl Pts',(-0.00465305134057103,4.566651567183E-18,
-0.05535));
#1626=CARTESIAN_POINT('Ctrl Pts',(-0.00512866249314829,-0.0024404688787307,
-0.05535));
#1627=CARTESIAN_POINT('Ctrl Pts',(-0.00560472819232562,-0.00488327013933538,
-0.0551885976616502));
#1628=CARTESIAN_POINT('Ctrl Pts',(-0.00748468745106329,-0.0145297682068627,
-0.0539029226473988));
#1629=CARTESIAN_POINT('Ctrl Pts',(-0.00880436287920949,-0.021483272307765,
-0.0515276470498365));
#1630=CARTESIAN_POINT('Ctrl Pts',(-0.0116338579829419,-0.0341071829229537,
-0.0442021417316821));
#1631=CARTESIAN_POINT('Ctrl Pts',(-0.013067791930368,-0.0396479237752327,
-0.0393104107128275));
#1632=CARTESIAN_POINT('Ctrl Pts',(-0.0158177205744596,-0.0485621930188986,
-0.0275736185833119));
#1633=CARTESIAN_POINT('Ctrl Pts',(-0.0172483423306256,-0.0518208436571857,
-0.0208195664022498));
#1634=CARTESIAN_POINT('Ctrl Pts',(-0.0201057107878265,-0.0554354367619412,
-0.00657768298648626));
#1635=CARTESIAN_POINT('Ctrl Pts',(-0.0214289942437672,-0.0558195997356697,
0.000742159359677742));
#1636=CARTESIAN_POINT('Ctrl Pts',(-0.0242380712112,-0.0537240144567951,
0.0152170516698317));
#1637=CARTESIAN_POINT('Ctrl Pts',(-0.025686838776836,-0.0512256023936392,
0.0222217917946131));
#1638=CARTESIAN_POINT('Ctrl Pts',(-0.0284810631523571,-0.0436390679575248,
0.0348324325088413));
#1639=CARTESIAN_POINT('Ctrl Pts',(-0.0298468075183552,-0.0386320871922327,
0.0403143437555293));
#1640=CARTESIAN_POINT('Ctrl Pts',(-0.0312797267715496,-0.0326997037454953,
0.0446581669457764));
#1641=CARTESIAN_POINT('Origin',(-0.0312797267715345,0.,0.));
#1642=CARTESIAN_POINT('Origin',(0.26219722434884,0.,0.));
#1643=CARTESIAN_POINT('Ctrl Pts',(0.200689755275258,-3.72211371208296E-17,
-0.0472414760415155));
#1644=CARTESIAN_POINT('Ctrl Pts',(0.200308216811275,-0.0016026156845408,
-0.047327917363969));
#1645=CARTESIAN_POINT('Ctrl Pts',(0.199927841307732,-0.00320961275537822,
-0.0473325390353035));
#1646=CARTESIAN_POINT('Ctrl Pts',(0.19879734224471,-0.0079825047321464,
-0.0471037096804153));
#1647=CARTESIAN_POINT('Ctrl Pts',(0.198050569175855,-0.0111290239427386,
-0.0466346856325746));
#1648=CARTESIAN_POINT('Ctrl Pts',(0.195780186028939,-0.0205105338458028,
-0.0442670413046606));
#1649=CARTESIAN_POINT('Ctrl Pts',(0.19429226934826,-0.0264287796000932,
-0.0414063625076713));
#1650=CARTESIAN_POINT('Ctrl Pts',(0.191271726358096,-0.036903684255805,
-0.0334667373074302));
#1651=CARTESIAN_POINT('Ctrl Pts',(0.189783854473847,-0.0413245258052128,
-0.0284179974056351));
#1652=CARTESIAN_POINT('Ctrl Pts',(0.187534564066876,-0.0462969309436281,
-0.0197495709145141));
#1653=CARTESIAN_POINT('Ctrl Pts',(0.186785664148288,-0.0476682104679319,
-0.0166821547563143));
#1654=CARTESIAN_POINT('Ctrl Pts',(0.184537811123628,-0.0508565473837608,
-0.00707902672212736));
#1655=CARTESIAN_POINT('Ctrl Pts',(0.183056871937775,-0.0516806581806504,
-0.000291581186763807));
#1656=CARTESIAN_POINT('Ctrl Pts',(0.180831301459285,-0.0509023459510242,
0.00988988085416633));
#1657=CARTESIAN_POINT('Ctrl Pts',(0.180089187579626,-0.0502980967445735,
0.013281498219648));
#1658=CARTESIAN_POINT('Ctrl Pts',(0.178597872378532,-0.0484224450595263,
0.0199238094015844));
#1659=CARTESIAN_POINT('Ctrl Pts',(0.177851911926627,-0.0471494409992646,
0.0231586108786717));
#1660=CARTESIAN_POINT('Ctrl Pts',(0.176358191397075,-0.0439639647859709,
0.0293676137616067));
#1661=CARTESIAN_POINT('Ctrl Pts',(0.175614694424027,-0.0420508516641695,
0.0323236496721234));
#1662=CARTESIAN_POINT('Ctrl Pts',(0.17412438657903,-0.0376616251231364,
0.0378238129068749));
#1663=CARTESIAN_POINT('Ctrl Pts',(0.173380684182551,-0.0351927398532377,
0.0403546204840874));
#1664=CARTESIAN_POINT('Ctrl Pts',(0.171333229269946,-0.0277372590753442,
0.0466214494799816));
#1665=CARTESIAN_POINT('Ctrl Pts',(0.170054073445638,-0.0223186158125036,
0.0497603807919447));
#1666=CARTESIAN_POINT('Ctrl Pts',(0.168122643676527,-0.0135619689681237,
0.0530014535906291));
#1667=CARTESIAN_POINT('Ctrl Pts',(0.167479105746693,-0.0105427799419622,
0.0538321646126945));
#1668=CARTESIAN_POINT('Ctrl Pts',(0.1661892965944,-0.00434654431349898,
0.0549774280053145));
#1669=CARTESIAN_POINT('Ctrl Pts',(0.165544780800818,-0.00118272173105097,
0.05528217369596));
#1670=CARTESIAN_POINT('Ctrl Pts',(0.1649,0.00198985648901018,0.0553142203339534));
#1671=CARTESIAN_POINT('Ctrl Pts',(0.1649,-0.0148106955241388,-0.0533316584974746));
#1672=CARTESIAN_POINT('Ctrl Pts',(0.165804730551992,-0.0107207131980227,
-0.054254751469548));
#1673=CARTESIAN_POINT('Ctrl Pts',(0.166738903488796,-0.00654300282427774,
-0.0547021233194688));
#1674=CARTESIAN_POINT('Ctrl Pts',(0.167863789140776,-0.00157218387786214,
-0.0546615721393266));
#1675=CARTESIAN_POINT('Ctrl Pts',(0.168042204808439,-0.00078551226940403,
-0.0546381023579464));
#1676=CARTESIAN_POINT('Ctrl Pts',(0.168220754260804,1.12943049272267E-9,
-0.0545976501927191));
#1677=CARTESIAN_POINT('Origin',(-39.0575787401575,0.,0.));
#1678=CARTESIAN_POINT('Ctrl Pts',(0.269778201417694,-2.95806389904221E-15,
-0.0282868512720231));
#1679=CARTESIAN_POINT('Ctrl Pts',(0.269691272587694,-0.000266568453918609,
-0.028344408373247));
#1680=CARTESIAN_POINT('Ctrl Pts',(0.269604534660981,-0.000534150933864967,
-0.028398070811821));
#1681=CARTESIAN_POINT('Ctrl Pts',(0.268270321165386,-0.00467318789749673,
-0.0291650471312364));
#1682=CARTESIAN_POINT('Ctrl Pts',(0.267086172282268,-0.00866314478142139,
-0.0290541580954686));
#1683=CARTESIAN_POINT('Ctrl Pts',(0.265292214155382,-0.0146267075937184,
-0.0277049311189711));
#1684=CARTESIAN_POINT('Ctrl Pts',(0.264671491173744,-0.0166788544176635,
-0.0270044785594026));
#1685=CARTESIAN_POINT('Ctrl Pts',(0.263427522983376,-0.0206841663497161,
-0.0251538763006843));
#1686=CARTESIAN_POINT('Ctrl Pts',(0.262808583430132,-0.0226152757113028,
-0.0239987226925872));
#1687=CARTESIAN_POINT('Ctrl Pts',(0.262197224348829,-0.0244141500587354,
-0.0226552899010731));
#1688=CARTESIAN_POINT('Origin',(-0.0312797267715345,0.,0.));
#1689=CARTESIAN_POINT('',(-0.0643668464953582,-4.7153220253206E-17,-0.067392726717074));
#1690=CARTESIAN_POINT('',(-0.0312797267715345,-6.7784200332806E-18,-0.05535));
#1691=CARTESIAN_POINT('',(-0.0903443538082081,-0.0135142587659602,0.0756501419074685));
#1692=CARTESIAN_POINT('Ctrl Pts',(-0.0643668464953582,-1.37981830674173E-16,
-0.067392726717074));
#1693=CARTESIAN_POINT('Ctrl Pts',(-0.0646496610462978,-0.00213822502625471,
-0.0674956627954334));
#1694=CARTESIAN_POINT('Ctrl Pts',(-0.0649321421757326,-0.00428374845647919,
-0.0674967188858545));
#1695=CARTESIAN_POINT('Ctrl Pts',(-0.0665470562849959,-0.0166049778222931,
-0.0669117491948479));
#1696=CARTESIAN_POINT('Ctrl Pts',(-0.067653150802704,-0.0254392575568848,
-0.064182401422494));
#1697=CARTESIAN_POINT('Ctrl Pts',(-0.0698357141902627,-0.0408376168739752,
-0.0568354111752515));
#1698=CARTESIAN_POINT('Ctrl Pts',(-0.0710181385108076,-0.0482522188932231,
-0.0512808594870373));
#1699=CARTESIAN_POINT('Ctrl Pts',(-0.0727022927808904,-0.0574091572454073,
-0.0410463191877029));
#1700=CARTESIAN_POINT('Ctrl Pts',(-0.0732484905807686,-0.0601154724086917,
-0.0373442351173417));
#1701=CARTESIAN_POINT('Ctrl Pts',(-0.0749685614733285,-0.0672249149634597,
-0.0253993556305466));
#1702=CARTESIAN_POINT('Ctrl Pts',(-0.0761464751824193,-0.0703841523876873,
-0.0164844900306522));
#1703=CARTESIAN_POINT('Ctrl Pts',(-0.077850952346591,-0.0724126591794429,
-0.00251038462444257));
#1704=CARTESIAN_POINT('Ctrl Pts',(-0.0783991310894477,-0.0726174454321846,
0.00224599487979316));
#1705=CARTESIAN_POINT('Ctrl Pts',(-0.0801044045931492,-0.0718746902450563,
0.0164879573518516));
#1706=CARTESIAN_POINT('Ctrl Pts',(-0.081275710257158,-0.0695157768474669,
0.0258443772615722));
#1707=CARTESIAN_POINT('Ctrl Pts',(-0.0836565491060065,-0.0609352458875538,
0.0439824151463643));
#1708=CARTESIAN_POINT('Ctrl Pts',(-0.0847547011207168,-0.0547596915380768,
0.0517574717037507));
#1709=CARTESIAN_POINT('Ctrl Pts',(-0.0865789277358528,-0.0433313937016446,
0.0621359371160442));
#1710=CARTESIAN_POINT('Ctrl Pts',(-0.0873414925477523,-0.038008710361924,
0.0658470249738305));
#1711=CARTESIAN_POINT('Ctrl Pts',(-0.088856048535863,-0.0263330991405892,
0.0719306951958288));
#1712=CARTESIAN_POINT('Ctrl Pts',(-0.0895867566865125,-0.0199971960632153,
0.0742119118155281));
#1713=CARTESIAN_POINT('Ctrl Pts',(-0.0903443538083219,-0.0135142587659823,
0.0756501419075066));
#1714=CARTESIAN_POINT('',(-0.0903443538082081,0.0707176840648198,0.0300763748001949));
#1715=CARTESIAN_POINT('Origin',(-0.0903443538082081,4.08747297207467E-17,
0.));
#1716=CARTESIAN_POINT('Ctrl Pts',(-0.090344353808385,0.0707176840648651,
0.0300763748002526));
#1717=CARTESIAN_POINT('Ctrl Pts',(-0.0896480596827659,0.0689450557943089,
0.0335967661875042));
#1718=CARTESIAN_POINT('Ctrl Pts',(-0.0889539305334202,0.0669049942434144,
0.036976525975845));
#1719=CARTESIAN_POINT('Ctrl Pts',(-0.087580921812033,0.0623188767461345,
0.0434041643239517));
#1720=CARTESIAN_POINT('Ctrl Pts',(-0.0869027471622996,0.0597485842691803,
0.0464838769474145));
#1721=CARTESIAN_POINT('Ctrl Pts',(-0.0848478493538505,0.0515612921693125,
0.0547890341859229));
#1722=CARTESIAN_POINT('Ctrl Pts',(-0.0834476761607587,0.0453822048756627,
0.0593687978790115));
#1723=CARTESIAN_POINT('Ctrl Pts',(-0.0805366632911446,0.0313753128914372,
0.0667222345103999));
#1724=CARTESIAN_POINT('Ctrl Pts',(-0.0788355539977106,0.0220848803464438,
0.0700769090565534));
#1725=CARTESIAN_POINT('Ctrl Pts',(-0.0750372815462271,0.00186891670957225,
0.0718601338910222));
#1726=CARTESIAN_POINT('Ctrl Pts',(-0.0732265181053862,-0.00751417744777061,
0.0708329750635331));
#1727=CARTESIAN_POINT('Ctrl Pts',(-0.0705961415997926,-0.020766813142956,
0.0666473187668336));
#1728=CARTESIAN_POINT('Ctrl Pts',(-0.0697489171709947,-0.0250106752417705,
0.0648482765216324));
#1729=CARTESIAN_POINT('Ctrl Pts',(-0.0671064620646633,-0.036953175354135,
0.0582476976147754));
#1730=CARTESIAN_POINT('Ctrl Pts',(-0.0652832758477705,-0.0439020197359769,
0.0523491376487866));
#1731=CARTESIAN_POINT('Ctrl Pts',(-0.0626315537484535,-0.0521613523584221,
0.0418889581736613));
#1732=CARTESIAN_POINT('Ctrl Pts',(-0.0617894469651729,-0.0545509417957606,
0.0382023739920548));
#1733=CARTESIAN_POINT('Ctrl Pts',(-0.0592434725566001,-0.0603298948375989,
0.0268927725789813));
#1734=CARTESIAN_POINT('Ctrl Pts',(-0.0574929887144193,-0.0626517432273253,
0.0188229924291869));
#1735=CARTESIAN_POINT('Ctrl Pts',(-0.0552983468423873,-0.0635768483170504,
0.00839104558659004));
#1736=CARTESIAN_POINT('Ctrl Pts',(-0.0548478171079017,-0.0636600294319336,
0.00623208013869395));
#1737=CARTESIAN_POINT('Ctrl Pts',(-0.0535211808595496,-0.0635864797588735,
-0.000179152485936674));
#1738=CARTESIAN_POINT('Ctrl Pts',(-0.0526543566378944,-0.0631192700947629,
-0.00443574208644554));
#1739=CARTESIAN_POINT('Ctrl Pts',(-0.0500242291868725,-0.0604822005801611,
-0.0164715457061894));
#1740=CARTESIAN_POINT('Ctrl Pts',(-0.0482438052100715,-0.0572550471068139,
-0.023894569851952));
#1741=CARTESIAN_POINT('Ctrl Pts',(-0.0457301209392097,-0.0507244167381635,
-0.0333554431795713));
#1742=CARTESIAN_POINT('Ctrl Pts',(-0.0448521440958005,-0.0481237733605169,
-0.0366207898595505));
#1743=CARTESIAN_POINT('Ctrl Pts',(-0.0421217438589783,-0.0392233138748037,
-0.0451073040427812));
#1744=CARTESIAN_POINT('Ctrl Pts',(-0.0403601306165821,-0.032781200225053,
-0.0492203785930957));
#1745=CARTESIAN_POINT('Ctrl Pts',(-0.0375848528279826,-0.0216147558369755,
-0.0536215854035259));
#1746=CARTESIAN_POINT('Ctrl Pts',(-0.0363957044417807,-0.0164234212518364,
-0.0551433295021238));
#1747=CARTESIAN_POINT('Ctrl Pts',(-0.034133730674329,-0.0068846059710314,
-0.0560726331444804));
#1748=CARTESIAN_POINT('Ctrl Pts',(-0.0333015756260387,-0.00342893148559595,
-0.0560858928012247));
#1749=CARTESIAN_POINT('Ctrl Pts',(-0.0324620711865316,-1.15117565433092E-16,
-0.0557803381737098));
#1750=CARTESIAN_POINT('Ctrl Pts',(-0.0312797267715345,-0.0326997037455576,
0.0446581669457308));
#1751=CARTESIAN_POINT('Ctrl Pts',(-0.0318257279650869,-0.0300816123957618,
0.0468214983813073));
#1752=CARTESIAN_POINT('Ctrl Pts',(-0.0323678835897077,-0.0272692078949546,
0.0487393584377095));
#1753=CARTESIAN_POINT('Ctrl Pts',(-0.0334522966199321,-0.0212111642217042,
0.0520987698487356));
#1754=CARTESIAN_POINT('Ctrl Pts',(-0.0339777469485178,-0.0179849891763248,
0.0534986970189637));
#1755=CARTESIAN_POINT('Ctrl Pts',(-0.0355765646175032,-0.00799699706347722,
0.0567816520060879));
#1756=CARTESIAN_POINT('Ctrl Pts',(-0.0366737727145031,-0.000998811495023497,
0.057729609148869));
#1757=CARTESIAN_POINT('Ctrl Pts',(-0.0391305581716865,0.014998386631493,
0.0569572577138636));
#1758=CARTESIAN_POINT('Ctrl Pts',(-0.040253241501337,0.0226346079512285,
0.054463563405692));
#1759=CARTESIAN_POINT('Ctrl Pts',(-0.0418137015561948,0.0320139308733825,
0.0499278520448355));
#1760=CARTESIAN_POINT('Ctrl Pts',(-0.0423958134135292,0.0353245054853531,
0.0479060477283436));
#1761=CARTESIAN_POINT('Ctrl Pts',(-0.0443276060073661,0.0456805305548078,
0.0400968143840408));
#1762=CARTESIAN_POINT('Ctrl Pts',(-0.0454426061704173,0.0507643707738827,
0.0336468371782004));
#1763=CARTESIAN_POINT('Ctrl Pts',(-0.0475814492322372,0.0581678276455784,
0.0208227295145953));
#1764=CARTESIAN_POINT('Ctrl Pts',(-0.0487271711948203,0.0607511232897475,
0.0133326299248359));
#1765=CARTESIAN_POINT('Ctrl Pts',(-0.050410876036626,0.0624379883420051,
0.00140366554414618));
#1766=CARTESIAN_POINT('Ctrl Pts',(-0.050973031863565,0.0625921108996915,
-0.002802745638455));
#1767=CARTESIAN_POINT('Ctrl Pts',(-0.0526841830784161,0.0618503649959269,
-0.0150908772978337));
#1768=CARTESIAN_POINT('Ctrl Pts',(-0.0538417942729516,0.0597869225631753,
-0.023068477928863));
#1769=CARTESIAN_POINT('Ctrl Pts',(-0.0555460852674838,0.0544159647680322,
-0.0343012915014309));
#1770=CARTESIAN_POINT('Ctrl Pts',(-0.0561033433930009,0.0521831661415881,
-0.0379524947190823));
#1771=CARTESIAN_POINT('Ctrl Pts',(-0.05780470958499,0.0445182068564092,
-0.0481188800277476));
#1772=CARTESIAN_POINT('Ctrl Pts',(-0.0589715646219471,0.0381435645434831,
-0.0538308275961585));
#1773=CARTESIAN_POINT('Ctrl Pts',(-0.0606870505235244,0.0271305788019297,
-0.0603797590957754));
#1774=CARTESIAN_POINT('Ctrl Pts',(-0.0612437998849352,0.0232264319868567,
-0.0622047988107605));
#1775=CARTESIAN_POINT('Ctrl Pts',(-0.0626430306017423,0.0129403285053306,
-0.0658238243537343));
#1776=CARTESIAN_POINT('Ctrl Pts',(-0.0635065955374224,0.00650394444347599,
-0.0670796209743864));
#1777=CARTESIAN_POINT('Ctrl Pts',(-0.0643668464953582,-1.46153867661038E-16,
-0.067392726717074));
#1778=CARTESIAN_POINT('Origin',(-0.3125,0.,0.));
#1779=CARTESIAN_POINT('',(-0.3125,0.0622193699743094,-0.017));
#1780=CARTESIAN_POINT('',(-0.3125,0.129,-0.017));
#1781=CARTESIAN_POINT('',(-0.3125,0.129,-0.017));
#1782=CARTESIAN_POINT('',(-0.3125,0.129,0.017));
#1783=CARTESIAN_POINT('',(-0.3125,0.129,-0.017));
#1784=CARTESIAN_POINT('',(-0.3125,0.0622193699743094,0.017));
#1785=CARTESIAN_POINT('',(-0.3125,0.129,0.017));
#1786=CARTESIAN_POINT('',(-0.3125,0.0313041936932662,0.0313041936932662));
#1787=CARTESIAN_POINT('',(-0.3125,0.0313041936932662,0.0313041936932662));
#1788=CARTESIAN_POINT('',(-0.3125,0.017,0.0622193699743094));
#1789=CARTESIAN_POINT('',(-0.3125,0.017,0.0622193699743094));
#1790=CARTESIAN_POINT('',(-0.3125,0.017,0.129));
#1791=CARTESIAN_POINT('',(-0.3125,0.017,0.0622193699743094));
#1792=CARTESIAN_POINT('',(-0.3125,-0.017,0.129));
#1793=CARTESIAN_POINT('',(-0.3125,0.017,0.129));
#1794=CARTESIAN_POINT('',(-0.3125,-0.017,0.0622193699743094));
#1795=CARTESIAN_POINT('',(-0.3125,-0.017,0.0622193699743094));
#1796=CARTESIAN_POINT('',(-0.3125,-0.0313041936932662,0.0313041936932662));
#1797=CARTESIAN_POINT('',(-0.3125,-0.017,0.0622193699743094));
#1798=CARTESIAN_POINT('',(-0.3125,-0.0622193699743094,0.017));
#1799=CARTESIAN_POINT('',(-0.3125,-0.0313041936932662,0.0313041936932662));
#1800=CARTESIAN_POINT('',(-0.3125,-0.129,0.017));
#1801=CARTESIAN_POINT('',(-0.3125,-0.0622193699743094,0.017));
#1802=CARTESIAN_POINT('',(-0.3125,-0.129,-0.017));
#1803=CARTESIAN_POINT('',(-0.3125,-0.129,-0.017));
#1804=CARTESIAN_POINT('',(-0.3125,-0.0622193699743094,-0.017));
#1805=CARTESIAN_POINT('',(-0.3125,-0.0622193699743094,-0.017));
#1806=CARTESIAN_POINT('',(-0.3125,-0.0313041936932662,-0.0313041936932662));
#1807=CARTESIAN_POINT('',(-0.3125,-0.0313041936932662,-0.0313041936932662));
#1808=CARTESIAN_POINT('',(-0.3125,-0.017,-0.0622193699743094));
#1809=CARTESIAN_POINT('',(-0.3125,-0.017,-0.0622193699743094));
#1810=CARTESIAN_POINT('',(-0.3125,-0.017,-0.129));
#1811=CARTESIAN_POINT('',(-0.3125,-0.017,-0.129));
#1812=CARTESIAN_POINT('',(-0.3125,0.017,-0.129));
#1813=CARTESIAN_POINT('',(-0.3125,0.017,-0.129));
#1814=CARTESIAN_POINT('',(-0.3125,0.017,-0.0622193699743094));
#1815=CARTESIAN_POINT('',(-0.3125,0.017,-0.129));
#1816=CARTESIAN_POINT('',(-0.3125,0.0313041936932662,-0.0313041936932662));
#1817=CARTESIAN_POINT('',(-0.3125,0.017,-0.0622193699743094));
#1818=CARTESIAN_POINT('',(-0.3125,0.0313041936932662,-0.0313041936932662));
#1819=CARTESIAN_POINT('Origin',(-0.1665,0.129,-0.017));
#1820=CARTESIAN_POINT('',(-0.2979,0.129,-0.017));
#1821=CARTESIAN_POINT('',(-0.1665,0.129,-0.017));
#1822=CARTESIAN_POINT('',(-0.1665,0.0439979907580996,-0.017));
#1823=CARTESIAN_POINT('',(-0.308700839195938,0.0617452196338015,-0.017));
#1824=CARTESIAN_POINT('',(-0.1665,0.0500469146597785,-0.017));
#1825=CARTESIAN_POINT('',(-0.1665,0.,-0.017));
#1826=CARTESIAN_POINT('',(-0.201355718324967,0.0709903431491685,-0.017));
#1827=CARTESIAN_POINT('Origin',(-0.1665,0.129,-0.017));
#1828=CARTESIAN_POINT('',(-0.2979,0.129,0.017));
#1829=CARTESIAN_POINT('',(-0.1665,0.129,0.017));
#1830=CARTESIAN_POINT('',(-0.2979,0.129,-0.166));
#1831=CARTESIAN_POINT('Origin',(-0.1665,0.129,0.017));
#1832=CARTESIAN_POINT('',(-0.1665,0.0439979907580996,0.017));
#1833=CARTESIAN_POINT('',(-0.17694588259315,0.0453016783469885,0.017));
#1834=CARTESIAN_POINT('',(-0.1665,0.0500469146597785,0.017));
#1835=CARTESIAN_POINT('',(-0.201355718324967,0.0709903431491685,0.017));
#1836=CARTESIAN_POINT('',(-0.1665,0.129,0.017));
#1837=CARTESIAN_POINT('Origin',(-0.3125,0.0313041936932662,0.0313041936932662));
#1838=CARTESIAN_POINT('',(-0.1665,0.0255402447966938,0.0255402447966938));
#1839=CARTESIAN_POINT('',(-0.1665,0.014237079613608,0.0307701248612943));
#1840=CARTESIAN_POINT('',(-0.3125,0.0313041936932662,0.0313041936932662));
#1841=CARTESIAN_POINT('Origin',(-0.3125,0.017,0.0622193699743094));
#1842=CARTESIAN_POINT('',(-0.1665,0.017,0.0439979907580996));
#1843=CARTESIAN_POINT('',(-0.1665,0.0307701248612943,0.014237079613608));
#1844=CARTESIAN_POINT('',(-0.3125,0.017,0.0622193699743094));
#1845=CARTESIAN_POINT('Origin',(-0.1665,0.017,0.0622193699743094));
#1846=CARTESIAN_POINT('',(-0.2979,0.017,0.129));
#1847=CARTESIAN_POINT('',(-0.1665,0.017,0.129));
#1848=CARTESIAN_POINT('',(-0.1665,0.017,0.0500469146597786));
#1849=CARTESIAN_POINT('',(-0.1665,0.017,0.0622193699743094));
#1850=CARTESIAN_POINT('',(-0.171873820059574,0.017,0.0532758315073169));
#1851=CARTESIAN_POINT('Origin',(-0.1665,0.017,0.129));
#1852=CARTESIAN_POINT('',(-0.2979,-0.017,0.129));
#1853=CARTESIAN_POINT('',(-0.1665,-0.017,0.129));
#1854=CARTESIAN_POINT('',(-0.2979,0.129,0.129));
#1855=CARTESIAN_POINT('Origin',(-0.1665,-0.017,0.0622193699743094));
#1856=CARTESIAN_POINT('',(-0.1665,-0.017,0.0500469146597784));
#1857=CARTESIAN_POINT('',(-0.1665,-0.017,0.0439979907580996));
#1858=CARTESIAN_POINT('',(-0.1665,-0.017,0.0622193699743094));
#1859=CARTESIAN_POINT('',(-0.168739222221631,-0.017,0.0442774545748784));
#1860=CARTESIAN_POINT('',(-0.171873820059574,-0.017,0.0532758315073168));
#1861=CARTESIAN_POINT('Origin',(-0.3125,-0.017,0.0622193699743094));
#1862=CARTESIAN_POINT('',(-0.1665,-0.0255402447966938,0.0255402447966938));
#1863=CARTESIAN_POINT('',(-0.1665,-0.0307701248612943,0.014237079613608));
#1864=CARTESIAN_POINT('',(-0.313153748811286,-0.0313300031092898,0.0313300031092898));
#1865=CARTESIAN_POINT('Origin',(-0.3125,-0.0313041936932662,0.0313041936932662));
#1866=CARTESIAN_POINT('',(-0.1665,-0.0439979907580996,0.017));
#1867=CARTESIAN_POINT('',(-0.1665,-0.014237079613608,0.0307701248612943));
#1868=CARTESIAN_POINT('',(-0.308700839195938,-0.0617452196338015,0.017));
#1869=CARTESIAN_POINT('Origin',(-0.1665,-0.0622193699743094,0.017));
#1870=CARTESIAN_POINT('',(-0.2979,-0.129,0.017));
#1871=CARTESIAN_POINT('',(-0.1665,-0.129,0.017));
#1872=CARTESIAN_POINT('',(-0.1665,-0.0500469146597785,0.017));
#1873=CARTESIAN_POINT('',(-0.1665,-0.0622193699743094,0.017));
#1874=CARTESIAN_POINT('',(-0.171873820059574,-0.0532758315073169,0.017));
#1875=CARTESIAN_POINT('Origin',(-0.1665,-0.129,-0.017));
#1876=CARTESIAN_POINT('',(-0.2979,-0.129,-0.017));
#1877=CARTESIAN_POINT('',(-0.1665,-0.129,-0.017));
#1878=CARTESIAN_POINT('',(-0.2979,-0.129,0.129));
#1879=CARTESIAN_POINT('Origin',(-0.1665,-0.0622193699743094,-0.017));
#1880=CARTESIAN_POINT('',(-0.1665,-0.0500469146597785,-0.017));
#1881=CARTESIAN_POINT('',(-0.1665,-0.0439979907580996,-0.017));
#1882=CARTESIAN_POINT('',(-0.1665,-0.0622193699743094,-0.017));
#1883=CARTESIAN_POINT('',(-0.168739222221631,-0.0442774545748784,-0.017));
#1884=CARTESIAN_POINT('',(-0.171873820059574,-0.0532758315073169,-0.017));
#1885=CARTESIAN_POINT('Origin',(-0.3125,-0.0313041936932662,-0.0313041936932662));
#1886=CARTESIAN_POINT('',(-0.1665,-0.0255402447966938,-0.0255402447966938));
#1887=CARTESIAN_POINT('',(-0.1665,-0.014237079613608,-0.0307701248612943));
#1888=CARTESIAN_POINT('',(-0.3125,-0.0313041936932662,-0.0313041936932662));
#1889=CARTESIAN_POINT('Origin',(-0.3125,-0.017,-0.0622193699743094));
#1890=CARTESIAN_POINT('',(-0.1665,-0.017,-0.0439979907580996));
#1891=CARTESIAN_POINT('',(-0.1665,-0.0307701248612943,-0.014237079613608));
#1892=CARTESIAN_POINT('',(-0.3125,-0.017,-0.0622193699743094));
#1893=CARTESIAN_POINT('Origin',(-0.1665,-0.017,-0.129));
#1894=CARTESIAN_POINT('',(-0.2979,-0.017,-0.129));
#1895=CARTESIAN_POINT('',(-0.1665,-0.017,-0.129));
#1896=CARTESIAN_POINT('',(-0.1665,-0.017,-0.0500469146597787));
#1897=CARTESIAN_POINT('',(-0.1665,-0.017,-0.129));
#1898=CARTESIAN_POINT('',(-0.201355718324967,-0.017,-0.0709903431491686));
#1899=CARTESIAN_POINT('Origin',(-0.1665,0.017,-0.129));
#1900=CARTESIAN_POINT('',(-0.2979,0.017,-0.129));
#1901=CARTESIAN_POINT('',(-0.1665,0.017,-0.129));
#1902=CARTESIAN_POINT('',(-0.2979,-0.129,-0.129000000000001));
#1903=CARTESIAN_POINT('Origin',(-0.1665,0.017,-0.129));
#1904=CARTESIAN_POINT('',(-0.1665,0.017,-0.050046914659779));
#1905=CARTESIAN_POINT('',(-0.1665,0.017,-0.0439979907580996));
#1906=CARTESIAN_POINT('',(-0.1665,0.017,-0.129));
#1907=CARTESIAN_POINT('',(-0.17694588259315,0.017,-0.0453016783469885));
#1908=CARTESIAN_POINT('',(-0.201355718324967,0.017,-0.0709903431491684));
#1909=CARTESIAN_POINT('Origin',(-0.3125,0.017,-0.0622193699743094));
#1910=CARTESIAN_POINT('',(-0.1665,0.0255402447966938,-0.0255402447966938));
#1911=CARTESIAN_POINT('',(-0.1665,0.0307701248612943,-0.014237079613608));
#1912=CARTESIAN_POINT('',(-0.313153748811286,0.0313300031092898,-0.0313300031092898));
#1913=CARTESIAN_POINT('Origin',(-0.3125,0.0313041936932662,-0.0313041936932662));
#1914=CARTESIAN_POINT('',(-0.1665,0.014237079613608,-0.0307701248612943));
#1915=CARTESIAN_POINT('Origin',(-0.1665,0.,0.));
#1916=CARTESIAN_POINT('',(-0.1665,0.0500469146597785,0.));
#1917=CARTESIAN_POINT('',(-0.1665,5.24213605803875E-16,-0.0500469146597785));
#1918=CARTESIAN_POINT('',(-0.1665,-0.0500469146597785,0.));
#1919=CARTESIAN_POINT('',(-0.1665,-1.74737868601292E-16,0.0500469146597785));
#1920=CARTESIAN_POINT('Origin',(-0.2979,0.129,-0.166));
#1921=CARTESIAN_POINT('Origin',(-0.2979,-0.129,-0.129000000000001));
#1922=CARTESIAN_POINT('Origin',(-0.2979,-0.129,0.129));
#1923=CARTESIAN_POINT('Origin',(-0.2979,0.129,0.129));
#1924=CARTESIAN_POINT('Ctrl Pts',(0.160729580569852,0.082001860641068,-3.10980146379469E-5));
#1925=CARTESIAN_POINT('Ctrl Pts',(0.162269086195101,0.081471885363268,0.0118671888605674));
#1926=CARTESIAN_POINT('Ctrl Pts',(0.16380726368733,0.0783163846072719,0.0235095069045966));
#1927=CARTESIAN_POINT('Ctrl Pts',(0.166883604378606,0.067530147373684,0.0442022046759436));
#1928=CARTESIAN_POINT('Ctrl Pts',(0.16842110437861,0.0599121754462893,0.0532385733511423));
#1929=CARTESIAN_POINT('Ctrl Pts',(0.171496104378606,0.0417770117374152,
0.0671582504788403));
#1930=CARTESIAN_POINT('Ctrl Pts',(0.173033604378607,0.0312721336057258,
0.0720352653441486));
#1931=CARTESIAN_POINT('Ctrl Pts',(0.176108604378608,0.00940915555516489,
0.0769002499786131));
#1932=CARTESIAN_POINT('Ctrl Pts',(0.177646104378603,-0.00193538962436573,
0.0768877696263415));
#1933=CARTESIAN_POINT('Ctrl Pts',(0.180721104378613,-0.0233561668925554,
0.0721702098130345));
#1934=CARTESIAN_POINT('Ctrl Pts',(0.182258604378601,-0.0334201854033302,
0.067470384908824));
#1935=CARTESIAN_POINT('Ctrl Pts',(0.185333604378614,-0.050479423119609,
0.0544333017793822));
#1936=CARTESIAN_POINT('Ctrl Pts',(0.186871104378605,-0.0574660033053408,
0.0461057979070426));
#1937=CARTESIAN_POINT('Ctrl Pts',(0.189946104378611,-0.0672119569720882,
0.0274964333903208));
#1938=CARTESIAN_POINT('Ctrl Pts',(0.191483604378606,-0.0699677422511973,
0.0172268223585037));
#1939=CARTESIAN_POINT('Ctrl Pts',(0.194558604378609,-0.070924119369066,
-0.00329431820416874));
#1940=CARTESIAN_POINT('Ctrl Pts',(0.196096104378604,-0.0691266426582126,
-0.013533498817439));
#1941=CARTESIAN_POINT('Ctrl Pts',(0.199171104378612,-0.0615045975702311,
-0.032110553924261));
#1942=CARTESIAN_POINT('Ctrl Pts',(0.200708604378607,-0.0556868914443314,
-0.0404383000534135));
#1943=CARTESIAN_POINT('Ctrl Pts',(0.203783604378608,-0.0412733718127084,
-0.0537444848620885));
#1944=CARTESIAN_POINT('Ctrl Pts',(0.205321104378605,-0.0326878570646942,
-0.0587168237248442));
#1945=CARTESIAN_POINT('Ctrl Pts',(0.20839610437861,-0.0144445352107625,
-0.0645492964957729));
#1946=CARTESIAN_POINT('Ctrl Pts',(0.209933604378608,-0.00479838211398963,
-0.0654083330940723));
#1947=CARTESIAN_POINT('Ctrl Pts',(0.213008604378607,0.0137414494272471,
-0.0630472994525386));
#1948=CARTESIAN_POINT('Ctrl Pts',(0.214546104378608,0.0226243688861737,
-0.0598311230562059));
#1949=CARTESIAN_POINT('Ctrl Pts',(0.217621104378607,0.038039042439575,-0.05010580305073));
#1950=CARTESIAN_POINT('Ctrl Pts',(0.219158604378605,0.0445629179405653,
-0.0436045899678017));
#1951=CARTESIAN_POINT('Ctrl Pts',(0.222233604378611,0.0541738458576795,
-0.0286664132028975));
#1952=CARTESIAN_POINT('Ctrl Pts',(0.223771104378606,0.0572572541931573,
-0.0202397395051648));
#1953=CARTESIAN_POINT('Ctrl Pts',(0.22684610437861,0.0595920690278409,-0.00309845528591246));
#1954=CARTESIAN_POINT('Ctrl Pts',(0.228383604378609,0.0588445576701496,
0.00560555619751008));
#1955=CARTESIAN_POINT('Ctrl Pts',(0.231458604378606,0.0538523191953394,
0.0216847147111783));
#1956=CARTESIAN_POINT('Ctrl Pts',(0.232996104378607,0.0496129729077201,
0.0290509704657616));
#1957=CARTESIAN_POINT('Ctrl Pts',(0.236071104378608,0.0386023255937211,
0.0411689365373875));
#1958=CARTESIAN_POINT('Ctrl Pts',(0.237608604378609,0.0318394789145473,
0.0459150629926882));
#1959=CARTESIAN_POINT('Ctrl Pts',(0.240683604378607,0.0171645307835773,
0.0520611104883736));
#1960=CARTESIAN_POINT('Ctrl Pts',(0.242221104378606,0.00926220401655852,
0.0534596500990828));
#1961=CARTESIAN_POINT('Ctrl Pts',(0.245296104378609,-0.00617229078348501,
0.0528401396442843));
#1962=CARTESIAN_POINT('Ctrl Pts',(0.246833604378616,-0.0136952852774687,
0.0508249612029096));
#1963=CARTESIAN_POINT('Ctrl Pts',(0.2499086043786,-0.0270068082892358,0.0439459298389998));
#1964=CARTESIAN_POINT('Ctrl Pts',(0.251446104378607,-0.0327884775640997,
0.0390884367894504));
#1965=CARTESIAN_POINT('Ctrl Pts',(0.254521104378608,-0.0416550716186869,
0.0275887674149083));
#1966=CARTESIAN_POINT('Ctrl Pts',(0.256058604378611,-0.0447366363399737,
0.0209550441531772));
#1967=CARTESIAN_POINT('Ctrl Pts',(0.259133604378604,-0.0478001413271243,
0.00723477208975913));
#1968=CARTESIAN_POINT('Ctrl Pts',(0.260671104378607,-0.0477826738696515,
0.000157043178753371));
#1969=CARTESIAN_POINT('Ctrl Pts',(0.263746104378608,-0.0448472006773517,
-0.0131176260027962));
#1970=CARTESIAN_POINT('Ctrl Pts',(0.26528360437861,-0.041933408645876,-0.0193070874448137));
#1971=CARTESIAN_POINT('Ctrl Pts',(0.268358604378605,-0.0339322082769924,
-0.0297209449355321));
#1972=CARTESIAN_POINT('Ctrl Pts',(0.26989610437861,-0.0288516227208792,
-0.0339405624225171));
#1973=CARTESIAN_POINT('Ctrl Pts',(0.272971104378605,-0.0176014553458119,
-0.0397686009988653));
#1974=CARTESIAN_POINT('Ctrl Pts',(0.274508604378605,-0.0114398424281197,
-0.0413757074220431));
#1975=CARTESIAN_POINT('Ctrl Pts',(0.27758360437861,0.000758062465351818,
-0.0418645368981347));
#1976=CARTESIAN_POINT('Ctrl Pts',(0.27912110437861,0.0067868447916852,-0.0407484584842805));
#1977=CARTESIAN_POINT('Ctrl Pts',(0.282196104378605,0.0176136442469847,
-0.0361949253467327));
#1978=CARTESIAN_POINT('Ctrl Pts',(0.283733604378609,0.0224060372430353,
-0.0327625444844622));
#1979=CARTESIAN_POINT('Ctrl Pts',(0.286808604378606,0.0299658879169124,
-0.0243863762253987));
#1980=CARTESIAN_POINT('Ctrl Pts',(0.288346104378607,0.0327305833588987,
-0.019449374214148));
#1981=CARTESIAN_POINT('Ctrl Pts',(0.291421104378608,0.0358813260484625,
-0.00909695817438619));
#1982=CARTESIAN_POINT('Ctrl Pts',(0.292958604378606,0.0362678308086115,
-0.00368860873723677));
#1983=CARTESIAN_POINT('Ctrl Pts',(0.29603360437861,0.0347843213503893,0.00656409488144735));
#1984=CARTESIAN_POINT('Ctrl Pts',(0.297571104378608,0.0329176861611047,
0.0114025080029504));
#1985=CARTESIAN_POINT('Ctrl Pts',(0.300646104378607,0.0274665299293024,
0.0196640778297473));
#1986=CARTESIAN_POINT('Ctrl Pts',(0.30218360437861,0.0238874502446508,0.0230835127327353));
#1987=CARTESIAN_POINT('Ctrl Pts',(0.305258604378605,0.0158303310855046,
0.0279959717503384));
#1988=CARTESIAN_POINT('Ctrl Pts',(0.306796312507678,0.0113579772972787,
0.0294881451936683));
#1989=CARTESIAN_POINT('Ctrl Pts',(0.308333604378608,0.00689643118628479,
0.029967158843651));
#1990=CARTESIAN_POINT('Ctrl Pts',(0.139895975740386,0.0459170021418214,
-1.7415314091028E-5));
#1991=CARTESIAN_POINT('Ctrl Pts',(0.141435654164089,0.0453849522686279,
0.0066458814399474));
#1992=CARTESIAN_POINT('Ctrl Pts',(0.142973659308722,0.0433837161800654,
0.0130589036559039));
#1993=CARTESIAN_POINT('Ctrl Pts',(0.146049999999998,0.0370037587199042,
0.0242623369886661));
#1994=CARTESIAN_POINT('Ctrl Pts',(0.147587500000002,0.0326334355643864,
0.0290449982123395));
#1995=CARTESIAN_POINT('Ctrl Pts',(0.150662499999998,0.0224876821111391,
0.0362166847442085));
#1996=CARTESIAN_POINT('Ctrl Pts',(0.152199999999999,0.0167198535704448,
0.0386033962186434));
#1997=CARTESIAN_POINT('Ctrl Pts',(0.155275,0.00494512875271359,0.0407128047502315));
#1998=CARTESIAN_POINT('Ctrl Pts',(0.156812499999995,-0.00105416246142611,
0.0404366768300993));
#1999=CARTESIAN_POINT('Ctrl Pts',(0.159887500000005,-0.0121644827250632,
0.037468553759639));
#2000=CARTESIAN_POINT('Ctrl Pts',(0.161424999999993,-0.0172693788707677,
0.0347807814300832));
#2001=CARTESIAN_POINT('Ctrl Pts',(0.164500000000006,-0.025713929847202,
0.0276727137771703));
#2002=CARTESIAN_POINT('Ctrl Pts',(0.166037499999997,-0.0290500261946327,
0.023258676163082));
#2003=CARTESIAN_POINT('Ctrl Pts',(0.169112500000003,-0.0334795864766601,
0.0136549772567055));
#2004=CARTESIAN_POINT('Ctrl Pts',(0.170649999999998,-0.0345725975415175,
0.0084722545220486));
#2005=CARTESIAN_POINT('Ctrl Pts',(0.173725000000001,-0.0344998418819268,
-0.00164182416113137));
#2006=CARTESIAN_POINT('Ctrl Pts',(0.175262499999996,-0.0333366135386028,
-0.00656696865426416));
#2007=CARTESIAN_POINT('Ctrl Pts',(0.178337500000004,-0.0291641378187504,
-0.0152715103065268));
#2008=CARTESIAN_POINT('Ctrl Pts',(0.179874999999999,-0.0261597183764421,
-0.0190466012573399));
#2009=CARTESIAN_POINT('Ctrl Pts',(0.18295,-0.0190327737075507,-0.0248513278402607));
#2010=CARTESIAN_POINT('Ctrl Pts',(0.184487499999998,-0.0149162501607304,
-0.026879287471693));
#2011=CARTESIAN_POINT('Ctrl Pts',(0.187562500000002,-0.00644104404080539,
-0.0289767950977563));
#2012=CARTESIAN_POINT('Ctrl Pts',(0.1891,-0.00208825503949589,-0.0290474483729067));
#2013=CARTESIAN_POINT('Ctrl Pts',(0.192174999999999,0.00601900652094362,
-0.027412729130665));
#2014=CARTESIAN_POINT('Ctrl Pts',(0.193712500000001,0.0097688722928204,
-0.0257108221542685));
#2015=CARTESIAN_POINT('Ctrl Pts',(0.196787499999999,0.0160272113830713,
-0.0210379854539369));
#2016=CARTESIAN_POINT('Ctrl Pts',(0.198324999999997,0.0185332056218641,
-0.0180720068096445));
#2017=CARTESIAN_POINT('Ctrl Pts',(0.201400000000003,0.0219673161898736,
-0.011572608100482));
#2018=CARTESIAN_POINT('Ctrl Pts',(0.202937499999998,0.0228954308725112,
-0.00804450174562416));
#2019=CARTESIAN_POINT('Ctrl Pts',(0.206012500000002,0.0231819706875303,
-0.00115849013684572));
#2020=CARTESIAN_POINT('Ctrl Pts',(0.207550000000002,0.0225426858100046,
0.00219486342720326));
#2021=CARTESIAN_POINT('Ctrl Pts',(0.210624999999998,0.0200117392677711,
0.00810996329946884));
#2022=CARTESIAN_POINT('Ctrl Pts',(0.212162499999999,0.0181240070965902,
0.0106688117882481));
#2023=CARTESIAN_POINT('Ctrl Pts',(0.2152375,0.0136263636586843,0.0146046738726822));
#2024=CARTESIAN_POINT('Ctrl Pts',(0.216775000000001,0.0110210663010409,
0.0159809282714247));
#2025=CARTESIAN_POINT('Ctrl Pts',(0.219849999999999,0.00569927055820431,
0.0174488795111387));
#2026=CARTESIAN_POINT('Ctrl Pts',(0.221387499999999,0.00298703181520052,
0.0175419533628454));
#2027=CARTESIAN_POINT('Ctrl Pts',(0.224462500000001,-0.00199405622015365,
0.0166185841706859));
#2028=CARTESIAN_POINT('Ctrl Pts',(0.226000000000005,-0.00425989563865035,
0.0156051919380564));
#2029=CARTESIAN_POINT('Ctrl Pts',(0.229074999999995,-0.0079623233834404,
0.0128530637861765));
#2030=CARTESIAN_POINT('Ctrl Pts',(0.230612499999999,-0.00939771816196097,
0.011118254469995));
#2031=CARTESIAN_POINT('Ctrl Pts',(0.2336875,-0.0112870336072967,0.00740855453865163));
#2032=CARTESIAN_POINT('Ctrl Pts',(0.235225,-0.0117417080407549,0.00543752403626554));
#2033=CARTESIAN_POINT('Ctrl Pts',(0.238299999999999,-0.011757679854123,
0.0017211802462766));
#2034=CARTESIAN_POINT('Ctrl Pts',(0.239837499999999,-0.0113213663091495,
-2.12112783889214E-5));
#2035=CARTESIAN_POINT('Ctrl Pts',(0.242912500000001,-0.00983501419265231,
-0.00293894626356492));
#2036=CARTESIAN_POINT('Ctrl Pts',(0.244450000000002,-0.00878833500929269,
-0.00411291695462608));
#2037=CARTESIAN_POINT('Ctrl Pts',(0.247524999999997,-0.00646334119119815,
-0.00574345415183225));
#2038=CARTESIAN_POINT('Ctrl Pts',(0.249062500000002,-0.00518850301663362,
-0.00620042023352155));
#2039=CARTESIAN_POINT('Ctrl Pts',(0.252137499999997,-0.00278572709548283,
-0.00645264507357898));
#2040=CARTESIAN_POINT('Ctrl Pts',(0.253674999999998,-0.00166054259502447,
-0.00624987622799338));
#2041=CARTESIAN_POINT('Ctrl Pts',(0.256750000000002,0.000164597335085808,
-0.0054076236794115));
#2042=CARTESIAN_POINT('Ctrl Pts',(0.258287500000002,0.000863157738297786,
-0.00477112321008435));
#2043=CARTESIAN_POINT('Ctrl Pts',(0.261362499999997,0.00172138344372869,
-0.00337885050071243));
#2044=CARTESIAN_POINT('Ctrl Pts',(0.262900000000001,0.00188130069230771,
-0.00262628873432027));
#2045=CARTESIAN_POINT('Ctrl Pts',(0.265974999999998,0.00173114496963947,
-0.00131565859858409));
#2046=CARTESIAN_POINT('Ctrl Pts',(0.267512499999999,0.00142285427448525,
-0.000760211044142982));
#2047=CARTESIAN_POINT('Ctrl Pts',(0.270587500000001,0.00055639031722119,
-6.32636919648842E-5));
#2048=CARTESIAN_POINT('Ctrl Pts',(0.272124999999998,1.04231838834298E-6,
7.68623146076954E-5));
#2049=CARTESIAN_POINT('Ctrl Pts',(0.275200000000002,-0.00105958446717165,
-0.000119701597999157));
#2050=CARTESIAN_POINT('Ctrl Pts',(0.2767375,-0.00156173338260845,-0.000456174330518595));
#2051=CARTESIAN_POINT('Ctrl Pts',(0.279812499999999,-0.00222858332756438,
-0.00149387498755847));
#2052=CARTESIAN_POINT('Ctrl Pts',(0.281350000000003,-0.00239066232420964,
-0.00219334461903738));
#2053=CARTESIAN_POINT('Ctrl Pts',(0.284424999999997,-0.00219203897293172,
-0.00370028820632373));
#2054=CARTESIAN_POINT('Ctrl Pts',(0.28596152092698,-0.00183031869924253,
-0.00450445245450873));
#2055=CARTESIAN_POINT('Ctrl Pts',(0.2875,-0.00119634811364981,-0.00519850818280494));
#2056=CARTESIAN_POINT('',(0.160733333333333,0.0819999999999998,0.));
#2057=CARTESIAN_POINT('Ctrl Pts',(0.160733333333333,0.0819999999999998,
0.));
#2058=CARTESIAN_POINT('Ctrl Pts',(0.162271495379523,0.0814659158350762,
0.0118874062135025));
#2059=CARTESIAN_POINT('Ctrl Pts',(0.163808333333335,0.0783112294387585,
0.0235183889141146));
#2060=CARTESIAN_POINT('Ctrl Pts',(0.166883333333331,0.0675297502252483,
0.0442019452581871));
#2061=CARTESIAN_POINT('Ctrl Pts',(0.168420833333335,0.0599118205497769,
0.0532382585926352));
#2062=CARTESIAN_POINT('Ctrl Pts',(0.171495833333331,0.0417767607831614,
0.0671578479289492));
#2063=CARTESIAN_POINT('Ctrl Pts',(0.173033333333333,0.0312719442805056,
0.0720348303954007));
#2064=CARTESIAN_POINT('Ctrl Pts',(0.176108333333334,0.00940909747815875,
0.0768997791798093));
#2065=CARTESIAN_POINT('Ctrl Pts',(0.177645833333328,-0.0019353781595969,
0.0768872953974818));
#2066=CARTESIAN_POINT('Ctrl Pts',(0.180720833333338,-0.0233560212887006,
0.0721697583443537));
#2067=CARTESIAN_POINT('Ctrl Pts',(0.182258333333327,-0.0334199752812741,
0.067469959616955));
#2068=CARTESIAN_POINT('Ctrl Pts',(0.18533333333334,-0.0504791009204448,
0.0544329536240277));
#2069=CARTESIAN_POINT('Ctrl Pts',(0.18687083333333,-0.0574656336133676,
0.0461055006658994));
#2070=CARTESIAN_POINT('Ctrl Pts',(0.189945833333336,-0.0672115181138163,
0.0274962533129224));
#2071=CARTESIAN_POINT('Ctrl Pts',(0.191483333333332,-0.0699672817602264,
0.017226708461542));
#2072=CARTESIAN_POINT('Ctrl Pts',(0.194558333333335,-0.0709236454890735,
-0.00329429670521478));
#2073=CARTESIAN_POINT('Ctrl Pts',(0.196095833333329,-0.0691261770297939,
-0.0135334081828544));
#2074=CARTESIAN_POINT('Ctrl Pts',(0.199170833333337,-0.0615041768207234,
-0.0321103348482378));
#2075=CARTESIAN_POINT('Ctrl Pts',(0.200708333333333,-0.0556865072956944,
-0.0404380217473286));
#2076=CARTESIAN_POINT('Ctrl Pts',(0.203783333333334,-0.0412730824624402,
-0.0537441089620028));
#2077=CARTESIAN_POINT('Ctrl Pts',(0.205320833333331,-0.032687625856019,
-0.0587164095183731));
#2078=CARTESIAN_POINT('Ctrl Pts',(0.208395833333335,-0.0144444310853111,
-0.0645488336973907));
#2079=CARTESIAN_POINT('Ctrl Pts',(0.209933333333334,-0.0047983468552258,
-0.06540786003882));
#2080=CARTESIAN_POINT('Ctrl Pts',(0.213008333333333,0.0137413489582347,
-0.0630468358466395));
#2081=CARTESIAN_POINT('Ctrl Pts',(0.214545833333334,0.0226242016361128,
-0.0598306791509578));
#2082=CARTESIAN_POINT('Ctrl Pts',(0.217620833333332,0.0380387560655669,
-0.0501054248783095));
#2083=CARTESIAN_POINT('Ctrl Pts',(0.21915833333333,0.0445625792939063,-0.043604257788795));
#2084=CARTESIAN_POINT('Ctrl Pts',(0.222233333333336,0.0541734268506027,
-0.0286661908124264));
#2085=CARTESIAN_POINT('Ctrl Pts',(0.223770833333331,0.0572568071457016,
-0.0202395808450739));
#2086=CARTESIAN_POINT('Ctrl Pts',(0.226845833333335,0.0595915953323192,
-0.00309843004695829));
#2087=CARTESIAN_POINT('Ctrl Pts',(0.228383333333335,0.0588440853826549,
0.00560551182438382));
#2088=CARTESIAN_POINT('Ctrl Pts',(0.231458333333331,0.0538518789292623,
0.0216845381036094));
#2089=CARTESIAN_POINT('Ctrl Pts',(0.232995833333333,0.0496125632361518,
0.0290507313138054));
#2090=CARTESIAN_POINT('Ctrl Pts',(0.236070833333334,0.0386020006563587,
0.0411685909362265));
#2091=CARTESIAN_POINT('Ctrl Pts',(0.237608333333334,0.0318392080669179,
0.0459146735494785));
#2092=CARTESIAN_POINT('Ctrl Pts',(0.240683333333332,0.017164381620497,0.0520606601831134));
#2093=CARTESIAN_POINT('Ctrl Pts',(0.242220833333332,0.00926212237654366,
0.053459182809708));
#2094=CARTESIAN_POINT('Ctrl Pts',(0.245295833333334,-0.00617223642463701,
0.0528396684017061));
#2095=CARTESIAN_POINT('Ctrl Pts',(0.246833333333341,-0.0136951625230126,
0.0508245029935738));
#2096=CARTESIAN_POINT('Ctrl Pts',(0.249908333333325,-0.0270065605204127,
0.043945525320691));
#2097=CARTESIAN_POINT('Ctrl Pts',(0.251445833333333,-0.0327881732502284,
0.0390880728972692));
#2098=CARTESIAN_POINT('Ctrl Pts',(0.254520833333334,-0.0416546765303937,
0.0275885048702599));
#2099=CARTESIAN_POINT('Ctrl Pts',(0.256058333333337,-0.0447362070758276,
0.0209548422701798));
#2100=CARTESIAN_POINT('Ctrl Pts',(0.25913333333333,-0.0477996724145597,
0.0072347003579077));
#2101=CARTESIAN_POINT('Ctrl Pts',(0.260670833333332,-0.0477821995078977,
0.000157040859662187));
#2102=CARTESIAN_POINT('Ctrl Pts',(0.263528719452376,-0.0450540062691453,
-0.0121802299392055));
#2103=CARTESIAN_POINT('Ctrl Pts',(0.264849105571419,-0.0427270616399403,
-0.0175499213141287));
#2104=CARTESIAN_POINT('Ctrl Pts',(0.26616949169046,-0.0395611734818508,
-0.022250666973109));
#2105=CARTESIAN_POINT('',(0.160733333333333,0.0819999999999998,0.));
#2106=CARTESIAN_POINT('Ctrl Pts',(0.189894786340868,0.0459174128572678,
-2.25627502337337E-5));
#2107=CARTESIAN_POINT('Ctrl Pts',(0.191434862093092,0.0453859828242234,
0.00664257868653061));
#2108=CARTESIAN_POINT('Ctrl Pts',(0.192973263058043,0.0433845379559139,
0.0130574605881435));
#2109=CARTESIAN_POINT('Ctrl Pts',(0.196049999999998,0.037003758719903,0.0242623369886667));
#2110=CARTESIAN_POINT('Ctrl Pts',(0.197587500000002,0.0326334355643864,
0.0290449982123395));
#2111=CARTESIAN_POINT('Ctrl Pts',(0.200662499999998,0.0224876821111391,
0.0362166847442085));
#2112=CARTESIAN_POINT('Ctrl Pts',(0.2022,0.0167198535704451,0.0386033962186434));
#2113=CARTESIAN_POINT('Ctrl Pts',(0.205275,0.00494512875271329,0.0407128047502316));
#2114=CARTESIAN_POINT('Ctrl Pts',(0.206812499999995,-0.00105416246142612,
0.0404366768300981));
#2115=CARTESIAN_POINT('Ctrl Pts',(0.209887500000005,-0.0121644827250632,
0.0374685537596402));
#2116=CARTESIAN_POINT('Ctrl Pts',(0.211424999999994,-0.0172693788707677,
0.0347807814300832));
#2117=CARTESIAN_POINT('Ctrl Pts',(0.214500000000007,-0.025713929847202,
0.0276727137771703));
#2118=CARTESIAN_POINT('Ctrl Pts',(0.216037499999997,-0.0290500261946316,
0.0232586761630826));
#2119=CARTESIAN_POINT('Ctrl Pts',(0.219112500000003,-0.0334795864766613,
0.0136549772567049));
#2120=CARTESIAN_POINT('Ctrl Pts',(0.220649999999999,-0.0345725975415175,
0.00847225452204853));
#2121=CARTESIAN_POINT('Ctrl Pts',(0.223725000000001,-0.0344998418819268,
-0.0016418241611313));
#2122=CARTESIAN_POINT('Ctrl Pts',(0.225262499999996,-0.0333366135386028,
-0.00656696865426417));
#2123=CARTESIAN_POINT('Ctrl Pts',(0.228337500000004,-0.0291641378187505,
-0.0152715103065268));
#2124=CARTESIAN_POINT('Ctrl Pts',(0.229875,-0.0261597183764421,-0.0190466012573394));
#2125=CARTESIAN_POINT('Ctrl Pts',(0.232950000000001,-0.0190327737075508,
-0.0248513278402613));
#2126=CARTESIAN_POINT('Ctrl Pts',(0.234487499999998,-0.0149162501607302,
-0.0268792874716931));
#2127=CARTESIAN_POINT('Ctrl Pts',(0.237562500000002,-0.00644104404080566,
-0.0289767950977564));
#2128=CARTESIAN_POINT('Ctrl Pts',(0.239100000000001,-0.00208825503949589,
-0.0290474483729067));
#2129=CARTESIAN_POINT('Ctrl Pts',(0.242174999999999,0.00601900652094362,
-0.027412729130665));
#2130=CARTESIAN_POINT('Ctrl Pts',(0.243712500000001,0.00976887229282041,
-0.0257108221542685));
#2131=CARTESIAN_POINT('Ctrl Pts',(0.246787499999999,0.0160272113830713,
-0.0210379854539369));
#2132=CARTESIAN_POINT('Ctrl Pts',(0.248324999999997,0.0185332056218641,
-0.0180720068096445));
#2133=CARTESIAN_POINT('Ctrl Pts',(0.251400000000003,0.0219673161898737,
-0.011572608100482));
#2134=CARTESIAN_POINT('Ctrl Pts',(0.252937499999998,0.0228954308725122,
-0.00804450174562417));
#2135=CARTESIAN_POINT('Ctrl Pts',(0.256012500000002,0.0231819706875294,
-0.00115849013684572));
#2136=CARTESIAN_POINT('Ctrl Pts',(0.257550000000002,0.0225426858100046,
0.00219486342720327));
#2137=CARTESIAN_POINT('Ctrl Pts',(0.260624999999998,0.0200117392677711,
0.00810996329946885));
#2138=CARTESIAN_POINT('Ctrl Pts',(0.2621625,0.0181240070965902,0.0106688117882486));
#2139=CARTESIAN_POINT('Ctrl Pts',(0.2652375,0.0136263636586843,0.0146046738726818));
#2140=CARTESIAN_POINT('Ctrl Pts',(0.266775000000001,0.0110210663010404,
0.0159809282714247));
#2141=CARTESIAN_POINT('Ctrl Pts',(0.269849999999999,0.00569927055820476,
0.0174488795111388));
#2142=CARTESIAN_POINT('Ctrl Pts',(0.271387499999999,0.00298703181520055,
0.0175419533628454));
#2143=CARTESIAN_POINT('Ctrl Pts',(0.274462500000001,-0.00199405622015368,
0.0166185841706859));
#2144=CARTESIAN_POINT('Ctrl Pts',(0.276000000000008,-0.00425989563865036,
0.0156051919380564));
#2145=CARTESIAN_POINT('Ctrl Pts',(0.279074999999992,-0.00796232338344041,
0.0128530637861765));
#2146=CARTESIAN_POINT('Ctrl Pts',(0.280612499999999,-0.00939771816196059,
0.011118254469995));
#2147=CARTESIAN_POINT('Ctrl Pts',(0.283687500000001,-0.0112870336072971,
0.00740855453865165));
#2148=CARTESIAN_POINT('Ctrl Pts',(0.285225000000004,-0.0117417080407549,
0.00543752403626554));
#2149=CARTESIAN_POINT('Ctrl Pts',(0.288299999999997,-0.011757679854123,
0.00172118024627661));
#2150=CARTESIAN_POINT('Ctrl Pts',(0.289837499999999,-0.0113213663091495,
-2.1211278388924E-5));
#2151=CARTESIAN_POINT('Ctrl Pts',(0.292912500000001,-0.00983501419265234,
-0.00293894626356492));
#2152=CARTESIAN_POINT('Ctrl Pts',(0.294450000000002,-0.00878833500929198,
-0.00411291695462609));
#2153=CARTESIAN_POINT('Ctrl Pts',(0.297524999999998,-0.0064633411911989,
-0.00574345415183227));
#2154=CARTESIAN_POINT('Ctrl Pts',(0.299062500000003,-0.00518850301663364,
-0.00620042023352157));
#2155=CARTESIAN_POINT('Ctrl Pts',(0.302137499999997,-0.00278572709548284,
-0.00645264507357901));
#2156=CARTESIAN_POINT('Ctrl Pts',(0.303674999999998,-0.00166054259502448,
-0.0062498762279934));
#2157=CARTESIAN_POINT('Ctrl Pts',(0.306750000000002,0.000164597335085805,
-0.00540762367941152));
#2158=CARTESIAN_POINT('Ctrl Pts',(0.308287500000008,0.000863157738297795,
-0.00477112321008437));
#2159=CARTESIAN_POINT('Ctrl Pts',(0.311362499999992,0.0017213834437287,
-0.00337885050071246));
#2160=CARTESIAN_POINT('Ctrl Pts',(0.312899999999999,0.00188130069230773,
-0.00262628873431997));
#2161=CARTESIAN_POINT('Ctrl Pts',(0.315975000000001,0.00173114496963949,
-0.00131565859858442));
#2162=CARTESIAN_POINT('Ctrl Pts',(0.317512499999999,0.00142285427448528,
-0.000760211044142993));
#2163=CARTESIAN_POINT('Ctrl Pts',(0.320587500000001,0.000556390317221216,
-6.32636919648949E-5));
#2164=CARTESIAN_POINT('Ctrl Pts',(0.322125000000003,1.04231838836853E-6,
7.68623146076965E-5));
#2165=CARTESIAN_POINT('Ctrl Pts',(0.325199999999997,-0.00105958446717163,
-0.000119701597999156));
#2166=CARTESIAN_POINT('Ctrl Pts',(0.3267375,-0.00156173338260787,-0.000456174330518582));
#2167=CARTESIAN_POINT('Ctrl Pts',(0.3298125,-0.00222858332756492,-0.00149387498755846));
#2168=CARTESIAN_POINT('Ctrl Pts',(0.331350000000003,-0.00239066232420963,
-0.00219334461903736));
#2169=CARTESIAN_POINT('Ctrl Pts',(0.334424999999997,-0.00219203897293171,
-0.00370028820632371));
#2170=CARTESIAN_POINT('Ctrl Pts',(0.33596152092698,-0.00183031869924269,
-0.00450445245450867));
#2171=CARTESIAN_POINT('Ctrl Pts',(0.3375,-0.00119634811364981,-0.00519850818280491));
#2172=CARTESIAN_POINT('Ctrl Pts',(0.169061453591941,0.082001800059748,-4.02892429985027E-5));
#2173=CARTESIAN_POINT('Ctrl Pts',(0.170601356325635,0.0814730407954854,
0.0118611250990349));
#2174=CARTESIAN_POINT('Ctrl Pts',(0.17213992972471,0.0783173194561965,0.0235067056175723));
#2175=CARTESIAN_POINT('Ctrl Pts',(0.175216666666665,0.0675297502252483,
0.0442019452581871));
#2176=CARTESIAN_POINT('Ctrl Pts',(0.176754166666669,0.0599118205497769,
0.0532382585926352));
#2177=CARTESIAN_POINT('Ctrl Pts',(0.179829166666664,0.0417767607831614,
0.0671578479289492));
#2178=CARTESIAN_POINT('Ctrl Pts',(0.181366666666666,0.0312719442805056,
0.0720348303954007));
#2179=CARTESIAN_POINT('Ctrl Pts',(0.184441666666667,0.00940909747815875,
0.0768997791798093));
#2180=CARTESIAN_POINT('Ctrl Pts',(0.185979166666662,-0.0019353781595969,
0.0768872953974818));
#2181=CARTESIAN_POINT('Ctrl Pts',(0.189054166666672,-0.0233560212887006,
0.0721697583443537));
#2182=CARTESIAN_POINT('Ctrl Pts',(0.19059166666666,-0.0334199752812741,
0.067469959616955));
#2183=CARTESIAN_POINT('Ctrl Pts',(0.193666666666673,-0.0504791009204448,
0.0544329536240277));
#2184=CARTESIAN_POINT('Ctrl Pts',(0.195204166666663,-0.0574656336133676,
0.0461055006658994));
#2185=CARTESIAN_POINT('Ctrl Pts',(0.19827916666667,-0.0672115181138163,
0.0274962533129224));
#2186=CARTESIAN_POINT('Ctrl Pts',(0.199816666666665,-0.0699672817602264,
0.017226708461542));
#2187=CARTESIAN_POINT('Ctrl Pts',(0.202891666666668,-0.0709236454890735,
-0.00329429670521478));
#2188=CARTESIAN_POINT('Ctrl Pts',(0.204429166666663,-0.0691261770297939,
-0.0135334081828544));
#2189=CARTESIAN_POINT('Ctrl Pts',(0.207504166666671,-0.0615041768207234,
-0.0321103348482378));
#2190=CARTESIAN_POINT('Ctrl Pts',(0.209041666666666,-0.0556865072956944,
-0.0404380217473286));
#2191=CARTESIAN_POINT('Ctrl Pts',(0.212116666666667,-0.0412730824624402,
-0.0537441089620028));
#2192=CARTESIAN_POINT('Ctrl Pts',(0.213654166666664,-0.032687625856019,
-0.0587164095183731));
#2193=CARTESIAN_POINT('Ctrl Pts',(0.216729166666669,-0.0144444310853111,
-0.0645488336973907));
#2194=CARTESIAN_POINT('Ctrl Pts',(0.218266666666667,-0.0047983468552258,
-0.06540786003882));
#2195=CARTESIAN_POINT('Ctrl Pts',(0.221341666666666,0.0137413489582347,
-0.0630468358466395));
#2196=CARTESIAN_POINT('Ctrl Pts',(0.222879166666667,0.0226242016361128,
-0.0598306791509578));
#2197=CARTESIAN_POINT('Ctrl Pts',(0.225954166666666,0.0380387560655669,
-0.0501054248783095));
#2198=CARTESIAN_POINT('Ctrl Pts',(0.227491666666664,0.0445625792939063,
-0.043604257788795));
#2199=CARTESIAN_POINT('Ctrl Pts',(0.23056666666667,0.0541734268506027,-0.0286661908124264));
#2200=CARTESIAN_POINT('Ctrl Pts',(0.232104166666665,0.0572568071457016,
-0.0202395808450739));
#2201=CARTESIAN_POINT('Ctrl Pts',(0.235179166666668,0.0595915953323192,
-0.00309843004695829));
#2202=CARTESIAN_POINT('Ctrl Pts',(0.236716666666668,0.0588440853826549,
0.00560551182438382));
#2203=CARTESIAN_POINT('Ctrl Pts',(0.239791666666665,0.0538518789292623,
0.0216845381036094));
#2204=CARTESIAN_POINT('Ctrl Pts',(0.241329166666666,0.0496125632361518,
0.0290507313138054));
#2205=CARTESIAN_POINT('Ctrl Pts',(0.244404166666667,0.0386020006563587,
0.0411685909362265));
#2206=CARTESIAN_POINT('Ctrl Pts',(0.245941666666667,0.0318392080669179,
0.0459146735494785));
#2207=CARTESIAN_POINT('Ctrl Pts',(0.249016666666666,0.017164381620497,0.0520606601831134));
#2208=CARTESIAN_POINT('Ctrl Pts',(0.250554166666665,0.00926212237654366,
0.053459182809708));
#2209=CARTESIAN_POINT('Ctrl Pts',(0.253629166666668,-0.00617223642463701,
0.0528396684017061));
#2210=CARTESIAN_POINT('Ctrl Pts',(0.255166666666675,-0.0136951625230126,
0.0508245029935738));
#2211=CARTESIAN_POINT('Ctrl Pts',(0.258241666666658,-0.0270065605204127,
0.043945525320691));
#2212=CARTESIAN_POINT('Ctrl Pts',(0.259779166666666,-0.0327881732502284,
0.0390880728972692));
#2213=CARTESIAN_POINT('Ctrl Pts',(0.262854166666667,-0.0416546765303937,
0.0275885048702599));
#2214=CARTESIAN_POINT('Ctrl Pts',(0.26439166666667,-0.0447362070758276,
0.0209548422701798));
#2215=CARTESIAN_POINT('Ctrl Pts',(0.267466666666663,-0.0477996724145597,
0.0072347003579077));
#2216=CARTESIAN_POINT('Ctrl Pts',(0.269004166666666,-0.0477821995078977,
0.000157040859662187));
#2217=CARTESIAN_POINT('Ctrl Pts',(0.272079166666667,-0.0448467451686687,
-0.013117493578133));
#2218=CARTESIAN_POINT('Ctrl Pts',(0.273616666666669,-0.0419329774283385,
-0.0193068897685963));
#2219=CARTESIAN_POINT('Ctrl Pts',(0.276691666666664,-0.0339318509069243,
-0.0297206329882834));
#2220=CARTESIAN_POINT('Ctrl Pts',(0.278229166666669,-0.0288513148635994,
-0.0339402015231589));
#2221=CARTESIAN_POINT('Ctrl Pts',(0.281304166666664,-0.0176012625931294,
-0.0397681675581486));
#2222=CARTESIAN_POINT('Ctrl Pts',(0.282841666666664,-0.0114397151993907,
-0.0413752504348421));
#2223=CARTESIAN_POINT('Ctrl Pts',(0.285916666666669,0.000758054744368155,
-0.0418640625935513));
#2224=CARTESIAN_POINT('Ctrl Pts',(0.287454166666669,0.00678676772449349,
-0.040747990419008));
#2225=CARTESIAN_POINT('Ctrl Pts',(0.290529166666664,0.0176134374886096,
-0.0361944984094708));
#2226=CARTESIAN_POINT('Ctrl Pts',(0.292066666666668,0.0224057702161326,
-0.0327621524116571));
#2227=CARTESIAN_POINT('Ctrl Pts',(0.295141666666665,0.0299655205827963,
-0.0243860760752722));
#2228=CARTESIAN_POINT('Ctrl Pts',(0.296679166666666,0.032730176045221,-0.0194491310680621));
#2229=CARTESIAN_POINT('Ctrl Pts',(0.299754166666667,0.0358808664709106,
-0.00909684064598568));
#2230=CARTESIAN_POINT('Ctrl Pts',(0.301291666666665,0.0362673589775516,
-0.00368855974844367));
#2231=CARTESIAN_POINT('Ctrl Pts',(0.304366666666669,0.0347838550210346,
0.00656400792522904));
#2232=CARTESIAN_POINT('Ctrl Pts',(0.305904166666667,0.0329172375837218,
0.0114023537214469));
#2233=CARTESIAN_POINT('Ctrl Pts',(0.308979166666666,0.0274661435957629,
0.0196638025646985));
#2234=CARTESIAN_POINT('Ctrl Pts',(0.310516666666669,0.0238871083663036,
0.0230831838807223));
#2235=CARTESIAN_POINT('Ctrl Pts',(0.313591666666664,0.0158300966143997,
0.0279955593818725));
#2236=CARTESIAN_POINT('Ctrl Pts',(0.315129374780292,0.0113578057174963,
0.0294877029498401));
#2237=CARTESIAN_POINT('Ctrl Pts',(0.316666666666667,0.00689632589919448,
0.0299667013381856));
#2238=CARTESIAN_POINT('',(0.169066666666667,0.0819999999999998,0.));
#2239=CARTESIAN_POINT('',(0.187395571750454,0.0502534051477723,0.));
#2240=CARTESIAN_POINT('Ctrl Pts',(0.169066666666667,0.0819999999999998,
0.));
#2241=CARTESIAN_POINT('Ctrl Pts',(0.170604828712856,0.0814659158350762,
0.0118874062135025));
#2242=CARTESIAN_POINT('Ctrl Pts',(0.172141666666668,0.0783112294387585,
0.0235183889141146));
#2243=CARTESIAN_POINT('Ctrl Pts',(0.175216666666665,0.0675297502252483,
0.0442019452581871));
#2244=CARTESIAN_POINT('Ctrl Pts',(0.176754166666669,0.0599118205497769,
0.0532382585926352));
#2245=CARTESIAN_POINT('Ctrl Pts',(0.179829166666664,0.0417767607831614,
0.0671578479289492));
#2246=CARTESIAN_POINT('Ctrl Pts',(0.181366666666666,0.0312719442805056,
0.0720348303954007));
#2247=CARTESIAN_POINT('Ctrl Pts',(0.184441666666667,0.00940909747815875,
0.0768997791798093));
#2248=CARTESIAN_POINT('Ctrl Pts',(0.185979166666662,-0.0019353781595969,
0.0768872953974818));
#2249=CARTESIAN_POINT('Ctrl Pts',(0.189054166666672,-0.0233560212887006,
0.0721697583443537));
#2250=CARTESIAN_POINT('Ctrl Pts',(0.19059166666666,-0.0334199752812741,
0.067469959616955));
#2251=CARTESIAN_POINT('Ctrl Pts',(0.193666666666673,-0.0504791009204448,
0.0544329536240277));
#2252=CARTESIAN_POINT('Ctrl Pts',(0.195204166666663,-0.0574656336133676,
0.0461055006658994));
#2253=CARTESIAN_POINT('Ctrl Pts',(0.19827916666667,-0.0672115181138163,
0.0274962533129224));
#2254=CARTESIAN_POINT('Ctrl Pts',(0.199816666666665,-0.0699672817602264,
0.017226708461542));
#2255=CARTESIAN_POINT('Ctrl Pts',(0.202891666666668,-0.0709236454890735,
-0.00329429670521478));
#2256=CARTESIAN_POINT('Ctrl Pts',(0.204429166666663,-0.0691261770297939,
-0.0135334081828544));
#2257=CARTESIAN_POINT('Ctrl Pts',(0.207504166666671,-0.0615041768207234,
-0.0321103348482378));
#2258=CARTESIAN_POINT('Ctrl Pts',(0.209041666666666,-0.0556865072956944,
-0.0404380217473286));
#2259=CARTESIAN_POINT('Ctrl Pts',(0.212116666666667,-0.0412730824624402,
-0.0537441089620028));
#2260=CARTESIAN_POINT('Ctrl Pts',(0.213654166666664,-0.032687625856019,
-0.0587164095183731));
#2261=CARTESIAN_POINT('Ctrl Pts',(0.216729166666669,-0.0144444310853111,
-0.0645488336973907));
#2262=CARTESIAN_POINT('Ctrl Pts',(0.218266666666667,-0.0047983468552258,
-0.06540786003882));
#2263=CARTESIAN_POINT('Ctrl Pts',(0.221341666666666,0.0137413489582347,
-0.0630468358466395));
#2264=CARTESIAN_POINT('Ctrl Pts',(0.222879166666667,0.0226242016361128,
-0.0598306791509578));
#2265=CARTESIAN_POINT('Ctrl Pts',(0.225954166666666,0.0380387560655669,
-0.0501054248783095));
#2266=CARTESIAN_POINT('Ctrl Pts',(0.227491666666664,0.0445625792939063,
-0.043604257788795));
#2267=CARTESIAN_POINT('Ctrl Pts',(0.23056666666667,0.0541734268506027,-0.0286661908124264));
#2268=CARTESIAN_POINT('Ctrl Pts',(0.232104166666665,0.0572568071457016,
-0.0202395808450739));
#2269=CARTESIAN_POINT('Ctrl Pts',(0.235179166666668,0.0595915953323192,
-0.00309843004695829));
#2270=CARTESIAN_POINT('Ctrl Pts',(0.236716666666668,0.0588440853826549,
0.00560551182438382));
#2271=CARTESIAN_POINT('Ctrl Pts',(0.239791666666665,0.0538518789292623,
0.0216845381036094));
#2272=CARTESIAN_POINT('Ctrl Pts',(0.241329166666666,0.0496125632361518,
0.0290507313138054));
#2273=CARTESIAN_POINT('Ctrl Pts',(0.244404166666667,0.0386020006563587,
0.0411685909362265));
#2274=CARTESIAN_POINT('Ctrl Pts',(0.245941666666667,0.0318392080669179,
0.0459146735494785));
#2275=CARTESIAN_POINT('Ctrl Pts',(0.249016666666666,0.017164381620497,0.0520606601831134));
#2276=CARTESIAN_POINT('Ctrl Pts',(0.250554166666665,0.00926212237654366,
0.053459182809708));
#2277=CARTESIAN_POINT('Ctrl Pts',(0.253629166666668,-0.00617223642463701,
0.0528396684017061));
#2278=CARTESIAN_POINT('Ctrl Pts',(0.255166666666675,-0.0136951625230126,
0.0508245029935738));
#2279=CARTESIAN_POINT('Ctrl Pts',(0.258241666666658,-0.0270065605204127,
0.043945525320691));
#2280=CARTESIAN_POINT('Ctrl Pts',(0.259779166666666,-0.0327881732502284,
0.0390880728972692));
#2281=CARTESIAN_POINT('Ctrl Pts',(0.261975336914195,-0.0391206450237266,
0.0308750617882155));
#2282=CARTESIAN_POINT('Ctrl Pts',(0.262634007161723,-0.040771784481734,
0.028249616911495));
#2283=CARTESIAN_POINT('Ctrl Pts',(0.263292677409251,-0.0421592695452428,
0.0255136476252693));
#2284=CARTESIAN_POINT('Ctrl Pts',(0.189907793444087,0.0459155949233543,
3.48851558344864E-5));
#2285=CARTESIAN_POINT('Ctrl Pts',(0.186570975840935,0.0459269444507756,
-0.01490328241665));
#2286=CARTESIAN_POINT('Ctrl Pts',(0.183233333333333,0.0371465073211607,
-0.0269885173356857));
#2287=CARTESIAN_POINT('Ctrl Pts',(0.1799,0.0283774064666732,-0.0390581492105907));
#2288=CARTESIAN_POINT('Ctrl Pts',(0.176566666666667,0.0141887032333366,
-0.0436683383551053));
#2289=CARTESIAN_POINT('Ctrl Pts',(0.173233333333333,2.95620720849785E-18,
-0.0482785274996199));
#2290=CARTESIAN_POINT('Ctrl Pts',(0.1699,-0.0141887032333366,-0.0436683383551053));
#2291=CARTESIAN_POINT('Ctrl Pts',(0.166566666666667,-0.0283774064666732,
-0.0390581492105907));
#2292=CARTESIAN_POINT('Ctrl Pts',(0.163233333333333,-0.0371465073211607,
-0.0269885173356858));
#2293=CARTESIAN_POINT('Ctrl Pts',(0.1599,-0.0459156081756482,-0.0149188854607808));
#2294=CARTESIAN_POINT('Ctrl Pts',(0.156566666666667,-0.0459156081756482,
-5.62304025832117E-18));
#2295=CARTESIAN_POINT('Ctrl Pts',(0.153233333333333,-0.0459156081756482,
0.0149188854607808));
#2296=CARTESIAN_POINT('Ctrl Pts',(0.1499,-0.0371465073211607,0.0269885173356857));
#2297=CARTESIAN_POINT('Ctrl Pts',(0.146566666666666,-0.0283774064666732,
0.0390581492105907));
#2298=CARTESIAN_POINT('Ctrl Pts',(0.143233333333333,-0.0141887032333366,
0.0436683383551053));
#2299=CARTESIAN_POINT('Ctrl Pts',(0.1399,-8.86862162549354E-18,0.0482785274996199));
#2300=CARTESIAN_POINT('Ctrl Pts',(0.136566666666666,0.0141887032333366,
0.0436683383551053));
#2301=CARTESIAN_POINT('Ctrl Pts',(0.133233333333333,0.0283774064666732,
0.0390581492105907));
#2302=CARTESIAN_POINT('Ctrl Pts',(0.1299,0.0371465073211607,0.0269885173356858));
#2303=CARTESIAN_POINT('Ctrl Pts',(0.126566666666666,0.0459156081756482,
0.0149188854607808));
#2304=CARTESIAN_POINT('Ctrl Pts',(0.123233333333333,0.0459156081756482,
0.));
#2305=CARTESIAN_POINT('Ctrl Pts',(0.1199,0.0459156081756482,-0.0149188854607808));
#2306=CARTESIAN_POINT('Ctrl Pts',(0.116566666666666,0.0371465073211607,
-0.0269885173356857));
#2307=CARTESIAN_POINT('Ctrl Pts',(0.113233333333333,0.0283774064666732,
-0.0390581492105907));
#2308=CARTESIAN_POINT('Ctrl Pts',(0.1099,0.0141887032333366,-0.0436683383551053));
#2309=CARTESIAN_POINT('Ctrl Pts',(0.106566666666666,2.95620720849785E-18,
-0.0482785274996199));
#2310=CARTESIAN_POINT('Ctrl Pts',(0.103233333333333,-0.0141887032333366,
-0.0436683383551053));
#2311=CARTESIAN_POINT('Ctrl Pts',(0.0998999999999996,-0.0283774064666732,
-0.0390581492105907));
#2312=CARTESIAN_POINT('Ctrl Pts',(0.0965666666666663,-0.0371465073211607,
-0.0269885173356858));
#2313=CARTESIAN_POINT('Ctrl Pts',(0.0932333333333329,-0.0459156081756482,
-0.0149188854607808));
#2314=CARTESIAN_POINT('Ctrl Pts',(0.0898999999999995,-0.0459156081756482,
-5.62304025832117E-18));
#2315=CARTESIAN_POINT('Ctrl Pts',(0.0865666666666662,-0.0459156081756482,
0.0149188854607808));
#2316=CARTESIAN_POINT('Ctrl Pts',(0.0832333333333329,-0.0371465073211607,
0.0269885173356857));
#2317=CARTESIAN_POINT('Ctrl Pts',(0.0798999999999995,-0.0283774064666732,
0.0390581492105907));
#2318=CARTESIAN_POINT('Ctrl Pts',(0.0765666666666661,-0.0141887032333366,
0.0436683383551053));
#2319=CARTESIAN_POINT('Ctrl Pts',(0.0732333333333328,-8.86862162549354E-18,
0.0482785274996199));
#2320=CARTESIAN_POINT('Ctrl Pts',(0.0698999999999994,0.0141887032333366,
0.0436683383551053));
#2321=CARTESIAN_POINT('Ctrl Pts',(0.0665666666666661,0.0283774064666732,
0.0390581492105907));
#2322=CARTESIAN_POINT('Ctrl Pts',(0.0632333333333328,0.0371465073211607,
0.0269885173356858));
#2323=CARTESIAN_POINT('Ctrl Pts',(0.0598999999999994,0.0459156081756482,
0.0149188854607808));
#2324=CARTESIAN_POINT('Ctrl Pts',(0.0565666666666661,0.0459156081756482,
0.));
#2325=CARTESIAN_POINT('Ctrl Pts',(0.0532333333333327,0.0459156081756482,
-0.0149188854607808));
#2326=CARTESIAN_POINT('Ctrl Pts',(0.0498999999999994,0.0371465073211607,
-0.0269885173356857));
#2327=CARTESIAN_POINT('Ctrl Pts',(0.046566666666666,0.0283774064666732,
-0.0390581492105907));
#2328=CARTESIAN_POINT('Ctrl Pts',(0.0432333333333327,0.0141887032333366,
-0.0436683383551053));
#2329=CARTESIAN_POINT('Ctrl Pts',(0.0398999999999993,2.95620720849785E-18,
-0.0482785274996199));
#2330=CARTESIAN_POINT('Ctrl Pts',(0.0365666666666659,-0.0141887032333366,
-0.0436683383551053));
#2331=CARTESIAN_POINT('Ctrl Pts',(0.0332333333333326,-0.0283774064666732,
-0.0390581492105907));
#2332=CARTESIAN_POINT('Ctrl Pts',(0.0298999999999993,-0.0371465073211607,
-0.0269885173356858));
#2333=CARTESIAN_POINT('Ctrl Pts',(0.0265666666666659,-0.0459156081756482,
-0.0149188854607808));
#2334=CARTESIAN_POINT('Ctrl Pts',(0.0232333333333326,-0.0459156081756482,
-5.62304025832117E-18));
#2335=CARTESIAN_POINT('Ctrl Pts',(0.0198999999999992,-0.0459156081756482,
0.0149188854607808));
#2336=CARTESIAN_POINT('Ctrl Pts',(0.0165666666666658,-0.0371465073211607,
0.0269885173356857));
#2337=CARTESIAN_POINT('Ctrl Pts',(0.0132333333333325,-0.0283774064666732,
0.0390581492105907));
#2338=CARTESIAN_POINT('Ctrl Pts',(0.00989999999999916,-0.0141887032333366,
0.0436683383551053));
#2339=CARTESIAN_POINT('Ctrl Pts',(0.00656666666666581,-8.86862162549354E-18,
0.0482785274996199));
#2340=CARTESIAN_POINT('Ctrl Pts',(0.00323333333333247,0.0141887032333366,
0.0436683383551053));
#2341=CARTESIAN_POINT('Ctrl Pts',(-0.000100000000000909,0.0283774064666732,
0.0390581492105907));
#2342=CARTESIAN_POINT('Ctrl Pts',(-0.00343333333333425,0.0371465073211607,
0.0269885173356858));
#2343=CARTESIAN_POINT('Ctrl Pts',(-0.0067666666666676,0.0459156081756482,
0.0149188854607808));
#2344=CARTESIAN_POINT('Ctrl Pts',(-0.0101000000000009,0.0459156081756482,
0.));
#2345=CARTESIAN_POINT('Ctrl Pts',(-0.0134333333333343,0.0459156081756482,
-0.0149188854607808));
#2346=CARTESIAN_POINT('Ctrl Pts',(-0.0167666666666677,0.0371465073211607,
-0.0269885173356857));
#2347=CARTESIAN_POINT('Ctrl Pts',(-0.020100000000001,0.0283774064666732,
-0.0390581492105907));
#2348=CARTESIAN_POINT('Ctrl Pts',(-0.0234333333333343,0.0141887032333366,
-0.0436683383551053));
#2349=CARTESIAN_POINT('Ctrl Pts',(-0.0267666666666677,2.95620720849785E-18,
-0.0482785274996199));
#2350=CARTESIAN_POINT('Ctrl Pts',(-0.030100000000001,-0.0141887032333366,
-0.0436683383551053));
#2351=CARTESIAN_POINT('Ctrl Pts',(-0.0334333333333344,-0.0283774064666732,
-0.0390581492105907));
#2352=CARTESIAN_POINT('Ctrl Pts',(-0.0367666666666678,-0.0371465073211607,
-0.0269885173356858));
#2353=CARTESIAN_POINT('Ctrl Pts',(-0.0401000000000011,-0.0459156081756482,
-0.0149188854607808));
#2354=CARTESIAN_POINT('Ctrl Pts',(-0.0434333333333344,-0.0459156081756482,
-5.62304025832117E-18));
#2355=CARTESIAN_POINT('Ctrl Pts',(-0.0467666666666678,-0.0459156081756482,
0.0149188854607808));
#2356=CARTESIAN_POINT('Ctrl Pts',(-0.0501000000000012,-0.0371465073211607,
0.0269885173356857));
#2357=CARTESIAN_POINT('Ctrl Pts',(-0.0534333333333345,-0.0283774064666732,
0.0390581492105907));
#2358=CARTESIAN_POINT('Ctrl Pts',(-0.0567666666666678,-0.0141887032333366,
0.0436683383551053));
#2359=CARTESIAN_POINT('Ctrl Pts',(-0.0601000000000012,-8.86862162549354E-18,
0.0482785274996199));
#2360=CARTESIAN_POINT('Ctrl Pts',(-0.0634333333333345,0.0141887032333366,
0.0436683383551053));
#2361=CARTESIAN_POINT('Ctrl Pts',(-0.0667666666666679,0.0283774064666732,
0.0390581492105907));
#2362=CARTESIAN_POINT('Ctrl Pts',(-0.0701000000000013,0.0371465073211607,
0.0269885173356858));
#2363=CARTESIAN_POINT('Ctrl Pts',(-0.0734333333333346,0.0459156081756482,
0.0149188854607808));
#2364=CARTESIAN_POINT('Ctrl Pts',(-0.0767666666666679,0.0459156081756482,
0.));
#2365=CARTESIAN_POINT('Ctrl Pts',(-0.0801000000000013,0.0459156081756482,
-0.0149188854607808));
#2366=CARTESIAN_POINT('Ctrl Pts',(-0.0834333333333347,0.0371465073211607,
-0.0269885173356857));
#2367=CARTESIAN_POINT('Ctrl Pts',(-0.086766666666668,0.0283774064666732,
-0.0390581492105907));
#2368=CARTESIAN_POINT('Ctrl Pts',(-0.0901000000000013,0.0141887032333366,
-0.0436683383551053));
#2369=CARTESIAN_POINT('Ctrl Pts',(-0.0934333333333347,2.95620720849785E-18,
-0.0482785274996199));
#2370=CARTESIAN_POINT('Ctrl Pts',(-0.096766666666668,-0.0141887032333366,
-0.0436683383551053));
#2371=CARTESIAN_POINT('Ctrl Pts',(-0.100100000000001,-0.0283774064666732,
-0.0390581492105907));
#2372=CARTESIAN_POINT('Ctrl Pts',(-0.103433333333335,-0.0371465073211607,
-0.0269885173356858));
#2373=CARTESIAN_POINT('Ctrl Pts',(-0.106766666666668,-0.0459156081756482,
-0.0149188854607808));
#2374=CARTESIAN_POINT('Ctrl Pts',(-0.110100000000001,-0.0459156081756482,
-5.62304025832117E-18));
#2375=CARTESIAN_POINT('Ctrl Pts',(-0.113433333333335,-0.0459156081756482,
0.0149188854607808));
#2376=CARTESIAN_POINT('Ctrl Pts',(-0.116766666666668,-0.0371465073211607,
0.0269885173356857));
#2377=CARTESIAN_POINT('Ctrl Pts',(-0.120100000000001,-0.0283774064666732,
0.0390581492105907));
#2378=CARTESIAN_POINT('Ctrl Pts',(-0.123433333333335,-0.0141887032333366,
0.0436683383551053));
#2379=CARTESIAN_POINT('Ctrl Pts',(-0.126766666666668,-8.86862162549354E-18,
0.0482785274996199));
#2380=CARTESIAN_POINT('Ctrl Pts',(-0.130100000000002,0.0141887032333366,
0.0436683383551053));
#2381=CARTESIAN_POINT('Ctrl Pts',(-0.133433333333335,0.0283774064666732,
0.0390581492105907));
#2382=CARTESIAN_POINT('Ctrl Pts',(-0.136766666666668,0.0371465073211607,
0.0269885173356858));
#2383=CARTESIAN_POINT('Ctrl Pts',(-0.140100000000002,0.0459156081756482,
0.0149188854607808));
#2384=CARTESIAN_POINT('Ctrl Pts',(-0.143433333333335,0.0459156081756482,
0.));
#2385=CARTESIAN_POINT('Ctrl Pts',(-0.144762340314463,0.0459156081756482,
-0.00594819087840937));
#2386=CARTESIAN_POINT('Ctrl Pts',(-0.146157510968319,0.0443999142523123,
-0.0117000294241924));
#2387=CARTESIAN_POINT('Ctrl Pts',(0.169074460110753,0.0819999763329256,
6.23008796373739E-5));
#2388=CARTESIAN_POINT('Ctrl Pts',(0.165737642507601,0.0820202452847162,
-0.0266155498472398));
#2389=CARTESIAN_POINT('Ctrl Pts',(0.1624,0.0663393935387455,-0.0481983906879827));
#2390=CARTESIAN_POINT('Ctrl Pts',(0.159066666666666,0.0506787870774912,
-0.0697533662848671));
#2391=CARTESIAN_POINT('Ctrl Pts',(0.155733333333333,0.0253393935387456,
-0.0779866343362024));
#2392=CARTESIAN_POINT('Ctrl Pts',(0.1524,5.27944637408476E-18,-0.0862199023875377));
#2393=CARTESIAN_POINT('Ctrl Pts',(0.149066666666666,-0.0253393935387456,
-0.0779866343362024));
#2394=CARTESIAN_POINT('Ctrl Pts',(0.145733333333333,-0.0506787870774912,
-0.0697533662848671));
#2395=CARTESIAN_POINT('Ctrl Pts',(0.1424,-0.0663393935387455,-0.0481983906879827));
#2396=CARTESIAN_POINT('Ctrl Pts',(0.139066666666666,-0.0819999999999998,
-0.0266434150910983));
#2397=CARTESIAN_POINT('Ctrl Pts',(0.135733333333333,-0.0819999999999998,
-1.00421037530083E-17));
#2398=CARTESIAN_POINT('Ctrl Pts',(0.1324,-0.0819999999999998,0.0266434150910982));
#2399=CARTESIAN_POINT('Ctrl Pts',(0.129066666666666,-0.0663393935387455,
0.0481983906879827));
#2400=CARTESIAN_POINT('Ctrl Pts',(0.125733333333333,-0.0506787870774912,
0.0697533662848671));
#2401=CARTESIAN_POINT('Ctrl Pts',(0.1224,-0.0253393935387456,0.0779866343362024));
#2402=CARTESIAN_POINT('Ctrl Pts',(0.119066666666666,-1.58383391222543E-17,
0.0862199023875377));
#2403=CARTESIAN_POINT('Ctrl Pts',(0.115733333333333,0.0253393935387456,
0.0779866343362024));
#2404=CARTESIAN_POINT('Ctrl Pts',(0.1124,0.0506787870774912,0.0697533662848671));
#2405=CARTESIAN_POINT('Ctrl Pts',(0.109066666666666,0.0663393935387455,
0.0481983906879827));
#2406=CARTESIAN_POINT('Ctrl Pts',(0.105733333333333,0.0819999999999998,
0.0266434150910983));
#2407=CARTESIAN_POINT('Ctrl Pts',(0.1024,0.0819999999999998,0.));
#2408=CARTESIAN_POINT('Ctrl Pts',(0.0990666666666662,0.0819999999999998,
-0.0266434150910982));
#2409=CARTESIAN_POINT('Ctrl Pts',(0.0957333333333329,0.0663393935387455,
-0.0481983906879827));
#2410=CARTESIAN_POINT('Ctrl Pts',(0.0923999999999995,0.0506787870774912,
-0.0697533662848671));
#2411=CARTESIAN_POINT('Ctrl Pts',(0.0890666666666661,0.0253393935387456,
-0.0779866343362024));
#2412=CARTESIAN_POINT('Ctrl Pts',(0.0857333333333328,5.27944637408476E-18,
-0.0862199023875377));
#2413=CARTESIAN_POINT('Ctrl Pts',(0.0823999999999994,-0.0253393935387456,
-0.0779866343362024));
#2414=CARTESIAN_POINT('Ctrl Pts',(0.0790666666666661,-0.0506787870774912,
-0.0697533662848671));
#2415=CARTESIAN_POINT('Ctrl Pts',(0.0757333333333328,-0.0663393935387455,
-0.0481983906879827));
#2416=CARTESIAN_POINT('Ctrl Pts',(0.0723999999999994,-0.0819999999999998,
-0.0266434150910983));
#2417=CARTESIAN_POINT('Ctrl Pts',(0.0690666666666661,-0.0819999999999998,
-1.00421037530083E-17));
#2418=CARTESIAN_POINT('Ctrl Pts',(0.0657333333333327,-0.0819999999999998,
0.0266434150910982));
#2419=CARTESIAN_POINT('Ctrl Pts',(0.0623999999999994,-0.0663393935387455,
0.0481983906879827));
#2420=CARTESIAN_POINT('Ctrl Pts',(0.059066666666666,-0.0506787870774912,
0.0697533662848671));
#2421=CARTESIAN_POINT('Ctrl Pts',(0.0557333333333327,-0.0253393935387456,
0.0779866343362024));
#2422=CARTESIAN_POINT('Ctrl Pts',(0.0523999999999993,-1.58383391222543E-17,
0.0862199023875377));
#2423=CARTESIAN_POINT('Ctrl Pts',(0.049066666666666,0.0253393935387456,
0.0779866343362024));
#2424=CARTESIAN_POINT('Ctrl Pts',(0.0457333333333326,0.0506787870774912,
0.0697533662848671));
#2425=CARTESIAN_POINT('Ctrl Pts',(0.0423999999999993,0.0663393935387455,
0.0481983906879827));
#2426=CARTESIAN_POINT('Ctrl Pts',(0.0390666666666659,0.0819999999999998,
0.0266434150910983));
#2427=CARTESIAN_POINT('Ctrl Pts',(0.0357333333333326,0.0819999999999998,
0.));
#2428=CARTESIAN_POINT('Ctrl Pts',(0.0323999999999992,0.0819999999999998,
-0.0266434150910982));
#2429=CARTESIAN_POINT('Ctrl Pts',(0.0290666666666659,0.0663393935387455,
-0.0481983906879827));
#2430=CARTESIAN_POINT('Ctrl Pts',(0.0257333333333325,0.0506787870774912,
-0.0697533662848671));
#2431=CARTESIAN_POINT('Ctrl Pts',(0.0223999999999992,0.0253393935387456,
-0.0779866343362024));
#2432=CARTESIAN_POINT('Ctrl Pts',(0.0190666666666658,5.27944637408476E-18,
-0.0862199023875377));
#2433=CARTESIAN_POINT('Ctrl Pts',(0.0157333333333325,-0.0253393935387456,
-0.0779866343362024));
#2434=CARTESIAN_POINT('Ctrl Pts',(0.0123999999999991,-0.0506787870774912,
-0.0697533662848671));
#2435=CARTESIAN_POINT('Ctrl Pts',(0.00906666666666575,-0.0663393935387455,
-0.0481983906879827));
#2436=CARTESIAN_POINT('Ctrl Pts',(0.00573333333333241,-0.0819999999999998,
-0.0266434150910983));
#2437=CARTESIAN_POINT('Ctrl Pts',(0.00239999999999906,-0.0819999999999998,
-1.00421037530083E-17));
#2438=CARTESIAN_POINT('Ctrl Pts',(-0.000933333333334279,-0.0819999999999998,
0.0266434150910982));
#2439=CARTESIAN_POINT('Ctrl Pts',(-0.00426666666666766,-0.0663393935387455,
0.0481983906879827));
#2440=CARTESIAN_POINT('Ctrl Pts',(-0.007600000000001,-0.0506787870774912,
0.0697533662848671));
#2441=CARTESIAN_POINT('Ctrl Pts',(-0.0109333333333343,-0.0253393935387456,
0.0779866343362024));
#2442=CARTESIAN_POINT('Ctrl Pts',(-0.0142666666666677,-1.58383391222543E-17,
0.0862199023875377));
#2443=CARTESIAN_POINT('Ctrl Pts',(-0.017600000000001,0.0253393935387456,
0.0779866343362024));
#2444=CARTESIAN_POINT('Ctrl Pts',(-0.0209333333333344,0.0506787870774912,
0.0697533662848671));
#2445=CARTESIAN_POINT('Ctrl Pts',(-0.0242666666666678,0.0663393935387455,
0.0481983906879827));
#2446=CARTESIAN_POINT('Ctrl Pts',(-0.0276000000000011,0.0819999999999998,
0.0266434150910983));
#2447=CARTESIAN_POINT('Ctrl Pts',(-0.0309333333333344,0.0819999999999998,
0.));
#2448=CARTESIAN_POINT('Ctrl Pts',(-0.0342666666666678,0.0819999999999998,
-0.0266434150910982));
#2449=CARTESIAN_POINT('Ctrl Pts',(-0.0376000000000012,0.0663393935387455,
-0.0481983906879827));
#2450=CARTESIAN_POINT('Ctrl Pts',(-0.0409333333333345,0.0506787870774912,
-0.0697533662848671));
#2451=CARTESIAN_POINT('Ctrl Pts',(-0.0442666666666678,0.0253393935387456,
-0.0779866343362024));
#2452=CARTESIAN_POINT('Ctrl Pts',(-0.0476000000000012,5.27944637408476E-18,
-0.0862199023875377));
#2453=CARTESIAN_POINT('Ctrl Pts',(-0.0509333333333345,-0.0253393935387456,
-0.0779866343362024));
#2454=CARTESIAN_POINT('Ctrl Pts',(-0.0542666666666679,-0.0506787870774912,
-0.0697533662848671));
#2455=CARTESIAN_POINT('Ctrl Pts',(-0.0576000000000012,-0.0663393935387455,
-0.0481983906879827));
#2456=CARTESIAN_POINT('Ctrl Pts',(-0.0609333333333346,-0.0819999999999998,
-0.0266434150910983));
#2457=CARTESIAN_POINT('Ctrl Pts',(-0.0642666666666679,-0.0819999999999998,
-1.00421037530083E-17));
#2458=CARTESIAN_POINT('Ctrl Pts',(-0.0676000000000013,-0.0819999999999998,
0.0266434150910982));
#2459=CARTESIAN_POINT('Ctrl Pts',(-0.0709333333333347,-0.0663393935387455,
0.0481983906879827));
#2460=CARTESIAN_POINT('Ctrl Pts',(-0.074266666666668,-0.0506787870774912,
0.0697533662848671));
#2461=CARTESIAN_POINT('Ctrl Pts',(-0.0776000000000013,-0.0253393935387456,
0.0779866343362024));
#2462=CARTESIAN_POINT('Ctrl Pts',(-0.0809333333333347,-1.58383391222543E-17,
0.0862199023875377));
#2463=CARTESIAN_POINT('Ctrl Pts',(-0.084266666666668,0.0253393935387456,
0.0779866343362024));
#2464=CARTESIAN_POINT('Ctrl Pts',(-0.0876000000000014,0.0506787870774912,
0.0697533662848671));
#2465=CARTESIAN_POINT('Ctrl Pts',(-0.0909333333333347,0.0663393935387455,
0.0481983906879827));
#2466=CARTESIAN_POINT('Ctrl Pts',(-0.0942666666666681,0.0819999999999998,
0.0266434150910983));
#2467=CARTESIAN_POINT('Ctrl Pts',(-0.0976000000000014,0.0819999999999998,
0.));
#2468=CARTESIAN_POINT('Ctrl Pts',(-0.100933333333335,0.0819999999999998,
-0.0266434150910982));
#2469=CARTESIAN_POINT('Ctrl Pts',(-0.104266666666668,0.0663393935387455,
-0.0481983906879827));
#2470=CARTESIAN_POINT('Ctrl Pts',(-0.107600000000002,0.0506787870774912,
-0.0697533662848671));
#2471=CARTESIAN_POINT('Ctrl Pts',(-0.110933333333335,0.0253393935387456,
-0.0779866343362024));
#2472=CARTESIAN_POINT('Ctrl Pts',(-0.114266666666668,5.27944637408476E-18,
-0.0862199023875377));
#2473=CARTESIAN_POINT('Ctrl Pts',(-0.117600000000002,-0.0253393935387456,
-0.0779866343362024));
#2474=CARTESIAN_POINT('Ctrl Pts',(-0.120933333333335,-0.0506787870774912,
-0.0697533662848671));
#2475=CARTESIAN_POINT('Ctrl Pts',(-0.124266666666668,-0.0663393935387455,
-0.0481983906879827));
#2476=CARTESIAN_POINT('Ctrl Pts',(-0.127600000000002,-0.0819999999999998,
-0.0266434150910983));
#2477=CARTESIAN_POINT('Ctrl Pts',(-0.130933333333335,-0.0819999999999998,
-1.00421037530083E-17));
#2478=CARTESIAN_POINT('Ctrl Pts',(-0.134266666666668,-0.0819999999999998,
0.0266434150910982));
#2479=CARTESIAN_POINT('Ctrl Pts',(-0.137600000000002,-0.0663393935387455,
0.0481983906879827));
#2480=CARTESIAN_POINT('Ctrl Pts',(-0.140933333333335,-0.0506787870774912,
0.0697533662848671));
#2481=CARTESIAN_POINT('Ctrl Pts',(-0.144266666666668,-0.0253393935387456,
0.0779866343362024));
#2482=CARTESIAN_POINT('Ctrl Pts',(-0.147600000000002,-1.58383391222543E-17,
0.0862199023875377));
#2483=CARTESIAN_POINT('Ctrl Pts',(-0.150933333333335,0.0253393935387456,
0.0779866343362024));
#2484=CARTESIAN_POINT('Ctrl Pts',(-0.154266666666668,0.0506787870774912,
0.0697533662848671));
#2485=CARTESIAN_POINT('Ctrl Pts',(-0.157600000000002,0.0663393935387455,
0.0481983906879827));
#2486=CARTESIAN_POINT('Ctrl Pts',(-0.160933333333335,0.0819999999999998,
0.0266434150910983));
#2487=CARTESIAN_POINT('Ctrl Pts',(-0.164266666666668,0.0819999999999998,
0.));
#2488=CARTESIAN_POINT('Ctrl Pts',(-0.165595673647797,0.0819999999999998,
-0.0106227853971507));
#2489=CARTESIAN_POINT('Ctrl Pts',(-0.166990844301653,0.0792931448226037,
-0.0208949080912447));
#2490=CARTESIAN_POINT('',(-0.0814204229891448,0.00370276694316712,0.0819163568340571));
#2491=CARTESIAN_POINT('Ctrl Pts',(-0.0814204229891448,0.00370276694316709,
0.0819163568340571));
#2492=CARTESIAN_POINT('Ctrl Pts',(-0.0823050528478356,0.0126460977158727,
0.081000839372302));
#2493=CARTESIAN_POINT('Ctrl Pts',(-0.0830497227957258,0.0200336561884169,
0.0787656862414976));
#2494=CARTESIAN_POINT('Ctrl Pts',(-0.0843180861957497,0.0323978099286467,
0.0738734298018082));
#2495=CARTESIAN_POINT('Ctrl Pts',(-0.0850554715463029,0.0388542757545317,
0.0702064512347521));
#2496=CARTESIAN_POINT('Ctrl Pts',(-0.0865645502248954,0.0506250315260232,
0.0611428205933451));
#2497=CARTESIAN_POINT('Ctrl Pts',(-0.087329238267207,0.0558685818300671,
0.0557716266856951));
#2498=CARTESIAN_POINT('Ctrl Pts',(-0.0884524000602577,0.0625008202899346,
0.0467156998857816));
#2499=CARTESIAN_POINT('Ctrl Pts',(-0.0888233681316675,0.0645255802497318,
0.0434991872003557));
#2500=CARTESIAN_POINT('Ctrl Pts',(-0.0895813212979676,0.0680133776573549,
0.0368926558387899));
#2501=CARTESIAN_POINT('Ctrl Pts',(-0.0899605584715743,0.0694892398709797,
0.0335309463930995));
#2502=CARTESIAN_POINT('Ctrl Pts',(-0.090344353808315,0.0707176840647571,
0.0300763748001847));
#2503=CARTESIAN_POINT('Ctrl Pts',(0.169066666666667,0.0819999999999998,
1.6940658945086E-20));
#2504=CARTESIAN_POINT('Ctrl Pts',(0.168431551438448,0.0819999999999998,
-0.00507649159683298));
#2505=CARTESIAN_POINT('Ctrl Pts',(0.167767612883631,0.0815244474348805,
-0.0102288523551261));
#2506=CARTESIAN_POINT('Ctrl Pts',(0.167091207547694,0.0805560393712442,
-0.0153207219418185));
#2507=CARTESIAN_POINT('Ctrl Pts',(0.166418755537946,0.0795932912762032,
-0.0203828315305987));
#2508=CARTESIAN_POINT('Ctrl Pts',(0.165734182855595,0.078143379335286,-0.0253835328239625));
#2509=CARTESIAN_POINT('Ctrl Pts',(0.165055647200664,0.0762406301268787,
-0.0301888442616877));
#2510=CARTESIAN_POINT('Ctrl Pts',(0.164373189209102,0.074326881904838,-0.0350219332361388));
#2511=CARTESIAN_POINT('Ctrl Pts',(0.163697053602985,0.0719558002098561,
-0.0396558905755569));
#2512=CARTESIAN_POINT('Ctrl Pts',(0.163044633761037,0.0692091884004442,
-0.0439782700995819));
#2513=CARTESIAN_POINT('Ctrl Pts',(0.162826951939047,0.0682927731958026,
-0.0454204448919841));
#2514=CARTESIAN_POINT('Ctrl Pts',(0.162611887360198,0.0673348789073977,
-0.0468282226244762));
#2515=CARTESIAN_POINT('Ctrl Pts',(0.1624,0.0663393935387455,-0.0481983906879827));
#2516=CARTESIAN_POINT('Ctrl Pts',(0.161764884771781,0.0633555066447404,
-0.0523053586616222));
#2517=CARTESIAN_POINT('Ctrl Pts',(0.161100946216964,0.0599422948696252,
-0.0561941832917649));
#2518=CARTESIAN_POINT('Ctrl Pts',(0.160424540881027,0.0561659104389992,
-0.0597443763425335));
#2519=CARTESIAN_POINT('Ctrl Pts',(0.159752088871279,0.0524115975070356,
-0.0632738198953073));
#2520=CARTESIAN_POINT('Ctrl Pts',(0.159067516188928,0.0482992556351273,
-0.0664672353694376));
#2521=CARTESIAN_POINT('Ctrl Pts',(0.158388980533997,0.0439354079937251,
-0.0692364060623086));
#2522=CARTESIAN_POINT('Ctrl Pts',(0.157706522542436,0.0395463347369395,
-0.0720215841964492));
#2523=CARTESIAN_POINT('Ctrl Pts',(0.157030386936319,0.0349043175667854,
-0.0743768475829561));
#2524=CARTESIAN_POINT('Ctrl Pts',(0.15637796709437,0.0301416309969873,-0.0762593081586859));
#2525=CARTESIAN_POINT('Ctrl Pts',(0.156160285272381,0.0285525464483268,
-0.0768873967323335));
#2526=CARTESIAN_POINT('Ctrl Pts',(0.155945220693531,0.026950122700528,-0.0774632767062426));
#2527=CARTESIAN_POINT('Ctrl Pts',(0.155733333333333,0.0253393935387456,
-0.0779866343362024));
#2528=CARTESIAN_POINT('Ctrl Pts',(0.155098218105114,0.0205113631256601,
-0.0795553565114254));
#2529=CARTESIAN_POINT('Ctrl Pts',(0.154434279550297,0.0154642230278416,
-0.080695246180991));
#2530=CARTESIAN_POINT('Ctrl Pts',(0.15375787421436,0.0103223127281392,-0.0813477096170658));
#2531=CARTESIAN_POINT('Ctrl Pts',(0.153085422204612,0.00521045489485989,
-0.0819963596580477));
#2532=CARTESIAN_POINT('Ctrl Pts',(0.152400849522261,6.45791367000562E-6,
-0.0821627131420265));
#2533=CARTESIAN_POINT('Ctrl Pts',(0.15172231386733,-0.00515164668343752,
-0.0818380140060167));
#2534=CARTESIAN_POINT('Ctrl Pts',(0.151039855875769,-0.0103395681699888,
-0.0815114379173281));
#2535=CARTESIAN_POINT('Ctrl Pts',(0.150363720269652,-0.0154794280326768,
-0.0806883767897363));
#2536=CARTESIAN_POINT('Ctrl Pts',(0.149711300427704,-0.0204390049709607,
-0.0794118824597239));
#2537=CARTESIAN_POINT('Ctrl Pts',(0.149493618605714,-0.0220937825770493,
-0.078985976327429));
#2538=CARTESIAN_POINT('Ctrl Pts',(0.149278554026864,-0.0237286643769631,
-0.0785099919661622));
#2539=CARTESIAN_POINT('Ctrl Pts',(0.149066666666666,-0.0253393935387456,
-0.0779866343362024));
#2540=CARTESIAN_POINT('Ctrl Pts',(0.148431551438448,-0.0301674239518312,
-0.0764179121609794));
#2541=CARTESIAN_POINT('Ctrl Pts',(0.14776761288363,-0.0349206564009688,
-0.0743734677596187));
#2542=CARTESIAN_POINT('Ctrl Pts',(0.147091207547694,-0.0394640576023644,
-0.0718789827248357));
#2543=CARTESIAN_POINT('Ctrl Pts',(0.146418755537945,-0.0439809043903042,
-0.0693990769851748));
#2544=CARTESIAN_POINT('Ctrl Pts',(0.145734182855594,-0.048288806511313,
-0.0664748271022691));
#2545=CARTESIAN_POINT('Ctrl Pts',(0.145055647200664,-0.0522709474255578,
-0.0631802821712164));
#2546=CARTESIAN_POINT('Ctrl Pts',(0.144373189209102,-0.0562761074649784,
-0.0598666928256647));
#2547=CARTESIAN_POINT('Ctrl Pts',(0.143697053602985,-0.0599505582500651,
-0.0561796885598953));
#2548=CARTESIAN_POINT('Ctrl Pts',(0.143044633761037,-0.0632126357362307,
-0.0522318167717587));
#2549=CARTESIAN_POINT('Ctrl Pts',(0.142826951939047,-0.0643010375980434,
-0.050914597600041));
#2550=CARTESIAN_POINT('Ctrl Pts',(0.142611887360198,-0.0653439081700934,
-0.049568558751489));
#2551=CARTESIAN_POINT('Ctrl Pts',(0.1424,-0.0663393935387455,-0.0481983906879827));
#2552=CARTESIAN_POINT('Ctrl Pts',(0.141764884771781,-0.0693232804327506,
-0.0440914227143432));
#2553=CARTESIAN_POINT('Ctrl Pts',(0.141100946216964,-0.0719670319940656,
-0.0396435525152666));
#2554=CARTESIAN_POINT('Ctrl Pts',(0.140424540881027,-0.0741764992627485,
-0.034954927508485));
#2555=CARTESIAN_POINT('Ctrl Pts',(0.139752088871279,-0.0763730530543315,
-0.0302937056918357));
#2556=CARTESIAN_POINT('Ctrl Pts',(0.139067516188928,-0.0781393881251415,
-0.0253958165057178));
#2557=CARTESIAN_POINT('Ctrl Pts',(0.138388980533997,-0.0794245228752737,
-0.0203898299658209));
#2558=CARTESIAN_POINT('Ctrl Pts',(0.137706522542436,-0.0807170864628876,
-0.0153549058686473));
#2559=CARTESIAN_POINT('Ctrl Pts',(0.137030386936319,-0.0815226128604584,
-0.0102122687775586));
#2560=CARTESIAN_POINT('Ctrl Pts',(0.13637796709437,-0.0818411881687261,
-0.00510097237113944));
#2561=CARTESIAN_POINT('Ctrl Pts',(0.136160285272381,-0.0819474817684695,
-0.00339557311296185));
#2562=CARTESIAN_POINT('Ctrl Pts',(0.135945220693531,-0.0819999999999998,
-0.00169362086709332));
#2563=CARTESIAN_POINT('Ctrl Pts',(0.135733333333333,-0.0819999999999998,
-6.93889390390723E-18));
#2564=CARTESIAN_POINT('Ctrl Pts',(0.135098218105114,-0.0819999999999998,
0.00507649159683307));
#2565=CARTESIAN_POINT('Ctrl Pts',(0.134434279550297,-0.0815244474348805,
0.0102288523551263));
#2566=CARTESIAN_POINT('Ctrl Pts',(0.13375787421436,-0.0805560393712441,
0.0153207219418188));
#2567=CARTESIAN_POINT('Ctrl Pts',(0.133085422204612,-0.0795932912762031,
0.0203828315305992));
#2568=CARTESIAN_POINT('Ctrl Pts',(0.132400849522261,-0.0781433793352858,
0.0253835328239633));
#2569=CARTESIAN_POINT('Ctrl Pts',(0.13172231386733,-0.0762406301268784,
0.0301888442616886));
#2570=CARTESIAN_POINT('Ctrl Pts',(0.131039855875769,-0.0743268819048375,
0.0350219332361396));
#2571=CARTESIAN_POINT('Ctrl Pts',(0.130363720269652,-0.0719558002098556,
0.0396558905755578));
#2572=CARTESIAN_POINT('Ctrl Pts',(0.129711300427703,-0.0692091884004437,
0.0439782700995827));
#2573=CARTESIAN_POINT('Ctrl Pts',(0.129493618605714,-0.0682927731958023,
0.0454204448919846));
#2574=CARTESIAN_POINT('Ctrl Pts',(0.129278554026864,-0.0673348789073975,
0.0468282226244765));
#2575=CARTESIAN_POINT('Ctrl Pts',(0.129066666666666,-0.0663393935387455,
0.0481983906879827));
#2576=CARTESIAN_POINT('Ctrl Pts',(0.128431551438448,-0.0633555066447404,
0.0523053586616221));
#2577=CARTESIAN_POINT('Ctrl Pts',(0.12776761288363,-0.0599422948696253,
0.0561941832917648));
#2578=CARTESIAN_POINT('Ctrl Pts',(0.127091207547694,-0.0561659104389994,
0.0597443763425334));
#2579=CARTESIAN_POINT('Ctrl Pts',(0.126418755537945,-0.0524115975070358,
0.0632738198953072));
#2580=CARTESIAN_POINT('Ctrl Pts',(0.125734182855594,-0.0482992556351274,
0.0664672353694375));
#2581=CARTESIAN_POINT('Ctrl Pts',(0.125055647200664,-0.0439354079937252,
0.0692364060623085));
#2582=CARTESIAN_POINT('Ctrl Pts',(0.124373189209102,-0.0395463347369398,
0.072021584196449));
#2583=CARTESIAN_POINT('Ctrl Pts',(0.123697053602985,-0.0349043175667859,
0.0743768475829558));
#2584=CARTESIAN_POINT('Ctrl Pts',(0.123044633761037,-0.0301416309969881,
0.0762593081586856));
#2585=CARTESIAN_POINT('Ctrl Pts',(0.122826951939047,-0.0285525464483273,
0.0768873967323333));
#2586=CARTESIAN_POINT('Ctrl Pts',(0.122611887360198,-0.0269501227005282,
0.0774632767062425));
#2587=CARTESIAN_POINT('Ctrl Pts',(0.1224,-0.0253393935387456,0.0779866343362024));
#2588=CARTESIAN_POINT('Ctrl Pts',(0.121764884771781,-0.02051136312566,0.0795553565114254));
#2589=CARTESIAN_POINT('Ctrl Pts',(0.121100946216964,-0.0154642230278414,
0.080695246180991));
#2590=CARTESIAN_POINT('Ctrl Pts',(0.120424540881027,-0.0103223127281391,
0.0813477096170658));
#2591=CARTESIAN_POINT('Ctrl Pts',(0.119752088871279,-0.00521045489485973,
0.0819963596580478));
#2592=CARTESIAN_POINT('Ctrl Pts',(0.119067516188928,-6.45791366983475E-6,
0.0821627131420265));
#2593=CARTESIAN_POINT('Ctrl Pts',(0.118388980533997,0.00515164668343766,
0.0818380140060167));
#2594=CARTESIAN_POINT('Ctrl Pts',(0.117706522542435,0.0103395681699893,
0.0815114379173281));
#2595=CARTESIAN_POINT('Ctrl Pts',(0.117030386936318,0.0154794280326776,
0.0806883767897361));
#2596=CARTESIAN_POINT('Ctrl Pts',(0.11637796709437,0.0204390049709617,0.0794118824597236));
#2597=CARTESIAN_POINT('Ctrl Pts',(0.11616028527238,0.02209378257705,0.0789859763274288));
#2598=CARTESIAN_POINT('Ctrl Pts',(0.115945220693531,0.0237286643769634,
0.0785099919661621));
#2599=CARTESIAN_POINT('Ctrl Pts',(0.115733333333333,0.0253393935387456,
0.0779866343362024));
#2600=CARTESIAN_POINT('Ctrl Pts',(0.115098218105114,0.0301674239518312,
0.0764179121609794));
#2601=CARTESIAN_POINT('Ctrl Pts',(0.114434279550297,0.0349206564009687,
0.0743734677596187));
#2602=CARTESIAN_POINT('Ctrl Pts',(0.11375787421436,0.0394640576023643,0.0718789827248357));
#2603=CARTESIAN_POINT('Ctrl Pts',(0.113085422204612,0.0439809043903036,
0.0693990769851751));
#2604=CARTESIAN_POINT('Ctrl Pts',(0.112400849522261,0.048288806511312,0.0664748271022697));
#2605=CARTESIAN_POINT('Ctrl Pts',(0.11172231386733,0.0522709474255565,0.0631802821712176));
#2606=CARTESIAN_POINT('Ctrl Pts',(0.111039855875769,0.0562761074649772,
0.0598666928256658));
#2607=CARTESIAN_POINT('Ctrl Pts',(0.110363720269652,0.059950558250064,0.0561796885598964));
#2608=CARTESIAN_POINT('Ctrl Pts',(0.109711300427704,0.0632126357362297,
0.0522318167717599));
#2609=CARTESIAN_POINT('Ctrl Pts',(0.109493618605714,0.0643010375980428,
0.0509145976000418));
#2610=CARTESIAN_POINT('Ctrl Pts',(0.109278554026864,0.0653439081700931,
0.0495685587514894));
#2611=CARTESIAN_POINT('Ctrl Pts',(0.109066666666666,0.0663393935387455,
0.0481983906879827));
#2612=CARTESIAN_POINT('Ctrl Pts',(0.108431551438447,0.0693232804327506,
0.0440914227143432));
#2613=CARTESIAN_POINT('Ctrl Pts',(0.10776761288363,0.0719670319940656,0.0396435525152666));
#2614=CARTESIAN_POINT('Ctrl Pts',(0.107091207547693,0.0741764992627485,
0.034954927508485));
#2615=CARTESIAN_POINT('Ctrl Pts',(0.106418755537945,0.0763730530543315,
0.0302937056918357));
#2616=CARTESIAN_POINT('Ctrl Pts',(0.105734182855594,0.0781393881251415,
0.0253958165057177));
#2617=CARTESIAN_POINT('Ctrl Pts',(0.105055647200664,0.0794245228752737,
0.0203898299658208));
#2618=CARTESIAN_POINT('Ctrl Pts',(0.104373189209102,0.0807170864628876,
0.0153549058686472));
#2619=CARTESIAN_POINT('Ctrl Pts',(0.103697053602985,0.0815226128604584,
0.0102122687775585));
#2620=CARTESIAN_POINT('Ctrl Pts',(0.103044633761037,0.0818411881687261,
0.00510097237113935));
#2621=CARTESIAN_POINT('Ctrl Pts',(0.102826951939047,0.0819474817684694,
0.00339557311296181));
#2622=CARTESIAN_POINT('Ctrl Pts',(0.102611887360198,0.0819999999999998,
0.00169362086709327));
#2623=CARTESIAN_POINT('Ctrl Pts',(0.1024,0.0819999999999998,0.));
#2624=CARTESIAN_POINT('Ctrl Pts',(0.101764884771781,0.0819999999999998,
-0.00507649159683306));
#2625=CARTESIAN_POINT('Ctrl Pts',(0.101100946216963,0.0815244474348805,
-0.0102288523551262));
#2626=CARTESIAN_POINT('Ctrl Pts',(0.100424540881027,0.0805560393712441,
-0.0153207219418187));
#2627=CARTESIAN_POINT('Ctrl Pts',(0.0997520888712785,0.0795932912762031,
-0.020382831530599));
#2628=CARTESIAN_POINT('Ctrl Pts',(0.0990675161889275,0.0781433793352859,
-0.025383532823963));
#2629=CARTESIAN_POINT('Ctrl Pts',(0.0983889805339968,0.0762406301268785,
-0.0301888442616883));
#2630=CARTESIAN_POINT('Ctrl Pts',(0.0977065225424353,0.0743268819048377,
-0.0350219332361393));
#2631=CARTESIAN_POINT('Ctrl Pts',(0.0970303869363182,0.0719558002098558,
-0.0396558905755574));
#2632=CARTESIAN_POINT('Ctrl Pts',(0.09637796709437,0.0692091884004439,-0.0439782700995824));
#2633=CARTESIAN_POINT('Ctrl Pts',(0.0961602852723803,0.0682927731958024,
-0.0454204448919844));
#2634=CARTESIAN_POINT('Ctrl Pts',(0.0959452206935308,0.0673348789073975,
-0.0468282226244764));
#2635=CARTESIAN_POINT('Ctrl Pts',(0.0957333333333328,0.0663393935387454,
-0.0481983906879827));
#2636=CARTESIAN_POINT('Ctrl Pts',(0.0950982181051141,0.0633555066447403,
-0.0523053586616223));
#2637=CARTESIAN_POINT('Ctrl Pts',(0.0944342795502968,0.059942294869625,
-0.0561941832917651));
#2638=CARTESIAN_POINT('Ctrl Pts',(0.09375787421436,0.056165910438999,-0.0597443763425337));
#2639=CARTESIAN_POINT('Ctrl Pts',(0.0930854222046118,0.0524115975070352,
-0.0632738198953076));
#2640=CARTESIAN_POINT('Ctrl Pts',(0.0924008495222607,0.0482992556351266,
-0.0664672353694381));
#2641=CARTESIAN_POINT('Ctrl Pts',(0.09172231386733,0.0439354079937242,-0.0692364060623092));
#2642=CARTESIAN_POINT('Ctrl Pts',(0.0910398558757685,0.0395463347369384,
-0.0720215841964498));
#2643=CARTESIAN_POINT('Ctrl Pts',(0.0903637202696514,0.034904317566784,
-0.0743768475829567));
#2644=CARTESIAN_POINT('Ctrl Pts',(0.0897113004277031,0.0301416309969857,
-0.0762593081586865));
#2645=CARTESIAN_POINT('Ctrl Pts',(0.0894936186057134,0.0285525464483257,
-0.0768873967323339));
#2646=CARTESIAN_POINT('Ctrl Pts',(0.089278554026864,0.0269501227005274,
-0.0774632767062428));
#2647=CARTESIAN_POINT('Ctrl Pts',(0.0890666666666661,0.0253393935387456,
-0.0779866343362024));
#2648=CARTESIAN_POINT('Ctrl Pts',(0.0884315514384474,0.0205113631256599,
-0.0795553565114254));
#2649=CARTESIAN_POINT('Ctrl Pts',(0.0877676128836301,0.0154642230278413,
-0.080695246180991));
#2650=CARTESIAN_POINT('Ctrl Pts',(0.0870912075476933,0.0103223127281389,
-0.0813477096170658));
#2651=CARTESIAN_POINT('Ctrl Pts',(0.0864187555379451,0.00521045489485996,
-0.0819963596580477));
#2652=CARTESIAN_POINT('Ctrl Pts',(0.0857341828555942,6.45791367054598E-6,
-0.0821627131420265));
#2653=CARTESIAN_POINT('Ctrl Pts',(0.0850556472006636,-0.00515164668343654,
-0.0818380140060168));
#2654=CARTESIAN_POINT('Ctrl Pts',(0.0843731892091022,-0.0103395681699874,
-0.0815114379173283));
#2655=CARTESIAN_POINT('Ctrl Pts',(0.0836970536029851,-0.0154794280326751,
-0.0806883767897366));
#2656=CARTESIAN_POINT('Ctrl Pts',(0.0830446337610369,-0.0204390049709586,
-0.0794118824597245));
#2657=CARTESIAN_POINT('Ctrl Pts',(0.0828269519390471,-0.0220937825770479,
-0.0789859763274294));
#2658=CARTESIAN_POINT('Ctrl Pts',(0.0826118873601975,-0.0237286643769625,
-0.0785099919661624));
#2659=CARTESIAN_POINT('Ctrl Pts',(0.0823999999999994,-0.0253393935387456,
-0.0779866343362024));
#2660=CARTESIAN_POINT('Ctrl Pts',(0.0817648847717807,-0.0301674239518314,
-0.0764179121609793));
#2661=CARTESIAN_POINT('Ctrl Pts',(0.0811009462169633,-0.0349206564009691,
-0.0743734677596185));
#2662=CARTESIAN_POINT('Ctrl Pts',(0.0804245408810266,-0.0394640576023649,
-0.0718789827248354));
#2663=CARTESIAN_POINT('Ctrl Pts',(0.0797520888712784,-0.0439809043903045,
-0.0693990769851745));
#2664=CARTESIAN_POINT('Ctrl Pts',(0.0790675161889274,-0.048288806511313,
-0.066474827102269));
#2665=CARTESIAN_POINT('Ctrl Pts',(0.0783889805339968,-0.0522709474255577,
-0.0631802821712166));
#2666=CARTESIAN_POINT('Ctrl Pts',(0.0777065225424354,-0.0562761074649779,
-0.0598666928256651));
#2667=CARTESIAN_POINT('Ctrl Pts',(0.0770303869363183,-0.0599505582500644,
-0.056179688559896));
#2668=CARTESIAN_POINT('Ctrl Pts',(0.0763779670943701,-0.0632126357362297,
-0.0522318167717599));
#2669=CARTESIAN_POINT('Ctrl Pts',(0.0761602852723803,-0.0643010375980428,
-0.0509145976000418));
#2670=CARTESIAN_POINT('Ctrl Pts',(0.0759452206935307,-0.0653439081700932,
-0.0495685587514893));
#2671=CARTESIAN_POINT('Ctrl Pts',(0.0757333333333328,-0.0663393935387456,
-0.0481983906879826));
#2672=CARTESIAN_POINT('Ctrl Pts',(0.075098218105114,-0.0693232804327507,
-0.044091422714343));
#2673=CARTESIAN_POINT('Ctrl Pts',(0.0744342795502967,-0.0719670319940658,
-0.0396435525152663));
#2674=CARTESIAN_POINT('Ctrl Pts',(0.0737578742143599,-0.0741764992627487,
-0.0349549275084844));
#2675=CARTESIAN_POINT('Ctrl Pts',(0.0730854222046117,-0.0763730530543316,
-0.0302937056918353));
#2676=CARTESIAN_POINT('Ctrl Pts',(0.0724008495222607,-0.0781393881251416,
-0.0253958165057175));
#2677=CARTESIAN_POINT('Ctrl Pts',(0.0717223138673301,-0.0794245228752737,
-0.0203898299658208));
#2678=CARTESIAN_POINT('Ctrl Pts',(0.0710398558757687,-0.0807170864628875,
-0.0153549058686475));
#2679=CARTESIAN_POINT('Ctrl Pts',(0.0703637202696516,-0.0815226128604584,
-0.0102122687775589));
#2680=CARTESIAN_POINT('Ctrl Pts',(0.0697113004277034,-0.0818411881687261,
-0.00510097237114003));
#2681=CARTESIAN_POINT('Ctrl Pts',(0.0694936186057136,-0.0819474817684694,
-0.00339557311296223));
#2682=CARTESIAN_POINT('Ctrl Pts',(0.069278554026864,-0.0819999999999998,
-0.00169362086709353));
#2683=CARTESIAN_POINT('Ctrl Pts',(0.0690666666666661,-0.0819999999999998,
-6.93889390390723E-18));
#2684=CARTESIAN_POINT('Ctrl Pts',(0.0684315514384473,-0.0819999999999998,
0.00507649159683308));
#2685=CARTESIAN_POINT('Ctrl Pts',(0.06776761288363,-0.0815244474348805,
0.0102288523551262));
#2686=CARTESIAN_POINT('Ctrl Pts',(0.0670912075476932,-0.0805560393712441,
0.0153207219418188));
#2687=CARTESIAN_POINT('Ctrl Pts',(0.066418755537945,-0.0795932912762031,
0.0203828315305991));
#2688=CARTESIAN_POINT('Ctrl Pts',(0.0657341828555939,-0.0781433793352858,
0.0253835328239631));
#2689=CARTESIAN_POINT('Ctrl Pts',(0.0650556472006633,-0.0762406301268784,
0.0301888442616884));
#2690=CARTESIAN_POINT('Ctrl Pts',(0.0643731892091018,-0.0743268819048376,
0.0350219332361394));
#2691=CARTESIAN_POINT('Ctrl Pts',(0.0636970536029847,-0.0719558002098558,
0.0396558905755575));
#2692=CARTESIAN_POINT('Ctrl Pts',(0.0630446337610364,-0.0692091884004438,
0.0439782700995825));
#2693=CARTESIAN_POINT('Ctrl Pts',(0.0628269519390467,-0.0682927731958024,
0.0454204448919845));
#2694=CARTESIAN_POINT('Ctrl Pts',(0.0626118873601973,-0.0673348789073975,
0.0468282226244764));
#2695=CARTESIAN_POINT('Ctrl Pts',(0.0623999999999994,-0.0663393935387455,
0.0481983906879827));
#2696=CARTESIAN_POINT('Ctrl Pts',(0.0617648847717806,-0.0633555066447403,
0.0523053586616223));
#2697=CARTESIAN_POINT('Ctrl Pts',(0.0611009462169633,-0.059942294869625,
0.0561941832917651));
#2698=CARTESIAN_POINT('Ctrl Pts',(0.0604245408810265,-0.0561659104389989,
0.0597443763425338));
#2699=CARTESIAN_POINT('Ctrl Pts',(0.0597520888712784,-0.0524115975070358,
0.063273819895307));
#2700=CARTESIAN_POINT('Ctrl Pts',(0.0590675161889275,-0.048299255635128,
0.066467235369437));
#2701=CARTESIAN_POINT('Ctrl Pts',(0.0583889805339969,-0.0439354079937265,
0.0692364060623077));
#2702=CARTESIAN_POINT('Ctrl Pts',(0.0577065225424354,-0.0395463347369407,
0.0720215841964485));
#2703=CARTESIAN_POINT('Ctrl Pts',(0.0570303869363182,-0.0349043175667865,
0.0743768475829555));
#2704=CARTESIAN_POINT('Ctrl Pts',(0.0563779670943699,-0.0301416309969882,
0.0762593081586855));
#2705=CARTESIAN_POINT('Ctrl Pts',(0.0561602852723802,-0.0285525464483274,
0.0768873967323332));
#2706=CARTESIAN_POINT('Ctrl Pts',(0.0559452206935306,-0.0269501227005282,
0.0774632767062425));
#2707=CARTESIAN_POINT('Ctrl Pts',(0.0557333333333327,-0.0253393935387456,
0.0779866343362024));
#2708=CARTESIAN_POINT('Ctrl Pts',(0.0550982181051139,-0.02051136312566,
0.0795553565114254));
#2709=CARTESIAN_POINT('Ctrl Pts',(0.0544342795502966,-0.0154642230278415,
0.080695246180991));
#2710=CARTESIAN_POINT('Ctrl Pts',(0.0537578742143599,-0.0103223127281391,
0.0813477096170658));
#2711=CARTESIAN_POINT('Ctrl Pts',(0.0530854222046116,-0.00521045489485975,
0.0819963596580477));
#2712=CARTESIAN_POINT('Ctrl Pts',(0.0524008495222606,-6.45791366990067E-6,
0.0821627131420265));
#2713=CARTESIAN_POINT('Ctrl Pts',(0.05172231386733,0.00515164668343757,
0.0818380140060167));
#2714=CARTESIAN_POINT('Ctrl Pts',(0.0510398558757685,0.0103395681699891,
0.0815114379173281));
#2715=CARTESIAN_POINT('Ctrl Pts',(0.0503637202696513,0.0154794280326775,
0.0806883767897362));
#2716=CARTESIAN_POINT('Ctrl Pts',(0.049711300427703,0.0204390049709616,
0.0794118824597237));
#2717=CARTESIAN_POINT('Ctrl Pts',(0.0494936186057133,0.02209378257705,0.0789859763274288));
#2718=CARTESIAN_POINT('Ctrl Pts',(0.0492785540268639,0.0237286643769634,
0.0785099919661622));
#2719=CARTESIAN_POINT('Ctrl Pts',(0.049066666666666,0.0253393935387456,
0.0779866343362024));
#2720=CARTESIAN_POINT('Ctrl Pts',(0.0484315514384472,0.030167423951831,
0.0764179121609794));
#2721=CARTESIAN_POINT('Ctrl Pts',(0.0477676128836299,0.0349206564009685,
0.0743734677596188));
#2722=CARTESIAN_POINT('Ctrl Pts',(0.0470912075476932,0.0394640576023639,
0.0718789827248359));
#2723=CARTESIAN_POINT('Ctrl Pts',(0.0464187555379449,0.0439809043903044,
0.0693990769851746));
#2724=CARTESIAN_POINT('Ctrl Pts',(0.0457341828555938,0.0482888065113138,
0.0664748271022686));
#2725=CARTESIAN_POINT('Ctrl Pts',(0.0450556472006631,0.0522709474255592,
0.0631802821712154));
#2726=CARTESIAN_POINT('Ctrl Pts',(0.0443731892091017,0.0562761074649792,
0.0598666928256639));
#2727=CARTESIAN_POINT('Ctrl Pts',(0.0436970536029846,0.0599505582500655,
0.0561796885598948));
#2728=CARTESIAN_POINT('Ctrl Pts',(0.0430446337610364,0.0632126357362307,
0.0522318167717587));
#2729=CARTESIAN_POINT('Ctrl Pts',(0.0428269519390467,0.0643010375980434,
0.050914597600041));
#2730=CARTESIAN_POINT('Ctrl Pts',(0.0426118873601972,0.0653439081700934,
0.049568558751489));
#2731=CARTESIAN_POINT('Ctrl Pts',(0.0423999999999993,0.0663393935387455,
0.0481983906879827));
#2732=CARTESIAN_POINT('Ctrl Pts',(0.0417648847717805,0.0693232804327508,
0.0440914227143429));
#2733=CARTESIAN_POINT('Ctrl Pts',(0.0411009462169631,0.071967031994066,
0.0396435525152659));
#2734=CARTESIAN_POINT('Ctrl Pts',(0.0404245408810263,0.074176499262749,
0.0349549275084838));
#2735=CARTESIAN_POINT('Ctrl Pts',(0.0397520888712781,0.0763730530543318,
0.0302937056918348));
#2736=CARTESIAN_POINT('Ctrl Pts',(0.0390675161889272,0.0781393881251416,
0.0253958165057173));
#2737=CARTESIAN_POINT('Ctrl Pts',(0.0383889805339966,0.0794245228752738,
0.0203898299658207));
#2738=CARTESIAN_POINT('Ctrl Pts',(0.0377065225424351,0.0807170864628876,
0.015354905868647));
#2739=CARTESIAN_POINT('Ctrl Pts',(0.037030386936318,0.0815226128604584,
0.0102122687775582));
#2740=CARTESIAN_POINT('Ctrl Pts',(0.0363779670943697,0.0818411881687261,
0.00510097237113901));
#2741=CARTESIAN_POINT('Ctrl Pts',(0.03616028527238,0.0819474817684695,0.00339557311296154));
#2742=CARTESIAN_POINT('Ctrl Pts',(0.0359452206935305,0.0819999999999998,
0.00169362086709319));
#2743=CARTESIAN_POINT('Ctrl Pts',(0.0357333333333326,0.0819999999999998,
0.));
#2744=CARTESIAN_POINT('Ctrl Pts',(0.0350982181051138,0.0819999999999998,
-0.00507649159683275));
#2745=CARTESIAN_POINT('Ctrl Pts',(0.0344342795502966,0.0815244474348805,
-0.0102288523551256));
#2746=CARTESIAN_POINT('Ctrl Pts',(0.0337578742143599,0.0805560393712443,
-0.0153207219418178));
#2747=CARTESIAN_POINT('Ctrl Pts',(0.0330854222046117,0.0795932912762035,
-0.0203828315305975));
#2748=CARTESIAN_POINT('Ctrl Pts',(0.0324008495222608,0.0781433793352865,
-0.0253835328239609));
#2749=CARTESIAN_POINT('Ctrl Pts',(0.0317223138673302,0.0762406301268795,
-0.0301888442616857));
#2750=CARTESIAN_POINT('Ctrl Pts',(0.0310398558757686,0.0743268819048387,
-0.0350219332361372));
#2751=CARTESIAN_POINT('Ctrl Pts',(0.0303637202696514,0.0719558002098568,
-0.0396558905755558));
#2752=CARTESIAN_POINT('Ctrl Pts',(0.0297113004277031,0.0692091884004447,
-0.0439782700995812));
#2753=CARTESIAN_POINT('Ctrl Pts',(0.0294936186057134,0.0682927731958029,
-0.0454204448919837));
#2754=CARTESIAN_POINT('Ctrl Pts',(0.0292785540268638,0.0673348789073978,
-0.046828222624476));
#2755=CARTESIAN_POINT('Ctrl Pts',(0.0290666666666659,0.0663393935387455,
-0.0481983906879827));
#2756=CARTESIAN_POINT('Ctrl Pts',(0.0284315514384471,0.0633555066447404,
-0.0523053586616222));
#2757=CARTESIAN_POINT('Ctrl Pts',(0.0277676128836298,0.0599422948696251,
-0.0561941832917649));
#2758=CARTESIAN_POINT('Ctrl Pts',(0.0270912075476931,0.0561659104389992,
-0.0597443763425336));
#2759=CARTESIAN_POINT('Ctrl Pts',(0.026418755537945,0.0524115975070364,
-0.0632738198953066));
#2760=CARTESIAN_POINT('Ctrl Pts',(0.0257341828555941,0.048299255635129,
-0.0664672353694363));
#2761=CARTESIAN_POINT('Ctrl Pts',(0.0250556472006636,0.0439354079937278,
-0.0692364060623069));
#2762=CARTESIAN_POINT('Ctrl Pts',(0.0243731892091022,0.039546334736943,
-0.0720215841964472));
#2763=CARTESIAN_POINT('Ctrl Pts',(0.0236970536029852,0.0349043175667897,
-0.074376847582954));
#2764=CARTESIAN_POINT('Ctrl Pts',(0.023044633761037,0.0301416309969925,
-0.0762593081586839));
#2765=CARTESIAN_POINT('Ctrl Pts',(0.022826951939047,0.0285525464483302,
-0.0768873967323322));
#2766=CARTESIAN_POINT('Ctrl Pts',(0.0226118873601973,0.0269501227005296,
-0.0774632767062421));
#2767=CARTESIAN_POINT('Ctrl Pts',(0.0223999999999991,0.0253393935387455,
-0.0779866343362024));
#2768=CARTESIAN_POINT('Ctrl Pts',(0.0217648847717804,0.0205113631256597,
-0.0795553565114255));
#2769=CARTESIAN_POINT('Ctrl Pts',(0.0211009462169631,0.0154642230278412,
-0.080695246180991));
#2770=CARTESIAN_POINT('Ctrl Pts',(0.0204245408810263,0.0103223127281388,
-0.0813477096170658));
#2771=CARTESIAN_POINT('Ctrl Pts',(0.0197520888712782,0.00521045489486038,
-0.0819963596580476));
#2772=CARTESIAN_POINT('Ctrl Pts',(0.0190675161889273,6.4579136713162E-6,
-0.0821627131420265));
#2773=CARTESIAN_POINT('Ctrl Pts',(0.0183889805339968,-0.00515164668343523,
-0.0818380140060169));
#2774=CARTESIAN_POINT('Ctrl Pts',(0.0177065225424353,-0.0103395681699869,
-0.0815114379173284));
#2775=CARTESIAN_POINT('Ctrl Pts',(0.0170303869363181,-0.0154794280326753,
-0.0806883767897366));
#2776=CARTESIAN_POINT('Ctrl Pts',(0.0163779670943698,-0.0204390049709595,
-0.0794118824597242));
#2777=CARTESIAN_POINT('Ctrl Pts',(0.01616028527238,-0.0220937825770485,
-0.0789859763274292));
#2778=CARTESIAN_POINT('Ctrl Pts',(0.0159452206935304,-0.0237286643769627,
-0.0785099919661624));
#2779=CARTESIAN_POINT('Ctrl Pts',(0.0157333333333325,-0.0253393935387456,
-0.0779866343362024));
#2780=CARTESIAN_POINT('Ctrl Pts',(0.0150982181051137,-0.030167423951831,
-0.0764179121609794));
#2781=CARTESIAN_POINT('Ctrl Pts',(0.0144342795502964,-0.0349206564009685,
-0.0743734677596188));
#2782=CARTESIAN_POINT('Ctrl Pts',(0.0137578742143597,-0.0394640576023639,
-0.0718789827248359));
#2783=CARTESIAN_POINT('Ctrl Pts',(0.0130854222046114,-0.0439809043903042,
-0.0693990769851747));
#2784=CARTESIAN_POINT('Ctrl Pts',(0.0124008495222603,-0.0482888065113135,
-0.0664748271022687));
#2785=CARTESIAN_POINT('Ctrl Pts',(0.0117223138673296,-0.0522709474255588,
-0.0631802821712157));
#2786=CARTESIAN_POINT('Ctrl Pts',(0.011039855875768,-0.05627610746498,-0.0598666928256633));
#2787=CARTESIAN_POINT('Ctrl Pts',(0.0103637202696508,-0.0599505582500671,
-0.0561796885598932));
#2788=CARTESIAN_POINT('Ctrl Pts',(0.00971130042770239,-0.063212635736233,
-0.0522318167717558));
#2789=CARTESIAN_POINT('Ctrl Pts',(0.00949361860571285,-0.064301037598045,
-0.0509145976000391));
#2790=CARTESIAN_POINT('Ctrl Pts',(0.00927855402686353,-0.065343908170094,
-0.0495685587514881));
#2791=CARTESIAN_POINT('Ctrl Pts',(0.00906666666666577,-0.0663393935387454,
-0.0481983906879828));
#2792=CARTESIAN_POINT('Ctrl Pts',(0.00843155143844705,-0.0693232804327504,
-0.0440914227143435));
#2793=CARTESIAN_POINT('Ctrl Pts',(0.00776761288362976,-0.0719670319940653,
-0.0396435525152671));
#2794=CARTESIAN_POINT('Ctrl Pts',(0.00709120754769309,-0.0741764992627481,
-0.0349549275084857));
#2795=CARTESIAN_POINT('Ctrl Pts',(0.00641875553794478,-0.0763730530543314,
-0.0302937056918359));
#2796=CARTESIAN_POINT('Ctrl Pts',(0.00573418285559371,-0.0781393881251417,
-0.0253958165057173));
#2797=CARTESIAN_POINT('Ctrl Pts',(0.00505564720066299,-0.0794245228752739,
-0.0203898299658198));
#2798=CARTESIAN_POINT('Ctrl Pts',(0.00437318920910153,-0.0807170864628877,
-0.0153549058686463));
#2799=CARTESIAN_POINT('Ctrl Pts',(0.00369705360298442,-0.0815226128604585,
-0.0102122687775577));
#2800=CARTESIAN_POINT('Ctrl Pts',(0.00304463376103618,-0.0818411881687262,
-0.00510097237113868));
#2801=CARTESIAN_POINT('Ctrl Pts',(0.00282695193904647,-0.0819474817684695,
-0.00339557311296131));
#2802=CARTESIAN_POINT('Ctrl Pts',(0.00261188736019697,-0.0819999999999998,
-0.00169362086709294));
#2803=CARTESIAN_POINT('Ctrl Pts',(0.00239999999999904,-0.0819999999999998,
1.59594559789866E-16));
#2804=CARTESIAN_POINT('Ctrl Pts',(0.00176488477178027,-0.0819999999999998,
0.00507649159683325));
#2805=CARTESIAN_POINT('Ctrl Pts',(0.00110094621696295,-0.0815244474348805,
0.0102288523551264));
#2806=CARTESIAN_POINT('Ctrl Pts',(0.000424540881026221,-0.0805560393712441,
0.015320721941819));
#2807=CARTESIAN_POINT('Ctrl Pts',(-0.000247911128722199,-0.0795932912762028,
0.0203828315306004));
#2808=CARTESIAN_POINT('Ctrl Pts',(-0.000932483811073356,-0.0781433793352852,
0.0253835328239655));
#2809=CARTESIAN_POINT('Ctrl Pts',(-0.00161101946600419,-0.0762406301268771,
0.0301888442616918));
#2810=CARTESIAN_POINT('Ctrl Pts',(-0.00229347745756558,-0.0743268819048363,
0.0350219332361422));
#2811=CARTESIAN_POINT('Ctrl Pts',(-0.00296961306368264,-0.0719558002098546,
0.0396558905755597));
#2812=CARTESIAN_POINT('Ctrl Pts',(-0.00362203290563082,-0.0692091884004429,
0.0439782700995841));
#2813=CARTESIAN_POINT('Ctrl Pts',(-0.00383971472762042,-0.0682927731958017,
0.0454204448919855));
#2814=CARTESIAN_POINT('Ctrl Pts',(-0.00405477930646983,-0.0673348789073971,
0.046828222624477));
#2815=CARTESIAN_POINT('Ctrl Pts',(-0.00426666666666766,-0.0663393935387455,
0.0481983906879827));
#2816=CARTESIAN_POINT('Ctrl Pts',(-0.00490178189488642,-0.0633555066447404,
0.0523053586616222));
#2817=CARTESIAN_POINT('Ctrl Pts',(-0.00556572044970373,-0.0599422948696252,
0.0561941832917649));
#2818=CARTESIAN_POINT('Ctrl Pts',(-0.00624212578564045,-0.0561659104389992,
0.0597443763425336));
#2819=CARTESIAN_POINT('Ctrl Pts',(-0.00691457779538869,-0.0524115975070356,
0.0632738198953073));
#2820=CARTESIAN_POINT('Ctrl Pts',(-0.00759915047773967,-0.0482992556351273,
0.0664672353694375));
#2821=CARTESIAN_POINT('Ctrl Pts',(-0.00827768613267032,-0.0439354079937251,
0.0692364060623085));
#2822=CARTESIAN_POINT('Ctrl Pts',(-0.00896014412423189,-0.039546334736939,
0.0720215841964495));
#2823=CARTESIAN_POINT('Ctrl Pts',(-0.00963627973034912,-0.0349043175667842,
0.0743768475829566));
#2824=CARTESIAN_POINT('Ctrl Pts',(-0.0102886995722975,-0.0301416309969855,
0.0762593081586866));
#2825=CARTESIAN_POINT('Ctrl Pts',(-0.0105063813942871,-0.0285525464483255,
0.0768873967323339));
#2826=CARTESIAN_POINT('Ctrl Pts',(-0.0107214459731365,-0.0269501227005274,
0.0774632767062428));
#2827=CARTESIAN_POINT('Ctrl Pts',(-0.0109333333333343,-0.0253393935387456,
0.0779866343362024));
#2828=CARTESIAN_POINT('Ctrl Pts',(-0.0115684485615531,-0.0205113631256602,
0.0795553565114253));
#2829=CARTESIAN_POINT('Ctrl Pts',(-0.0122323871163704,-0.0154642230278416,
0.080695246180991));
#2830=CARTESIAN_POINT('Ctrl Pts',(-0.0129087924523071,-0.0103223127281394,
0.0813477096170658));
#2831=CARTESIAN_POINT('Ctrl Pts',(-0.0135812444620555,-0.00521045489485905,
0.0819963596580479));
#2832=CARTESIAN_POINT('Ctrl Pts',(-0.0142658171444066,-6.45791366818416E-6,
0.0821627131420266));
#2833=CARTESIAN_POINT('Ctrl Pts',(-0.0149443527993374,0.00515164668344033,
0.0818380140060165));
#2834=CARTESIAN_POINT('Ctrl Pts',(-0.0156268107908988,0.0103395681699912,
0.0815114379173278));
#2835=CARTESIAN_POINT('Ctrl Pts',(-0.0163029463970158,0.0154794280326787,
0.0806883767897359));
#2836=CARTESIAN_POINT('Ctrl Pts',(-0.016955366238964,0.0204390049709621,
0.0794118824597236));
#2837=CARTESIAN_POINT('Ctrl Pts',(-0.0171730480609537,0.0220937825770503,
0.0789859763274287));
#2838=CARTESIAN_POINT('Ctrl Pts',(-0.0173881126398032,0.0237286643769637,
0.078509991966162));
#2839=CARTESIAN_POINT('Ctrl Pts',(-0.017600000000001,0.0253393935387458,
0.0779866343362023));
#2840=CARTESIAN_POINT('Ctrl Pts',(-0.0182351152282199,0.0301674239518318,
0.0764179121609792));
#2841=CARTESIAN_POINT('Ctrl Pts',(-0.0188990537830372,0.0349206564009696,
0.0743734677596183));
#2842=CARTESIAN_POINT('Ctrl Pts',(-0.019575459118974,0.0394640576023656,
0.071878982724835));
#2843=CARTESIAN_POINT('Ctrl Pts',(-0.0202479111287221,0.0439809043903044,
0.0693990769851746));
#2844=CARTESIAN_POINT('Ctrl Pts',(-0.020932483811073,0.0482888065113123,
0.0664748271022695));
#2845=CARTESIAN_POINT('Ctrl Pts',(-0.0216110194660035,0.0522709474255564,
0.0631802821712177));
#2846=CARTESIAN_POINT('Ctrl Pts',(-0.022293477457565,0.0562761074649771,
0.0598666928256659));
#2847=CARTESIAN_POINT('Ctrl Pts',(-0.0229696130636821,0.0599505582500639,
0.0561796885598966));
#2848=CARTESIAN_POINT('Ctrl Pts',(-0.0236220329056304,0.0632126357362296,
0.05223181677176));
#2849=CARTESIAN_POINT('Ctrl Pts',(-0.0238397147276202,0.0643010375980427,
0.0509145976000419));
#2850=CARTESIAN_POINT('Ctrl Pts',(-0.0240547793064698,0.0653439081700931,
0.0495685587514894));
#2851=CARTESIAN_POINT('Ctrl Pts',(-0.0242666666666678,0.0663393935387455,
0.0481983906879827));
#2852=CARTESIAN_POINT('Ctrl Pts',(-0.0249017818948865,0.0693232804327507,
0.044091422714343));
#2853=CARTESIAN_POINT('Ctrl Pts',(-0.0255657204497039,0.0719670319940658,
0.0396435525152662));
#2854=CARTESIAN_POINT('Ctrl Pts',(-0.0262421257856406,0.0741764992627488,
0.0349549275084843));
#2855=CARTESIAN_POINT('Ctrl Pts',(-0.0269145777953887,0.0763730530543312,
0.0302937056918362));
#2856=CARTESIAN_POINT('Ctrl Pts',(-0.0275991504777395,0.0781393881251409,
0.0253958165057193));
#2857=CARTESIAN_POINT('Ctrl Pts',(-0.02827768613267,0.079424522875273,0.0203898299658237));
#2858=CARTESIAN_POINT('Ctrl Pts',(-0.0289601441242315,0.0807170864628871,
0.0153549058686498));
#2859=CARTESIAN_POINT('Ctrl Pts',(-0.0296362797303487,0.0815226128604581,
0.0102122687775609));
#2860=CARTESIAN_POINT('Ctrl Pts',(-0.030288699572297,0.081841188168726,
0.00510097237114139));
#2861=CARTESIAN_POINT('Ctrl Pts',(-0.0305063813942868,0.0819474817684694,
0.00339557311296321));
#2862=CARTESIAN_POINT('Ctrl Pts',(-0.0307214459731364,0.0819999999999998,
0.0016936208670939));
#2863=CARTESIAN_POINT('Ctrl Pts',(-0.0309333333333344,0.0819999999999998,
0.));
#2864=CARTESIAN_POINT('Ctrl Pts',(-0.0315684485615532,0.0819999999999998,
-0.0050764915968334));
#2865=CARTESIAN_POINT('Ctrl Pts',(-0.0322323871163706,0.0815244474348804,
-0.0102288523551267));
#2866=CARTESIAN_POINT('Ctrl Pts',(-0.0329087924523074,0.080556039371244,
-0.0153207219418196));
#2867=CARTESIAN_POINT('Ctrl Pts',(-0.0335812444620556,0.079593291276203,
-0.0203828315305993));
#2868=CARTESIAN_POINT('Ctrl Pts',(-0.0342658171444065,0.0781433793352859,
-0.0253835328239629));
#2869=CARTESIAN_POINT('Ctrl Pts',(-0.0349443527993371,0.0762406301268787,
-0.0301888442616877));
#2870=CARTESIAN_POINT('Ctrl Pts',(-0.0356268107908986,0.074326881904838,
-0.0350219332361387));
#2871=CARTESIAN_POINT('Ctrl Pts',(-0.0363029463970157,0.0719558002098561,
-0.039655890575557));
#2872=CARTESIAN_POINT('Ctrl Pts',(-0.036955366238964,0.0692091884004442,
-0.043978270099582));
#2873=CARTESIAN_POINT('Ctrl Pts',(-0.0371730480609537,0.0682927731958026,
-0.0454204448919842));
#2874=CARTESIAN_POINT('Ctrl Pts',(-0.0373881126398032,0.0673348789073977,
-0.0468282226244762));
#2875=CARTESIAN_POINT('Ctrl Pts',(-0.0376000000000012,0.0663393935387455,
-0.0481983906879827));
#2876=CARTESIAN_POINT('Ctrl Pts',(-0.0382351152282199,0.0633555066447406,
-0.0523053586616219));
#2877=CARTESIAN_POINT('Ctrl Pts',(-0.0388990537830372,0.0599422948696255,
-0.0561941832917645));
#2878=CARTESIAN_POINT('Ctrl Pts',(-0.0395754591189738,0.0561659104389999,
-0.0597443763425329));
#2879=CARTESIAN_POINT('Ctrl Pts',(-0.0402479111287222,0.0524115975070358,
-0.0632738198953072));
#2880=CARTESIAN_POINT('Ctrl Pts',(-0.0409324838110732,0.048299255635127,
-0.0664672353694378));
#2881=CARTESIAN_POINT('Ctrl Pts',(-0.041611019466004,0.0439354079937242,
-0.0692364060623092));
#2882=CARTESIAN_POINT('Ctrl Pts',(-0.0422934774575654,0.0395463347369389,
-0.0720215841964495));
#2883=CARTESIAN_POINT('Ctrl Pts',(-0.0429696130636826,0.0349043175667847,
-0.0743768475829563));
#2884=CARTESIAN_POINT('Ctrl Pts',(-0.0436220329056308,0.0301416309969869,
-0.076259308158686));
#2885=CARTESIAN_POINT('Ctrl Pts',(-0.0438397147276205,0.0285525464483264,
-0.0768873967323336));
#2886=CARTESIAN_POINT('Ctrl Pts',(-0.0440547793064699,0.0269501227005279,
-0.0774632767062426));
#2887=CARTESIAN_POINT('Ctrl Pts',(-0.0442666666666678,0.0253393935387456,
-0.0779866343362024));
#2888=CARTESIAN_POINT('Ctrl Pts',(-0.0449017818948866,0.0205113631256603,
-0.0795553565114253));
#2889=CARTESIAN_POINT('Ctrl Pts',(-0.0455657204497038,0.0154642230278421,
-0.0806952461809908));
#2890=CARTESIAN_POINT('Ctrl Pts',(-0.0462421257856405,0.0103223127281401,
-0.0813477096170657));
#2891=CARTESIAN_POINT('Ctrl Pts',(-0.0469145777953888,0.00521045489486047,
-0.0819963596580477));
#2892=CARTESIAN_POINT('Ctrl Pts',(-0.0475991504777398,6.45791367036557E-6,
-0.0821627131420265));
#2893=CARTESIAN_POINT('Ctrl Pts',(-0.0482776861326705,-0.00515164668343748,
-0.0818380140060167));
#2894=CARTESIAN_POINT('Ctrl Pts',(-0.0489601441242318,-0.0103395681699875,
-0.0815114379173282));
#2895=CARTESIAN_POINT('Ctrl Pts',(-0.0496362797303488,-0.0154794280326743,
-0.0806883767897367));
#2896=CARTESIAN_POINT('Ctrl Pts',(-0.0502886995722968,-0.020439004970957,
-0.0794118824597249));
#2897=CARTESIAN_POINT('Ctrl Pts',(-0.0505063813942867,-0.022093782577047,
-0.0789859763274297));
#2898=CARTESIAN_POINT('Ctrl Pts',(-0.0507214459731365,-0.0237286643769622,
-0.0785099919661625));
#2899=CARTESIAN_POINT('Ctrl Pts',(-0.0509333333333346,-0.0253393935387459,
-0.0779866343362023));
#2900=CARTESIAN_POINT('Ctrl Pts',(-0.0515684485615534,-0.030167423951832,
-0.0764179121609791));
#2901=CARTESIAN_POINT('Ctrl Pts',(-0.0522323871163708,-0.0349206564009701,
-0.0743734677596181));
#2902=CARTESIAN_POINT('Ctrl Pts',(-0.0529087924523076,-0.0394640576023661,
-0.0718789827248348));
#2903=CARTESIAN_POINT('Ctrl Pts',(-0.0535812444620558,-0.0439809043903057,
-0.0693990769851738));
#2904=CARTESIAN_POINT('Ctrl Pts',(-0.0542658171444068,-0.0482888065113143,
-0.0664748271022681));
#2905=CARTESIAN_POINT('Ctrl Pts',(-0.0549443527993374,-0.052270947425559,
-0.0631802821712155));
#2906=CARTESIAN_POINT('Ctrl Pts',(-0.0556268107908989,-0.0562761074649794,
-0.0598666928256637));
#2907=CARTESIAN_POINT('Ctrl Pts',(-0.0563029463970161,-0.0599505582500661,
-0.0561796885598942));
#2908=CARTESIAN_POINT('Ctrl Pts',(-0.0569553662389643,-0.0632126357362315,
-0.0522318167717577));
#2909=CARTESIAN_POINT('Ctrl Pts',(-0.057173048060954,-0.064301037598044,
-0.0509145976000403));
#2910=CARTESIAN_POINT('Ctrl Pts',(-0.0573881126398034,-0.0653439081700936,
-0.0495685587514887));
#2911=CARTESIAN_POINT('Ctrl Pts',(-0.0576000000000012,-0.0663393935387455,
-0.0481983906879827));
#2912=CARTESIAN_POINT('Ctrl Pts',(-0.0582351152282201,-0.0693232804327509,
-0.0440914227143428));
#2913=CARTESIAN_POINT('Ctrl Pts',(-0.0588990537830374,-0.071967031994066,
-0.0396435525152659));
#2914=CARTESIAN_POINT('Ctrl Pts',(-0.0595754591189742,-0.074176499262749,
-0.0349549275084838));
#2915=CARTESIAN_POINT('Ctrl Pts',(-0.0602479111287224,-0.0763730530543317,
-0.030293705691835));
#2916=CARTESIAN_POINT('Ctrl Pts',(-0.0609324838110733,-0.0781393881251416,
-0.0253958165057174));
#2917=CARTESIAN_POINT('Ctrl Pts',(-0.0616110194660039,-0.0794245228752737,
-0.0203898299658209));
#2918=CARTESIAN_POINT('Ctrl Pts',(-0.0622934774575653,-0.0807170864628875,
-0.0153549058686476));
#2919=CARTESIAN_POINT('Ctrl Pts',(-0.0629696130636824,-0.0815226128604583,
-0.010212268777559));
#2920=CARTESIAN_POINT('Ctrl Pts',(-0.0636220329056306,-0.0818411881687261,
-0.00510097237114001));
#2921=CARTESIAN_POINT('Ctrl Pts',(-0.0638397147276204,-0.0819474817684694,
-0.00339557311296222));
#2922=CARTESIAN_POINT('Ctrl Pts',(-0.06405477930647,-0.0819999999999998,
-0.00169362086709352));
#2923=CARTESIAN_POINT('Ctrl Pts',(-0.0642666666666679,-0.0819999999999998,
-6.93889390390723E-18));
#2924=CARTESIAN_POINT('Ctrl Pts',(-0.0649017818948867,-0.0819999999999998,
0.00507649159683276));
#2925=CARTESIAN_POINT('Ctrl Pts',(-0.065565720449704,-0.0815244474348805,
0.0102288523551257));
#2926=CARTESIAN_POINT('Ctrl Pts',(-0.0662421257856406,-0.0805560393712443,
0.015320721941818));
#2927=CARTESIAN_POINT('Ctrl Pts',(-0.066914577795389,-0.0795932912762032,
0.0203828315305987));
#2928=CARTESIAN_POINT('Ctrl Pts',(-0.06759915047774,-0.0781433793352859,
0.0253835328239631));
#2929=CARTESIAN_POINT('Ctrl Pts',(-0.0682776861326708,-0.0762406301268783,
0.0301888442616888));
#2930=CARTESIAN_POINT('Ctrl Pts',(-0.0689601441242322,-0.0743268819048375,
0.0350219332361397));
#2931=CARTESIAN_POINT('Ctrl Pts',(-0.0696362797303493,-0.0719558002098557,
0.0396558905755577));
#2932=CARTESIAN_POINT('Ctrl Pts',(-0.0702886995722976,-0.0692091884004438,
0.0439782700995825));
#2933=CARTESIAN_POINT('Ctrl Pts',(-0.0705063813942873,-0.0682927731958024,
0.0454204448919845));
#2934=CARTESIAN_POINT('Ctrl Pts',(-0.0707214459731367,-0.0673348789073975,
0.0468282226244764));
#2935=CARTESIAN_POINT('Ctrl Pts',(-0.0709333333333347,-0.0663393935387455,
0.0481983906879827));
#2936=CARTESIAN_POINT('Ctrl Pts',(-0.0715684485615535,-0.0633555066447402,
0.0523053586616225));
#2937=CARTESIAN_POINT('Ctrl Pts',(-0.0722323871163708,-0.0599422948696247,
0.0561941832917654));
#2938=CARTESIAN_POINT('Ctrl Pts',(-0.0729087924523076,-0.0561659104389985,
0.0597443763425342));
#2939=CARTESIAN_POINT('Ctrl Pts',(-0.0735812444620558,-0.0524115975070352,
0.0632738198953076));
#2940=CARTESIAN_POINT('Ctrl Pts',(-0.0742658171444067,-0.0482992556351271,
0.0664672353694377));
#2941=CARTESIAN_POINT('Ctrl Pts',(-0.0749443527993373,-0.0439354079937252,
0.0692364060623085));
#2942=CARTESIAN_POINT('Ctrl Pts',(-0.0756268107908988,-0.0395463347369397,
0.0720215841964491));
#2943=CARTESIAN_POINT('Ctrl Pts',(-0.0763029463970159,-0.0349043175667856,
0.0743768475829559));
#2944=CARTESIAN_POINT('Ctrl Pts',(-0.0769553662389642,-0.0301416309969876,
0.0762593081586858));
#2945=CARTESIAN_POINT('Ctrl Pts',(-0.0771730480609539,-0.028552546448327,
0.0768873967323334));
#2946=CARTESIAN_POINT('Ctrl Pts',(-0.0773881126398034,-0.026950122700528,
0.0774632767062426));
#2947=CARTESIAN_POINT('Ctrl Pts',(-0.0776000000000013,-0.0253393935387456,
0.0779866343362024));
#2948=CARTESIAN_POINT('Ctrl Pts',(-0.0782354195019244,-0.020509050092319,
0.0795561080615159));
#2949=CARTESIAN_POINT('Ctrl Pts',(-0.0788996902196639,-0.0154593849523995,
0.0806963346312361));
#2950=CARTESIAN_POINT('Ctrl Pts',(-0.0795764312928002,-0.0103149224395892,
0.081348647038935));
#2951=CARTESIAN_POINT('Ctrl Pts',(-0.0801856548502751,-0.00568371579681012,
0.0819358791449479));
#2952=CARTESIAN_POINT('Ctrl Pts',(-0.0808048157270406,-0.000976967460763521,
0.0821278892620527));
#2953=CARTESIAN_POINT('Ctrl Pts',(-0.0814204229891448,0.00370276694316711,
0.081916356834057));
#2954=CARTESIAN_POINT('Origin',(-0.1045,3.82702124733548E-17,0.));
#2955=CARTESIAN_POINT('',(-0.0814204229891447,-0.0551637435683967,0.0606709271028567));
#2956=CARTESIAN_POINT('Ctrl Pts',(-0.0903443538084064,-0.0135142587659939,
0.0756501419073462));
#2957=CARTESIAN_POINT('Ctrl Pts',(-0.0885849251463585,-0.022049220002794,
0.0751573311229006));
#2958=CARTESIAN_POINT('Ctrl Pts',(-0.0871340976080954,-0.0294389331576979,
0.0732543831288649));
#2959=CARTESIAN_POINT('Ctrl Pts',(-0.0843833126235998,-0.0424081371719226,
0.0685816563145113));
#2960=CARTESIAN_POINT('Ctrl Pts',(-0.0828835021607238,-0.0490763218099955,
0.065064115653109));
#2961=CARTESIAN_POINT('Ctrl Pts',(-0.081420422989145,-0.0551637435683967,
0.0606709271028566));
#2962=CARTESIAN_POINT('Origin',(-0.0814204229891448,4.25166563002807E-17,
0.));
#2963=CARTESIAN_POINT('Ctrl Pts',(0.169066666834597,0.0819999999999998,
0.));
#2964=CARTESIAN_POINT('Ctrl Pts',(0.170604828880786,0.0814659158350762,
0.0118874062135025));
#2965=CARTESIAN_POINT('Ctrl Pts',(0.172141666834599,0.0783112294387585,
0.0235183889141146));
#2966=CARTESIAN_POINT('Ctrl Pts',(0.175216666834595,0.0675297502252483,
0.0442019452581871));
#2967=CARTESIAN_POINT('Ctrl Pts',(0.176754166834599,0.0599118205497769,
0.0532382585926352));
#2968=CARTESIAN_POINT('Ctrl Pts',(0.179829166834595,0.0417767607831614,
0.0671578479289492));
#2969=CARTESIAN_POINT('Ctrl Pts',(0.181366666834597,0.0312719442805056,
0.0720348303954007));
#2970=CARTESIAN_POINT('Ctrl Pts',(0.184441666834598,0.00940909747815875,
0.0768997791798093));
#2971=CARTESIAN_POINT('Ctrl Pts',(0.185979166834592,-0.0019353781595969,
0.0768872953974818));
#2972=CARTESIAN_POINT('Ctrl Pts',(0.189054166834602,-0.0233560212887006,
0.0721697583443537));
#2973=CARTESIAN_POINT('Ctrl Pts',(0.190591666834591,-0.0334199752812741,
0.067469959616955));
#2974=CARTESIAN_POINT('Ctrl Pts',(0.193666666834604,-0.0504791009204448,
0.0544329536240277));
#2975=CARTESIAN_POINT('Ctrl Pts',(0.195204166834594,-0.0574656336133676,
0.0461055006658994));
#2976=CARTESIAN_POINT('Ctrl Pts',(0.1982791668346,-0.0672115181138163,0.0274962533129224));
#2977=CARTESIAN_POINT('Ctrl Pts',(0.199816666834596,-0.0699672817602264,
0.017226708461542));
#2978=CARTESIAN_POINT('Ctrl Pts',(0.202891666834599,-0.0709236454890736,
-0.00329429670521478));
#2979=CARTESIAN_POINT('Ctrl Pts',(0.204429166834593,-0.0691261770297939,
-0.0135334081828544));
#2980=CARTESIAN_POINT('Ctrl Pts',(0.207504166834601,-0.0615041768207234,
-0.0321103348482378));
#2981=CARTESIAN_POINT('Ctrl Pts',(0.209041666834597,-0.0556865072956944,
-0.0404380217473286));
#2982=CARTESIAN_POINT('Ctrl Pts',(0.212116666834598,-0.0412730824624402,
-0.0537441089620028));
#2983=CARTESIAN_POINT('Ctrl Pts',(0.213654166834595,-0.032687625856019,
-0.0587164095183731));
#2984=CARTESIAN_POINT('Ctrl Pts',(0.216729166834599,-0.0144444310853111,
-0.0645488336973907));
#2985=CARTESIAN_POINT('Ctrl Pts',(0.218266666834598,-0.0047983468552258,
-0.06540786003882));
#2986=CARTESIAN_POINT('Ctrl Pts',(0.221341666834596,0.0137413489582347,
-0.0630468358466395));
#2987=CARTESIAN_POINT('Ctrl Pts',(0.222879166834598,0.0226242016361128,
-0.0598306791509578));
#2988=CARTESIAN_POINT('Ctrl Pts',(0.225954166834596,0.038038756065567,-0.0501054248783095));
#2989=CARTESIAN_POINT('Ctrl Pts',(0.227491666834594,0.0445625792939063,
-0.043604257788795));
#2990=CARTESIAN_POINT('Ctrl Pts',(0.2305666668346,0.0541734268506027,-0.0286661908124264));
#2991=CARTESIAN_POINT('Ctrl Pts',(0.232104166834595,0.0572568071457016,
-0.0202395808450739));
#2992=CARTESIAN_POINT('Ctrl Pts',(0.235179166834599,0.0595915953323192,
-0.00309843004695829));
#2993=CARTESIAN_POINT('Ctrl Pts',(0.236716666834599,0.0588440853826549,
0.00560551182438382));
#2994=CARTESIAN_POINT('Ctrl Pts',(0.239791666834595,0.0538518789292623,
0.0216845381036094));
#2995=CARTESIAN_POINT('Ctrl Pts',(0.241329166834597,0.0496125632361518,
0.0290507313138054));
#2996=CARTESIAN_POINT('Ctrl Pts',(0.244404166834598,0.0386020006563587,
0.0411685909362265));
#2997=CARTESIAN_POINT('Ctrl Pts',(0.245941666834598,0.0318392080669179,
0.0459146735494785));
#2998=CARTESIAN_POINT('Ctrl Pts',(0.249016666834596,0.017164381620497,0.0520606601831134));
#2999=CARTESIAN_POINT('Ctrl Pts',(0.250554166834596,0.00926212237654366,
0.053459182809708));
#3000=CARTESIAN_POINT('Ctrl Pts',(0.253629166834598,-0.00617223642463701,
0.0528396684017061));
#3001=CARTESIAN_POINT('Ctrl Pts',(0.255166666834605,-0.0136951625230126,
0.0508245029935738));
#3002=CARTESIAN_POINT('Ctrl Pts',(0.258241666834589,-0.0270065605204127,
0.043945525320691));
#3003=CARTESIAN_POINT('Ctrl Pts',(0.259779166834596,-0.0327881732502284,
0.0390880728972692));
#3004=CARTESIAN_POINT('Ctrl Pts',(0.262854166834598,-0.0416546765303937,
0.0275885048702599));
#3005=CARTESIAN_POINT('Ctrl Pts',(0.264391666834601,-0.0447362070758276,
0.0209548422701798));
#3006=CARTESIAN_POINT('Ctrl Pts',(0.267466666834594,-0.0477996724145597,
0.0072347003579077));
#3007=CARTESIAN_POINT('Ctrl Pts',(0.269004166834596,-0.0477821995078977,
0.000157040859662187));
#3008=CARTESIAN_POINT('Ctrl Pts',(0.272079166834598,-0.0448467451686687,
-0.013117493578133));
#3009=CARTESIAN_POINT('Ctrl Pts',(0.2736166668346,-0.0419329774283385,-0.0193068897685963));
#3010=CARTESIAN_POINT('Ctrl Pts',(0.276691666834595,-0.0339318509069243,
-0.0297206329882834));
#3011=CARTESIAN_POINT('Ctrl Pts',(0.2782291668346,-0.0288513148635994,-0.0339402015231589));
#3012=CARTESIAN_POINT('Ctrl Pts',(0.281304166834595,-0.0176012625931294,
-0.0397681675581486));
#3013=CARTESIAN_POINT('Ctrl Pts',(0.282841666834595,-0.0114397151993907,
-0.0413752504348421));
#3014=CARTESIAN_POINT('Ctrl Pts',(0.285916666834599,0.000758054744368155,
-0.0418640625935513));
#3015=CARTESIAN_POINT('Ctrl Pts',(0.2874541668346,0.0067867677244935,-0.040747990419008));
#3016=CARTESIAN_POINT('Ctrl Pts',(0.290529166834595,0.0176134374886096,
-0.0361944984094708));
#3017=CARTESIAN_POINT('Ctrl Pts',(0.292066666834598,0.0224057702161326,
-0.0327621524116571));
#3018=CARTESIAN_POINT('Ctrl Pts',(0.295141666834596,0.0299655205827963,
-0.0243860760752722));
#3019=CARTESIAN_POINT('Ctrl Pts',(0.296679166834596,0.032730176045221,-0.0194491310680621));
#3020=CARTESIAN_POINT('Ctrl Pts',(0.299754166834598,0.0358808664709106,
-0.00909684064598568));
#3021=CARTESIAN_POINT('Ctrl Pts',(0.301291666834595,0.0362673589775516,
-0.00368855974844367));
#3022=CARTESIAN_POINT('Ctrl Pts',(0.304366666834599,0.0347838550210346,
0.00656400792522904));
#3023=CARTESIAN_POINT('Ctrl Pts',(0.305904166834598,0.0329172375837218,
0.0114023537214469));
#3024=CARTESIAN_POINT('Ctrl Pts',(0.308979166834597,0.0274661435957629,
0.0196638025646985));
#3025=CARTESIAN_POINT('Ctrl Pts',(0.3105166668346,0.0238871083663036,0.0230831838807223));
#3026=CARTESIAN_POINT('Ctrl Pts',(0.313591666834594,0.0158300966143997,
0.0279955593818725));
#3027=CARTESIAN_POINT('Ctrl Pts',(0.315129374948222,0.0113578057174963,
0.0294877029498401));
#3028=CARTESIAN_POINT('Ctrl Pts',(0.316666666834597,0.00689632589919448,
0.0299667013381856));
#3029=CARTESIAN_POINT('Ctrl Pts',(0.160733333333333,0.0819999999999998,
0.));
#3030=CARTESIAN_POINT('Ctrl Pts',(0.162271495379523,0.0814659158350762,
0.0118874062135025));
#3031=CARTESIAN_POINT('Ctrl Pts',(0.163808333333335,0.0783112294387585,
0.0235183889141146));
#3032=CARTESIAN_POINT('Ctrl Pts',(0.166883333333331,0.0675297502252483,
0.0442019452581871));
#3033=CARTESIAN_POINT('Ctrl Pts',(0.168420833333335,0.0599118205497769,
0.0532382585926352));
#3034=CARTESIAN_POINT('Ctrl Pts',(0.171495833333331,0.0417767607831614,
0.0671578479289492));
#3035=CARTESIAN_POINT('Ctrl Pts',(0.173033333333333,0.0312719442805056,
0.0720348303954007));
#3036=CARTESIAN_POINT('Ctrl Pts',(0.176108333333334,0.00940909747815875,
0.0768997791798093));
#3037=CARTESIAN_POINT('Ctrl Pts',(0.177645833333328,-0.0019353781595969,
0.0768872953974818));
#3038=CARTESIAN_POINT('Ctrl Pts',(0.180720833333338,-0.0233560212887006,
0.0721697583443537));
#3039=CARTESIAN_POINT('Ctrl Pts',(0.182258333333327,-0.0334199752812741,
0.067469959616955));
#3040=CARTESIAN_POINT('Ctrl Pts',(0.18533333333334,-0.0504791009204448,
0.0544329536240277));
#3041=CARTESIAN_POINT('Ctrl Pts',(0.18687083333333,-0.0574656336133676,
0.0461055006658994));
#3042=CARTESIAN_POINT('Ctrl Pts',(0.189945833333336,-0.0672115181138163,
0.0274962533129224));
#3043=CARTESIAN_POINT('Ctrl Pts',(0.191483333333332,-0.0699672817602264,
0.017226708461542));
#3044=CARTESIAN_POINT('Ctrl Pts',(0.194558333333335,-0.0709236454890735,
-0.00329429670521478));
#3045=CARTESIAN_POINT('Ctrl Pts',(0.196095833333329,-0.0691261770297939,
-0.0135334081828544));
#3046=CARTESIAN_POINT('Ctrl Pts',(0.199170833333337,-0.0615041768207234,
-0.0321103348482378));
#3047=CARTESIAN_POINT('Ctrl Pts',(0.200708333333333,-0.0556865072956944,
-0.0404380217473286));
#3048=CARTESIAN_POINT('Ctrl Pts',(0.203783333333334,-0.0412730824624402,
-0.0537441089620028));
#3049=CARTESIAN_POINT('Ctrl Pts',(0.205320833333331,-0.032687625856019,
-0.0587164095183731));
#3050=CARTESIAN_POINT('Ctrl Pts',(0.208395833333335,-0.0144444310853111,
-0.0645488336973907));
#3051=CARTESIAN_POINT('Ctrl Pts',(0.209933333333334,-0.0047983468552258,
-0.06540786003882));
#3052=CARTESIAN_POINT('Ctrl Pts',(0.213008333333333,0.0137413489582347,
-0.0630468358466395));
#3053=CARTESIAN_POINT('Ctrl Pts',(0.214545833333334,0.0226242016361128,
-0.0598306791509578));
#3054=CARTESIAN_POINT('Ctrl Pts',(0.217620833333332,0.0380387560655669,
-0.0501054248783095));
#3055=CARTESIAN_POINT('Ctrl Pts',(0.21915833333333,0.0445625792939063,-0.043604257788795));
#3056=CARTESIAN_POINT('Ctrl Pts',(0.222233333333336,0.0541734268506027,
-0.0286661908124264));
#3057=CARTESIAN_POINT('Ctrl Pts',(0.223770833333331,0.0572568071457016,
-0.0202395808450739));
#3058=CARTESIAN_POINT('Ctrl Pts',(0.226845833333335,0.0595915953323192,
-0.00309843004695829));
#3059=CARTESIAN_POINT('Ctrl Pts',(0.228383333333335,0.0588440853826549,
0.00560551182438382));
#3060=CARTESIAN_POINT('Ctrl Pts',(0.231458333333331,0.0538518789292623,
0.0216845381036094));
#3061=CARTESIAN_POINT('Ctrl Pts',(0.232995833333333,0.0496125632361518,
0.0290507313138054));
#3062=CARTESIAN_POINT('Ctrl Pts',(0.236070833333334,0.0386020006563587,
0.0411685909362265));
#3063=CARTESIAN_POINT('Ctrl Pts',(0.237608333333334,0.0318392080669179,
0.0459146735494785));
#3064=CARTESIAN_POINT('Ctrl Pts',(0.240683333333332,0.017164381620497,0.0520606601831134));
#3065=CARTESIAN_POINT('Ctrl Pts',(0.242220833333332,0.00926212237654366,
0.053459182809708));
#3066=CARTESIAN_POINT('Ctrl Pts',(0.245295833333334,-0.00617223642463701,
0.0528396684017061));
#3067=CARTESIAN_POINT('Ctrl Pts',(0.246833333333341,-0.0136951625230126,
0.0508245029935738));
#3068=CARTESIAN_POINT('Ctrl Pts',(0.249908333333325,-0.0270065605204127,
0.043945525320691));
#3069=CARTESIAN_POINT('Ctrl Pts',(0.251445833333333,-0.0327881732502284,
0.0390880728972692));
#3070=CARTESIAN_POINT('Ctrl Pts',(0.254520833333334,-0.0416546765303937,
0.0275885048702599));
#3071=CARTESIAN_POINT('Ctrl Pts',(0.256058333333337,-0.0447362070758276,
0.0209548422701798));
#3072=CARTESIAN_POINT('Ctrl Pts',(0.25913333333333,-0.0477996724145597,
0.0072347003579077));
#3073=CARTESIAN_POINT('Ctrl Pts',(0.260670833333332,-0.0477821995078977,
0.000157040859662187));
#3074=CARTESIAN_POINT('Ctrl Pts',(0.263745833333334,-0.0448467451686687,
-0.013117493578133));
#3075=CARTESIAN_POINT('Ctrl Pts',(0.265283333333336,-0.0419329774283385,
-0.0193068897685963));
#3076=CARTESIAN_POINT('Ctrl Pts',(0.268358333333331,-0.0339318509069243,
-0.0297206329882834));
#3077=CARTESIAN_POINT('Ctrl Pts',(0.269895833333336,-0.0288513148635994,
-0.0339402015231589));
#3078=CARTESIAN_POINT('Ctrl Pts',(0.272970833333331,-0.0176012625931294,
-0.0397681675581486));
#3079=CARTESIAN_POINT('Ctrl Pts',(0.274508333333331,-0.0114397151993907,
-0.0413752504348421));
#3080=CARTESIAN_POINT('Ctrl Pts',(0.277583333333335,0.000758054744368155,
-0.0418640625935513));
#3081=CARTESIAN_POINT('Ctrl Pts',(0.279120833333336,0.00678676772449349,
-0.040747990419008));
#3082=CARTESIAN_POINT('Ctrl Pts',(0.282195833333331,0.0176134374886096,
-0.0361944984094708));
#3083=CARTESIAN_POINT('Ctrl Pts',(0.283733333333335,0.0224057702161326,
-0.0327621524116571));
#3084=CARTESIAN_POINT('Ctrl Pts',(0.286808333333332,0.0299655205827963,
-0.0243860760752722));
#3085=CARTESIAN_POINT('Ctrl Pts',(0.288345833333332,0.032730176045221,-0.0194491310680621));
#3086=CARTESIAN_POINT('Ctrl Pts',(0.291420833333334,0.0358808664709106,
-0.00909684064598568));
#3087=CARTESIAN_POINT('Ctrl Pts',(0.292958333333331,0.0362673589775516,
-0.00368855974844367));
#3088=CARTESIAN_POINT('Ctrl Pts',(0.296033333333335,0.0347838550210346,
0.00656400792522904));
#3089=CARTESIAN_POINT('Ctrl Pts',(0.297570833333334,0.0329172375837218,
0.0114023537214469));
#3090=CARTESIAN_POINT('Ctrl Pts',(0.300645833333333,0.0274661435957629,
0.0196638025646985));
#3091=CARTESIAN_POINT('Ctrl Pts',(0.302183333333336,0.0238871083663036,
0.0230831838807223));
#3092=CARTESIAN_POINT('Ctrl Pts',(0.305258333333331,0.0158300966143997,
0.0279955593818725));
#3093=CARTESIAN_POINT('Ctrl Pts',(0.306796041446958,0.0113578057174963,
0.0294877029498401));
#3094=CARTESIAN_POINT('Ctrl Pts',(0.308333333333333,0.00689632589919448,
0.0299667013381856));
#3095=CARTESIAN_POINT('',(0.169066666666667,0.0819999999999998,0.));
#3096=CARTESIAN_POINT('Ctrl Pts',(0.160733333333333,0.0819999999999998,
0.));
#3097=CARTESIAN_POINT('Ctrl Pts',(0.1574,0.0819999999999998,-0.0266434150910982));
#3098=CARTESIAN_POINT('Ctrl Pts',(0.154066666666667,0.0663393935387455,
-0.0481983906879827));
#3099=CARTESIAN_POINT('Ctrl Pts',(0.150733333333333,0.0506787870774912,
-0.0697533662848671));
#3100=CARTESIAN_POINT('Ctrl Pts',(0.1474,0.0253393935387456,-0.0779866343362024));
#3101=CARTESIAN_POINT('Ctrl Pts',(0.144066666666667,5.27944637408476E-18,
-0.0862199023875377));
#3102=CARTESIAN_POINT('Ctrl Pts',(0.140733333333333,-0.0253393935387456,
-0.0779866343362024));
#3103=CARTESIAN_POINT('Ctrl Pts',(0.1374,-0.0506787870774912,-0.0697533662848671));
#3104=CARTESIAN_POINT('Ctrl Pts',(0.134066666666666,-0.0663393935387455,
-0.0481983906879827));
#3105=CARTESIAN_POINT('Ctrl Pts',(0.130733333333333,-0.0819999999999998,
-0.0266434150910983));
#3106=CARTESIAN_POINT('Ctrl Pts',(0.1274,-0.0819999999999998,-1.00421037530083E-17));
#3107=CARTESIAN_POINT('Ctrl Pts',(0.124066666666666,-0.0819999999999998,
0.0266434150910982));
#3108=CARTESIAN_POINT('Ctrl Pts',(0.120733333333333,-0.0663393935387455,
0.0481983906879827));
#3109=CARTESIAN_POINT('Ctrl Pts',(0.1174,-0.0506787870774912,0.0697533662848671));
#3110=CARTESIAN_POINT('Ctrl Pts',(0.114066666666666,-0.0253393935387456,
0.0779866343362024));
#3111=CARTESIAN_POINT('Ctrl Pts',(0.110733333333333,-1.58383391222543E-17,
0.0862199023875377));
#3112=CARTESIAN_POINT('Ctrl Pts',(0.1074,0.0253393935387456,0.0779866343362024));
#3113=CARTESIAN_POINT('Ctrl Pts',(0.104066666666666,0.0506787870774912,
0.0697533662848671));
#3114=CARTESIAN_POINT('Ctrl Pts',(0.100733333333333,0.0663393935387455,
0.0481983906879827));
#3115=CARTESIAN_POINT('Ctrl Pts',(0.0973999999999996,0.0819999999999998,
0.0266434150910983));
#3116=CARTESIAN_POINT('Ctrl Pts',(0.0940666666666663,0.0819999999999998,
0.));
#3117=CARTESIAN_POINT('Ctrl Pts',(0.0907333333333329,0.0819999999999998,
-0.0266434150910982));
#3118=CARTESIAN_POINT('Ctrl Pts',(0.0873999999999996,0.0663393935387455,
-0.0481983906879827));
#3119=CARTESIAN_POINT('Ctrl Pts',(0.0840666666666662,0.0506787870774912,
-0.0697533662848671));
#3120=CARTESIAN_POINT('Ctrl Pts',(0.0807333333333329,0.0253393935387456,
-0.0779866343362024));
#3121=CARTESIAN_POINT('Ctrl Pts',(0.0773999999999995,5.27944637408476E-18,
-0.0862199023875377));
#3122=CARTESIAN_POINT('Ctrl Pts',(0.0740666666666662,-0.0253393935387456,
-0.0779866343362024));
#3123=CARTESIAN_POINT('Ctrl Pts',(0.0707333333333328,-0.0506787870774912,
-0.0697533662848671));
#3124=CARTESIAN_POINT('Ctrl Pts',(0.0673999999999995,-0.0663393935387455,
-0.0481983906879827));
#3125=CARTESIAN_POINT('Ctrl Pts',(0.0640666666666661,-0.0819999999999998,
-0.0266434150910983));
#3126=CARTESIAN_POINT('Ctrl Pts',(0.0607333333333328,-0.0819999999999998,
-1.00421037530083E-17));
#3127=CARTESIAN_POINT('Ctrl Pts',(0.0573999999999994,-0.0819999999999998,
0.0266434150910982));
#3128=CARTESIAN_POINT('Ctrl Pts',(0.0540666666666661,-0.0663393935387455,
0.0481983906879827));
#3129=CARTESIAN_POINT('Ctrl Pts',(0.0507333333333327,-0.0506787870774912,
0.0697533662848671));
#3130=CARTESIAN_POINT('Ctrl Pts',(0.0473999999999994,-0.0253393935387456,
0.0779866343362024));
#3131=CARTESIAN_POINT('Ctrl Pts',(0.044066666666666,-1.58383391222543E-17,
0.0862199023875377));
#3132=CARTESIAN_POINT('Ctrl Pts',(0.0407333333333327,0.0253393935387456,
0.0779866343362024));
#3133=CARTESIAN_POINT('Ctrl Pts',(0.0373999999999993,0.0506787870774912,
0.0697533662848671));
#3134=CARTESIAN_POINT('Ctrl Pts',(0.034066666666666,0.0663393935387455,
0.0481983906879827));
#3135=CARTESIAN_POINT('Ctrl Pts',(0.0307333333333326,0.0819999999999998,
0.0266434150910983));
#3136=CARTESIAN_POINT('Ctrl Pts',(0.0273999999999993,0.0819999999999998,
0.));
#3137=CARTESIAN_POINT('Ctrl Pts',(0.0240666666666659,0.0819999999999998,
-0.0266434150910982));
#3138=CARTESIAN_POINT('Ctrl Pts',(0.0207333333333326,0.0663393935387455,
-0.0481983906879827));
#3139=CARTESIAN_POINT('Ctrl Pts',(0.0173999999999992,0.0506787870774912,
-0.0697533662848671));
#3140=CARTESIAN_POINT('Ctrl Pts',(0.0140666666666659,0.0253393935387456,
-0.0779866343362024));
#3141=CARTESIAN_POINT('Ctrl Pts',(0.0107333333333325,5.27944637408476E-18,
-0.0862199023875377));
#3142=CARTESIAN_POINT('Ctrl Pts',(0.00739999999999917,-0.0253393935387456,
-0.0779866343362024));
#3143=CARTESIAN_POINT('Ctrl Pts',(0.0040666666666658,-0.0506787870774912,
-0.0697533662848671));
#3144=CARTESIAN_POINT('Ctrl Pts',(0.000733333333332461,-0.0663393935387455,
-0.0481983906879827));
#3145=CARTESIAN_POINT('Ctrl Pts',(-0.00260000000000088,-0.0819999999999998,
-0.0266434150910983));
#3146=CARTESIAN_POINT('Ctrl Pts',(-0.00593333333333423,-0.0819999999999998,
-1.00421037530083E-17));
#3147=CARTESIAN_POINT('Ctrl Pts',(-0.00926666666666757,-0.0819999999999998,
0.0266434150910982));
#3148=CARTESIAN_POINT('Ctrl Pts',(-0.0126000000000009,-0.0663393935387455,
0.0481983906879827));
#3149=CARTESIAN_POINT('Ctrl Pts',(-0.0159333333333343,-0.0506787870774912,
0.0697533662848671));
#3150=CARTESIAN_POINT('Ctrl Pts',(-0.0192666666666676,-0.0253393935387456,
0.0779866343362024));
#3151=CARTESIAN_POINT('Ctrl Pts',(-0.022600000000001,-1.58383391222543E-17,
0.0862199023875377));
#3152=CARTESIAN_POINT('Ctrl Pts',(-0.0259333333333343,0.0253393935387456,
0.0779866343362024));
#3153=CARTESIAN_POINT('Ctrl Pts',(-0.0292666666666677,0.0506787870774912,
0.0697533662848671));
#3154=CARTESIAN_POINT('Ctrl Pts',(-0.032600000000001,0.0663393935387455,
0.0481983906879827));
#3155=CARTESIAN_POINT('Ctrl Pts',(-0.0359333333333344,0.0819999999999998,
0.0266434150910983));
#3156=CARTESIAN_POINT('Ctrl Pts',(-0.0392666666666677,0.0819999999999998,
0.));
#3157=CARTESIAN_POINT('Ctrl Pts',(-0.0426000000000011,0.0819999999999998,
-0.0266434150910982));
#3158=CARTESIAN_POINT('Ctrl Pts',(-0.0459333333333344,0.0663393935387455,
-0.0481983906879827));
#3159=CARTESIAN_POINT('Ctrl Pts',(-0.0492666666666678,0.0506787870774912,
-0.0697533662848671));
#3160=CARTESIAN_POINT('Ctrl Pts',(-0.0526000000000011,0.0253393935387456,
-0.0779866343362024));
#3161=CARTESIAN_POINT('Ctrl Pts',(-0.0559333333333345,5.27944637408476E-18,
-0.0862199023875377));
#3162=CARTESIAN_POINT('Ctrl Pts',(-0.0592666666666678,-0.0253393935387456,
-0.0779866343362024));
#3163=CARTESIAN_POINT('Ctrl Pts',(-0.0626000000000012,-0.0506787870774912,
-0.0697533662848671));
#3164=CARTESIAN_POINT('Ctrl Pts',(-0.0659333333333345,-0.0663393935387455,
-0.0481983906879827));
#3165=CARTESIAN_POINT('Ctrl Pts',(-0.0692666666666679,-0.0819999999999998,
-0.0266434150910983));
#3166=CARTESIAN_POINT('Ctrl Pts',(-0.0726000000000012,-0.0819999999999998,
-1.00421037530083E-17));
#3167=CARTESIAN_POINT('Ctrl Pts',(-0.0759333333333346,-0.0819999999999998,
0.0266434150910982));
#3168=CARTESIAN_POINT('Ctrl Pts',(-0.0792666666666679,-0.0663393935387455,
0.0481983906879827));
#3169=CARTESIAN_POINT('Ctrl Pts',(-0.0826000000000013,-0.0506787870774912,
0.0697533662848671));
#3170=CARTESIAN_POINT('Ctrl Pts',(-0.0859333333333346,-0.0253393935387456,
0.0779866343362024));
#3171=CARTESIAN_POINT('Ctrl Pts',(-0.0892666666666679,-1.58383391222543E-17,
0.0862199023875377));
#3172=CARTESIAN_POINT('Ctrl Pts',(-0.0926000000000013,0.0253393935387456,
0.0779866343362024));
#3173=CARTESIAN_POINT('Ctrl Pts',(-0.0959333333333347,0.0506787870774912,
0.0697533662848671));
#3174=CARTESIAN_POINT('Ctrl Pts',(-0.099266666666668,0.0663393935387455,
0.0481983906879827));
#3175=CARTESIAN_POINT('Ctrl Pts',(-0.102600000000001,0.0819999999999998,
0.0266434150910983));
#3176=CARTESIAN_POINT('Ctrl Pts',(-0.105933333333335,0.0819999999999998,
0.));
#3177=CARTESIAN_POINT('Ctrl Pts',(-0.109266666666668,0.0819999999999998,
-0.0266434150910982));
#3178=CARTESIAN_POINT('Ctrl Pts',(-0.112600000000001,0.0663393935387455,
-0.0481983906879827));
#3179=CARTESIAN_POINT('Ctrl Pts',(-0.115933333333335,0.0506787870774912,
-0.0697533662848671));
#3180=CARTESIAN_POINT('Ctrl Pts',(-0.119266666666668,0.0253393935387456,
-0.0779866343362024));
#3181=CARTESIAN_POINT('Ctrl Pts',(-0.122600000000001,5.27944637408476E-18,
-0.0862199023875377));
#3182=CARTESIAN_POINT('Ctrl Pts',(-0.125933333333335,-0.0253393935387456,
-0.0779866343362024));
#3183=CARTESIAN_POINT('Ctrl Pts',(-0.129266666666668,-0.0506787870774912,
-0.0697533662848671));
#3184=CARTESIAN_POINT('Ctrl Pts',(-0.132600000000002,-0.0663393935387455,
-0.0481983906879827));
#3185=CARTESIAN_POINT('Ctrl Pts',(-0.135933333333335,-0.0819999999999998,
-0.0266434150910983));
#3186=CARTESIAN_POINT('Ctrl Pts',(-0.139266666666668,-0.0819999999999998,
-1.00421037530083E-17));
#3187=CARTESIAN_POINT('Ctrl Pts',(-0.142600000000002,-0.0819999999999998,
0.0266434150910982));
#3188=CARTESIAN_POINT('Ctrl Pts',(-0.145933333333335,-0.0663393935387455,
0.0481983906879827));
#3189=CARTESIAN_POINT('Ctrl Pts',(-0.149266666666668,-0.0506787870774912,
0.0697533662848671));
#3190=CARTESIAN_POINT('Ctrl Pts',(-0.152600000000002,-0.0253393935387456,
0.0779866343362024));
#3191=CARTESIAN_POINT('Ctrl Pts',(-0.155933333333335,-1.58383391222543E-17,
0.0862199023875377));
#3192=CARTESIAN_POINT('Ctrl Pts',(-0.159266666666668,0.0253393935387456,
0.0779866343362024));
#3193=CARTESIAN_POINT('Ctrl Pts',(-0.162600000000002,0.0506787870774912,
0.0697533662848671));
#3194=CARTESIAN_POINT('Ctrl Pts',(-0.165933333333335,0.0663393935387455,
0.0481983906879827));
#3195=CARTESIAN_POINT('Ctrl Pts',(-0.169266666666668,0.0819999999999998,
0.0266434150910983));
#3196=CARTESIAN_POINT('Ctrl Pts',(-0.172600000000002,0.0819999999999998,
0.));
#3197=CARTESIAN_POINT('Ctrl Pts',(-0.173928842371186,0.0819999999999998,
-0.0106214696658317));
#3198=CARTESIAN_POINT('Ctrl Pts',(-0.175323837729092,0.0792938042557326,
-0.0208924054779129));
#3199=CARTESIAN_POINT('Ctrl Pts',(0.1399,0.0459156081756482,0.));
#3200=CARTESIAN_POINT('Ctrl Pts',(0.136566666666666,0.0459156081756482,
-0.0149188854607808));
#3201=CARTESIAN_POINT('Ctrl Pts',(0.133233333333333,0.0371465073211607,
-0.0269885173356857));
#3202=CARTESIAN_POINT('Ctrl Pts',(0.1299,0.0283774064666732,-0.0390581492105907));
#3203=CARTESIAN_POINT('Ctrl Pts',(0.126566666666666,0.0141887032333366,
-0.0436683383551053));
#3204=CARTESIAN_POINT('Ctrl Pts',(0.123233333333333,2.95620720849785E-18,
-0.0482785274996199));
#3205=CARTESIAN_POINT('Ctrl Pts',(0.1199,-0.0141887032333366,-0.0436683383551053));
#3206=CARTESIAN_POINT('Ctrl Pts',(0.116566666666666,-0.0283774064666732,
-0.0390581492105907));
#3207=CARTESIAN_POINT('Ctrl Pts',(0.113233333333333,-0.0371465073211607,
-0.0269885173356858));
#3208=CARTESIAN_POINT('Ctrl Pts',(0.1099,-0.0459156081756482,-0.0149188854607808));
#3209=CARTESIAN_POINT('Ctrl Pts',(0.106566666666666,-0.0459156081756482,
-5.62304025832117E-18));
#3210=CARTESIAN_POINT('Ctrl Pts',(0.103233333333333,-0.0459156081756482,
0.0149188854607808));
#3211=CARTESIAN_POINT('Ctrl Pts',(0.0998999999999996,-0.0371465073211607,
0.0269885173356857));
#3212=CARTESIAN_POINT('Ctrl Pts',(0.0965666666666662,-0.0283774064666732,
0.0390581492105907));
#3213=CARTESIAN_POINT('Ctrl Pts',(0.0932333333333329,-0.0141887032333366,
0.0436683383551053));
#3214=CARTESIAN_POINT('Ctrl Pts',(0.0898999999999995,-8.86862162549354E-18,
0.0482785274996199));
#3215=CARTESIAN_POINT('Ctrl Pts',(0.0865666666666662,0.0141887032333366,
0.0436683383551053));
#3216=CARTESIAN_POINT('Ctrl Pts',(0.0832333333333328,0.0283774064666732,
0.0390581492105907));
#3217=CARTESIAN_POINT('Ctrl Pts',(0.0798999999999995,0.0371465073211607,
0.0269885173356858));
#3218=CARTESIAN_POINT('Ctrl Pts',(0.0765666666666661,0.0459156081756482,
0.0149188854607808));
#3219=CARTESIAN_POINT('Ctrl Pts',(0.0732333333333328,0.0459156081756482,
0.));
#3220=CARTESIAN_POINT('Ctrl Pts',(0.0698999999999994,0.0459156081756482,
-0.0149188854607808));
#3221=CARTESIAN_POINT('Ctrl Pts',(0.0665666666666661,0.0371465073211607,
-0.0269885173356857));
#3222=CARTESIAN_POINT('Ctrl Pts',(0.0632333333333327,0.0283774064666732,
-0.0390581492105907));
#3223=CARTESIAN_POINT('Ctrl Pts',(0.0598999999999994,0.0141887032333366,
-0.0436683383551053));
#3224=CARTESIAN_POINT('Ctrl Pts',(0.056566666666666,2.95620720849785E-18,
-0.0482785274996199));
#3225=CARTESIAN_POINT('Ctrl Pts',(0.0532333333333327,-0.0141887032333366,
-0.0436683383551053));
#3226=CARTESIAN_POINT('Ctrl Pts',(0.0498999999999993,-0.0283774064666732,
-0.0390581492105907));
#3227=CARTESIAN_POINT('Ctrl Pts',(0.046566666666666,-0.0371465073211607,
-0.0269885173356858));
#3228=CARTESIAN_POINT('Ctrl Pts',(0.0432333333333326,-0.0459156081756482,
-0.0149188854607808));
#3229=CARTESIAN_POINT('Ctrl Pts',(0.0398999999999993,-0.0459156081756482,
-5.62304025832117E-18));
#3230=CARTESIAN_POINT('Ctrl Pts',(0.0365666666666659,-0.0459156081756482,
0.0149188854607808));
#3231=CARTESIAN_POINT('Ctrl Pts',(0.0332333333333326,-0.0371465073211607,
0.0269885173356857));
#3232=CARTESIAN_POINT('Ctrl Pts',(0.0298999999999992,-0.0283774064666732,
0.0390581492105907));
#3233=CARTESIAN_POINT('Ctrl Pts',(0.0265666666666659,-0.0141887032333366,
0.0436683383551053));
#3234=CARTESIAN_POINT('Ctrl Pts',(0.0232333333333325,-8.86862162549354E-18,
0.0482785274996199));
#3235=CARTESIAN_POINT('Ctrl Pts',(0.0198999999999992,0.0141887032333366,
0.0436683383551053));
#3236=CARTESIAN_POINT('Ctrl Pts',(0.0165666666666658,0.0283774064666732,
0.0390581492105907));
#3237=CARTESIAN_POINT('Ctrl Pts',(0.0132333333333325,0.0371465073211607,
0.0269885173356858));
#3238=CARTESIAN_POINT('Ctrl Pts',(0.00989999999999912,0.0459156081756482,
0.0149188854607808));
#3239=CARTESIAN_POINT('Ctrl Pts',(0.00656666666666578,0.0459156081756482,
0.));
#3240=CARTESIAN_POINT('Ctrl Pts',(0.00323333333333242,0.0459156081756482,
-0.0149188854607808));
#3241=CARTESIAN_POINT('Ctrl Pts',(-0.000100000000000926,0.0371465073211607,
-0.0269885173356857));
#3242=CARTESIAN_POINT('Ctrl Pts',(-0.00343333333333427,0.0283774064666732,
-0.0390581492105907));
#3243=CARTESIAN_POINT('Ctrl Pts',(-0.00676666666666763,0.0141887032333366,
-0.0436683383551053));
#3244=CARTESIAN_POINT('Ctrl Pts',(-0.010100000000001,2.95620720849785E-18,
-0.0482785274996199));
#3245=CARTESIAN_POINT('Ctrl Pts',(-0.0134333333333343,-0.0141887032333366,
-0.0436683383551053));
#3246=CARTESIAN_POINT('Ctrl Pts',(-0.0167666666666677,-0.0283774064666732,
-0.0390581492105907));
#3247=CARTESIAN_POINT('Ctrl Pts',(-0.020100000000001,-0.0371465073211607,
-0.0269885173356858));
#3248=CARTESIAN_POINT('Ctrl Pts',(-0.0234333333333344,-0.0459156081756482,
-0.0149188854607808));
#3249=CARTESIAN_POINT('Ctrl Pts',(-0.0267666666666677,-0.0459156081756482,
-5.62304025832117E-18));
#3250=CARTESIAN_POINT('Ctrl Pts',(-0.0301000000000011,-0.0459156081756482,
0.0149188854607808));
#3251=CARTESIAN_POINT('Ctrl Pts',(-0.0334333333333344,-0.0371465073211607,
0.0269885173356857));
#3252=CARTESIAN_POINT('Ctrl Pts',(-0.0367666666666678,-0.0283774064666732,
0.0390581492105907));
#3253=CARTESIAN_POINT('Ctrl Pts',(-0.0401000000000011,-0.0141887032333366,
0.0436683383551053));
#3254=CARTESIAN_POINT('Ctrl Pts',(-0.0434333333333345,-8.86862162549354E-18,
0.0482785274996199));
#3255=CARTESIAN_POINT('Ctrl Pts',(-0.0467666666666678,0.0141887032333366,
0.0436683383551053));
#3256=CARTESIAN_POINT('Ctrl Pts',(-0.0501000000000012,0.0283774064666732,
0.0390581492105907));
#3257=CARTESIAN_POINT('Ctrl Pts',(-0.0534333333333345,0.0371465073211607,
0.0269885173356858));
#3258=CARTESIAN_POINT('Ctrl Pts',(-0.0567666666666679,0.0459156081756482,
0.0149188854607808));
#3259=CARTESIAN_POINT('Ctrl Pts',(-0.0601000000000012,0.0459156081756482,
0.));
#3260=CARTESIAN_POINT('Ctrl Pts',(-0.0634333333333346,0.0459156081756482,
-0.0149188854607808));
#3261=CARTESIAN_POINT('Ctrl Pts',(-0.0667666666666679,0.0371465073211607,
-0.0269885173356857));
#3262=CARTESIAN_POINT('Ctrl Pts',(-0.0701000000000013,0.0283774064666732,
-0.0390581492105907));
#3263=CARTESIAN_POINT('Ctrl Pts',(-0.0734333333333346,0.0141887032333366,
-0.0436683383551053));
#3264=CARTESIAN_POINT('Ctrl Pts',(-0.076766666666668,2.95620720849785E-18,
-0.0482785274996199));
#3265=CARTESIAN_POINT('Ctrl Pts',(-0.0801000000000013,-0.0141887032333366,
-0.0436683383551053));
#3266=CARTESIAN_POINT('Ctrl Pts',(-0.0834333333333347,-0.0283774064666732,
-0.0390581492105907));
#3267=CARTESIAN_POINT('Ctrl Pts',(-0.086766666666668,-0.0371465073211607,
-0.0269885173356858));
#3268=CARTESIAN_POINT('Ctrl Pts',(-0.0901000000000014,-0.0459156081756482,
-0.0149188854607808));
#3269=CARTESIAN_POINT('Ctrl Pts',(-0.0934333333333347,-0.0459156081756482,
-5.62304025832117E-18));
#3270=CARTESIAN_POINT('Ctrl Pts',(-0.096766666666668,-0.0459156081756482,
0.0149188854607808));
#3271=CARTESIAN_POINT('Ctrl Pts',(-0.100100000000001,-0.0371465073211607,
0.0269885173356857));
#3272=CARTESIAN_POINT('Ctrl Pts',(-0.103433333333335,-0.0283774064666732,
0.0390581492105907));
#3273=CARTESIAN_POINT('Ctrl Pts',(-0.106766666666668,-0.0141887032333366,
0.0436683383551053));
#3274=CARTESIAN_POINT('Ctrl Pts',(-0.110100000000001,-8.86862162549354E-18,
0.0482785274996199));
#3275=CARTESIAN_POINT('Ctrl Pts',(-0.113433333333335,0.0141887032333366,
0.0436683383551053));
#3276=CARTESIAN_POINT('Ctrl Pts',(-0.116766666666668,0.0283774064666732,
0.0390581492105907));
#3277=CARTESIAN_POINT('Ctrl Pts',(-0.120100000000002,0.0371465073211607,
0.0269885173356858));
#3278=CARTESIAN_POINT('Ctrl Pts',(-0.123433333333335,0.0459156081756482,
0.0149188854607808));
#3279=CARTESIAN_POINT('Ctrl Pts',(-0.126766666666668,0.0459156081756482,
0.));
#3280=CARTESIAN_POINT('Ctrl Pts',(-0.130100000000002,0.0459156081756482,
-0.0149188854607808));
#3281=CARTESIAN_POINT('Ctrl Pts',(-0.133433333333335,0.0371465073211607,
-0.0269885173356857));
#3282=CARTESIAN_POINT('Ctrl Pts',(-0.136766666666668,0.0283774064666732,
-0.0390581492105907));
#3283=CARTESIAN_POINT('Ctrl Pts',(-0.140100000000002,0.0141887032333366,
-0.0436683383551053));
#3284=CARTESIAN_POINT('Ctrl Pts',(-0.143433333333335,2.95620720849785E-18,
-0.0482785274996199));
#3285=CARTESIAN_POINT('Ctrl Pts',(-0.146766666666668,-0.0141887032333366,
-0.0436683383551053));
#3286=CARTESIAN_POINT('Ctrl Pts',(-0.150100000000002,-0.0283774064666732,
-0.0390581492105907));
#3287=CARTESIAN_POINT('Ctrl Pts',(-0.153433333333335,-0.0371465073211607,
-0.0269885173356858));
#3288=CARTESIAN_POINT('Ctrl Pts',(-0.156766666666668,-0.0459156081756482,
-0.0149188854607808));
#3289=CARTESIAN_POINT('Ctrl Pts',(-0.160100000000002,-0.0459156081756482,
-5.62304025832117E-18));
#3290=CARTESIAN_POINT('Ctrl Pts',(-0.163433333333335,-0.0459156081756482,
0.0149188854607808));
#3291=CARTESIAN_POINT('Ctrl Pts',(-0.166766666666668,-0.0371465073211607,
0.0269885173356857));
#3292=CARTESIAN_POINT('Ctrl Pts',(-0.170100000000002,-0.0283774064666732,
0.0390581492105907));
#3293=CARTESIAN_POINT('Ctrl Pts',(-0.173433333333335,-0.0141887032333366,
0.0436683383551053));
#3294=CARTESIAN_POINT('Ctrl Pts',(-0.176766666666668,-8.86862162549354E-18,
0.0482785274996199));
#3295=CARTESIAN_POINT('Ctrl Pts',(-0.180100000000002,0.0141887032333366,
0.0436683383551053));
#3296=CARTESIAN_POINT('Ctrl Pts',(-0.183433333333335,0.0283774064666732,
0.0390581492105907));
#3297=CARTESIAN_POINT('Ctrl Pts',(-0.186766666666669,0.0371465073211607,
0.0269885173356858));
#3298=CARTESIAN_POINT('Ctrl Pts',(-0.190100000000002,0.0459156081756482,
0.0149188854607808));
#3299=CARTESIAN_POINT('Ctrl Pts',(-0.193433333333335,0.0459156081756482,
0.));
#3300=CARTESIAN_POINT('Ctrl Pts',(-0.19476217570452,0.0459156081756482,
-0.00594745413933977));
#3301=CARTESIAN_POINT('Ctrl Pts',(-0.196157171062426,0.044400283499546,
-0.0116986280947636));
#3302=CARTESIAN_POINT('Ctrl Pts',(0.160733333333333,0.0819999999999998,
0.));
#3303=CARTESIAN_POINT('Ctrl Pts',(0.1574,0.0819999999999998,-0.0266434150910982));
#3304=CARTESIAN_POINT('Ctrl Pts',(0.154066666666667,0.0663393935387455,
-0.0481983906879827));
#3305=CARTESIAN_POINT('Ctrl Pts',(0.150733333333333,0.0506787870774912,
-0.0697533662848671));
#3306=CARTESIAN_POINT('Ctrl Pts',(0.1474,0.0253393935387456,-0.0779866343362024));
#3307=CARTESIAN_POINT('Ctrl Pts',(0.144066666666667,5.27944637408476E-18,
-0.0862199023875377));
#3308=CARTESIAN_POINT('Ctrl Pts',(0.140733333333333,-0.0253393935387456,
-0.0779866343362024));
#3309=CARTESIAN_POINT('Ctrl Pts',(0.1374,-0.0506787870774912,-0.0697533662848671));
#3310=CARTESIAN_POINT('Ctrl Pts',(0.134066666666666,-0.0663393935387455,
-0.0481983906879827));
#3311=CARTESIAN_POINT('Ctrl Pts',(0.130733333333333,-0.0819999999999998,
-0.0266434150910983));
#3312=CARTESIAN_POINT('Ctrl Pts',(0.1274,-0.0819999999999998,-1.00421037530083E-17));
#3313=CARTESIAN_POINT('Ctrl Pts',(0.124066666666666,-0.0819999999999998,
0.0266434150910982));
#3314=CARTESIAN_POINT('Ctrl Pts',(0.120733333333333,-0.0663393935387455,
0.0481983906879827));
#3315=CARTESIAN_POINT('Ctrl Pts',(0.1174,-0.0506787870774912,0.0697533662848671));
#3316=CARTESIAN_POINT('Ctrl Pts',(0.114066666666666,-0.0253393935387456,
0.0779866343362024));
#3317=CARTESIAN_POINT('Ctrl Pts',(0.110733333333333,-1.58383391222543E-17,
0.0862199023875377));
#3318=CARTESIAN_POINT('Ctrl Pts',(0.1074,0.0253393935387456,0.0779866343362024));
#3319=CARTESIAN_POINT('Ctrl Pts',(0.104066666666666,0.0506787870774912,
0.0697533662848671));
#3320=CARTESIAN_POINT('Ctrl Pts',(0.100733333333333,0.0663393935387455,
0.0481983906879827));
#3321=CARTESIAN_POINT('Ctrl Pts',(0.0973999999999996,0.0819999999999998,
0.0266434150910983));
#3322=CARTESIAN_POINT('Ctrl Pts',(0.0940666666666663,0.0819999999999998,
0.));
#3323=CARTESIAN_POINT('Ctrl Pts',(0.0907333333333329,0.0819999999999998,
-0.0266434150910982));
#3324=CARTESIAN_POINT('Ctrl Pts',(0.0873999999999996,0.0663393935387455,
-0.0481983906879827));
#3325=CARTESIAN_POINT('Ctrl Pts',(0.0840666666666662,0.0506787870774912,
-0.0697533662848671));
#3326=CARTESIAN_POINT('Ctrl Pts',(0.0807333333333329,0.0253393935387456,
-0.0779866343362024));
#3327=CARTESIAN_POINT('Ctrl Pts',(0.0773999999999995,5.27944637408476E-18,
-0.0862199023875377));
#3328=CARTESIAN_POINT('Ctrl Pts',(0.0740666666666662,-0.0253393935387456,
-0.0779866343362024));
#3329=CARTESIAN_POINT('Ctrl Pts',(0.0707333333333328,-0.0506787870774912,
-0.0697533662848671));
#3330=CARTESIAN_POINT('Ctrl Pts',(0.0673999999999995,-0.0663393935387455,
-0.0481983906879827));
#3331=CARTESIAN_POINT('Ctrl Pts',(0.0640666666666661,-0.0819999999999998,
-0.0266434150910983));
#3332=CARTESIAN_POINT('Ctrl Pts',(0.0607333333333328,-0.0819999999999998,
-1.00421037530083E-17));
#3333=CARTESIAN_POINT('Ctrl Pts',(0.0573999999999994,-0.0819999999999998,
0.0266434150910982));
#3334=CARTESIAN_POINT('Ctrl Pts',(0.0540666666666661,-0.0663393935387455,
0.0481983906879827));
#3335=CARTESIAN_POINT('Ctrl Pts',(0.0507333333333327,-0.0506787870774912,
0.0697533662848671));
#3336=CARTESIAN_POINT('Ctrl Pts',(0.0473999999999994,-0.0253393935387456,
0.0779866343362024));
#3337=CARTESIAN_POINT('Ctrl Pts',(0.044066666666666,-1.58383391222543E-17,
0.0862199023875377));
#3338=CARTESIAN_POINT('Ctrl Pts',(0.0407333333333327,0.0253393935387456,
0.0779866343362024));
#3339=CARTESIAN_POINT('Ctrl Pts',(0.0373999999999993,0.0506787870774912,
0.0697533662848671));
#3340=CARTESIAN_POINT('Ctrl Pts',(0.034066666666666,0.0663393935387455,
0.0481983906879827));
#3341=CARTESIAN_POINT('Ctrl Pts',(0.0307333333333326,0.0819999999999998,
0.0266434150910983));
#3342=CARTESIAN_POINT('Ctrl Pts',(0.0273999999999993,0.0819999999999998,
0.));
#3343=CARTESIAN_POINT('Ctrl Pts',(0.0240666666666659,0.0819999999999998,
-0.0266434150910982));
#3344=CARTESIAN_POINT('Ctrl Pts',(0.0207333333333326,0.0663393935387455,
-0.0481983906879827));
#3345=CARTESIAN_POINT('Ctrl Pts',(0.0173999999999992,0.0506787870774912,
-0.0697533662848671));
#3346=CARTESIAN_POINT('Ctrl Pts',(0.0140666666666659,0.0253393935387456,
-0.0779866343362024));
#3347=CARTESIAN_POINT('Ctrl Pts',(0.0107333333333325,5.27944637408476E-18,
-0.0862199023875377));
#3348=CARTESIAN_POINT('Ctrl Pts',(0.00739999999999917,-0.0253393935387456,
-0.0779866343362024));
#3349=CARTESIAN_POINT('Ctrl Pts',(0.0040666666666658,-0.0506787870774912,
-0.0697533662848671));
#3350=CARTESIAN_POINT('Ctrl Pts',(0.000733333333332461,-0.0663393935387455,
-0.0481983906879827));
#3351=CARTESIAN_POINT('Ctrl Pts',(-0.00260000000000088,-0.0819999999999998,
-0.0266434150910983));
#3352=CARTESIAN_POINT('Ctrl Pts',(-0.00593333333333423,-0.0819999999999998,
-1.00421037530083E-17));
#3353=CARTESIAN_POINT('Ctrl Pts',(-0.00926666666666757,-0.0819999999999998,
0.0266434150910982));
#3354=CARTESIAN_POINT('Ctrl Pts',(-0.0126000000000009,-0.0663393935387455,
0.0481983906879827));
#3355=CARTESIAN_POINT('Ctrl Pts',(-0.0159333333333343,-0.0506787870774912,
0.0697533662848671));
#3356=CARTESIAN_POINT('Ctrl Pts',(-0.0192666666666676,-0.0253393935387456,
0.0779866343362024));
#3357=CARTESIAN_POINT('Ctrl Pts',(-0.022600000000001,-1.58383391222543E-17,
0.0862199023875377));
#3358=CARTESIAN_POINT('Ctrl Pts',(-0.0259333333333343,0.0253393935387456,
0.0779866343362024));
#3359=CARTESIAN_POINT('Ctrl Pts',(-0.0292666666666677,0.0506787870774912,
0.0697533662848671));
#3360=CARTESIAN_POINT('Ctrl Pts',(-0.032600000000001,0.0663393935387455,
0.0481983906879827));
#3361=CARTESIAN_POINT('Ctrl Pts',(-0.0359333333333344,0.0819999999999998,
0.0266434150910983));
#3362=CARTESIAN_POINT('Ctrl Pts',(-0.0392666666666677,0.0819999999999998,
0.));
#3363=CARTESIAN_POINT('Ctrl Pts',(-0.0426000000000011,0.0819999999999998,
-0.0266434150910982));
#3364=CARTESIAN_POINT('Ctrl Pts',(-0.0459333333333344,0.0663393935387455,
-0.0481983906879827));
#3365=CARTESIAN_POINT('Ctrl Pts',(-0.0492666666666678,0.0506787870774912,
-0.0697533662848671));
#3366=CARTESIAN_POINT('Ctrl Pts',(-0.0526000000000011,0.0253393935387456,
-0.0779866343362024));
#3367=CARTESIAN_POINT('Ctrl Pts',(-0.0559333333333345,5.27944637408476E-18,
-0.0862199023875377));
#3368=CARTESIAN_POINT('Ctrl Pts',(-0.0592666666666678,-0.0253393935387456,
-0.0779866343362024));
#3369=CARTESIAN_POINT('Ctrl Pts',(-0.0626000000000012,-0.0506787870774912,
-0.0697533662848671));
#3370=CARTESIAN_POINT('Ctrl Pts',(-0.0659333333333345,-0.0663393935387455,
-0.0481983906879827));
#3371=CARTESIAN_POINT('Ctrl Pts',(-0.0692666666666679,-0.0819999999999998,
-0.0266434150910983));
#3372=CARTESIAN_POINT('Ctrl Pts',(-0.0726000000000012,-0.0819999999999998,
-1.00421037530083E-17));
#3373=CARTESIAN_POINT('Ctrl Pts',(-0.0759333333333346,-0.0819999999999998,
0.0266434150910982));
#3374=CARTESIAN_POINT('Ctrl Pts',(-0.0792666666666679,-0.0663393935387455,
0.0481983906879827));
#3375=CARTESIAN_POINT('Ctrl Pts',(-0.0803197675962651,-0.0613917337720247,
0.0550082601395398));
#3376=CARTESIAN_POINT('Ctrl Pts',(-0.0814204229891447,-0.0551637435683967,
0.0606709271028566));
#3377=CARTESIAN_POINT('Ctrl Pts',(0.169067328788914,0.0819999999999998,
0.));
#3378=CARTESIAN_POINT('Ctrl Pts',(0.165733995455581,0.0819999999999998,
-0.0266434150910982));
#3379=CARTESIAN_POINT('Ctrl Pts',(0.162400662122248,0.0663393935387455,
-0.0481983906879827));
#3380=CARTESIAN_POINT('Ctrl Pts',(0.159067328788914,0.0506787870774912,
-0.0697533662848671));
#3381=CARTESIAN_POINT('Ctrl Pts',(0.155733995455581,0.0253393935387456,
-0.0779866343362024));
#3382=CARTESIAN_POINT('Ctrl Pts',(0.152400662122247,5.27944637408476E-18,
-0.0862199023875377));
#3383=CARTESIAN_POINT('Ctrl Pts',(0.149067328788914,-0.0253393935387456,
-0.0779866343362024));
#3384=CARTESIAN_POINT('Ctrl Pts',(0.145733995455581,-0.0506787870774912,
-0.0697533662848671));
#3385=CARTESIAN_POINT('Ctrl Pts',(0.142400662122247,-0.0663393935387455,
-0.0481983906879827));
#3386=CARTESIAN_POINT('Ctrl Pts',(0.139067328788914,-0.0819999999999998,
-0.0266434150910983));
#3387=CARTESIAN_POINT('Ctrl Pts',(0.135733995455581,-0.0819999999999998,
-1.00421037530083E-17));
#3388=CARTESIAN_POINT('Ctrl Pts',(0.132400662122247,-0.0819999999999998,
0.0266434150910982));
#3389=CARTESIAN_POINT('Ctrl Pts',(0.129067328788914,-0.0663393935387455,
0.0481983906879827));
#3390=CARTESIAN_POINT('Ctrl Pts',(0.125733995455581,-0.0506787870774912,
0.0697533662848671));
#3391=CARTESIAN_POINT('Ctrl Pts',(0.122400662122247,-0.0253393935387456,
0.0779866343362024));
#3392=CARTESIAN_POINT('Ctrl Pts',(0.119067328788914,-1.58383391222543E-17,
0.0862199023875377));
#3393=CARTESIAN_POINT('Ctrl Pts',(0.115733995455581,0.0253393935387456,
0.0779866343362024));
#3394=CARTESIAN_POINT('Ctrl Pts',(0.112400662122247,0.0506787870774912,
0.0697533662848671));
#3395=CARTESIAN_POINT('Ctrl Pts',(0.109067328788914,0.0663393935387455,
0.0481983906879827));
#3396=CARTESIAN_POINT('Ctrl Pts',(0.105733995455581,0.0819999999999998,
0.0266434150910983));
#3397=CARTESIAN_POINT('Ctrl Pts',(0.102400662122247,0.0819999999999998,
0.));
#3398=CARTESIAN_POINT('Ctrl Pts',(0.0990673287889139,0.0819999999999998,
-0.0266434150910982));
#3399=CARTESIAN_POINT('Ctrl Pts',(0.0957339954555805,0.0663393935387455,
-0.0481983906879827));
#3400=CARTESIAN_POINT('Ctrl Pts',(0.0924006621222472,0.0506787870774912,
-0.0697533662848671));
#3401=CARTESIAN_POINT('Ctrl Pts',(0.0890673287889138,0.0253393935387456,
-0.0779866343362024));
#3402=CARTESIAN_POINT('Ctrl Pts',(0.0857339954555805,5.27944637408476E-18,
-0.0862199023875377));
#3403=CARTESIAN_POINT('Ctrl Pts',(0.0824006621222471,-0.0253393935387456,
-0.0779866343362024));
#3404=CARTESIAN_POINT('Ctrl Pts',(0.0790673287889138,-0.0506787870774912,
-0.0697533662848671));
#3405=CARTESIAN_POINT('Ctrl Pts',(0.0757339954555804,-0.0663393935387455,
-0.0481983906879827));
#3406=CARTESIAN_POINT('Ctrl Pts',(0.0724006621222471,-0.0819999999999998,
-0.0266434150910983));
#3407=CARTESIAN_POINT('Ctrl Pts',(0.0690673287889137,-0.0819999999999998,
-1.00421037530083E-17));
#3408=CARTESIAN_POINT('Ctrl Pts',(0.0657339954555804,-0.0819999999999998,
0.0266434150910982));
#3409=CARTESIAN_POINT('Ctrl Pts',(0.062400662122247,-0.0663393935387455,
0.0481983906879827));
#3410=CARTESIAN_POINT('Ctrl Pts',(0.0590673287889137,-0.0506787870774912,
0.0697533662848671));
#3411=CARTESIAN_POINT('Ctrl Pts',(0.0557339954555803,-0.0253393935387456,
0.0779866343362024));
#3412=CARTESIAN_POINT('Ctrl Pts',(0.052400662122247,-1.58383391222543E-17,
0.0862199023875377));
#3413=CARTESIAN_POINT('Ctrl Pts',(0.0490673287889136,0.0253393935387456,
0.0779866343362024));
#3414=CARTESIAN_POINT('Ctrl Pts',(0.0457339954555803,0.0506787870774912,
0.0697533662848671));
#3415=CARTESIAN_POINT('Ctrl Pts',(0.0424006621222469,0.0663393935387455,
0.0481983906879827));
#3416=CARTESIAN_POINT('Ctrl Pts',(0.0390673287889136,0.0819999999999998,
0.0266434150910983));
#3417=CARTESIAN_POINT('Ctrl Pts',(0.0357339954555802,0.0819999999999998,
0.));
#3418=CARTESIAN_POINT('Ctrl Pts',(0.0324006621222469,0.0819999999999998,
-0.0266434150910982));
#3419=CARTESIAN_POINT('Ctrl Pts',(0.0290673287889135,0.0663393935387455,
-0.0481983906879827));
#3420=CARTESIAN_POINT('Ctrl Pts',(0.0257339954555802,0.0506787870774912,
-0.0697533662848671));
#3421=CARTESIAN_POINT('Ctrl Pts',(0.0224006621222468,0.0253393935387456,
-0.0779866343362024));
#3422=CARTESIAN_POINT('Ctrl Pts',(0.0190673287889135,5.27944637408476E-18,
-0.0862199023875377));
#3423=CARTESIAN_POINT('Ctrl Pts',(0.0157339954555801,-0.0253393935387456,
-0.0779866343362024));
#3424=CARTESIAN_POINT('Ctrl Pts',(0.0124006621222467,-0.0506787870774912,
-0.0697533662848671));
#3425=CARTESIAN_POINT('Ctrl Pts',(0.0090673287889134,-0.0663393935387455,
-0.0481983906879827));
#3426=CARTESIAN_POINT('Ctrl Pts',(0.00573399545558006,-0.0819999999999998,
-0.0266434150910983));
#3427=CARTESIAN_POINT('Ctrl Pts',(0.00240066212224672,-0.0819999999999998,
-1.00421037530083E-17));
#3428=CARTESIAN_POINT('Ctrl Pts',(-0.000932671211086626,-0.0819999999999998,
0.0266434150910982));
#3429=CARTESIAN_POINT('Ctrl Pts',(-0.00426600454442,-0.0663393935387455,
0.0481983906879827));
#3430=CARTESIAN_POINT('Ctrl Pts',(-0.00759933787775335,-0.0506787870774912,
0.0697533662848671));
#3431=CARTESIAN_POINT('Ctrl Pts',(-0.0109326712110867,-0.0253393935387456,
0.0779866343362024));
#3432=CARTESIAN_POINT('Ctrl Pts',(-0.01426600454442,-1.58383391222543E-17,
0.0862199023875377));
#3433=CARTESIAN_POINT('Ctrl Pts',(-0.0175993378777534,0.0253393935387456,
0.0779866343362024));
#3434=CARTESIAN_POINT('Ctrl Pts',(-0.0209326712110867,0.0506787870774912,
0.0697533662848671));
#3435=CARTESIAN_POINT('Ctrl Pts',(-0.0242660045444201,0.0663393935387455,
0.0481983906879827));
#3436=CARTESIAN_POINT('Ctrl Pts',(-0.0275993378777534,0.0819999999999998,
0.0266434150910983));
#3437=CARTESIAN_POINT('Ctrl Pts',(-0.0309326712110868,0.0819999999999998,
0.));
#3438=CARTESIAN_POINT('Ctrl Pts',(-0.0342660045444201,0.0819999999999998,
-0.0266434150910982));
#3439=CARTESIAN_POINT('Ctrl Pts',(-0.0375993378777535,0.0663393935387455,
-0.0481983906879827));
#3440=CARTESIAN_POINT('Ctrl Pts',(-0.0409326712110869,0.0506787870774912,
-0.0697533662848671));
#3441=CARTESIAN_POINT('Ctrl Pts',(-0.0442660045444202,0.0253393935387456,
-0.0779866343362024));
#3442=CARTESIAN_POINT('Ctrl Pts',(-0.0475993378777535,5.27944637408476E-18,
-0.0862199023875377));
#3443=CARTESIAN_POINT('Ctrl Pts',(-0.0509326712110869,-0.0253393935387456,
-0.0779866343362024));
#3444=CARTESIAN_POINT('Ctrl Pts',(-0.0542660045444202,-0.0506787870774912,
-0.0697533662848671));
#3445=CARTESIAN_POINT('Ctrl Pts',(-0.0575993378777536,-0.0663393935387455,
-0.0481983906879827));
#3446=CARTESIAN_POINT('Ctrl Pts',(-0.0609326712110869,-0.0819999999999998,
-0.0266434150910983));
#3447=CARTESIAN_POINT('Ctrl Pts',(-0.0642660045444203,-0.0819999999999998,
-1.00421037530083E-17));
#3448=CARTESIAN_POINT('Ctrl Pts',(-0.0675993378777536,-0.0819999999999998,
0.0266434150910982));
#3449=CARTESIAN_POINT('Ctrl Pts',(-0.070932671211087,-0.0663393935387455,
0.0481983906879827));
#3450=CARTESIAN_POINT('Ctrl Pts',(-0.0742660045444204,-0.0506787870774912,
0.0697533662848671));
#3451=CARTESIAN_POINT('Ctrl Pts',(-0.0775993378777537,-0.0253393935387456,
0.0779866343362024));
#3452=CARTESIAN_POINT('Ctrl Pts',(-0.080932671211087,-1.58383391222543E-17,
0.0862199023875377));
#3453=CARTESIAN_POINT('Ctrl Pts',(-0.0842660045444204,0.0253393935387456,
0.0779866343362024));
#3454=CARTESIAN_POINT('Ctrl Pts',(-0.0875993378777537,0.0506787870774912,
0.0697533662848671));
#3455=CARTESIAN_POINT('Ctrl Pts',(-0.0909326712110871,0.0663393935387455,
0.0481983906879827));
#3456=CARTESIAN_POINT('Ctrl Pts',(-0.0942660045444204,0.0819999999999998,
0.0266434150910983));
#3457=CARTESIAN_POINT('Ctrl Pts',(-0.0975993378777538,0.0819999999999998,
0.));
#3458=CARTESIAN_POINT('Ctrl Pts',(-0.100932671211087,0.0819999999999998,
-0.0266434150910982));
#3459=CARTESIAN_POINT('Ctrl Pts',(-0.104266004544421,0.0663393935387455,
-0.0481983906879827));
#3460=CARTESIAN_POINT('Ctrl Pts',(-0.107599337877754,0.0506787870774912,
-0.0697533662848671));
#3461=CARTESIAN_POINT('Ctrl Pts',(-0.110932671211087,0.0253393935387456,
-0.0779866343362024));
#3462=CARTESIAN_POINT('Ctrl Pts',(-0.114266004544421,5.27944637408476E-18,
-0.0862199023875377));
#3463=CARTESIAN_POINT('Ctrl Pts',(-0.117599337877754,-0.0253393935387456,
-0.0779866343362024));
#3464=CARTESIAN_POINT('Ctrl Pts',(-0.120932671211087,-0.0506787870774912,
-0.0697533662848671));
#3465=CARTESIAN_POINT('Ctrl Pts',(-0.124266004544421,-0.0663393935387455,
-0.0481983906879827));
#3466=CARTESIAN_POINT('Ctrl Pts',(-0.127599337877754,-0.0819999999999998,
-0.0266434150910983));
#3467=CARTESIAN_POINT('Ctrl Pts',(-0.130932671211087,-0.0819999999999998,
-1.00421037530083E-17));
#3468=CARTESIAN_POINT('Ctrl Pts',(-0.134266004544421,-0.0819999999999998,
0.0266434150910982));
#3469=CARTESIAN_POINT('Ctrl Pts',(-0.137599337877754,-0.0663393935387455,
0.0481983906879827));
#3470=CARTESIAN_POINT('Ctrl Pts',(-0.140932671211087,-0.0506787870774912,
0.0697533662848671));
#3471=CARTESIAN_POINT('Ctrl Pts',(-0.144266004544421,-0.0253393935387456,
0.0779866343362024));
#3472=CARTESIAN_POINT('Ctrl Pts',(-0.147599337877754,-1.58383391222543E-17,
0.0862199023875377));
#3473=CARTESIAN_POINT('Ctrl Pts',(-0.150932671211087,0.0253393935387456,
0.0779866343362024));
#3474=CARTESIAN_POINT('Ctrl Pts',(-0.154266004544421,0.0506787870774912,
0.0697533662848671));
#3475=CARTESIAN_POINT('Ctrl Pts',(-0.157599337877754,0.0663393935387455,
0.0481983906879827));
#3476=CARTESIAN_POINT('Ctrl Pts',(-0.160932671211087,0.0819999999999998,
0.0266434150910983));
#3477=CARTESIAN_POINT('Ctrl Pts',(-0.164266004544421,0.0819999999999998,
0.));
#3478=CARTESIAN_POINT('Ctrl Pts',(-0.165594846913624,0.0819999999999998,
-0.0106214696499978));
#3479=CARTESIAN_POINT('Ctrl Pts',(-0.166989842269421,0.0792938042636679,
-0.0208924054477956));
#3480=CARTESIAN_POINT('Ctrl Pts',(-0.168708227564951,0.0759602541261604,
-0.0335443651643124));
#3481=CARTESIAN_POINT('Ctrl Pts',(-0.170426612860481,0.0726267039886529,
-0.0461963248808292));
#3482=CARTESIAN_POINT('Ctrl Pts',(0.160732671211086,0.0819999999999998,
0.));
#3483=CARTESIAN_POINT('Ctrl Pts',(0.157399337877752,0.0819999999999998,
-0.0266434150910982));
#3484=CARTESIAN_POINT('Ctrl Pts',(0.154066004544419,0.0663393935387455,
-0.0481983906879827));
#3485=CARTESIAN_POINT('Ctrl Pts',(0.150732671211086,0.0506787870774912,
-0.0697533662848671));
#3486=CARTESIAN_POINT('Ctrl Pts',(0.147399337877752,0.0253393935387456,
-0.0779866343362024));
#3487=CARTESIAN_POINT('Ctrl Pts',(0.144066004544419,5.27944637408476E-18,
-0.0862199023875377));
#3488=CARTESIAN_POINT('Ctrl Pts',(0.140732671211086,-0.0253393935387456,
-0.0779866343362024));
#3489=CARTESIAN_POINT('Ctrl Pts',(0.137399337877752,-0.0506787870774912,
-0.0697533662848671));
#3490=CARTESIAN_POINT('Ctrl Pts',(0.134066004544419,-0.0663393935387455,
-0.0481983906879827));
#3491=CARTESIAN_POINT('Ctrl Pts',(0.130732671211086,-0.0819999999999998,
-0.0266434150910983));
#3492=CARTESIAN_POINT('Ctrl Pts',(0.127399337877752,-0.0819999999999998,
-1.00421037530083E-17));
#3493=CARTESIAN_POINT('Ctrl Pts',(0.124066004544419,-0.0819999999999998,
0.0266434150910982));
#3494=CARTESIAN_POINT('Ctrl Pts',(0.120732671211086,-0.0663393935387455,
0.0481983906879827));
#3495=CARTESIAN_POINT('Ctrl Pts',(0.117399337877752,-0.0506787870774912,
0.0697533662848671));
#3496=CARTESIAN_POINT('Ctrl Pts',(0.114066004544419,-0.0253393935387456,
0.0779866343362024));
#3497=CARTESIAN_POINT('Ctrl Pts',(0.110732671211086,-1.58383391222543E-17,
0.0862199023875377));
#3498=CARTESIAN_POINT('Ctrl Pts',(0.107399337877752,0.0253393935387456,
0.0779866343362024));
#3499=CARTESIAN_POINT('Ctrl Pts',(0.104066004544419,0.0506787870774912,
0.0697533662848671));
#3500=CARTESIAN_POINT('Ctrl Pts',(0.100732671211085,0.0663393935387455,
0.0481983906879827));
#3501=CARTESIAN_POINT('Ctrl Pts',(0.0973993378777522,0.0819999999999998,
0.0266434150910983));
#3502=CARTESIAN_POINT('Ctrl Pts',(0.0940660045444188,0.0819999999999998,
0.));
#3503=CARTESIAN_POINT('Ctrl Pts',(0.0907326712110855,0.0819999999999998,
-0.0266434150910982));
#3504=CARTESIAN_POINT('Ctrl Pts',(0.0873993378777521,0.0663393935387455,
-0.0481983906879827));
#3505=CARTESIAN_POINT('Ctrl Pts',(0.0840660045444188,0.0506787870774912,
-0.0697533662848671));
#3506=CARTESIAN_POINT('Ctrl Pts',(0.0807326712110854,0.0253393935387456,
-0.0779866343362024));
#3507=CARTESIAN_POINT('Ctrl Pts',(0.0773993378777521,5.27944637408476E-18,
-0.0862199023875377));
#3508=CARTESIAN_POINT('Ctrl Pts',(0.0740660045444187,-0.0253393935387456,
-0.0779866343362024));
#3509=CARTESIAN_POINT('Ctrl Pts',(0.0707326712110854,-0.0506787870774912,
-0.0697533662848671));
#3510=CARTESIAN_POINT('Ctrl Pts',(0.067399337877752,-0.0663393935387455,
-0.0481983906879827));
#3511=CARTESIAN_POINT('Ctrl Pts',(0.0640660045444187,-0.0819999999999998,
-0.0266434150910983));
#3512=CARTESIAN_POINT('Ctrl Pts',(0.0607326712110853,-0.0819999999999998,
-1.00421037530083E-17));
#3513=CARTESIAN_POINT('Ctrl Pts',(0.0573993378777519,-0.0819999999999998,
0.0266434150910982));
#3514=CARTESIAN_POINT('Ctrl Pts',(0.0540660045444186,-0.0663393935387455,
0.0481983906879827));
#3515=CARTESIAN_POINT('Ctrl Pts',(0.0507326712110853,-0.0506787870774912,
0.0697533662848671));
#3516=CARTESIAN_POINT('Ctrl Pts',(0.0473993378777519,-0.0253393935387456,
0.0779866343362024));
#3517=CARTESIAN_POINT('Ctrl Pts',(0.0440660045444186,-1.58383391222543E-17,
0.0862199023875377));
#3518=CARTESIAN_POINT('Ctrl Pts',(0.0407326712110852,0.0253393935387456,
0.0779866343362024));
#3519=CARTESIAN_POINT('Ctrl Pts',(0.0373993378777519,0.0506787870774912,
0.0697533662848671));
#3520=CARTESIAN_POINT('Ctrl Pts',(0.0340660045444185,0.0663393935387455,
0.0481983906879827));
#3521=CARTESIAN_POINT('Ctrl Pts',(0.0307326712110851,0.0819999999999998,
0.0266434150910983));
#3522=CARTESIAN_POINT('Ctrl Pts',(0.0273993378777518,0.0819999999999998,
0.));
#3523=CARTESIAN_POINT('Ctrl Pts',(0.0240660045444184,0.0819999999999998,
-0.0266434150910982));
#3524=CARTESIAN_POINT('Ctrl Pts',(0.0207326712110851,0.0663393935387455,
-0.0481983906879827));
#3525=CARTESIAN_POINT('Ctrl Pts',(0.0173993378777518,0.0506787870774912,
-0.0697533662848671));
#3526=CARTESIAN_POINT('Ctrl Pts',(0.0140660045444184,0.0253393935387456,
-0.0779866343362024));
#3527=CARTESIAN_POINT('Ctrl Pts',(0.0107326712110851,5.27944637408476E-18,
-0.0862199023875377));
#3528=CARTESIAN_POINT('Ctrl Pts',(0.0073993378777517,-0.0253393935387456,
-0.0779866343362024));
#3529=CARTESIAN_POINT('Ctrl Pts',(0.00406600454441834,-0.0506787870774912,
-0.0697533662848671));
#3530=CARTESIAN_POINT('Ctrl Pts',(0.000732671211084998,-0.0663393935387455,
-0.0481983906879827));
#3531=CARTESIAN_POINT('Ctrl Pts',(-0.00260066212224834,-0.0819999999999998,
-0.0266434150910983));
#3532=CARTESIAN_POINT('Ctrl Pts',(-0.00593399545558169,-0.0819999999999998,
-1.00421037530083E-17));
#3533=CARTESIAN_POINT('Ctrl Pts',(-0.00926732878891503,-0.0819999999999998,
0.0266434150910982));
#3534=CARTESIAN_POINT('Ctrl Pts',(-0.0126006621222484,-0.0663393935387455,
0.0481983906879827));
#3535=CARTESIAN_POINT('Ctrl Pts',(-0.0159339954555818,-0.0506787870774912,
0.0697533662848671));
#3536=CARTESIAN_POINT('Ctrl Pts',(-0.0192673287889151,-0.0253393935387456,
0.0779866343362024));
#3537=CARTESIAN_POINT('Ctrl Pts',(-0.0226006621222484,-1.58383391222543E-17,
0.0862199023875377));
#3538=CARTESIAN_POINT('Ctrl Pts',(-0.0259339954555818,0.0253393935387456,
0.0779866343362024));
#3539=CARTESIAN_POINT('Ctrl Pts',(-0.0292673287889152,0.0506787870774912,
0.0697533662848671));
#3540=CARTESIAN_POINT('Ctrl Pts',(-0.0326006621222485,0.0663393935387455,
0.0481983906879827));
#3541=CARTESIAN_POINT('Ctrl Pts',(-0.0359339954555818,0.0819999999999998,
0.0266434150910983));
#3542=CARTESIAN_POINT('Ctrl Pts',(-0.0392673287889152,0.0819999999999998,
0.));
#3543=CARTESIAN_POINT('Ctrl Pts',(-0.0426006621222485,0.0819999999999998,
-0.0266434150910982));
#3544=CARTESIAN_POINT('Ctrl Pts',(-0.0459339954555819,0.0663393935387455,
-0.0481983906879827));
#3545=CARTESIAN_POINT('Ctrl Pts',(-0.0492673287889152,0.0506787870774912,
-0.0697533662848671));
#3546=CARTESIAN_POINT('Ctrl Pts',(-0.0526006621222486,0.0253393935387456,
-0.0779866343362024));
#3547=CARTESIAN_POINT('Ctrl Pts',(-0.055933995455582,5.27944637408476E-18,
-0.0862199023875377));
#3548=CARTESIAN_POINT('Ctrl Pts',(-0.0592673287889153,-0.0253393935387456,
-0.0779866343362024));
#3549=CARTESIAN_POINT('Ctrl Pts',(-0.0626006621222486,-0.0506787870774912,
-0.0697533662848671));
#3550=CARTESIAN_POINT('Ctrl Pts',(-0.065933995455582,-0.0663393935387455,
-0.0481983906879827));
#3551=CARTESIAN_POINT('Ctrl Pts',(-0.0692673287889153,-0.0819999999999998,
-0.0266434150910983));
#3552=CARTESIAN_POINT('Ctrl Pts',(-0.0726006621222487,-0.0819999999999998,
-1.00421037530083E-17));
#3553=CARTESIAN_POINT('Ctrl Pts',(-0.075933995455582,-0.0819999999999998,
0.0266434150910982));
#3554=CARTESIAN_POINT('Ctrl Pts',(-0.0792673287889154,-0.0663393935387455,
0.0481983906879827));
#3555=CARTESIAN_POINT('Ctrl Pts',(-0.0826006621222487,-0.0506787870774912,
0.0697533662848671));
#3556=CARTESIAN_POINT('Ctrl Pts',(-0.0859339954555821,-0.0253393935387456,
0.0779866343362024));
#3557=CARTESIAN_POINT('Ctrl Pts',(-0.0892673287889154,-1.58383391222543E-17,
0.0862199023875377));
#3558=CARTESIAN_POINT('Ctrl Pts',(-0.0926006621222488,0.0253393935387456,
0.0779866343362024));
#3559=CARTESIAN_POINT('Ctrl Pts',(-0.0959339954555821,0.0506787870774912,
0.0697533662848671));
#3560=CARTESIAN_POINT('Ctrl Pts',(-0.0992673287889155,0.0663393935387455,
0.0481983906879827));
#3561=CARTESIAN_POINT('Ctrl Pts',(-0.102600662122249,0.0819999999999998,
0.0266434150910983));
#3562=CARTESIAN_POINT('Ctrl Pts',(-0.105933995455582,0.0819999999999998,
0.));
#3563=CARTESIAN_POINT('Ctrl Pts',(-0.109267328788916,0.0819999999999998,
-0.0266434150910982));
#3564=CARTESIAN_POINT('Ctrl Pts',(-0.112600662122249,0.0663393935387455,
-0.0481983906879827));
#3565=CARTESIAN_POINT('Ctrl Pts',(-0.115933995455582,0.0506787870774912,
-0.0697533662848671));
#3566=CARTESIAN_POINT('Ctrl Pts',(-0.119267328788916,0.0253393935387456,
-0.0779866343362024));
#3567=CARTESIAN_POINT('Ctrl Pts',(-0.122600662122249,5.27944637408476E-18,
-0.0862199023875377));
#3568=CARTESIAN_POINT('Ctrl Pts',(-0.125933995455582,-0.0253393935387456,
-0.0779866343362024));
#3569=CARTESIAN_POINT('Ctrl Pts',(-0.129267328788916,-0.0506787870774912,
-0.0697533662848671));
#3570=CARTESIAN_POINT('Ctrl Pts',(-0.132600662122249,-0.0663393935387455,
-0.0481983906879827));
#3571=CARTESIAN_POINT('Ctrl Pts',(-0.135933995455582,-0.0819999999999998,
-0.0266434150910983));
#3572=CARTESIAN_POINT('Ctrl Pts',(-0.139267328788916,-0.0819999999999998,
-1.00421037530083E-17));
#3573=CARTESIAN_POINT('Ctrl Pts',(-0.142600662122249,-0.0819999999999998,
0.0266434150910982));
#3574=CARTESIAN_POINT('Ctrl Pts',(-0.145933995455582,-0.0663393935387455,
0.0481983906879827));
#3575=CARTESIAN_POINT('Ctrl Pts',(-0.149267328788916,-0.0506787870774912,
0.0697533662848671));
#3576=CARTESIAN_POINT('Ctrl Pts',(-0.152600662122249,-0.0253393935387456,
0.0779866343362024));
#3577=CARTESIAN_POINT('Ctrl Pts',(-0.155933995455582,-1.58383391222543E-17,
0.0862199023875377));
#3578=CARTESIAN_POINT('Ctrl Pts',(-0.159267328788916,0.0253393935387456,
0.0779866343362024));
#3579=CARTESIAN_POINT('Ctrl Pts',(-0.162600662122249,0.0506787870774912,
0.0697533662848671));
#3580=CARTESIAN_POINT('Ctrl Pts',(-0.165933995455582,0.0663393935387455,
0.0481983906879827));
#3581=CARTESIAN_POINT('Ctrl Pts',(-0.169267328788916,0.0819999999999998,
0.0266434150910983));
#3582=CARTESIAN_POINT('Ctrl Pts',(-0.172600662122249,0.0819999999999998,
0.));
#3583=CARTESIAN_POINT('Ctrl Pts',(-0.173929504491453,0.0819999999999998,
-0.0106214696499978));
#3584=CARTESIAN_POINT('Ctrl Pts',(-0.175324499847249,0.0792938042636679,
-0.0208924054477956));
#3585=CARTESIAN_POINT('Ctrl Pts',(-0.177042885142779,0.0759602541261604,
-0.0335443651643124));
#3586=CARTESIAN_POINT('Ctrl Pts',(-0.178761270438309,0.0726267039886529,
-0.0461963248808292));
#3587=UNCERTAINTY_MEASURE_WITH_UNIT(LENGTH_MEASURE(0.000393700787401575),
#3592,'DISTANCE_ACCURACY_VALUE',
'Maximum model space distance between geometric entities at asserted c
onnectivities');
#3588=UNCERTAINTY_MEASURE_WITH_UNIT(LENGTH_MEASURE(0.000393700787401575),
#3592,'DISTANCE_ACCURACY_VALUE',
'Maximum model space distance between geometric entities at asserted c
onnectivities');
#3589=(
GEOMETRIC_REPRESENTATION_CONTEXT(3)
GLOBAL_UNCERTAINTY_ASSIGNED_CONTEXT((#3587))
GLOBAL_UNIT_ASSIGNED_CONTEXT((#3592,#3596,#3597))
REPRESENTATION_CONTEXT('','3D')
);
#3590=(
GEOMETRIC_REPRESENTATION_CONTEXT(3)
GLOBAL_UNCERTAINTY_ASSIGNED_CONTEXT((#3588))
GLOBAL_UNIT_ASSIGNED_CONTEXT((#3592,#3596,#3597))
REPRESENTATION_CONTEXT('','3D')
);
#3591=DIMENSIONAL_EXPONENTS(1.,0.,0.,0.,0.,0.,0.);
#3592=(
CONVERSION_BASED_UNIT('inch',#3595)
LENGTH_UNIT()
NAMED_UNIT(#3591)
);
#3593=(
LENGTH_UNIT()
NAMED_UNIT(*)
SI_UNIT(.MILLI.,.METRE.)
);
#3594=(
LENGTH_UNIT()
NAMED_UNIT(*)
SI_UNIT($,.METRE.)
);
#3595=LENGTH_MEASURE_WITH_UNIT(LENGTH_MEASURE(25.4),#3593);
#3596=(
NAMED_UNIT(*)
PLANE_ANGLE_UNIT()
SI_UNIT($,.RADIAN.)
);
#3597=(
NAMED_UNIT(*)
SI_UNIT($,.STERADIAN.)
SOLID_ANGLE_UNIT()
);
#3598=SHAPE_DEFINITION_REPRESENTATION(#3599,#3600);
#3599=PRODUCT_DEFINITION_SHAPE('',$,#3602);
#3600=SHAPE_REPRESENTATION('',(#914),#3589);
#3601=PRODUCT_DEFINITION_CONTEXT('part definition',#3606,'design');
#3602=PRODUCT_DEFINITION(
'92114A196_Brass Phillips Flat Head Screws for Wood',
'92114A196_Brass Phillips Flat Head Screws for Wood',#3603,#3601);
#3603=PRODUCT_DEFINITION_FORMATION('',$,#3608);
#3604=PRODUCT_RELATED_PRODUCT_CATEGORY(
'92114A196_Brass Phillips Flat Head Screws for Wood',
'92114A196_Brass Phillips Flat Head Screws for Wood',(#3608));
#3605=APPLICATION_PROTOCOL_DEFINITION('international standard',
'automotive_design',2009,#3606);
#3606=APPLICATION_CONTEXT(
'Core Data for Automotive Mechanical Design Process');
#3607=PRODUCT_CONTEXT('part definition',#3606,'mechanical');
#3608=PRODUCT('92114A196_Brass Phillips Flat Head Screws for Wood',
'92114A196_Brass Phillips Flat Head Screws for Wood',$,(#3607));
#3609=PRESENTATION_STYLE_ASSIGNMENT((#3610));
#3610=SURFACE_STYLE_USAGE(.BOTH.,#3611);
#3611=SURFACE_SIDE_STYLE('',(#3612));
#3612=SURFACE_STYLE_FILL_AREA(#3613);
#3613=FILL_AREA_STYLE('Steel - Satin',(#3614));
#3614=FILL_AREA_STYLE_COLOUR('Steel - Satin',#3615);
#3615=COLOUR_RGB('Steel - Satin',0.627450980392157,0.627450980392157,0.627450980392157);
ENDSEC;
END-ISO-10303-21;
