ISO-10303-21;
HEADER;
/* Generated by software containing ST-Developer
 * from STEP Tools, Inc. (www.steptools.com) 
 */

FILE_DESCRIPTION(
/* description */ (''),
/* implementation_level */ '2;1');

FILE_NAME(
/* name */ '92114A079.step',
/* time_stamp */ '2026-03-16T23:23:30-04:00',
/* author */ (''),
/* organization */ (''),
/* preprocessor_version */ 'ST-DEVELOPER v20.1',
/* originating_system */ 'Autodesk Translation Framework v14.24.0.0',
/* authorisation */ '');

FILE_SCHEMA (('AUTOMOTIVE_DESIGN { 1 0 10303 214 3 1 1 }'));
ENDSEC;

DATA;
#10=MECHANICAL_DESIGN_GEOMETRIC_PRESENTATION_REPRESENTATION('',(#13),#2848);
#11=SHAPE_REPRESENTATION_RELATIONSHIP('SRR','None',#2858,#12);
#12=ADVANCED_BREP_SHAPE_REPRESENTATION('',(#14),#2847);
#13=STYLED_ITEM('',(#2867),#14);
#14=MANIFOLD_SOLID_BREP('Body1',#982);
#15=(
BOUNDED_SURFACE()
B_SPLINE_SURFACE(1,2,((#2368,#2369,#2370,#2371,#2372,#2373,#2374,#2375,
#2376,#2377,#2378,#2379,#2380,#2381,#2382,#2383,#2384,#2385,#2386,#2387,
#2388,#2389,#2390,#2391,#2392,#2393,#2394,#2395,#2396,#2397,#2398,#2399,
#2400,#2401,#2402,#2403,#2404,#2405,#2406,#2407,#2408,#2409,#2410,#2411,
#2412,#2413,#2414,#2415,#2416,#2417,#2418,#2419,#2420,#2421,#2422,#2423,
#2424,#2425,#2426,#2427,#2428,#2429,#2430,#2431,#2432,#2433,#2434,#2435,
#2436,#2437,#2438,#2439,#2440,#2441,#2442,#2443,#2444,#2445,#2446,#2447,
#2448,#2449,#2450,#2451,#2452,#2453,#2454,#2455,#2456),(#2457,#2458,#2459,
#2460,#2461,#2462,#2463,#2464,#2465,#2466,#2467,#2468,#2469,#2470,#2471,
#2472,#2473,#2474,#2475,#2476,#2477,#2478,#2479,#2480,#2481,#2482,#2483,
#2484,#2485,#2486,#2487,#2488,#2489,#2490,#2491,#2492,#2493,#2494,#2495,
#2496,#2497,#2498,#2499,#2500,#2501,#2502,#2503,#2504,#2505,#2506,#2507,
#2508,#2509,#2510,#2511,#2512,#2513,#2514,#2515,#2516,#2517,#2518,#2519,
#2520,#2521,#2522,#2523,#2524,#2525,#2526,#2527,#2528,#2529,#2530,#2531,
#2532,#2533,#2534,#2535,#2536,#2537,#2538,#2539,#2540,#2541,#2542,#2543,
#2544,#2545)),.UNSPECIFIED.,.F.,.F.,.F.)
B_SPLINE_SURFACE_WITH_KNOTS((2,2),(3,2,2,2,2,2,2,2,2,2,2,2,2,2,2,2,2,2,
2,2,2,2,2,2,2,2,2,2,2,2,2,2,2,2,2,2,2,2,2,2,2,2,2,2,3),(0.,1.),(0.,0.0208333333333333,
0.0416666666666667,0.0625,0.0833333333333333,0.104166666666667,0.125,0.145833333333333,
0.166666666666667,0.1875,0.208333333333333,0.229166666666667,0.25,0.270833333333333,
0.291666666666667,0.3125,0.333333333333333,0.354166666666667,0.375,0.395833333333333,
0.416666666666667,0.4375,0.458333333333333,0.479166666666667,0.5,0.520833333333333,
0.541666666666667,0.5625,0.583333333333333,0.604166666666667,0.625,0.645833333333333,
0.666666666666667,0.6875,0.708333333333333,0.729166666666667,0.75,0.770833333333333,
0.791666666666667,0.8125,0.833333333333333,0.854166666666667,0.875,0.895833333333333,
0.914559634877429),.UNSPECIFIED.)
GEOMETRIC_REPRESENTATION_ITEM()
RATIONAL_B_SPLINE_SURFACE(((1.,0.923879532511287,1.,0.923879532511287,1.,
0.923879532511287,1.,0.923879532511287,1.,0.923879532511287,1.,0.923879532511287,
1.,0.923879532511287,1.,0.923879532511287,1.,0.923879532511287,1.,0.923879532511287,
1.,0.923879532511287,1.,0.923879532511287,1.,0.923879532511287,1.,0.923879532511287,
1.,0.923879532511287,1.,0.923879532511287,1.,0.923879532511287,1.,0.923879532511287,
1.,0.923879532511287,1.,0.923879532511287,1.,0.923879532511287,1.,0.923879532511287,
1.,0.923879532511287,1.,0.923879532511287,1.,0.923879532511287,1.,0.923879532511287,
1.,0.923879532511287,1.,0.923879532511287,1.,0.923879532511287,1.,0.923879532511287,
1.,0.923879532511287,1.,0.923879532511287,1.,0.923879532511287,1.,0.923879532511287,
1.,0.923879532511287,1.,0.923879532511287,1.,0.923879532511287,1.,0.923879532511287,
1.,0.923879532511287,1.,0.923879532511287,1.,0.923879532511287,1.,0.923879532511287,
1.,0.923879532511287,1.,0.931578168262182,0.986159970443255),(1.,0.923879532511287,
1.,0.923879532511287,1.,0.923879532511287,1.,0.923879532511287,1.,0.923879532511287,
1.,0.923879532511287,1.,0.923879532511287,1.,0.923879532511287,1.,0.923879532511287,
1.,0.923879532511287,1.,0.923879532511287,1.,0.923879532511287,1.,0.923879532511287,
1.,0.923879532511287,1.,0.923879532511287,1.,0.923879532511287,1.,0.923879532511287,
1.,0.923879532511287,1.,0.923879532511287,1.,0.923879532511287,1.,0.923879532511287,
1.,0.923879532511287,1.,0.923879532511287,1.,0.923879532511287,1.,0.923879532511287,
1.,0.923879532511287,1.,0.923879532511287,1.,0.923879532511287,1.,0.923879532511287,
1.,0.923879532511287,1.,0.923879532511287,1.,0.923879532511287,1.,0.923879532511287,
1.,0.923879532511287,1.,0.923879532511287,1.,0.923879532511287,1.,0.923879532511287,
1.,0.923879532511287,1.,0.923879532511287,1.,0.923879532511287,1.,0.923879532511287,
1.,0.923879532511287,1.,0.923879532511287,1.,0.931578168262182,0.986159970443255)))
REPRESENTATION_ITEM('')
SURFACE()
);
#16=(
BOUNDED_SURFACE()
B_SPLINE_SURFACE(1,2,((#2564,#2565,#2566,#2567,#2568,#2569,#2570,#2571,
#2572,#2573,#2574,#2575,#2576,#2577,#2578,#2579,#2580,#2581,#2582,#2583,
#2584,#2585,#2586,#2587,#2588,#2589,#2590,#2591,#2592,#2593,#2594,#2595,
#2596,#2597,#2598,#2599,#2600,#2601,#2602,#2603,#2604,#2605,#2606,#2607,
#2608,#2609,#2610,#2611,#2612,#2613,#2614,#2615,#2616,#2617,#2618,#2619,
#2620,#2621,#2622,#2623,#2624,#2625,#2626,#2627,#2628,#2629,#2630,#2631,
#2632,#2633,#2634,#2635,#2636,#2637,#2638,#2639,#2640,#2641,#2642,#2643,
#2644,#2645,#2646,#2647,#2648,#2649,#2650,#2651,#2652),(#2653,#2654,#2655,
#2656,#2657,#2658,#2659,#2660,#2661,#2662,#2663,#2664,#2665,#2666,#2667,
#2668,#2669,#2670,#2671,#2672,#2673,#2674,#2675,#2676,#2677,#2678,#2679,
#2680,#2681,#2682,#2683,#2684,#2685,#2686,#2687,#2688,#2689,#2690,#2691,
#2692,#2693,#2694,#2695,#2696,#2697,#2698,#2699,#2700,#2701,#2702,#2703,
#2704,#2705,#2706,#2707,#2708,#2709,#2710,#2711,#2712,#2713,#2714,#2715,
#2716,#2717,#2718,#2719,#2720,#2721,#2722,#2723,#2724,#2725,#2726,#2727,
#2728,#2729,#2730,#2731,#2732,#2733,#2734,#2735,#2736,#2737,#2738,#2739,
#2740,#2741)),.UNSPECIFIED.,.F.,.F.,.F.)
B_SPLINE_SURFACE_WITH_KNOTS((2,2),(3,2,2,2,2,2,2,2,2,2,2,2,2,2,2,2,2,2,
2,2,2,2,2,2,2,2,2,2,2,2,2,2,2,2,2,2,2,2,2,2,2,2,2,2,3),(0.,1.),(-1.03768185950343E-5,
0.0208333333333333,0.0416666666666667,0.0625,0.0833333333333333,0.104166666666667,
0.125,0.145833333333333,0.166666666666667,0.1875,0.208333333333333,0.229166666666667,
0.25,0.270833333333333,0.291666666666667,0.3125,0.333333333333333,0.354166666666667,
0.375,0.395833333333333,0.416666666666667,0.4375,0.458333333333333,0.479166666666667,
0.5,0.520833333333333,0.541666666666667,0.5625,0.583333333333333,0.604166666666667,
0.625,0.645833333333333,0.666666666666667,0.6875,0.708333333333333,0.729166666666667,
0.75,0.770833333333333,0.791666666666667,0.8125,0.833333333333333,0.854166666666667,
0.875,0.895833333333333,0.914555710991789),.UNSPECIFIED.)
GEOMETRIC_REPRESENTATION_ITEM()
RATIONAL_B_SPLINE_SURFACE(((1.00007586704472,0.923841617873727,1.,0.923879532511287,
1.,0.923879532511287,1.,0.923879532511287,1.,0.923879532511287,1.,0.923879532511287,
1.,0.923879532511287,1.,0.923879532511287,1.,0.923879532511287,1.,0.923879532511287,
1.,0.923879532511287,1.,0.923879532511287,1.,0.923879532511287,1.,0.923879532511287,
1.,0.923879532511287,1.,0.923879532511287,1.,0.923879532511287,1.,0.923879532511287,
1.,0.923879532511287,1.,0.923879532511287,1.,0.923879532511287,1.,0.923879532511287,
1.,0.923879532511287,1.,0.923879532511287,1.,0.923879532511287,1.,0.923879532511287,
1.,0.923879532511287,1.,0.923879532511287,1.,0.923879532511287,1.,0.923879532511287,
1.,0.923879532511287,1.,0.923879532511287,1.,0.923879532511287,1.,0.923879532511287,
1.,0.923879532511287,1.,0.923879532511287,1.,0.923879532511287,1.,0.923879532511287,
1.,0.923879532511287,1.,0.923879532511287,1.,0.923879532511287,1.,0.923879532511287,
1.,0.923879532511287,1.,0.93159250528663,0.986137101839741),(1.00007586704472,
0.923841617873727,1.,0.923879532511287,1.,0.923879532511287,1.,0.923879532511287,
1.,0.923879532511287,1.,0.923879532511287,1.,0.923879532511287,1.,0.923879532511287,
1.,0.923879532511287,1.,0.923879532511287,1.,0.923879532511287,1.,0.923879532511287,
1.,0.923879532511287,1.,0.923879532511287,1.,0.923879532511287,1.,0.923879532511287,
1.,0.923879532511287,1.,0.923879532511287,1.,0.923879532511287,1.,0.923879532511287,
1.,0.923879532511287,1.,0.923879532511287,1.,0.923879532511287,1.,0.923879532511287,
1.,0.923879532511287,1.,0.923879532511287,1.,0.923879532511287,1.,0.923879532511287,
1.,0.923879532511287,1.,0.923879532511287,1.,0.923879532511287,1.,0.923879532511287,
1.,0.923879532511287,1.,0.923879532511287,1.,0.923879532511287,1.,0.923879532511287,
1.,0.923879532511287,1.,0.923879532511287,1.,0.923879532511287,1.,0.923879532511287,
1.,0.923879532511287,1.,0.923879532511287,1.,0.923879532511287,1.,0.93159250528663,
0.986137101839741)))
REPRESENTATION_ITEM('')
SURFACE()
);
#17=B_SPLINE_SURFACE_WITH_KNOTS('',1,3,((#2158,#2159,#2160,#2161,#2162,
#2163,#2164,#2165,#2166,#2167,#2168,#2169,#2170,#2171,#2172,#2173,#2174,
#2175,#2176,#2177,#2178,#2179,#2180,#2181,#2182,#2183,#2184,#2185,#2186,
#2187,#2188,#2189,#2190,#2191,#2192,#2193,#2194,#2195),(#2196,#2197,#2198,
#2199,#2200,#2201,#2202,#2203,#2204,#2205,#2206,#2207,#2208,#2209,#2210,
#2211,#2212,#2213,#2214,#2215,#2216,#2217,#2218,#2219,#2220,#2221,#2222,
#2223,#2224,#2225,#2226,#2227,#2228,#2229,#2230,#2231,#2232,#2233)),
 .UNSPECIFIED.,.F.,.F.,.F.,(2,2),(4,2,2,2,2,2,2,2,2,2,2,2,2,2,2,2,2,2,4),
(0.,1.),(-2.89692323299102E-5,0.0625,0.09375,0.125,0.15625,0.1875,0.25,
0.3125,0.375,0.4375,0.5,0.5625,0.625,0.6875,0.75,0.8125,0.875,0.9375,1.),
 .UNSPECIFIED.);
#18=B_SPLINE_SURFACE_WITH_KNOTS('',1,3,((#2265,#2266,#2267,#2268,#2269,
#2270,#2271,#2272,#2273,#2274,#2275,#2276,#2277,#2278,#2279,#2280,#2281,
#2282,#2283,#2284,#2285,#2286,#2287,#2288,#2289,#2290,#2291,#2292,#2293,
#2294,#2295,#2296,#2297,#2298,#2299,#2300,#2301,#2302),(#2303,#2304,#2305,
#2306,#2307,#2308,#2309,#2310,#2311,#2312,#2313,#2314,#2315,#2316,#2317,
#2318,#2319,#2320,#2321,#2322,#2323,#2324,#2325,#2326,#2327,#2328,#2329,
#2330,#2331,#2332,#2333,#2334,#2335,#2336,#2337,#2338,#2339,#2340)),
 .UNSPECIFIED.,.F.,.F.,.F.,(2,2),(4,2,2,2,2,2,2,2,2,2,2,2,2,2,2,2,2,2,4),
(0.,1.),(-2.17387104282212E-5,0.0625,0.09375,0.125,0.15625,0.1875,0.25,
0.3125,0.375,0.4375,0.5,0.5625,0.625,0.6875,0.75,0.8125,0.875,0.9375,1.),
 .UNSPECIFIED.);
#19=B_SPLINE_SURFACE_WITH_KNOTS('',1,3,((#2768,#2769,#2770,#2771,#2772,
#2773,#2774,#2775,#2776,#2777,#2778,#2779,#2780,#2781,#2782,#2783,#2784,
#2785,#2786,#2787,#2788,#2789,#2790,#2791,#2792,#2793,#2794,#2795,#2796,
#2797,#2798,#2799,#2800,#2801,#2802,#2803,#2804,#2805),(#2806,#2807,#2808,
#2809,#2810,#2811,#2812,#2813,#2814,#2815,#2816,#2817,#2818,#2819,#2820,
#2821,#2822,#2823,#2824,#2825,#2826,#2827,#2828,#2829,#2830,#2831,#2832,
#2833,#2834,#2835,#2836,#2837,#2838,#2839,#2840,#2841,#2842,#2843)),
 .UNSPECIFIED.,.F.,.F.,.F.,(2,2),(4,2,2,2,2,2,2,2,2,2,2,2,2,2,2,2,2,2,4),
(0.,1.),(0.,0.0625,0.09375,0.125,0.15625,0.1875,0.25,0.3125,0.375,0.4375,
0.5,0.5625,0.625,0.6875,0.75,0.8125,0.875,0.9375,1.),.UNSPECIFIED.);
#20=FACE_BOUND('',#171,.T.);
#21=PLANE('',#1027);
#22=PLANE('',#1028);
#23=PLANE('',#1029);
#24=PLANE('',#1030);
#25=PLANE('',#1031);
#26=PLANE('',#1032);
#27=PLANE('',#1033);
#28=PLANE('',#1034);
#29=PLANE('',#1035);
#30=PLANE('',#1036);
#31=PLANE('',#1037);
#32=PLANE('',#1038);
#33=PLANE('',#1039);
#34=PLANE('',#1040);
#35=PLANE('',#1041);
#36=PLANE('',#1042);
#37=PLANE('',#1043);
#38=PLANE('',#1044);
#39=PLANE('',#1045);
#40=PLANE('',#1046);
#41=PLANE('',#1047);
#42=PLANE('',#1048);
#43=PLANE('',#1049);
#44=PLANE('',#1050);
#45=PLANE('',#1051);
#46=PLANE('',#1052);
#47=B_SPLINE_CURVE_WITH_KNOTS('',3,(#1417,#1418,#1419,#1420,#1421,#1422,
#1423,#1424),.UNSPECIFIED.,.F.,.F.,(4,2,2,4),(-0.457135305350266,-0.373058115497929,
-0.30588956609876,-0.272354967880715),.UNSPECIFIED.);
#48=B_SPLINE_CURVE_WITH_KNOTS('',3,(#1428,#1429,#1430,#1431,#1432,#1433,
#1434,#1435,#1436,#1437,#1438,#1439,#1440,#1441,#1442,#1443,#1444,#1445,
#1446,#1447,#1448,#1449,#1450,#1451,#1452,#1453,#1454,#1455,#1456,#1457,
#1458,#1459,#1460,#1461,#1462,#1463,#1464,#1465,#1466,#1467,#1468,#1469,
#1470,#1471,#1472,#1473),.UNSPECIFIED.,.F.,.F.,(4,2,2,2,2,2,2,2,2,2,2,2,
2,2,2,2,2,2,2,2,2,2,4),(-0.274917009453893,-0.273180348839519,-0.264318499473182,
-0.251095277945732,-0.243815084811387,-0.236547708411077,-0.222449334124189,
-0.214736362373213,-0.207026169451013,-0.191227268053274,-0.183301015287143,
-0.167147236924676,-0.158908666274305,-0.150502183984159,-0.133471886551244,
-0.124784842630843,-0.115892173868295,-0.097987683694702,-0.0888519685709454,
-0.0691090828863373,-0.0471122770945898,-0.027385990487824,-1.00000000002876E-6),
 .UNSPECIFIED.);
#49=B_SPLINE_CURVE_WITH_KNOTS('',3,(#1482,#1483,#1484,#1485,#1486,#1487,
#1488,#1489,#1490,#1491,#1492,#1493,#1494,#1495),.UNSPECIFIED.,.F.,.F.,
(4,2,2,2,2,2,4),(1.00000036031521E-6,0.00824286224060208,0.0164188383195726,
0.031809631959883,0.0487554015012025,0.0585516058982783,0.0676768377925674),
 .UNSPECIFIED.);
#50=B_SPLINE_CURVE_WITH_KNOTS('',3,(#1502,#1503,#1504,#1505,#1506,#1507,
#1508,#1509),.UNSPECIFIED.,.F.,.F.,(4,2,2,4),(1.00000026600437E-6,0.00625043222685444,
0.012843884714412,0.0164843065877749),.UNSPECIFIED.);
#51=B_SPLINE_CURVE_WITH_KNOTS('',3,(#1513,#1514,#1515,#1516,#1517,#1518,
#1519,#1520,#1521,#1522,#1523,#1524,#1525,#1526,#1527,#1528),
 .UNSPECIFIED.,.F.,.F.,(4,2,2,2,2,2,2,4),(0.287480117266209,0.28893276955033,
0.310007485402943,0.3312248124682,0.351527440739367,0.371793127145529,0.38551564931418,
0.399348856189553),.UNSPECIFIED.);
#52=B_SPLINE_CURVE_WITH_KNOTS('',3,(#1534,#1535,#1536,#1537,#1538,#1539,
#1540,#1541,#1542,#1543,#1544,#1545),.UNSPECIFIED.,.F.,.F.,(4,2,2,2,2,4),
(-0.138042278789913,-0.118020897869879,-0.0762471908643379,-0.0415438071462264,
-0.0208257246007348,-1.00000020741842E-6),.UNSPECIFIED.);
#53=B_SPLINE_CURVE_WITH_KNOTS('',3,(#1546,#1547,#1548,#1549,#1550,#1551,
#1552,#1553,#1554,#1555,#1556,#1557,#1558,#1559,#1560,#1561,#1562,#1563,
#1564,#1565,#1566,#1567,#1568,#1569,#1570,#1571,#1572,#1573,#1574,#1575,
#1576,#1577,#1578,#1579),.UNSPECIFIED.,.F.,.F.,(4,2,2,2,2,2,2,2,2,2,2,2,
2,2,2,2,4),(1.00000038320835E-6,0.0252372733250436,0.0504655762366125,0.0635462225980778,
0.0765008093624736,0.0893178366330241,0.102029607962335,0.1145985517433,
0.127068790148468,0.139390659015711,0.15162084859139,0.175329198606516,
0.199122887996153,0.22180872673037,0.244927280716397,0.266793200109271,
0.287480117266209),.UNSPECIFIED.);
#54=B_SPLINE_CURVE_WITH_KNOTS('',3,(#1582,#1583,#1584,#1585,#1586,#1587,
#1588,#1589,#1590,#1591,#1592,#1593,#1594,#1595,#1596,#1597,#1598,#1599,
#1600,#1601,#1602,#1603,#1604,#1605,#1606,#1607,#1608,#1609),
 .UNSPECIFIED.,.F.,.F.,(4,2,2,2,2,2,2,2,2,2,2,2,2,4),(1.00000033773605E-6,
0.0131065943533234,0.0262495491318353,0.0470274907896658,0.0677889822074565,
0.0897293707314143,0.11138390798393,0.134445939619052,0.157085184517551,
0.181235352611409,0.204840748704048,0.217089128260633,0.242358433120138,
0.253764527739211),.UNSPECIFIED.);
#55=B_SPLINE_CURVE_WITH_KNOTS('',3,(#1615,#1616,#1617,#1618,#1619,#1620,
#1621,#1622,#1623,#1624,#1625,#1626,#1627,#1628,#1629,#1630,#1631,#1632,
#1633,#1634,#1635,#1636,#1637,#1638,#1639,#1640,#1641,#1642,#1643,#1644,
#1645,#1646,#1647,#1648,#1649,#1650),.UNSPECIFIED.,.F.,.F.,(4,2,2,2,2,2,
2,2,2,2,2,2,2,2,2,2,2,4),(-0.463909554264248,-0.453100735173761,-0.42276844399728,
-0.393203812464337,-0.362870654354894,-0.33327708135473,-0.302947318729671,
-0.273327475648433,-0.243004955101327,-0.213361157695807,-0.183049416571592,
-0.15338370881596,-0.123086072965679,-0.0934003045101526,-0.0631199795765294,
-0.0334155575197081,-0.0166804759998142,-1.0000001575694E-6),
 .UNSPECIFIED.);
#56=B_SPLINE_CURVE_WITH_KNOTS('',3,(#1654,#1655,#1656,#1657,#1658,#1659,
#1660,#1661,#1662,#1663),.UNSPECIFIED.,.F.,.F.,(4,2,2,2,4),(-0.108643311719689,
-0.0819277480932308,-0.0542844072392492,-0.0271204064926563,-1.00000028702141E-6),
 .UNSPECIFIED.);
#57=B_SPLINE_CURVE_WITH_KNOTS('',3,(#1664,#1665,#1666,#1667,#1668,#1669,
#1670,#1671,#1672,#1673,#1674,#1675),.UNSPECIFIED.,.F.,.F.,(4,2,2,2,2,4),
(-1.47211225445941,-1.44980685544896,-1.42713594421928,-1.39674280472948,
-1.36578074570383,-1.35069102626015),.UNSPECIFIED.);
#58=B_SPLINE_CURVE_WITH_KNOTS('',3,(#1680,#1681,#1682,#1683,#1684,#1685,
#1686,#1687,#1688,#1689,#1690,#1691,#1692,#1693,#1694,#1695,#1696,#1697,
#1698,#1699,#1700,#1701,#1702,#1703,#1704,#1705,#1706,#1707,#1708,#1709,
#1710,#1711,#1712,#1713,#1714,#1715),.UNSPECIFIED.,.F.,.F.,(4,2,2,2,2,2,
2,2,2,2,2,2,2,2,2,2,2,4),(-0.935136829919224,-0.929921579080962,-0.899847137022915,
-0.870689740484786,-0.840547051288578,-0.811312374957749,-0.78111506233564,
-0.751813275937008,-0.721572933059437,-0.692212612407584,-0.661939129097408,
-0.632527504387443,-0.602229343599455,-0.572772509912065,-0.542456942725776,
-0.512960039584026,-0.482633346277713,-0.463909554264248),.UNSPECIFIED.);
#59=B_SPLINE_CURVE_WITH_KNOTS('',3,(#1716,#1717,#1718,#1719,#1720,#1721,
#1722,#1723,#1724,#1725,#1726,#1727,#1728,#1729,#1730,#1731,#1732,#1733,
#1734,#1735,#1736,#1737,#1738,#1739,#1740,#1741,#1742,#1743,#1744,#1745,
#1746,#1747,#1748,#1749,#1750,#1751),.UNSPECIFIED.,.F.,.F.,(4,2,2,2,2,2,
2,2,2,2,2,2,2,2,2,2,2,4),(-1.35069102626015,-1.33540633659692,-1.30442489913964,
-1.27407007638602,-1.24307249130625,-1.21273907298795,-1.18172866671638,
-1.15141863031076,-1.12039889622077,-1.09011445518481,-1.05908914984777,
-1.02883283572496,-0.997806082897874,-0.967580834940715,-0.936557239836904,
-0.906366504399112,-0.875351281167177,-0.865264298465972),.UNSPECIFIED.);
#60=B_SPLINE_CURVE_WITH_KNOTS('',3,(#1756,#1757,#1758,#1759,#1760,#1761,
#1762,#1763,#1764,#1765,#1766,#1767,#1768,#1769,#1770,#1771,#1772,#1773,
#1774,#1775,#1776,#1777,#1778,#1779,#1780,#1781,#1782,#1783,#1784,#1785,
#1786,#1787,#1788,#1789),.UNSPECIFIED.,.F.,.F.,(4,2,2,2,2,2,2,2,2,2,2,2,
2,2,2,2,4),(-1.29847832055304,-1.28115191434748,-1.26324963378015,-1.24758855429441,
-1.23134437981293,-1.21385599936572,-1.19443639170508,-1.17379428293249,
-1.15127970916763,-1.12771128849727,-1.10231738946287,-1.0758915125364,
-1.04772611848872,-1.01855765611278,-0.988929605675972,-0.959606785066657,
-0.935136829919224),.UNSPECIFIED.);
#61=B_SPLINE_CURVE_WITH_KNOTS('',3,(#1790,#1791,#1792,#1793,#1794,#1795,
#1796,#1797,#1798,#1799,#1800,#1801,#1802,#1803,#1804,#1805,#1806,#1807,
#1808,#1809,#1810,#1811,#1812,#1813,#1814,#1815,#1816,#1817,#1818,#1819,
#1820,#1821,#1822,#1823,#1824,#1825),.UNSPECIFIED.,.F.,.F.,(4,2,2,2,2,2,
2,2,2,2,2,2,2,2,2,2,2,4),(-0.865264298465972,-0.845199123463497,-0.814198239283287,
-0.784089470557329,-0.753109810377175,-0.723050134079566,-0.692099690795832,
-0.661635385626982,-0.631226666948435,-0.600782762330809,-0.570470777521565,
-0.540055218034957,-0.509853187512206,-0.479475370061301,-0.44939855656402,
-0.419069589042356,-0.389135630990635,-0.384779867563735),.UNSPECIFIED.);
#62=B_SPLINE_CURVE_WITH_KNOTS('',3,(#1828,#1829,#1830,#1831,#1832,#1833,
#1834,#1835),.UNSPECIFIED.,.F.,.F.,(4,2,2,4),(0.,0.0296826537610899,0.0447926221068249,
0.0593104995916035),.UNSPECIFIED.);
#63=B_SPLINE_CURVE_WITH_KNOTS('',3,(#1837,#1838,#1839,#1840,#1841,#1842,
#1843,#1844,#1845,#1846),.UNSPECIFIED.,.F.,.F.,(4,2,2,2,4),(0.,0.0169420991613647,
0.0338190182354868,0.0504229138995098,0.0674362795893856),.UNSPECIFIED.);
#64=B_SPLINE_CURVE_WITH_KNOTS('',3,(#1847,#1848,#1849,#1850,#1851,#1852,
#1853,#1854,#1855,#1856,#1857,#1858,#1859,#1860,#1861,#1862,#1863,#1864),
 .UNSPECIFIED.,.F.,.F.,(4,2,2,2,2,2,2,2,4),(-0.131783360730624,-0.107044373762047,
-0.0841795484096319,-0.0614810834452806,-0.0428517794679179,-0.0279018787740983,
-0.0145057808697986,-0.00695748705709136,-1.00000027064562E-6),
 .UNSPECIFIED.);
#65=B_SPLINE_CURVE_WITH_KNOTS('',3,(#1879,#1880,#1881,#1882,#1883,#1884,
#1885,#1886,#1887,#1888,#1889,#1890,#1891,#1892,#1893,#1894,#1895,#1896,
#1897,#1898,#1899,#1900,#1901,#1902,#1903,#1904,#1905,#1906,#1907,#1908,
#1909,#1910,#1911,#1912),.UNSPECIFIED.,.F.,.F.,(4,2,2,2,2,2,2,2,2,2,2,2,
2,2,2,2,4),(-0.384779867563735,-0.35886870418297,-0.329098082083024,-0.300384025046074,
-0.273514464482526,-0.247730230212762,-0.223870648992398,-0.201116644622436,
-0.180324931720445,-0.160821779538438,-0.141536324380935,-0.119128213740495,
-0.0956249570494325,-0.068895708904231,-0.0413125851598891,-0.0207995514535412,
-1.00000019709334E-6),.UNSPECIFIED.);
#66=B_SPLINE_CURVE_WITH_KNOTS('',3,(#1915,#1916,#1917,#1918,#1919,#1920,
#1921,#1922,#1923,#1924,#1925,#1926,#1927,#1928,#1929,#1930,#1931,#1932,
#1933,#1934),.UNSPECIFIED.,.F.,.F.,(4,2,2,2,2,2,2,2,2,4),(-1.48015150174776,
-1.45702850994174,-1.43352785547559,-1.41083196039408,-1.38741314926399,
-1.36481261670635,-1.34149335500784,-1.32033052024634,-1.29967714615983,
-1.29847832055304),.UNSPECIFIED.);
#67=B_SPLINE_CURVE_WITH_KNOTS('',3,(#1936,#1937,#1938,#1939,#1940,#1941,
#1942,#1943,#1944,#1945,#1946,#1947,#1948,#1949,#1950,#1951,#1952,#1953,
#1954,#1955,#1956,#1957),.UNSPECIFIED.,.F.,.F.,(4,2,2,2,2,2,2,2,2,2,4),
(0.253764527739211,0.255177218562034,0.280654644126664,0.3068529621903,
0.333265402068027,0.360439942500571,0.387788476977781,0.41594942447858,
0.444562715413252,0.462218885922972,0.480105763727042),.UNSPECIFIED.);
#68=B_SPLINE_CURVE_WITH_KNOTS('',3,(#1958,#1959,#1960,#1961,#1962,#1963),
 .UNSPECIFIED.,.F.,.F.,(4,2,4),(-0.153603371496534,-0.139575601725182,-0.138042278789913),
 .UNSPECIFIED.);
#69=B_SPLINE_CURVE_WITH_KNOTS('',3,(#1965,#1966,#1967,#1968,#1969,#1970,
#1971,#1972,#1973,#1974,#1975,#1976,#1977,#1978),.UNSPECIFIED.,.F.,.F.,
(4,2,2,2,2,2,4),(0.0164843065877749,0.0261982559441931,0.0405195796696814,
0.0558800591939724,0.0704790558554278,0.0780982923846072,0.0858011582148381),
 .UNSPECIFIED.);
#70=B_SPLINE_CURVE_WITH_KNOTS('',3,(#1980,#1981,#1982,#1983,#1984,#1985,
#1986,#1987,#1988,#1989,#1990,#1991,#1992,#1993,#1994,#1995,#1996,#1997,
#1998,#1999,#2000,#2001,#2002,#2003,#2004,#2005),.UNSPECIFIED.,.F.,.F.,
(4,2,2,2,2,2,2,2,2,2,2,2,4),(-0.272354967880715,-0.255365743665871,-0.236300515895573,
-0.198892486836033,-0.179987582077575,-0.145102932196306,-0.127205515388039,
-0.109416623937079,-0.0768115525246547,-0.0600665003825387,-0.0441689424788302,
-0.0219045923751998,-1.00000000002876E-6),.UNSPECIFIED.);
#71=B_SPLINE_CURVE_WITH_KNOTS('',3,(#2006,#2007,#2008,#2009,#2010,#2011),
 .UNSPECIFIED.,.F.,.F.,(4,2,4),(-0.281954571636039,-0.277661564977509,-0.274917009453893),
 .UNSPECIFIED.);
#72=B_SPLINE_CURVE_WITH_KNOTS('',3,(#2234,#2235,#2236,#2237,#2238,#2239,
#2240,#2241,#2242,#2243,#2244,#2245,#2246,#2247,#2248,#2249,#2250,#2251,
#2252,#2253,#2254,#2255,#2256,#2257,#2258,#2259,#2260,#2261,#2262,#2263),
 .UNSPECIFIED.,.F.,.F.,(4,2,2,2,2,2,2,2,2,2,2,2,2,2,4),(0.,0.0625,0.09375,
0.125,0.15625,0.1875,0.25,0.3125,0.375,0.4375,0.5,0.5625,0.625,0.6875,0.706697039016573),
 .UNSPECIFIED.);
#73=B_SPLINE_CURVE_WITH_KNOTS('',3,(#2342,#2343,#2344,#2345,#2346,#2347,
#2348,#2349,#2350,#2351,#2352,#2353,#2354,#2355,#2356,#2357,#2358,#2359,
#2360,#2361,#2362,#2363,#2364,#2365,#2366,#2367),.UNSPECIFIED.,.F.,.F.,
(4,2,2,2,2,2,2,2,2,2,2,2,4),(0.,0.0625,0.09375,0.125,0.15625,0.1875,0.25,
0.3125,0.375,0.4375,0.5,0.5625,0.622909425413155),.UNSPECIFIED.);
#74=B_SPLINE_CURVE_WITH_KNOTS('',3,(#2558,#2559,#2560,#2561,#2562,#2563),
 .UNSPECIFIED.,.F.,.F.,(4,2,4),(1.00000014213993E-6,0.028064719999853,0.0550496805921586),
 .UNSPECIFIED.);
#75=B_SPLINE_CURVE_WITH_KNOTS('',3,(#2743,#2744,#2745,#2746,#2747,#2748,
#2749,#2750,#2751,#2752),.UNSPECIFIED.,.F.,.F.,(4,2,2,2,4),(0.,0.0291553748819041,
0.0572435997023881,0.08586001347761,0.111072435930608),.UNSPECIFIED.);
#76=CIRCLE('',#1001,0.043);
#77=CIRCLE('',#1002,0.0402982188291892);
#78=CIRCLE('',#1003,0.0402982188291892);
#79=CIRCLE('',#1005,0.0174655244746805);
#80=CIRCLE('',#1006,0.00954977190442973);
#81=CIRCLE('',#1007,0.00954977190442973);
#82=CIRCLE('',#1010,0.0174655244746805);
#83=CIRCLE('',#1012,0.029025);
#84=CIRCLE('',#1017,0.086);
#85=CIRCLE('',#1018,0.086);
#86=CIRCLE('',#1020,0.043);
#87=CIRCLE('',#1023,0.029025);
#88=CIRCLE('',#1054,0.0429999999999999);
#89=CONICAL_SURFACE('',#1000,0.029025,0.349065850398866);
#90=CONICAL_SURFACE('',#1004,26.0676188467376,0.584846577464644);
#91=CONICAL_SURFACE('',#1008,0.0174655244746805,0.222798696177006);
#92=CONICAL_SURFACE('',#1009,0.0174655244746805,0.222798696177006);
#93=CONICAL_SURFACE('',#1015,0.0429999999999999,0.933912427863504);
#94=CONICAL_SURFACE('',#1019,0.043,0.715584993317677);
#95=CONICAL_SURFACE('',#1024,0.0174655244746805,0.222798696177006);
#96=CONICAL_SURFACE('',#1025,26.0676188467376,0.584846577464644);
#97=CONICAL_SURFACE('',#1026,0.029025,0.349065850398866);
#98=CONICAL_SURFACE('',#1053,0.0360124999999999,0.523598775598301);
#99=FACE_OUTER_BOUND('',#151,.T.);
#100=FACE_OUTER_BOUND('',#152,.T.);
#101=FACE_OUTER_BOUND('',#153,.T.);
#102=FACE_OUTER_BOUND('',#154,.T.);
#103=FACE_OUTER_BOUND('',#155,.T.);
#104=FACE_OUTER_BOUND('',#156,.T.);
#105=FACE_OUTER_BOUND('',#157,.T.);
#106=FACE_OUTER_BOUND('',#158,.T.);
#107=FACE_OUTER_BOUND('',#159,.T.);
#108=FACE_OUTER_BOUND('',#160,.T.);
#109=FACE_OUTER_BOUND('',#161,.T.);
#110=FACE_OUTER_BOUND('',#162,.T.);
#111=FACE_OUTER_BOUND('',#163,.T.);
#112=FACE_OUTER_BOUND('',#164,.T.);
#113=FACE_OUTER_BOUND('',#165,.T.);
#114=FACE_OUTER_BOUND('',#166,.T.);
#115=FACE_OUTER_BOUND('',#167,.T.);
#116=FACE_OUTER_BOUND('',#168,.T.);
#117=FACE_OUTER_BOUND('',#169,.T.);
#118=FACE_OUTER_BOUND('',#170,.T.);
#119=FACE_OUTER_BOUND('',#172,.T.);
#120=FACE_OUTER_BOUND('',#173,.T.);
#121=FACE_OUTER_BOUND('',#174,.T.);
#122=FACE_OUTER_BOUND('',#175,.T.);
#123=FACE_OUTER_BOUND('',#176,.T.);
#124=FACE_OUTER_BOUND('',#177,.T.);
#125=FACE_OUTER_BOUND('',#178,.T.);
#126=FACE_OUTER_BOUND('',#179,.T.);
#127=FACE_OUTER_BOUND('',#180,.T.);
#128=FACE_OUTER_BOUND('',#181,.T.);
#129=FACE_OUTER_BOUND('',#182,.T.);
#130=FACE_OUTER_BOUND('',#183,.T.);
#131=FACE_OUTER_BOUND('',#184,.T.);
#132=FACE_OUTER_BOUND('',#185,.T.);
#133=FACE_OUTER_BOUND('',#186,.T.);
#134=FACE_OUTER_BOUND('',#187,.T.);
#135=FACE_OUTER_BOUND('',#188,.T.);
#136=FACE_OUTER_BOUND('',#189,.T.);
#137=FACE_OUTER_BOUND('',#190,.T.);
#138=FACE_OUTER_BOUND('',#191,.T.);
#139=FACE_OUTER_BOUND('',#192,.T.);
#140=FACE_OUTER_BOUND('',#193,.T.);
#141=FACE_OUTER_BOUND('',#194,.T.);
#142=FACE_OUTER_BOUND('',#195,.T.);
#143=FACE_OUTER_BOUND('',#196,.T.);
#144=FACE_OUTER_BOUND('',#197,.T.);
#145=FACE_OUTER_BOUND('',#198,.T.);
#146=FACE_OUTER_BOUND('',#199,.T.);
#147=FACE_OUTER_BOUND('',#200,.T.);
#148=FACE_OUTER_BOUND('',#201,.T.);
#149=FACE_OUTER_BOUND('',#202,.T.);
#150=FACE_OUTER_BOUND('',#203,.T.);
#151=EDGE_LOOP('',(#633,#634,#635,#636));
#152=EDGE_LOOP('',(#637,#638,#639,#640));
#153=EDGE_LOOP('',(#641,#642,#643,#644));
#154=EDGE_LOOP('',(#645,#646,#647,#648));
#155=EDGE_LOOP('',(#649,#650,#651,#652,#653,#654,#655,#656));
#156=EDGE_LOOP('',(#657,#658,#659,#660,#661,#662,#663,#664));
#157=EDGE_LOOP('',(#665,#666,#667));
#158=EDGE_LOOP('',(#668,#669,#670,#671,#672,#673));
#159=EDGE_LOOP('',(#674,#675,#676,#677,#678));
#160=EDGE_LOOP('',(#679,#680,#681,#682));
#161=EDGE_LOOP('',(#683,#684,#685,#686));
#162=EDGE_LOOP('',(#687,#688,#689,#690,#691));
#163=EDGE_LOOP('',(#692,#693,#694,#695));
#164=EDGE_LOOP('',(#696,#697,#698,#699));
#165=EDGE_LOOP('',(#700,#701,#702,#703));
#166=EDGE_LOOP('',(#704,#705,#706,#707));
#167=EDGE_LOOP('',(#708,#709,#710,#711));
#168=EDGE_LOOP('',(#712,#713,#714));
#169=EDGE_LOOP('',(#715,#716,#717,#718));
#170=EDGE_LOOP('',(#719));
#171=EDGE_LOOP('',(#720,#721,#722,#723,#724,#725,#726,#727,#728,#729,#730,
#731,#732,#733,#734,#735,#736,#737,#738,#739));
#172=EDGE_LOOP('',(#740,#741,#742,#743));
#173=EDGE_LOOP('',(#744,#745,#746,#747));
#174=EDGE_LOOP('',(#748,#749,#750,#751));
#175=EDGE_LOOP('',(#752,#753,#754,#755,#756));
#176=EDGE_LOOP('',(#757,#758,#759,#760,#761));
#177=EDGE_LOOP('',(#762,#763,#764,#765));
#178=EDGE_LOOP('',(#766,#767,#768,#769));
#179=EDGE_LOOP('',(#770,#771,#772,#773));
#180=EDGE_LOOP('',(#774,#775,#776,#777,#778));
#181=EDGE_LOOP('',(#779,#780,#781,#782,#783));
#182=EDGE_LOOP('',(#784,#785,#786,#787));
#183=EDGE_LOOP('',(#788,#789,#790,#791));
#184=EDGE_LOOP('',(#792,#793,#794,#795));
#185=EDGE_LOOP('',(#796,#797,#798,#799,#800));
#186=EDGE_LOOP('',(#801,#802,#803,#804,#805));
#187=EDGE_LOOP('',(#806,#807,#808,#809));
#188=EDGE_LOOP('',(#810,#811,#812,#813));
#189=EDGE_LOOP('',(#814,#815,#816,#817));
#190=EDGE_LOOP('',(#818,#819,#820,#821,#822));
#191=EDGE_LOOP('',(#823,#824,#825,#826,#827));
#192=EDGE_LOOP('',(#828,#829,#830,#831,#832,#833,#834,#835,#836,#837,#838,
#839));
#193=EDGE_LOOP('',(#840,#841,#842,#843,#844,#845));
#194=EDGE_LOOP('',(#846,#847,#848,#849,#850,#851));
#195=EDGE_LOOP('',(#852,#853,#854,#855,#856,#857));
#196=EDGE_LOOP('',(#858,#859,#860,#861,#862,#863));
#197=EDGE_LOOP('',(#864,#865,#866,#867,#868,#869,#870,#871));
#198=EDGE_LOOP('',(#872,#873,#874,#875,#876,#877));
#199=EDGE_LOOP('',(#878,#879,#880,#881,#882,#883,#884,#885,#886,#887,#888,
#889,#890));
#200=EDGE_LOOP('',(#891,#892,#893,#894,#895,#896,#897,#898,#899,#900,#901,
#902,#903,#904,#905));
#201=EDGE_LOOP('',(#906,#907,#908,#909,#910));
#202=EDGE_LOOP('',(#911,#912,#913,#914));
#203=EDGE_LOOP('',(#915,#916,#917,#918));
#204=(
BOUNDED_CURVE()
B_SPLINE_CURVE(2,(#1275,#1276,#1277,#1278,#1279,#1280,#1281,#1282,#1283),
 .UNSPECIFIED.,.F.,.F.)
B_SPLINE_CURVE_WITH_KNOTS((3,2,2,2,3),(0.,0.0208333333333333,0.0416666666666667,
0.0625,0.0833333333333333),.UNSPECIFIED.)
CURVE()
GEOMETRIC_REPRESENTATION_ITEM()
RATIONAL_B_SPLINE_CURVE((1.,0.923879532511287,1.,0.923879532511287,1.,0.923879532511287,
1.,0.923879532511287,1.))
REPRESENTATION_ITEM('')
);
#205=(
BOUNDED_CURVE()
B_SPLINE_CURVE(2,(#1286,#1287,#1288,#1289,#1290,#1291,#1292,#1293,#1294),
 .UNSPECIFIED.,.F.,.F.)
B_SPLINE_CURVE_WITH_KNOTS((3,2,2,2,3),(0.,0.0227797312760168,0.0455594625520335,
0.0683391938280503,0.091118925104067),.UNSPECIFIED.)
CURVE()
GEOMETRIC_REPRESENTATION_ITEM()
RATIONAL_B_SPLINE_CURVE((1.,0.923879532511287,1.,0.923879532511287,1.,0.923879532511287,
1.,0.923879532511287,1.))
REPRESENTATION_ITEM('')
);
#206=(
BOUNDED_CURVE()
B_SPLINE_CURVE(2,(#1299,#1300,#1301,#1302,#1303,#1304,#1305,#1306,#1307,
#1308,#1309,#1310,#1311,#1312,#1313,#1314,#1315),.UNSPECIFIED.,.F.,.F.)
B_SPLINE_CURVE_WITH_KNOTS((3,2,2,2,2,2,2,2,3),(0.0833333333333333,0.104166666666667,
0.125,0.145833333333333,0.166666666666667,0.1875,0.208333333333333,0.229166666666667,
0.25),.UNSPECIFIED.)
CURVE()
GEOMETRIC_REPRESENTATION_ITEM()
RATIONAL_B_SPLINE_CURVE((1.,0.923879532511287,1.,0.923879532511287,1.,0.923879532511287,
1.,0.923879532511287,1.,0.923879532511287,1.,0.923879532511287,1.,0.923879532511287,
1.,0.923879532511287,1.))
REPRESENTATION_ITEM('')
);
#207=(
BOUNDED_CURVE()
B_SPLINE_CURVE(2,(#1316,#1317,#1318,#1319,#1320,#1321,#1322,#1323,#1324,
#1325,#1326,#1327,#1328,#1329,#1330,#1331,#1332),.UNSPECIFIED.,.F.,.F.)
B_SPLINE_CURVE_WITH_KNOTS((3,2,2,2,2,2,2,2,3),(0.091118925104067,0.113898656380084,
0.136678387656101,0.159458118932117,0.182237850208134,0.205017581484151,
0.227797312760168,0.250577044036184,0.273356775312201),.UNSPECIFIED.)
CURVE()
GEOMETRIC_REPRESENTATION_ITEM()
RATIONAL_B_SPLINE_CURVE((1.,0.923879532511287,1.,0.923879532511287,1.,0.923879532511287,
1.,0.923879532511287,1.,0.923879532511287,1.,0.923879532511287,1.,0.923879532511287,
1.,0.923879532511287,1.))
REPRESENTATION_ITEM('')
);
#208=(
BOUNDED_CURVE()
B_SPLINE_CURVE(2,(#1337,#1338,#1339,#1340,#1341,#1342,#1343,#1344,#1345,
#1346,#1347,#1348,#1349,#1350,#1351,#1352,#1353),.UNSPECIFIED.,.F.,.F.)
B_SPLINE_CURVE_WITH_KNOTS((3,2,2,2,2,2,2,2,3),(0.25,0.270833333333333,0.291666666666667,
0.3125,0.333333333333333,0.354166666666667,0.375,0.395833333333333,0.416666666666667),
 .UNSPECIFIED.)
CURVE()
GEOMETRIC_REPRESENTATION_ITEM()
RATIONAL_B_SPLINE_CURVE((1.,0.923879532511287,1.,0.923879532511287,1.,0.923879532511287,
1.,0.923879532511287,1.,0.923879532511287,1.,0.923879532511287,1.,0.923879532511287,
1.,0.923879532511287,1.))
REPRESENTATION_ITEM('')
);
#209=(
BOUNDED_CURVE()
B_SPLINE_CURVE(2,(#1354,#1355,#1356,#1357,#1358,#1359,#1360,#1361,#1362,
#1363,#1364,#1365,#1366,#1367,#1368,#1369,#1370),.UNSPECIFIED.,.F.,.F.)
B_SPLINE_CURVE_WITH_KNOTS((3,2,2,2,2,2,2,2,3),(0.273356775312201,0.296136506588218,
0.318916237864235,0.341695969140251,0.364475700416268,0.387255431692285,
0.410035162968302,0.432814894244318,0.455594625520335),.UNSPECIFIED.)
CURVE()
GEOMETRIC_REPRESENTATION_ITEM()
RATIONAL_B_SPLINE_CURVE((1.,0.923879532511287,1.,0.923879532511287,1.,0.923879532511287,
1.,0.923879532511287,1.,0.923879532511287,1.,0.923879532511287,1.,0.923879532511287,
1.,0.923879532511287,1.))
REPRESENTATION_ITEM('')
);
#210=(
BOUNDED_CURVE()
B_SPLINE_CURVE(2,(#1375,#1376,#1377,#1378,#1379,#1380,#1381,#1382,#1383,
#1384,#1385,#1386,#1387,#1388,#1389,#1390,#1391),.UNSPECIFIED.,.F.,.F.)
B_SPLINE_CURVE_WITH_KNOTS((3,2,2,2,2,2,2,2,3),(0.416666666666667,0.4375,
0.458333333333333,0.479166666666667,0.5,0.520833333333333,0.541666666666667,
0.5625,0.583333333333333),.UNSPECIFIED.)
CURVE()
GEOMETRIC_REPRESENTATION_ITEM()
RATIONAL_B_SPLINE_CURVE((1.,0.923879532511287,1.,0.923879532511287,1.,0.923879532511287,
1.,0.923879532511287,1.,0.923879532511287,1.,0.923879532511287,1.,0.923879532511287,
1.,0.923879532511287,1.))
REPRESENTATION_ITEM('')
);
#211=(
BOUNDED_CURVE()
B_SPLINE_CURVE(2,(#1392,#1393,#1394,#1395,#1396,#1397,#1398,#1399,#1400,
#1401,#1402,#1403,#1404,#1405,#1406,#1407,#1408),.UNSPECIFIED.,.F.,.F.)
B_SPLINE_CURVE_WITH_KNOTS((3,2,2,2,2,2,2,2,3),(0.455594625520335,0.478374356796352,
0.501154088072369,0.523933819348385,0.546713550624402,0.569493281900419,
0.592273013176436,0.615052744452453,0.637832475728469),.UNSPECIFIED.)
CURVE()
GEOMETRIC_REPRESENTATION_ITEM()
RATIONAL_B_SPLINE_CURVE((1.,0.923879532511287,1.,0.923879532511287,1.,0.923879532511287,
1.,0.923879532511287,1.,0.923879532511287,1.,0.923879532511287,1.,0.923879532511287,
1.,0.923879532511287,1.))
REPRESENTATION_ITEM('')
);
#212=(
BOUNDED_CURVE()
B_SPLINE_CURVE(2,(#2547,#2548,#2549,#2550,#2551,#2552,#2553,#2554,#2555,
#2556,#2557),.UNSPECIFIED.,.F.,.F.)
B_SPLINE_CURVE_WITH_KNOTS((3,2,2,2,2,3),(0.583333333333333,0.604166666666667,
0.625,0.645833333333333,0.666666666666667,0.684940559732174),
 .UNSPECIFIED.)
CURVE()
GEOMETRIC_REPRESENTATION_ITEM()
RATIONAL_B_SPLINE_CURVE((1.,0.923879532511287,1.,0.923879532511287,1.,0.923879532511287,
1.,0.923879532511287,1.,0.933231170416711,0.983594480217177))
REPRESENTATION_ITEM('')
);
#213=(
BOUNDED_CURVE()
B_SPLINE_CURVE(2,(#2753,#2754,#2755,#2756,#2757,#2758,#2759,#2760,#2761,
#2762,#2763,#2764,#2765),.UNSPECIFIED.,.F.,.F.)
B_SPLINE_CURVE_WITH_KNOTS((3,2,2,2,2,2,3),(0.637832475728469,0.660612207004486,
0.683391938280503,0.70617166955652,0.728951400832536,0.751731132108553,
0.771712302031476),.UNSPECIFIED.)
CURVE()
GEOMETRIC_REPRESENTATION_ITEM()
RATIONAL_B_SPLINE_CURVE((1.,0.923879532511287,1.,0.923879532511287,1.,0.923879532511287,
1.,0.923879532511287,1.,0.923879532511287,1.,0.933231170417465,0.98359448021604))
REPRESENTATION_ITEM('')
);
#214=LINE('',#1273,#305);
#215=LINE('',#1285,#306);
#216=LINE('',#1298,#307);
#217=LINE('',#1336,#308);
#218=LINE('',#1374,#309);
#219=LINE('',#1413,#310);
#220=LINE('',#1426,#311);
#221=LINE('',#1478,#312);
#222=LINE('',#1499,#313);
#223=LINE('',#1512,#314);
#224=LINE('',#1532,#315);
#225=LINE('',#1613,#316);
#226=LINE('',#1679,#317);
#227=LINE('',#1755,#318);
#228=LINE('',#1869,#319);
#229=LINE('',#1873,#320);
#230=LINE('',#1876,#321);
#231=LINE('',#2015,#322);
#232=LINE('',#2017,#323);
#233=LINE('',#2019,#324);
#234=LINE('',#2021,#325);
#235=LINE('',#2023,#326);
#236=LINE('',#2025,#327);
#237=LINE('',#2027,#328);
#238=LINE('',#2029,#329);
#239=LINE('',#2031,#330);
#240=LINE('',#2033,#331);
#241=LINE('',#2035,#332);
#242=LINE('',#2037,#333);
#243=LINE('',#2039,#334);
#244=LINE('',#2041,#335);
#245=LINE('',#2043,#336);
#246=LINE('',#2045,#337);
#247=LINE('',#2047,#338);
#248=LINE('',#2049,#339);
#249=LINE('',#2051,#340);
#250=LINE('',#2052,#341);
#251=LINE('',#2055,#342);
#252=LINE('',#2057,#343);
#253=LINE('',#2058,#344);
#254=LINE('',#2061,#345);
#255=LINE('',#2062,#346);
#256=LINE('',#2065,#347);
#257=LINE('',#2066,#348);
#258=LINE('',#2070,#349);
#259=LINE('',#2071,#350);
#260=LINE('',#2072,#351);
#261=LINE('',#2075,#352);
#262=LINE('',#2077,#353);
#263=LINE('',#2078,#354);
#264=LINE('',#2081,#355);
#265=LINE('',#2082,#356);
#266=LINE('',#2085,#357);
#267=LINE('',#2086,#358);
#268=LINE('',#2089,#359);
#269=LINE('',#2090,#360);
#270=LINE('',#2094,#361);
#271=LINE('',#2095,#362);
#272=LINE('',#2096,#363);
#273=LINE('',#2099,#364);
#274=LINE('',#2101,#365);
#275=LINE('',#2102,#366);
#276=LINE('',#2105,#367);
#277=LINE('',#2106,#368);
#278=LINE('',#2109,#369);
#279=LINE('',#2110,#370);
#280=LINE('',#2113,#371);
#281=LINE('',#2114,#372);
#282=LINE('',#2118,#373);
#283=LINE('',#2119,#374);
#284=LINE('',#2120,#375);
#285=LINE('',#2123,#376);
#286=LINE('',#2125,#377);
#287=LINE('',#2126,#378);
#288=LINE('',#2129,#379);
#289=LINE('',#2130,#380);
#290=LINE('',#2133,#381);
#291=LINE('',#2134,#382);
#292=LINE('',#2137,#383);
#293=LINE('',#2138,#384);
#294=LINE('',#2142,#385);
#295=LINE('',#2143,#386);
#296=LINE('',#2144,#387);
#297=LINE('',#2147,#388);
#298=LINE('',#2148,#389);
#299=LINE('',#2150,#390);
#300=LINE('',#2151,#391);
#301=LINE('',#2152,#392);
#302=LINE('',#2153,#393);
#303=LINE('',#2264,#394);
#304=LINE('',#2341,#395);
#305=VECTOR('',#1060,0.0429999999999998);
#306=VECTOR('',#1061,0.393700787401575);
#307=VECTOR('',#1064,0.0429999999999998);
#308=VECTOR('',#1067,0.0429999999999998);
#309=VECTOR('',#1070,0.0429999999999998);
#310=VECTOR('',#1075,0.029025);
#311=VECTOR('',#1078,0.029025);
#312=VECTOR('',#1083,26.0676188467376);
#313=VECTOR('',#1088,26.0676188467376);
#314=VECTOR('',#1093,0.0174655244746805);
#315=VECTOR('',#1096,0.0174655244746805);
#316=VECTOR('',#1101,0.029025);
#317=VECTOR('',#1106,0.029025);
#318=VECTOR('',#1109,0.029025);
#319=VECTOR('',#1116,0.086);
#320=VECTOR('',#1121,0.043);
#321=VECTOR('',#1126,0.043);
#322=VECTOR('',#1139,39.3700787401575);
#323=VECTOR('',#1140,39.3700787401575);
#324=VECTOR('',#1141,39.3700787401575);
#325=VECTOR('',#1142,39.3700787401575);
#326=VECTOR('',#1143,39.3700787401575);
#327=VECTOR('',#1144,39.3700787401575);
#328=VECTOR('',#1145,39.3700787401575);
#329=VECTOR('',#1146,39.3700787401575);
#330=VECTOR('',#1147,39.3700787401575);
#331=VECTOR('',#1148,39.3700787401575);
#332=VECTOR('',#1149,39.3700787401575);
#333=VECTOR('',#1150,39.3700787401575);
#334=VECTOR('',#1151,39.3700787401575);
#335=VECTOR('',#1152,39.3700787401575);
#336=VECTOR('',#1153,39.3700787401575);
#337=VECTOR('',#1154,39.3700787401575);
#338=VECTOR('',#1155,39.3700787401575);
#339=VECTOR('',#1156,39.3700787401575);
#340=VECTOR('',#1157,39.3700787401575);
#341=VECTOR('',#1158,39.3700787401575);
#342=VECTOR('',#1161,39.3700787401575);
#343=VECTOR('',#1162,39.3700787401575);
#344=VECTOR('',#1163,39.3700787401575);
#345=VECTOR('',#1166,39.3700787401575);
#346=VECTOR('',#1167,39.3700787401575);
#347=VECTOR('',#1170,39.3700787401575);
#348=VECTOR('',#1171,39.3700787401575);
#349=VECTOR('',#1174,39.3700787401575);
#350=VECTOR('',#1175,39.3700787401575);
#351=VECTOR('',#1176,39.3700787401575);
#352=VECTOR('',#1179,39.3700787401575);
#353=VECTOR('',#1180,39.3700787401575);
#354=VECTOR('',#1181,39.3700787401575);
#355=VECTOR('',#1184,39.3700787401575);
#356=VECTOR('',#1185,39.3700787401575);
#357=VECTOR('',#1188,39.3700787401575);
#358=VECTOR('',#1189,39.3700787401575);
#359=VECTOR('',#1192,39.3700787401575);
#360=VECTOR('',#1193,39.3700787401575);
#361=VECTOR('',#1196,39.3700787401575);
#362=VECTOR('',#1197,39.3700787401575);
#363=VECTOR('',#1198,39.3700787401575);
#364=VECTOR('',#1201,39.3700787401575);
#365=VECTOR('',#1202,39.3700787401575);
#366=VECTOR('',#1203,39.3700787401575);
#367=VECTOR('',#1206,39.3700787401575);
#368=VECTOR('',#1207,39.3700787401575);
#369=VECTOR('',#1210,39.3700787401575);
#370=VECTOR('',#1211,39.3700787401575);
#371=VECTOR('',#1214,39.3700787401575);
#372=VECTOR('',#1215,39.3700787401575);
#373=VECTOR('',#1218,39.3700787401575);
#374=VECTOR('',#1219,39.3700787401575);
#375=VECTOR('',#1220,39.3700787401575);
#376=VECTOR('',#1223,39.3700787401575);
#377=VECTOR('',#1224,39.3700787401575);
#378=VECTOR('',#1225,39.3700787401575);
#379=VECTOR('',#1228,39.3700787401575);
#380=VECTOR('',#1229,39.3700787401575);
#381=VECTOR('',#1232,39.3700787401575);
#382=VECTOR('',#1233,39.3700787401575);
#383=VECTOR('',#1236,39.3700787401575);
#384=VECTOR('',#1237,39.3700787401575);
#385=VECTOR('',#1240,39.3700787401575);
#386=VECTOR('',#1241,39.3700787401575);
#387=VECTOR('',#1242,39.3700787401575);
#388=VECTOR('',#1245,39.3700787401575);
#389=VECTOR('',#1246,39.3700787401575);
#390=VECTOR('',#1249,39.3700787401575);
#391=VECTOR('',#1250,39.3700787401575);
#392=VECTOR('',#1251,39.3700787401575);
#393=VECTOR('',#1252,39.3700787401575);
#394=VECTOR('',#1261,0.393700787401575);
#395=VECTOR('',#1262,0.393700787401575);
#396=VERTEX_POINT('',#1271);
#397=VERTEX_POINT('',#1272);
#398=VERTEX_POINT('',#1274);
#399=VERTEX_POINT('',#1284);
#400=VERTEX_POINT('',#1296);
#401=VERTEX_POINT('',#1297);
#402=VERTEX_POINT('',#1334);
#403=VERTEX_POINT('',#1335);
#404=VERTEX_POINT('',#1372);
#405=VERTEX_POINT('',#1373);
#406=VERTEX_POINT('',#1410);
#407=VERTEX_POINT('',#1412);
#408=VERTEX_POINT('',#1414);
#409=VERTEX_POINT('',#1416);
#410=VERTEX_POINT('',#1425);
#411=VERTEX_POINT('',#1427);
#412=VERTEX_POINT('',#1476);
#413=VERTEX_POINT('',#1477);
#414=VERTEX_POINT('',#1479);
#415=VERTEX_POINT('',#1481);
#416=VERTEX_POINT('',#1496);
#417=VERTEX_POINT('',#1498);
#418=VERTEX_POINT('',#1500);
#419=VERTEX_POINT('',#1511);
#420=VERTEX_POINT('',#1530);
#421=VERTEX_POINT('',#1531);
#422=VERTEX_POINT('',#1533);
#423=VERTEX_POINT('',#1580);
#424=VERTEX_POINT('',#1611);
#425=VERTEX_POINT('',#1612);
#426=VERTEX_POINT('',#1614);
#427=VERTEX_POINT('',#1651);
#428=VERTEX_POINT('',#1653);
#429=VERTEX_POINT('',#1677);
#430=VERTEX_POINT('',#1678);
#431=VERTEX_POINT('',#1753);
#432=VERTEX_POINT('',#1754);
#433=VERTEX_POINT('',#1827);
#434=VERTEX_POINT('',#1836);
#435=VERTEX_POINT('',#1866);
#436=VERTEX_POINT('',#1868);
#437=VERTEX_POINT('',#1872);
#438=VERTEX_POINT('',#1878);
#439=VERTEX_POINT('',#1913);
#440=VERTEX_POINT('',#2013);
#441=VERTEX_POINT('',#2014);
#442=VERTEX_POINT('',#2016);
#443=VERTEX_POINT('',#2018);
#444=VERTEX_POINT('',#2020);
#445=VERTEX_POINT('',#2022);
#446=VERTEX_POINT('',#2024);
#447=VERTEX_POINT('',#2026);
#448=VERTEX_POINT('',#2028);
#449=VERTEX_POINT('',#2030);
#450=VERTEX_POINT('',#2032);
#451=VERTEX_POINT('',#2034);
#452=VERTEX_POINT('',#2036);
#453=VERTEX_POINT('',#2038);
#454=VERTEX_POINT('',#2040);
#455=VERTEX_POINT('',#2042);
#456=VERTEX_POINT('',#2044);
#457=VERTEX_POINT('',#2046);
#458=VERTEX_POINT('',#2048);
#459=VERTEX_POINT('',#2050);
#460=VERTEX_POINT('',#2054);
#461=VERTEX_POINT('',#2056);
#462=VERTEX_POINT('',#2060);
#463=VERTEX_POINT('',#2064);
#464=VERTEX_POINT('',#2068);
#465=VERTEX_POINT('',#2069);
#466=VERTEX_POINT('',#2074);
#467=VERTEX_POINT('',#2076);
#468=VERTEX_POINT('',#2080);
#469=VERTEX_POINT('',#2084);
#470=VERTEX_POINT('',#2088);
#471=VERTEX_POINT('',#2092);
#472=VERTEX_POINT('',#2093);
#473=VERTEX_POINT('',#2098);
#474=VERTEX_POINT('',#2100);
#475=VERTEX_POINT('',#2104);
#476=VERTEX_POINT('',#2108);
#477=VERTEX_POINT('',#2112);
#478=VERTEX_POINT('',#2116);
#479=VERTEX_POINT('',#2117);
#480=VERTEX_POINT('',#2122);
#481=VERTEX_POINT('',#2124);
#482=VERTEX_POINT('',#2128);
#483=VERTEX_POINT('',#2132);
#484=VERTEX_POINT('',#2136);
#485=VERTEX_POINT('',#2140);
#486=VERTEX_POINT('',#2141);
#487=VERTEX_POINT('',#2146);
#488=VERTEX_POINT('',#2546);
#489=VERTEX_POINT('',#2742);
#490=EDGE_CURVE('',#396,#397,#214,.T.);
#491=EDGE_CURVE('',#398,#396,#204,.T.);
#492=EDGE_CURVE('',#399,#398,#215,.T.);
#493=EDGE_CURVE('',#399,#397,#205,.T.);
#494=EDGE_CURVE('',#400,#401,#216,.T.);
#495=EDGE_CURVE('',#396,#400,#206,.T.);
#496=EDGE_CURVE('',#397,#401,#207,.T.);
#497=EDGE_CURVE('',#402,#403,#217,.T.);
#498=EDGE_CURVE('',#400,#402,#208,.T.);
#499=EDGE_CURVE('',#401,#403,#209,.T.);
#500=EDGE_CURVE('',#404,#405,#218,.T.);
#501=EDGE_CURVE('',#402,#404,#210,.T.);
#502=EDGE_CURVE('',#403,#405,#211,.T.);
#503=EDGE_CURVE('',#406,#406,#76,.T.);
#504=EDGE_CURVE('',#406,#407,#219,.T.);
#505=EDGE_CURVE('',#408,#407,#77,.T.);
#506=EDGE_CURVE('',#408,#409,#47,.T.);
#507=EDGE_CURVE('',#409,#410,#220,.T.);
#508=EDGE_CURVE('',#410,#411,#48,.T.);
#509=EDGE_CURVE('',#407,#411,#78,.T.);
#510=EDGE_CURVE('',#412,#413,#221,.T.);
#511=EDGE_CURVE('',#414,#412,#79,.T.);
#512=EDGE_CURVE('',#415,#414,#49,.F.);
#513=EDGE_CURVE('',#416,#415,#80,.T.);
#514=EDGE_CURVE('',#416,#417,#222,.T.);
#515=EDGE_CURVE('',#418,#416,#81,.T.);
#516=EDGE_CURVE('',#413,#418,#50,.F.);
#517=EDGE_CURVE('',#419,#412,#223,.T.);
#518=EDGE_CURVE('',#414,#419,#51,.F.);
#519=EDGE_CURVE('',#420,#421,#224,.T.);
#520=EDGE_CURVE('',#420,#422,#52,.T.);
#521=EDGE_CURVE('',#419,#422,#53,.F.);
#522=EDGE_CURVE('',#412,#423,#82,.T.);
#523=EDGE_CURVE('',#421,#423,#54,.F.);
#524=EDGE_CURVE('',#424,#425,#225,.T.);
#525=EDGE_CURVE('',#424,#426,#55,.T.);
#526=EDGE_CURVE('',#426,#427,#83,.T.);
#527=EDGE_CURVE('',#428,#427,#56,.T.);
#528=EDGE_CURVE('',#428,#425,#57,.T.);
#529=EDGE_CURVE('',#429,#430,#226,.T.);
#530=EDGE_CURVE('',#429,#424,#58,.T.);
#531=EDGE_CURVE('',#425,#430,#59,.T.);
#532=EDGE_CURVE('',#431,#432,#227,.T.);
#533=EDGE_CURVE('',#431,#429,#60,.T.);
#534=EDGE_CURVE('',#430,#432,#61,.T.);
#535=EDGE_CURVE('',#433,#415,#62,.T.);
#536=EDGE_CURVE('',#434,#433,#63,.T.);
#537=EDGE_CURVE('',#418,#434,#64,.F.);
#538=EDGE_CURVE('',#435,#435,#84,.T.);
#539=EDGE_CURVE('',#435,#436,#228,.T.);
#540=EDGE_CURVE('',#436,#436,#85,.T.);
#541=EDGE_CURVE('',#436,#437,#229,.T.);
#542=EDGE_CURVE('',#437,#437,#86,.T.);
#543=EDGE_CURVE('',#437,#406,#230,.T.);
#544=EDGE_CURVE('',#432,#438,#65,.T.);
#545=EDGE_CURVE('',#439,#438,#87,.T.);
#546=EDGE_CURVE('',#439,#431,#66,.T.);
#547=EDGE_CURVE('',#427,#421,#67,.F.);
#548=EDGE_CURVE('',#426,#420,#68,.T.);
#549=EDGE_CURVE('',#423,#413,#69,.F.);
#550=EDGE_CURVE('',#409,#439,#70,.T.);
#551=EDGE_CURVE('',#438,#410,#71,.T.);
#552=EDGE_CURVE('',#440,#441,#231,.T.);
#553=EDGE_CURVE('',#441,#442,#232,.T.);
#554=EDGE_CURVE('',#442,#443,#233,.T.);
#555=EDGE_CURVE('',#443,#444,#234,.T.);
#556=EDGE_CURVE('',#444,#445,#235,.T.);
#557=EDGE_CURVE('',#445,#446,#236,.T.);
#558=EDGE_CURVE('',#446,#447,#237,.T.);
#559=EDGE_CURVE('',#447,#448,#238,.T.);
#560=EDGE_CURVE('',#448,#449,#239,.T.);
#561=EDGE_CURVE('',#449,#450,#240,.T.);
#562=EDGE_CURVE('',#450,#451,#241,.T.);
#563=EDGE_CURVE('',#451,#452,#242,.T.);
#564=EDGE_CURVE('',#452,#453,#243,.T.);
#565=EDGE_CURVE('',#453,#454,#244,.T.);
#566=EDGE_CURVE('',#454,#455,#245,.T.);
#567=EDGE_CURVE('',#455,#456,#246,.T.);
#568=EDGE_CURVE('',#456,#457,#247,.T.);
#569=EDGE_CURVE('',#457,#458,#248,.T.);
#570=EDGE_CURVE('',#458,#459,#249,.T.);
#571=EDGE_CURVE('',#459,#440,#250,.T.);
#572=EDGE_CURVE('',#460,#441,#251,.T.);
#573=EDGE_CURVE('',#461,#440,#252,.T.);
#574=EDGE_CURVE('',#460,#461,#253,.T.);
#575=EDGE_CURVE('',#462,#442,#254,.T.);
#576=EDGE_CURVE('',#460,#462,#255,.T.);
#577=EDGE_CURVE('',#463,#443,#256,.T.);
#578=EDGE_CURVE('',#463,#462,#257,.T.);
#579=EDGE_CURVE('',#464,#465,#258,.T.);
#580=EDGE_CURVE('',#465,#444,#259,.T.);
#581=EDGE_CURVE('',#464,#463,#260,.T.);
#582=EDGE_CURVE('',#466,#445,#261,.T.);
#583=EDGE_CURVE('',#465,#467,#262,.T.);
#584=EDGE_CURVE('',#466,#467,#263,.T.);
#585=EDGE_CURVE('',#468,#446,#264,.T.);
#586=EDGE_CURVE('',#468,#466,#265,.T.);
#587=EDGE_CURVE('',#469,#447,#266,.T.);
#588=EDGE_CURVE('',#468,#469,#267,.T.);
#589=EDGE_CURVE('',#470,#448,#268,.T.);
#590=EDGE_CURVE('',#470,#469,#269,.T.);
#591=EDGE_CURVE('',#471,#472,#270,.T.);
#592=EDGE_CURVE('',#472,#449,#271,.T.);
#593=EDGE_CURVE('',#471,#470,#272,.T.);
#594=EDGE_CURVE('',#473,#450,#273,.T.);
#595=EDGE_CURVE('',#472,#474,#274,.T.);
#596=EDGE_CURVE('',#473,#474,#275,.T.);
#597=EDGE_CURVE('',#475,#451,#276,.T.);
#598=EDGE_CURVE('',#475,#473,#277,.T.);
#599=EDGE_CURVE('',#476,#452,#278,.T.);
#600=EDGE_CURVE('',#475,#476,#279,.T.);
#601=EDGE_CURVE('',#477,#453,#280,.T.);
#602=EDGE_CURVE('',#477,#476,#281,.T.);
#603=EDGE_CURVE('',#478,#479,#282,.T.);
#604=EDGE_CURVE('',#479,#454,#283,.T.);
#605=EDGE_CURVE('',#478,#477,#284,.T.);
#606=EDGE_CURVE('',#480,#455,#285,.T.);
#607=EDGE_CURVE('',#479,#481,#286,.T.);
#608=EDGE_CURVE('',#480,#481,#287,.T.);
#609=EDGE_CURVE('',#482,#456,#288,.T.);
#610=EDGE_CURVE('',#482,#480,#289,.T.);
#611=EDGE_CURVE('',#483,#457,#290,.T.);
#612=EDGE_CURVE('',#482,#483,#291,.T.);
#613=EDGE_CURVE('',#484,#458,#292,.T.);
#614=EDGE_CURVE('',#484,#483,#293,.T.);
#615=EDGE_CURVE('',#485,#486,#294,.T.);
#616=EDGE_CURVE('',#486,#459,#295,.T.);
#617=EDGE_CURVE('',#485,#484,#296,.T.);
#618=EDGE_CURVE('',#486,#487,#297,.T.);
#619=EDGE_CURVE('',#461,#487,#298,.T.);
#620=EDGE_CURVE('',#487,#464,#299,.T.);
#621=EDGE_CURVE('',#481,#485,#300,.T.);
#622=EDGE_CURVE('',#474,#478,#301,.T.);
#623=EDGE_CURVE('',#467,#471,#302,.T.);
#624=EDGE_CURVE('',#398,#434,#72,.T.);
#625=EDGE_CURVE('',#398,#428,#303,.T.);
#626=EDGE_CURVE('',#422,#399,#304,.T.);
#627=EDGE_CURVE('',#399,#433,#73,.T.);
#628=EDGE_CURVE('',#404,#488,#212,.T.);
#629=EDGE_CURVE('',#411,#488,#74,.T.);
#630=EDGE_CURVE('',#489,#408,#75,.T.);
#631=EDGE_CURVE('',#405,#489,#213,.T.);
#632=EDGE_CURVE('',#488,#489,#88,.T.);
#633=ORIENTED_EDGE('',*,*,#490,.F.);
#634=ORIENTED_EDGE('',*,*,#491,.F.);
#635=ORIENTED_EDGE('',*,*,#492,.F.);
#636=ORIENTED_EDGE('',*,*,#493,.T.);
#637=ORIENTED_EDGE('',*,*,#494,.F.);
#638=ORIENTED_EDGE('',*,*,#495,.F.);
#639=ORIENTED_EDGE('',*,*,#490,.T.);
#640=ORIENTED_EDGE('',*,*,#496,.T.);
#641=ORIENTED_EDGE('',*,*,#497,.F.);
#642=ORIENTED_EDGE('',*,*,#498,.F.);
#643=ORIENTED_EDGE('',*,*,#494,.T.);
#644=ORIENTED_EDGE('',*,*,#499,.T.);
#645=ORIENTED_EDGE('',*,*,#500,.F.);
#646=ORIENTED_EDGE('',*,*,#501,.F.);
#647=ORIENTED_EDGE('',*,*,#497,.T.);
#648=ORIENTED_EDGE('',*,*,#502,.T.);
#649=ORIENTED_EDGE('',*,*,#503,.F.);
#650=ORIENTED_EDGE('',*,*,#504,.T.);
#651=ORIENTED_EDGE('',*,*,#505,.F.);
#652=ORIENTED_EDGE('',*,*,#506,.T.);
#653=ORIENTED_EDGE('',*,*,#507,.T.);
#654=ORIENTED_EDGE('',*,*,#508,.T.);
#655=ORIENTED_EDGE('',*,*,#509,.F.);
#656=ORIENTED_EDGE('',*,*,#504,.F.);
#657=ORIENTED_EDGE('',*,*,#510,.F.);
#658=ORIENTED_EDGE('',*,*,#511,.F.);
#659=ORIENTED_EDGE('',*,*,#512,.F.);
#660=ORIENTED_EDGE('',*,*,#513,.F.);
#661=ORIENTED_EDGE('',*,*,#514,.T.);
#662=ORIENTED_EDGE('',*,*,#514,.F.);
#663=ORIENTED_EDGE('',*,*,#515,.F.);
#664=ORIENTED_EDGE('',*,*,#516,.F.);
#665=ORIENTED_EDGE('',*,*,#517,.F.);
#666=ORIENTED_EDGE('',*,*,#518,.F.);
#667=ORIENTED_EDGE('',*,*,#511,.T.);
#668=ORIENTED_EDGE('',*,*,#519,.F.);
#669=ORIENTED_EDGE('',*,*,#520,.T.);
#670=ORIENTED_EDGE('',*,*,#521,.F.);
#671=ORIENTED_EDGE('',*,*,#517,.T.);
#672=ORIENTED_EDGE('',*,*,#522,.T.);
#673=ORIENTED_EDGE('',*,*,#523,.F.);
#674=ORIENTED_EDGE('',*,*,#524,.F.);
#675=ORIENTED_EDGE('',*,*,#525,.T.);
#676=ORIENTED_EDGE('',*,*,#526,.T.);
#677=ORIENTED_EDGE('',*,*,#527,.F.);
#678=ORIENTED_EDGE('',*,*,#528,.T.);
#679=ORIENTED_EDGE('',*,*,#529,.F.);
#680=ORIENTED_EDGE('',*,*,#530,.T.);
#681=ORIENTED_EDGE('',*,*,#524,.T.);
#682=ORIENTED_EDGE('',*,*,#531,.T.);
#683=ORIENTED_EDGE('',*,*,#532,.F.);
#684=ORIENTED_EDGE('',*,*,#533,.T.);
#685=ORIENTED_EDGE('',*,*,#529,.T.);
#686=ORIENTED_EDGE('',*,*,#534,.T.);
#687=ORIENTED_EDGE('',*,*,#515,.T.);
#688=ORIENTED_EDGE('',*,*,#513,.T.);
#689=ORIENTED_EDGE('',*,*,#535,.F.);
#690=ORIENTED_EDGE('',*,*,#536,.F.);
#691=ORIENTED_EDGE('',*,*,#537,.F.);
#692=ORIENTED_EDGE('',*,*,#538,.F.);
#693=ORIENTED_EDGE('',*,*,#539,.T.);
#694=ORIENTED_EDGE('',*,*,#540,.T.);
#695=ORIENTED_EDGE('',*,*,#539,.F.);
#696=ORIENTED_EDGE('',*,*,#540,.F.);
#697=ORIENTED_EDGE('',*,*,#541,.T.);
#698=ORIENTED_EDGE('',*,*,#542,.T.);
#699=ORIENTED_EDGE('',*,*,#541,.F.);
#700=ORIENTED_EDGE('',*,*,#542,.F.);
#701=ORIENTED_EDGE('',*,*,#543,.T.);
#702=ORIENTED_EDGE('',*,*,#503,.T.);
#703=ORIENTED_EDGE('',*,*,#543,.F.);
#704=ORIENTED_EDGE('',*,*,#532,.T.);
#705=ORIENTED_EDGE('',*,*,#544,.T.);
#706=ORIENTED_EDGE('',*,*,#545,.F.);
#707=ORIENTED_EDGE('',*,*,#546,.T.);
#708=ORIENTED_EDGE('',*,*,#519,.T.);
#709=ORIENTED_EDGE('',*,*,#547,.F.);
#710=ORIENTED_EDGE('',*,*,#526,.F.);
#711=ORIENTED_EDGE('',*,*,#548,.T.);
#712=ORIENTED_EDGE('',*,*,#510,.T.);
#713=ORIENTED_EDGE('',*,*,#549,.F.);
#714=ORIENTED_EDGE('',*,*,#522,.F.);
#715=ORIENTED_EDGE('',*,*,#507,.F.);
#716=ORIENTED_EDGE('',*,*,#550,.T.);
#717=ORIENTED_EDGE('',*,*,#545,.T.);
#718=ORIENTED_EDGE('',*,*,#551,.T.);
#719=ORIENTED_EDGE('',*,*,#538,.T.);
#720=ORIENTED_EDGE('',*,*,#552,.T.);
#721=ORIENTED_EDGE('',*,*,#553,.T.);
#722=ORIENTED_EDGE('',*,*,#554,.T.);
#723=ORIENTED_EDGE('',*,*,#555,.T.);
#724=ORIENTED_EDGE('',*,*,#556,.T.);
#725=ORIENTED_EDGE('',*,*,#557,.T.);
#726=ORIENTED_EDGE('',*,*,#558,.T.);
#727=ORIENTED_EDGE('',*,*,#559,.T.);
#728=ORIENTED_EDGE('',*,*,#560,.T.);
#729=ORIENTED_EDGE('',*,*,#561,.T.);
#730=ORIENTED_EDGE('',*,*,#562,.T.);
#731=ORIENTED_EDGE('',*,*,#563,.T.);
#732=ORIENTED_EDGE('',*,*,#564,.T.);
#733=ORIENTED_EDGE('',*,*,#565,.T.);
#734=ORIENTED_EDGE('',*,*,#566,.T.);
#735=ORIENTED_EDGE('',*,*,#567,.T.);
#736=ORIENTED_EDGE('',*,*,#568,.T.);
#737=ORIENTED_EDGE('',*,*,#569,.T.);
#738=ORIENTED_EDGE('',*,*,#570,.T.);
#739=ORIENTED_EDGE('',*,*,#571,.T.);
#740=ORIENTED_EDGE('',*,*,#572,.T.);
#741=ORIENTED_EDGE('',*,*,#552,.F.);
#742=ORIENTED_EDGE('',*,*,#573,.F.);
#743=ORIENTED_EDGE('',*,*,#574,.F.);
#744=ORIENTED_EDGE('',*,*,#575,.T.);
#745=ORIENTED_EDGE('',*,*,#553,.F.);
#746=ORIENTED_EDGE('',*,*,#572,.F.);
#747=ORIENTED_EDGE('',*,*,#576,.T.);
#748=ORIENTED_EDGE('',*,*,#577,.T.);
#749=ORIENTED_EDGE('',*,*,#554,.F.);
#750=ORIENTED_EDGE('',*,*,#575,.F.);
#751=ORIENTED_EDGE('',*,*,#578,.F.);
#752=ORIENTED_EDGE('',*,*,#579,.T.);
#753=ORIENTED_EDGE('',*,*,#580,.T.);
#754=ORIENTED_EDGE('',*,*,#555,.F.);
#755=ORIENTED_EDGE('',*,*,#577,.F.);
#756=ORIENTED_EDGE('',*,*,#581,.F.);
#757=ORIENTED_EDGE('',*,*,#582,.T.);
#758=ORIENTED_EDGE('',*,*,#556,.F.);
#759=ORIENTED_EDGE('',*,*,#580,.F.);
#760=ORIENTED_EDGE('',*,*,#583,.T.);
#761=ORIENTED_EDGE('',*,*,#584,.F.);
#762=ORIENTED_EDGE('',*,*,#585,.T.);
#763=ORIENTED_EDGE('',*,*,#557,.F.);
#764=ORIENTED_EDGE('',*,*,#582,.F.);
#765=ORIENTED_EDGE('',*,*,#586,.F.);
#766=ORIENTED_EDGE('',*,*,#587,.T.);
#767=ORIENTED_EDGE('',*,*,#558,.F.);
#768=ORIENTED_EDGE('',*,*,#585,.F.);
#769=ORIENTED_EDGE('',*,*,#588,.T.);
#770=ORIENTED_EDGE('',*,*,#589,.T.);
#771=ORIENTED_EDGE('',*,*,#559,.F.);
#772=ORIENTED_EDGE('',*,*,#587,.F.);
#773=ORIENTED_EDGE('',*,*,#590,.F.);
#774=ORIENTED_EDGE('',*,*,#591,.T.);
#775=ORIENTED_EDGE('',*,*,#592,.T.);
#776=ORIENTED_EDGE('',*,*,#560,.F.);
#777=ORIENTED_EDGE('',*,*,#589,.F.);
#778=ORIENTED_EDGE('',*,*,#593,.F.);
#779=ORIENTED_EDGE('',*,*,#594,.T.);
#780=ORIENTED_EDGE('',*,*,#561,.F.);
#781=ORIENTED_EDGE('',*,*,#592,.F.);
#782=ORIENTED_EDGE('',*,*,#595,.T.);
#783=ORIENTED_EDGE('',*,*,#596,.F.);
#784=ORIENTED_EDGE('',*,*,#597,.T.);
#785=ORIENTED_EDGE('',*,*,#562,.F.);
#786=ORIENTED_EDGE('',*,*,#594,.F.);
#787=ORIENTED_EDGE('',*,*,#598,.F.);
#788=ORIENTED_EDGE('',*,*,#599,.T.);
#789=ORIENTED_EDGE('',*,*,#563,.F.);
#790=ORIENTED_EDGE('',*,*,#597,.F.);
#791=ORIENTED_EDGE('',*,*,#600,.T.);
#792=ORIENTED_EDGE('',*,*,#601,.T.);
#793=ORIENTED_EDGE('',*,*,#564,.F.);
#794=ORIENTED_EDGE('',*,*,#599,.F.);
#795=ORIENTED_EDGE('',*,*,#602,.F.);
#796=ORIENTED_EDGE('',*,*,#603,.T.);
#797=ORIENTED_EDGE('',*,*,#604,.T.);
#798=ORIENTED_EDGE('',*,*,#565,.F.);
#799=ORIENTED_EDGE('',*,*,#601,.F.);
#800=ORIENTED_EDGE('',*,*,#605,.F.);
#801=ORIENTED_EDGE('',*,*,#606,.T.);
#802=ORIENTED_EDGE('',*,*,#566,.F.);
#803=ORIENTED_EDGE('',*,*,#604,.F.);
#804=ORIENTED_EDGE('',*,*,#607,.T.);
#805=ORIENTED_EDGE('',*,*,#608,.F.);
#806=ORIENTED_EDGE('',*,*,#609,.T.);
#807=ORIENTED_EDGE('',*,*,#567,.F.);
#808=ORIENTED_EDGE('',*,*,#606,.F.);
#809=ORIENTED_EDGE('',*,*,#610,.F.);
#810=ORIENTED_EDGE('',*,*,#611,.T.);
#811=ORIENTED_EDGE('',*,*,#568,.F.);
#812=ORIENTED_EDGE('',*,*,#609,.F.);
#813=ORIENTED_EDGE('',*,*,#612,.T.);
#814=ORIENTED_EDGE('',*,*,#613,.T.);
#815=ORIENTED_EDGE('',*,*,#569,.F.);
#816=ORIENTED_EDGE('',*,*,#611,.F.);
#817=ORIENTED_EDGE('',*,*,#614,.F.);
#818=ORIENTED_EDGE('',*,*,#615,.T.);
#819=ORIENTED_EDGE('',*,*,#616,.T.);
#820=ORIENTED_EDGE('',*,*,#570,.F.);
#821=ORIENTED_EDGE('',*,*,#613,.F.);
#822=ORIENTED_EDGE('',*,*,#617,.F.);
#823=ORIENTED_EDGE('',*,*,#573,.T.);
#824=ORIENTED_EDGE('',*,*,#571,.F.);
#825=ORIENTED_EDGE('',*,*,#616,.F.);
#826=ORIENTED_EDGE('',*,*,#618,.T.);
#827=ORIENTED_EDGE('',*,*,#619,.F.);
#828=ORIENTED_EDGE('',*,*,#583,.F.);
#829=ORIENTED_EDGE('',*,*,#579,.F.);
#830=ORIENTED_EDGE('',*,*,#620,.F.);
#831=ORIENTED_EDGE('',*,*,#618,.F.);
#832=ORIENTED_EDGE('',*,*,#615,.F.);
#833=ORIENTED_EDGE('',*,*,#621,.F.);
#834=ORIENTED_EDGE('',*,*,#607,.F.);
#835=ORIENTED_EDGE('',*,*,#603,.F.);
#836=ORIENTED_EDGE('',*,*,#622,.F.);
#837=ORIENTED_EDGE('',*,*,#595,.F.);
#838=ORIENTED_EDGE('',*,*,#591,.F.);
#839=ORIENTED_EDGE('',*,*,#623,.F.);
#840=ORIENTED_EDGE('',*,*,#581,.T.);
#841=ORIENTED_EDGE('',*,*,#578,.T.);
#842=ORIENTED_EDGE('',*,*,#576,.F.);
#843=ORIENTED_EDGE('',*,*,#574,.T.);
#844=ORIENTED_EDGE('',*,*,#619,.T.);
#845=ORIENTED_EDGE('',*,*,#620,.T.);
#846=ORIENTED_EDGE('',*,*,#610,.T.);
#847=ORIENTED_EDGE('',*,*,#608,.T.);
#848=ORIENTED_EDGE('',*,*,#621,.T.);
#849=ORIENTED_EDGE('',*,*,#617,.T.);
#850=ORIENTED_EDGE('',*,*,#614,.T.);
#851=ORIENTED_EDGE('',*,*,#612,.F.);
#852=ORIENTED_EDGE('',*,*,#598,.T.);
#853=ORIENTED_EDGE('',*,*,#596,.T.);
#854=ORIENTED_EDGE('',*,*,#622,.T.);
#855=ORIENTED_EDGE('',*,*,#605,.T.);
#856=ORIENTED_EDGE('',*,*,#602,.T.);
#857=ORIENTED_EDGE('',*,*,#600,.F.);
#858=ORIENTED_EDGE('',*,*,#586,.T.);
#859=ORIENTED_EDGE('',*,*,#584,.T.);
#860=ORIENTED_EDGE('',*,*,#623,.T.);
#861=ORIENTED_EDGE('',*,*,#593,.T.);
#862=ORIENTED_EDGE('',*,*,#590,.T.);
#863=ORIENTED_EDGE('',*,*,#588,.F.);
#864=ORIENTED_EDGE('',*,*,#547,.T.);
#865=ORIENTED_EDGE('',*,*,#523,.T.);
#866=ORIENTED_EDGE('',*,*,#549,.T.);
#867=ORIENTED_EDGE('',*,*,#516,.T.);
#868=ORIENTED_EDGE('',*,*,#537,.T.);
#869=ORIENTED_EDGE('',*,*,#624,.F.);
#870=ORIENTED_EDGE('',*,*,#625,.T.);
#871=ORIENTED_EDGE('',*,*,#527,.T.);
#872=ORIENTED_EDGE('',*,*,#535,.T.);
#873=ORIENTED_EDGE('',*,*,#512,.T.);
#874=ORIENTED_EDGE('',*,*,#518,.T.);
#875=ORIENTED_EDGE('',*,*,#521,.T.);
#876=ORIENTED_EDGE('',*,*,#626,.T.);
#877=ORIENTED_EDGE('',*,*,#627,.T.);
#878=ORIENTED_EDGE('',*,*,#528,.F.);
#879=ORIENTED_EDGE('',*,*,#625,.F.);
#880=ORIENTED_EDGE('',*,*,#491,.T.);
#881=ORIENTED_EDGE('',*,*,#495,.T.);
#882=ORIENTED_EDGE('',*,*,#498,.T.);
#883=ORIENTED_EDGE('',*,*,#501,.T.);
#884=ORIENTED_EDGE('',*,*,#628,.T.);
#885=ORIENTED_EDGE('',*,*,#629,.F.);
#886=ORIENTED_EDGE('',*,*,#508,.F.);
#887=ORIENTED_EDGE('',*,*,#551,.F.);
#888=ORIENTED_EDGE('',*,*,#544,.F.);
#889=ORIENTED_EDGE('',*,*,#534,.F.);
#890=ORIENTED_EDGE('',*,*,#531,.F.);
#891=ORIENTED_EDGE('',*,*,#548,.F.);
#892=ORIENTED_EDGE('',*,*,#525,.F.);
#893=ORIENTED_EDGE('',*,*,#530,.F.);
#894=ORIENTED_EDGE('',*,*,#533,.F.);
#895=ORIENTED_EDGE('',*,*,#546,.F.);
#896=ORIENTED_EDGE('',*,*,#550,.F.);
#897=ORIENTED_EDGE('',*,*,#506,.F.);
#898=ORIENTED_EDGE('',*,*,#630,.F.);
#899=ORIENTED_EDGE('',*,*,#631,.F.);
#900=ORIENTED_EDGE('',*,*,#502,.F.);
#901=ORIENTED_EDGE('',*,*,#499,.F.);
#902=ORIENTED_EDGE('',*,*,#496,.F.);
#903=ORIENTED_EDGE('',*,*,#493,.F.);
#904=ORIENTED_EDGE('',*,*,#626,.F.);
#905=ORIENTED_EDGE('',*,*,#520,.F.);
#906=ORIENTED_EDGE('',*,*,#630,.T.);
#907=ORIENTED_EDGE('',*,*,#505,.T.);
#908=ORIENTED_EDGE('',*,*,#509,.T.);
#909=ORIENTED_EDGE('',*,*,#629,.T.);
#910=ORIENTED_EDGE('',*,*,#632,.T.);
#911=ORIENTED_EDGE('',*,*,#624,.T.);
#912=ORIENTED_EDGE('',*,*,#536,.T.);
#913=ORIENTED_EDGE('',*,*,#627,.F.);
#914=ORIENTED_EDGE('',*,*,#492,.T.);
#915=ORIENTED_EDGE('',*,*,#500,.T.);
#916=ORIENTED_EDGE('',*,*,#631,.T.);
#917=ORIENTED_EDGE('',*,*,#632,.F.);
#918=ORIENTED_EDGE('',*,*,#628,.F.);
#919=CYLINDRICAL_SURFACE('',#996,0.0429999999999998);
#920=CYLINDRICAL_SURFACE('',#997,0.0429999999999998);
#921=CYLINDRICAL_SURFACE('',#998,0.0429999999999998);
#922=CYLINDRICAL_SURFACE('',#999,0.0429999999999998);
#923=CYLINDRICAL_SURFACE('',#1011,0.029025);
#924=CYLINDRICAL_SURFACE('',#1013,0.029025);
#925=CYLINDRICAL_SURFACE('',#1014,0.029025);
#926=CYLINDRICAL_SURFACE('',#1016,0.086);
#927=CYLINDRICAL_SURFACE('',#1021,0.043);
#928=CYLINDRICAL_SURFACE('',#1022,0.029025);
#929=CYLINDRICAL_SURFACE('',#1055,0.0429999999999998);
#930=ADVANCED_FACE('',(#99),#919,.T.);
#931=ADVANCED_FACE('',(#100),#920,.T.);
#932=ADVANCED_FACE('',(#101),#921,.T.);
#933=ADVANCED_FACE('',(#102),#922,.T.);
#934=ADVANCED_FACE('',(#103),#89,.T.);
#935=ADVANCED_FACE('',(#104),#90,.T.);
#936=ADVANCED_FACE('',(#105),#91,.T.);
#937=ADVANCED_FACE('',(#106),#92,.T.);
#938=ADVANCED_FACE('',(#107),#923,.T.);
#939=ADVANCED_FACE('',(#108),#924,.T.);
#940=ADVANCED_FACE('',(#109),#925,.T.);
#941=ADVANCED_FACE('',(#110),#93,.T.);
#942=ADVANCED_FACE('',(#111),#926,.T.);
#943=ADVANCED_FACE('',(#112),#94,.T.);
#944=ADVANCED_FACE('',(#113),#927,.T.);
#945=ADVANCED_FACE('',(#114),#928,.T.);
#946=ADVANCED_FACE('',(#115),#95,.T.);
#947=ADVANCED_FACE('',(#116),#96,.T.);
#948=ADVANCED_FACE('',(#117),#97,.T.);
#949=ADVANCED_FACE('',(#118,#20),#21,.F.);
#950=ADVANCED_FACE('',(#119),#22,.T.);
#951=ADVANCED_FACE('',(#120),#23,.T.);
#952=ADVANCED_FACE('',(#121),#24,.T.);
#953=ADVANCED_FACE('',(#122),#25,.F.);
#954=ADVANCED_FACE('',(#123),#26,.F.);
#955=ADVANCED_FACE('',(#124),#27,.T.);
#956=ADVANCED_FACE('',(#125),#28,.T.);
#957=ADVANCED_FACE('',(#126),#29,.T.);
#958=ADVANCED_FACE('',(#127),#30,.F.);
#959=ADVANCED_FACE('',(#128),#31,.F.);
#960=ADVANCED_FACE('',(#129),#32,.T.);
#961=ADVANCED_FACE('',(#130),#33,.T.);
#962=ADVANCED_FACE('',(#131),#34,.T.);
#963=ADVANCED_FACE('',(#132),#35,.F.);
#964=ADVANCED_FACE('',(#133),#36,.F.);
#965=ADVANCED_FACE('',(#134),#37,.T.);
#966=ADVANCED_FACE('',(#135),#38,.T.);
#967=ADVANCED_FACE('',(#136),#39,.T.);
#968=ADVANCED_FACE('',(#137),#40,.F.);
#969=ADVANCED_FACE('',(#138),#41,.F.);
#970=ADVANCED_FACE('',(#139),#42,.T.);
#971=ADVANCED_FACE('',(#140),#43,.T.);
#972=ADVANCED_FACE('',(#141),#44,.T.);
#973=ADVANCED_FACE('',(#142),#45,.T.);
#974=ADVANCED_FACE('',(#143),#46,.T.);
#975=ADVANCED_FACE('',(#144),#17,.T.);
#976=ADVANCED_FACE('',(#145),#18,.T.);
#977=ADVANCED_FACE('',(#146),#15,.F.);
#978=ADVANCED_FACE('',(#147),#16,.F.);
#979=ADVANCED_FACE('',(#148),#98,.T.);
#980=ADVANCED_FACE('',(#149),#19,.T.);
#981=ADVANCED_FACE('',(#150),#929,.T.);
#982=CLOSED_SHELL('',(#930,#931,#932,#933,#934,#935,#936,#937,#938,#939,
#940,#941,#942,#943,#944,#945,#946,#947,#948,#949,#950,#951,#952,#953,#954,
#955,#956,#957,#958,#959,#960,#961,#962,#963,#964,#965,#966,#967,#968,#969,
#970,#971,#972,#973,#974,#975,#976,#977,#978,#979,#980,#981));
#983=DERIVED_UNIT_ELEMENT(#985,1.);
#984=DERIVED_UNIT_ELEMENT(#2852,-3.);
#985=(
MASS_UNIT()
NAMED_UNIT(*)
SI_UNIT(.KILO.,.GRAM.)
);
#986=DERIVED_UNIT((#983,#984));
#987=MEASURE_REPRESENTATION_ITEM('density measure',
POSITIVE_RATIO_MEASURE(7850.),#986);
#988=PROPERTY_DEFINITION_REPRESENTATION(#993,#990);
#989=PROPERTY_DEFINITION_REPRESENTATION(#994,#991);
#990=REPRESENTATION('material name',(#992),#2847);
#991=REPRESENTATION('density',(#987),#2847);
#992=DESCRIPTIVE_REPRESENTATION_ITEM('Steel','Steel');
#993=PROPERTY_DEFINITION('material property','material name',#2860);
#994=PROPERTY_DEFINITION('material property','density of part',#2860);
#995=AXIS2_PLACEMENT_3D('',#1269,#1056,#1057);
#996=AXIS2_PLACEMENT_3D('',#1270,#1058,#1059);
#997=AXIS2_PLACEMENT_3D('',#1295,#1062,#1063);
#998=AXIS2_PLACEMENT_3D('',#1333,#1065,#1066);
#999=AXIS2_PLACEMENT_3D('',#1371,#1068,#1069);
#1000=AXIS2_PLACEMENT_3D('',#1409,#1071,#1072);
#1001=AXIS2_PLACEMENT_3D('',#1411,#1073,#1074);
#1002=AXIS2_PLACEMENT_3D('',#1415,#1076,#1077);
#1003=AXIS2_PLACEMENT_3D('',#1474,#1079,#1080);
#1004=AXIS2_PLACEMENT_3D('',#1475,#1081,#1082);
#1005=AXIS2_PLACEMENT_3D('',#1480,#1084,#1085);
#1006=AXIS2_PLACEMENT_3D('',#1497,#1086,#1087);
#1007=AXIS2_PLACEMENT_3D('',#1501,#1089,#1090);
#1008=AXIS2_PLACEMENT_3D('',#1510,#1091,#1092);
#1009=AXIS2_PLACEMENT_3D('',#1529,#1094,#1095);
#1010=AXIS2_PLACEMENT_3D('',#1581,#1097,#1098);
#1011=AXIS2_PLACEMENT_3D('',#1610,#1099,#1100);
#1012=AXIS2_PLACEMENT_3D('',#1652,#1102,#1103);
#1013=AXIS2_PLACEMENT_3D('',#1676,#1104,#1105);
#1014=AXIS2_PLACEMENT_3D('',#1752,#1107,#1108);
#1015=AXIS2_PLACEMENT_3D('',#1826,#1110,#1111);
#1016=AXIS2_PLACEMENT_3D('',#1865,#1112,#1113);
#1017=AXIS2_PLACEMENT_3D('',#1867,#1114,#1115);
#1018=AXIS2_PLACEMENT_3D('',#1870,#1117,#1118);
#1019=AXIS2_PLACEMENT_3D('',#1871,#1119,#1120);
#1020=AXIS2_PLACEMENT_3D('',#1874,#1122,#1123);
#1021=AXIS2_PLACEMENT_3D('',#1875,#1124,#1125);
#1022=AXIS2_PLACEMENT_3D('',#1877,#1127,#1128);
#1023=AXIS2_PLACEMENT_3D('',#1914,#1129,#1130);
#1024=AXIS2_PLACEMENT_3D('',#1935,#1131,#1132);
#1025=AXIS2_PLACEMENT_3D('',#1964,#1133,#1134);
#1026=AXIS2_PLACEMENT_3D('',#1979,#1135,#1136);
#1027=AXIS2_PLACEMENT_3D('',#2012,#1137,#1138);
#1028=AXIS2_PLACEMENT_3D('',#2053,#1159,#1160);
#1029=AXIS2_PLACEMENT_3D('',#2059,#1164,#1165);
#1030=AXIS2_PLACEMENT_3D('',#2063,#1168,#1169);
#1031=AXIS2_PLACEMENT_3D('',#2067,#1172,#1173);
#1032=AXIS2_PLACEMENT_3D('',#2073,#1177,#1178);
#1033=AXIS2_PLACEMENT_3D('',#2079,#1182,#1183);
#1034=AXIS2_PLACEMENT_3D('',#2083,#1186,#1187);
#1035=AXIS2_PLACEMENT_3D('',#2087,#1190,#1191);
#1036=AXIS2_PLACEMENT_3D('',#2091,#1194,#1195);
#1037=AXIS2_PLACEMENT_3D('',#2097,#1199,#1200);
#1038=AXIS2_PLACEMENT_3D('',#2103,#1204,#1205);
#1039=AXIS2_PLACEMENT_3D('',#2107,#1208,#1209);
#1040=AXIS2_PLACEMENT_3D('',#2111,#1212,#1213);
#1041=AXIS2_PLACEMENT_3D('',#2115,#1216,#1217);
#1042=AXIS2_PLACEMENT_3D('',#2121,#1221,#1222);
#1043=AXIS2_PLACEMENT_3D('',#2127,#1226,#1227);
#1044=AXIS2_PLACEMENT_3D('',#2131,#1230,#1231);
#1045=AXIS2_PLACEMENT_3D('',#2135,#1234,#1235);
#1046=AXIS2_PLACEMENT_3D('',#2139,#1238,#1239);
#1047=AXIS2_PLACEMENT_3D('',#2145,#1243,#1244);
#1048=AXIS2_PLACEMENT_3D('',#2149,#1247,#1248);
#1049=AXIS2_PLACEMENT_3D('',#2154,#1253,#1254);
#1050=AXIS2_PLACEMENT_3D('',#2155,#1255,#1256);
#1051=AXIS2_PLACEMENT_3D('',#2156,#1257,#1258);
#1052=AXIS2_PLACEMENT_3D('',#2157,#1259,#1260);
#1053=AXIS2_PLACEMENT_3D('',#2766,#1263,#1264);
#1054=AXIS2_PLACEMENT_3D('',#2767,#1265,#1266);
#1055=AXIS2_PLACEMENT_3D('',#2844,#1267,#1268);
#1056=DIRECTION('axis',(0.,0.,1.));
#1057=DIRECTION('refdir',(1.,0.,0.));
#1058=DIRECTION('center_axis',(1.,0.,0.));
#1059=DIRECTION('ref_axis',(0.,1.,-1.24511560960241E-16));
#1060=DIRECTION('',(1.,0.,0.));
#1061=DIRECTION('',(-1.,0.,0.));
#1062=DIRECTION('center_axis',(1.,0.,0.));
#1063=DIRECTION('ref_axis',(0.,1.,-1.24511560960241E-16));
#1064=DIRECTION('',(1.,0.,0.));
#1065=DIRECTION('center_axis',(1.,0.,0.));
#1066=DIRECTION('ref_axis',(0.,1.,-1.24511560960241E-16));
#1067=DIRECTION('',(1.,0.,0.));
#1068=DIRECTION('center_axis',(1.,0.,0.));
#1069=DIRECTION('ref_axis',(0.,1.,-1.24511560960241E-16));
#1070=DIRECTION('',(1.,0.,0.));
#1071=DIRECTION('center_axis',(-1.,0.,0.));
#1072=DIRECTION('ref_axis',(0.,0.,1.));
#1073=DIRECTION('center_axis',(-1.,0.,0.));
#1074=DIRECTION('ref_axis',(0.,0.,1.));
#1075=DIRECTION('',(0.939692620785908,4.188538737677E-17,0.342020143325669));
#1076=DIRECTION('center_axis',(1.,0.,0.));
#1077=DIRECTION('ref_axis',(0.,3.5527136788005E-15,1.));
#1078=DIRECTION('',(0.939692620785908,4.188538737677E-17,0.342020143325669));
#1079=DIRECTION('center_axis',(1.,0.,0.));
#1080=DIRECTION('ref_axis',(0.,3.5527136788005E-15,1.));
#1081=DIRECTION('center_axis',(-1.,0.,0.));
#1082=DIRECTION('ref_axis',(0.,0.,1.));
#1083=DIRECTION('',(0.833796795903809,6.76092553259617E-17,0.55207146560979));
#1084=DIRECTION('center_axis',(-1.,0.,0.));
#1085=DIRECTION('ref_axis',(0.,0.,1.));
#1086=DIRECTION('center_axis',(-1.,-3.4730983223819E-16,0.));
#1087=DIRECTION('ref_axis',(3.47309832238189E-16,-1.,0.));
#1088=DIRECTION('',(0.833796795903809,6.76092553259617E-17,0.55207146560979));
#1089=DIRECTION('center_axis',(-1.,-3.4730983223819E-16,0.));
#1090=DIRECTION('ref_axis',(3.47309832238189E-16,-1.,0.));
#1091=DIRECTION('center_axis',(-1.,0.,0.));
#1092=DIRECTION('ref_axis',(0.,0.,1.));
#1093=DIRECTION('',(0.975282869762471,2.70597963246033E-17,0.220960005312906));
#1094=DIRECTION('center_axis',(-1.,0.,0.));
#1095=DIRECTION('ref_axis',(0.,0.,1.));
#1096=DIRECTION('',(0.975282869762471,2.70597963246033E-17,0.220960005312906));
#1097=DIRECTION('center_axis',(-1.,0.,0.));
#1098=DIRECTION('ref_axis',(0.,0.,1.));
#1099=DIRECTION('center_axis',(-1.,0.,0.));
#1100=DIRECTION('ref_axis',(0.,0.,1.));
#1101=DIRECTION('',(1.,0.,0.));
#1102=DIRECTION('center_axis',(-1.,0.,0.));
#1103=DIRECTION('ref_axis',(0.,0.,1.));
#1104=DIRECTION('center_axis',(-1.,0.,0.));
#1105=DIRECTION('ref_axis',(0.,0.,1.));
#1106=DIRECTION('',(1.,0.,0.));
#1107=DIRECTION('center_axis',(-1.,0.,0.));
#1108=DIRECTION('ref_axis',(0.,0.,1.));
#1109=DIRECTION('',(1.,0.,0.));
#1110=DIRECTION('center_axis',(-1.,-3.4730983223819E-16,0.));
#1111=DIRECTION('ref_axis',(3.4730983223819E-16,-1.,0.));
#1112=DIRECTION('center_axis',(-1.,0.,0.));
#1113=DIRECTION('ref_axis',(0.,0.,1.));
#1114=DIRECTION('center_axis',(-1.,0.,0.));
#1115=DIRECTION('ref_axis',(0.,0.,1.));
#1116=DIRECTION('',(1.,0.,0.));
#1117=DIRECTION('center_axis',(-1.,0.,0.));
#1118=DIRECTION('ref_axis',(0.,0.,1.));
#1119=DIRECTION('center_axis',(-1.,0.,0.));
#1120=DIRECTION('ref_axis',(0.,0.,1.));
#1121=DIRECTION('',(0.754709580222771,8.03440589904947E-17,0.656059028990509));
#1122=DIRECTION('center_axis',(-1.,0.,0.));
#1123=DIRECTION('ref_axis',(0.,0.,1.));
#1124=DIRECTION('center_axis',(-1.,0.,0.));
#1125=DIRECTION('ref_axis',(0.,0.,1.));
#1126=DIRECTION('',(1.,0.,0.));
#1127=DIRECTION('center_axis',(-1.,0.,0.));
#1128=DIRECTION('ref_axis',(0.,0.,1.));
#1129=DIRECTION('center_axis',(-1.,0.,0.));
#1130=DIRECTION('ref_axis',(0.,0.,1.));
#1131=DIRECTION('center_axis',(-1.,0.,0.));
#1132=DIRECTION('ref_axis',(0.,0.,1.));
#1133=DIRECTION('center_axis',(-1.,0.,0.));
#1134=DIRECTION('ref_axis',(0.,0.,1.));
#1135=DIRECTION('center_axis',(-1.,0.,0.));
#1136=DIRECTION('ref_axis',(0.,0.,1.));
#1137=DIRECTION('center_axis',(1.,0.,0.));
#1138=DIRECTION('ref_axis',(0.,0.,-1.));
#1139=DIRECTION('',(0.,1.,0.));
#1140=DIRECTION('',(0.,0.,1.));
#1141=DIRECTION('',(0.,-1.,0.));
#1142=DIRECTION('',(0.,-0.909364785468448,0.415999623737719));
#1143=DIRECTION('',(0.,-0.415999623737719,0.909364785468448));
#1144=DIRECTION('',(0.,0.,1.));
#1145=DIRECTION('',(0.,-1.,0.));
#1146=DIRECTION('',(0.,0.,-1.));
#1147=DIRECTION('',(0.,-0.415999623737719,-0.909364785468448));
#1148=DIRECTION('',(0.,-0.909364785468448,-0.415999623737719));
#1149=DIRECTION('',(0.,-1.,0.));
#1150=DIRECTION('',(0.,0.,-1.));
#1151=DIRECTION('',(0.,1.,0.));
#1152=DIRECTION('',(0.,0.909364785468448,-0.415999623737719));
#1153=DIRECTION('',(0.,0.415999623737719,-0.909364785468448));
#1154=DIRECTION('',(0.,0.,-1.));
#1155=DIRECTION('',(0.,1.,0.));
#1156=DIRECTION('',(0.,0.,1.));
#1157=DIRECTION('',(0.,0.415999623737719,0.909364785468448));
#1158=DIRECTION('',(0.,0.909364785468448,0.415999623737719));
#1159=DIRECTION('center_axis',(0.,0.,1.));
#1160=DIRECTION('ref_axis',(1.,0.,0.));
#1161=DIRECTION('',(-1.,0.,0.));
#1162=DIRECTION('',(-0.992157702009392,0.124992377141333,0.));
#1163=DIRECTION('',(0.857167300702112,-0.515038074910055,0.));
#1164=DIRECTION('center_axis',(0.,-1.,0.));
#1165=DIRECTION('ref_axis',(0.,0.,-1.));
#1166=DIRECTION('',(-1.,0.,0.));
#1167=DIRECTION('',(0.,0.,1.));
#1168=DIRECTION('center_axis',(0.,0.,-1.));
#1169=DIRECTION('ref_axis',(-1.,0.,0.));
#1170=DIRECTION('',(-0.992157702009392,0.124992377141333,0.));
#1171=DIRECTION('',(-0.857167300702112,0.515038074910055,0.));
#1172=DIRECTION('center_axis',(0.052335956242944,0.415429510711276,0.908118532634549));
#1173=DIRECTION('ref_axis',(9.8879647568687E-19,-0.909364785468448,0.415999623737719));
#1174=DIRECTION('',(0.,-0.909364785468448,0.415999623737719));
#1175=DIRECTION('',(-0.998440074776367,0.0394804830299948,0.0394804830299947));
#1176=DIRECTION('',(-0.842682047290724,0.506334456578517,-0.183063882989659));
#1177=DIRECTION('center_axis',(0.052335956242944,0.908118532634549,0.415429510711276));
#1178=DIRECTION('ref_axis',(2.48527723053093E-18,-0.415999623737719,0.909364785468448));
#1179=DIRECTION('',(-0.992157702009392,0.,0.124992377141333));
#1180=DIRECTION('',(0.,-0.415999623737719,0.909364785468448));
#1181=DIRECTION('',(0.842682047290724,0.183063882989658,-0.506334456578517));
#1182=DIRECTION('center_axis',(0.,-1.,0.));
#1183=DIRECTION('ref_axis',(0.,0.,-1.));
#1184=DIRECTION('',(-1.,0.,0.));
#1185=DIRECTION('',(0.857167300702112,0.,-0.515038074910055));
#1186=DIRECTION('center_axis',(0.,0.,-1.));
#1187=DIRECTION('ref_axis',(-1.,0.,0.));
#1188=DIRECTION('',(-1.,0.,0.));
#1189=DIRECTION('',(0.,-1.,-3.49148133884313E-15));
#1190=DIRECTION('center_axis',(0.,1.,0.));
#1191=DIRECTION('ref_axis',(0.,0.,1.));
#1192=DIRECTION('',(-0.992157702009392,0.,0.124992377141333));
#1193=DIRECTION('',(-0.857167300702112,0.,0.515038074910055));
#1194=DIRECTION('center_axis',(0.052335956242944,-0.908118532634549,0.415429510711276));
#1195=DIRECTION('ref_axis',(-2.48527723053093E-18,-0.415999623737719,-0.909364785468448));
#1196=DIRECTION('',(0.,-0.415999623737719,-0.909364785468448));
#1197=DIRECTION('',(-0.998440074776367,-0.0394804830299948,0.0394804830299947));
#1198=DIRECTION('',(-0.842682047290724,0.183063882989659,0.506334456578518));
#1199=DIRECTION('center_axis',(0.052335956242944,-0.415429510711276,0.908118532634549));
#1200=DIRECTION('ref_axis',(-9.8879647568687E-19,-0.909364785468448,-0.415999623737719));
#1201=DIRECTION('',(-0.992157702009392,-0.124992377141333,0.));
#1202=DIRECTION('',(0.,-0.909364785468448,-0.415999623737719));
#1203=DIRECTION('',(0.842682047290724,0.506334456578517,0.183063882989659));
#1204=DIRECTION('center_axis',(0.,0.,-1.));
#1205=DIRECTION('ref_axis',(-1.,0.,0.));
#1206=DIRECTION('',(-1.,0.,0.));
#1207=DIRECTION('',(0.857167300702112,0.515038074910055,0.));
#1208=DIRECTION('center_axis',(0.,1.,0.));
#1209=DIRECTION('ref_axis',(0.,0.,1.));
#1210=DIRECTION('',(-1.,0.,0.));
#1211=DIRECTION('',(0.,0.,-1.));
#1212=DIRECTION('center_axis',(0.,0.,1.));
#1213=DIRECTION('ref_axis',(1.,0.,0.));
#1214=DIRECTION('',(-0.992157702009392,-0.124992377141333,0.));
#1215=DIRECTION('',(-0.857167300702112,-0.515038074910055,0.));
#1216=DIRECTION('center_axis',(0.052335956242944,-0.415429510711276,-0.908118532634549));
#1217=DIRECTION('ref_axis',(9.8879647568687E-19,0.909364785468448,-0.415999623737719));
#1218=DIRECTION('',(0.,0.909364785468448,-0.415999623737719));
#1219=DIRECTION('',(-0.998440074776367,-0.0394804830299948,-0.0394804830299947));
#1220=DIRECTION('',(-0.842682047290724,-0.506334456578517,0.183063882989659));
#1221=DIRECTION('center_axis',(0.052335956242944,-0.908118532634549,-0.415429510711276));
#1222=DIRECTION('ref_axis',(2.48527723053093E-18,0.415999623737719,-0.909364785468448));
#1223=DIRECTION('',(-0.992157702009392,0.,-0.124992377141333));
#1224=DIRECTION('',(0.,0.415999623737719,-0.909364785468448));
#1225=DIRECTION('',(0.842682047290725,-0.183063882989658,0.506334456578516));
#1226=DIRECTION('center_axis',(0.,1.,0.));
#1227=DIRECTION('ref_axis',(0.,0.,1.));
#1228=DIRECTION('',(-1.,0.,0.));
#1229=DIRECTION('',(0.857167300702112,0.,0.515038074910055));
#1230=DIRECTION('center_axis',(0.,0.,1.));
#1231=DIRECTION('ref_axis',(1.,0.,0.));
#1232=DIRECTION('',(-1.,0.,0.));
#1233=DIRECTION('',(0.,1.,1.04744440165294E-14));
#1234=DIRECTION('center_axis',(0.,-1.,0.));
#1235=DIRECTION('ref_axis',(0.,0.,-1.));
#1236=DIRECTION('',(-0.992157702009392,0.,-0.124992377141333));
#1237=DIRECTION('',(-0.857167300702112,0.,-0.515038074910055));
#1238=DIRECTION('center_axis',(0.052335956242944,0.908118532634549,-0.415429510711276));
#1239=DIRECTION('ref_axis',(-2.48527723053093E-18,0.415999623737719,0.909364785468448));
#1240=DIRECTION('',(0.,0.415999623737719,0.909364785468448));
#1241=DIRECTION('',(-0.998440074776367,0.0394804830299948,-0.0394804830299947));
#1242=DIRECTION('',(-0.842682047290723,-0.183063882989659,-0.506334456578519));
#1243=DIRECTION('center_axis',(0.052335956242944,0.415429510711276,-0.908118532634549));
#1244=DIRECTION('ref_axis',(-9.8879647568687E-19,0.909364785468448,0.415999623737719));
#1245=DIRECTION('',(0.,0.909364785468448,0.415999623737719));
#1246=DIRECTION('',(0.842682047290724,-0.506334456578517,-0.183063882989659));
#1247=DIRECTION('center_axis',(-1.,0.,0.));
#1248=DIRECTION('ref_axis',(0.,0.,1.));
#1249=DIRECTION('',(0.,0.,1.));
#1250=DIRECTION('',(0.,1.,1.04744440165294E-14));
#1251=DIRECTION('',(0.,0.,-1.));
#1252=DIRECTION('',(0.,-1.,-3.49148133884313E-15));
#1253=DIRECTION('center_axis',(-0.515038074910055,-0.857167300702112,0.));
#1254=DIRECTION('ref_axis',(0.857167300702112,-0.515038074910055,0.));
#1255=DIRECTION('center_axis',(-0.515038074910055,-8.9783509040039E-15,
0.857167300702112));
#1256=DIRECTION('ref_axis',(0.857167300702112,-5.73124503379006E-31,0.515038074910055));
#1257=DIRECTION('center_axis',(-0.515038074910055,0.857167300702112,0.));
#1258=DIRECTION('ref_axis',(-0.857167300702112,-0.515038074910055,0.));
#1259=DIRECTION('center_axis',(-0.515038074910055,2.99278363466796E-15,
-0.857167300702112));
#1260=DIRECTION('ref_axis',(-0.857167300702112,-1.4517961786137E-31,0.515038074910055));
#1261=DIRECTION('',(-0.500000000000007,-0.866025403784435,0.));
#1262=DIRECTION('',(-0.500000000000007,0.866025403784435,0.));
#1263=DIRECTION('center_axis',(1.,3.4730983223819E-16,0.));
#1264=DIRECTION('ref_axis',(-3.47309832238189E-16,1.,0.));
#1265=DIRECTION('center_axis',(-1.,-3.4730983223819E-16,0.));
#1266=DIRECTION('ref_axis',(3.4730983223819E-16,-1.,0.));
#1267=DIRECTION('center_axis',(1.,0.,0.));
#1268=DIRECTION('ref_axis',(0.,1.,-1.24511560960241E-16));
#1269=CARTESIAN_POINT('',(0.,0.,0.));
#1270=CARTESIAN_POINT('Origin',(0.1101,-5.46369598732853E-18,5.35399712129034E-18));
#1271=CARTESIAN_POINT('',(0.0884653846153849,-0.0429999999999998,8.80158849567473E-20));
#1272=CARTESIAN_POINT('',(0.0932730769230772,-0.0429999999999998,8.80158849567473E-20));
#1273=CARTESIAN_POINT('',(0.1101,-0.0429999999999998,5.44201300624709E-18));
#1274=CARTESIAN_POINT('',(0.107696153846154,0.0429999999999998,0.));
#1275=CARTESIAN_POINT('Ctrl Pts',(0.107696153846154,0.0429999999999998,
0.));
#1276=CARTESIAN_POINT('Ctrl Pts',(0.105292307692308,0.0429999999999998,
-0.017811183182043));
#1277=CARTESIAN_POINT('Ctrl Pts',(0.102888461538462,0.0304055915910214,
-0.0304055915910214));
#1278=CARTESIAN_POINT('Ctrl Pts',(0.100484615384616,0.017811183182043,-0.0429999999999998));
#1279=CARTESIAN_POINT('Ctrl Pts',(0.0980807692307694,2.6329906181668E-18,
-0.0429999999999998));
#1280=CARTESIAN_POINT('Ctrl Pts',(0.0956769230769233,-0.017811183182043,
-0.0429999999999998));
#1281=CARTESIAN_POINT('Ctrl Pts',(0.0932730769230772,-0.0304055915910214,
-0.0304055915910214));
#1282=CARTESIAN_POINT('Ctrl Pts',(0.0908692307692311,-0.0429999999999998,
-0.017811183182043));
#1283=CARTESIAN_POINT('Ctrl Pts',(0.0884653846153849,-0.0429999999999998,
-5.26598123633359E-18));
#1284=CARTESIAN_POINT('',(0.112503846153846,0.0429999999999998,0.));
#1285=CARTESIAN_POINT('',(0.112503846153846,0.0429999999999998,0.));
#1286=CARTESIAN_POINT('Ctrl Pts',(0.112503846153846,0.0429999999999998,
0.));
#1287=CARTESIAN_POINT('Ctrl Pts',(0.1101,0.0429999999999998,-0.017811183182043));
#1288=CARTESIAN_POINT('Ctrl Pts',(0.107696153846154,0.0304055915910214,
-0.0304055915910214));
#1289=CARTESIAN_POINT('Ctrl Pts',(0.105292307692308,0.017811183182043,-0.0429999999999998));
#1290=CARTESIAN_POINT('Ctrl Pts',(0.102888461538462,2.6329906181668E-18,
-0.0429999999999998));
#1291=CARTESIAN_POINT('Ctrl Pts',(0.100484615384616,-0.017811183182043,
-0.0429999999999998));
#1292=CARTESIAN_POINT('Ctrl Pts',(0.0980807692307694,-0.0304055915910214,
-0.0304055915910214));
#1293=CARTESIAN_POINT('Ctrl Pts',(0.0956769230769233,-0.0429999999999998,
-0.017811183182043));
#1294=CARTESIAN_POINT('Ctrl Pts',(0.0932730769230772,-0.0429999999999998,
-5.26598123633359E-18));
#1295=CARTESIAN_POINT('Origin',(0.1101,-5.46369598732853E-18,5.35399712129034E-18));
#1296=CARTESIAN_POINT('',(0.0500038461538469,-0.0429999999999998,8.80158849567473E-20));
#1297=CARTESIAN_POINT('',(0.0548115384615391,-0.0429999999999998,8.80158849567473E-20));
#1298=CARTESIAN_POINT('',(0.1101,-0.0429999999999998,5.44201300624709E-18));
#1299=CARTESIAN_POINT('Ctrl Pts',(0.0884653846153849,-0.0429999999999998,
-5.26598123633359E-18));
#1300=CARTESIAN_POINT('Ctrl Pts',(0.0860615384615388,-0.0429999999999998,
0.017811183182043));
#1301=CARTESIAN_POINT('Ctrl Pts',(0.0836576923076927,-0.0304055915910214,
0.0304055915910214));
#1302=CARTESIAN_POINT('Ctrl Pts',(0.0812538461538466,-0.017811183182043,
0.0429999999999998));
#1303=CARTESIAN_POINT('Ctrl Pts',(0.0788500000000004,-7.89897185450039E-18,
0.0429999999999998));
#1304=CARTESIAN_POINT('Ctrl Pts',(0.0764461538461543,0.017811183182043,
0.0429999999999998));
#1305=CARTESIAN_POINT('Ctrl Pts',(0.0740423076923082,0.0304055915910214,
0.0304055915910214));
#1306=CARTESIAN_POINT('Ctrl Pts',(0.0716384615384621,0.0429999999999998,
0.017811183182043));
#1307=CARTESIAN_POINT('Ctrl Pts',(0.0692346153846159,0.0429999999999998,
0.));
#1308=CARTESIAN_POINT('Ctrl Pts',(0.0668307692307698,0.0429999999999998,
-0.017811183182043));
#1309=CARTESIAN_POINT('Ctrl Pts',(0.0644269230769237,0.0304055915910214,
-0.0304055915910214));
#1310=CARTESIAN_POINT('Ctrl Pts',(0.0620230769230776,0.017811183182043,
-0.0429999999999998));
#1311=CARTESIAN_POINT('Ctrl Pts',(0.0596192307692314,2.6329906181668E-18,
-0.0429999999999998));
#1312=CARTESIAN_POINT('Ctrl Pts',(0.0572153846153853,-0.017811183182043,
-0.0429999999999998));
#1313=CARTESIAN_POINT('Ctrl Pts',(0.0548115384615392,-0.0304055915910214,
-0.0304055915910214));
#1314=CARTESIAN_POINT('Ctrl Pts',(0.0524076923076931,-0.0429999999999998,
-0.017811183182043));
#1315=CARTESIAN_POINT('Ctrl Pts',(0.0500038461538469,-0.0429999999999998,
-5.26598123633359E-18));
#1316=CARTESIAN_POINT('Ctrl Pts',(0.0932730769230772,-0.0429999999999998,
-5.26598123633359E-18));
#1317=CARTESIAN_POINT('Ctrl Pts',(0.090869230769231,-0.0429999999999998,
0.017811183182043));
#1318=CARTESIAN_POINT('Ctrl Pts',(0.0884653846153849,-0.0304055915910214,
0.0304055915910214));
#1319=CARTESIAN_POINT('Ctrl Pts',(0.0860615384615388,-0.017811183182043,
0.0429999999999998));
#1320=CARTESIAN_POINT('Ctrl Pts',(0.0836576923076927,-7.89897185450039E-18,
0.0429999999999998));
#1321=CARTESIAN_POINT('Ctrl Pts',(0.0812538461538465,0.017811183182043,
0.0429999999999998));
#1322=CARTESIAN_POINT('Ctrl Pts',(0.0788500000000004,0.0304055915910214,
0.0304055915910214));
#1323=CARTESIAN_POINT('Ctrl Pts',(0.0764461538461543,0.0429999999999998,
0.017811183182043));
#1324=CARTESIAN_POINT('Ctrl Pts',(0.0740423076923081,0.0429999999999998,
0.));
#1325=CARTESIAN_POINT('Ctrl Pts',(0.071638461538462,0.0429999999999998,
-0.017811183182043));
#1326=CARTESIAN_POINT('Ctrl Pts',(0.0692346153846159,0.0304055915910214,
-0.0304055915910214));
#1327=CARTESIAN_POINT('Ctrl Pts',(0.0668307692307698,0.017811183182043,
-0.0429999999999998));
#1328=CARTESIAN_POINT('Ctrl Pts',(0.0644269230769237,2.6329906181668E-18,
-0.0429999999999998));
#1329=CARTESIAN_POINT('Ctrl Pts',(0.0620230769230775,-0.017811183182043,
-0.0429999999999998));
#1330=CARTESIAN_POINT('Ctrl Pts',(0.0596192307692314,-0.0304055915910214,
-0.0304055915910214));
#1331=CARTESIAN_POINT('Ctrl Pts',(0.0572153846153853,-0.0429999999999998,
-0.017811183182043));
#1332=CARTESIAN_POINT('Ctrl Pts',(0.0548115384615391,-0.0429999999999998,
-5.26598123633359E-18));
#1333=CARTESIAN_POINT('Origin',(0.1101,-5.46369598732853E-18,5.35399712129034E-18));
#1334=CARTESIAN_POINT('',(0.0115423076923089,-0.0429999999999998,8.80158849567473E-20));
#1335=CARTESIAN_POINT('',(0.0163500000000012,-0.0429999999999998,8.80158849567473E-20));
#1336=CARTESIAN_POINT('',(0.1101,-0.0429999999999998,5.44201300624709E-18));
#1337=CARTESIAN_POINT('Ctrl Pts',(0.0500038461538469,-0.0429999999999998,
-5.26598123633359E-18));
#1338=CARTESIAN_POINT('Ctrl Pts',(0.0476000000000008,-0.0429999999999998,
0.017811183182043));
#1339=CARTESIAN_POINT('Ctrl Pts',(0.0451961538461547,-0.0304055915910214,
0.0304055915910214));
#1340=CARTESIAN_POINT('Ctrl Pts',(0.0427923076923086,-0.017811183182043,
0.0429999999999998));
#1341=CARTESIAN_POINT('Ctrl Pts',(0.0403884615384624,-7.89897185450039E-18,
0.0429999999999998));
#1342=CARTESIAN_POINT('Ctrl Pts',(0.0379846153846163,0.017811183182043,
0.0429999999999998));
#1343=CARTESIAN_POINT('Ctrl Pts',(0.0355807692307702,0.0304055915910214,
0.0304055915910214));
#1344=CARTESIAN_POINT('Ctrl Pts',(0.0331769230769241,0.0429999999999998,
0.017811183182043));
#1345=CARTESIAN_POINT('Ctrl Pts',(0.0307730769230779,0.0429999999999998,
0.));
#1346=CARTESIAN_POINT('Ctrl Pts',(0.0283692307692318,0.0429999999999998,
-0.017811183182043));
#1347=CARTESIAN_POINT('Ctrl Pts',(0.0259653846153857,0.0304055915910214,
-0.0304055915910214));
#1348=CARTESIAN_POINT('Ctrl Pts',(0.0235615384615396,0.017811183182043,
-0.0429999999999998));
#1349=CARTESIAN_POINT('Ctrl Pts',(0.0211576923076935,2.6329906181668E-18,
-0.0429999999999998));
#1350=CARTESIAN_POINT('Ctrl Pts',(0.0187538461538473,-0.017811183182043,
-0.0429999999999998));
#1351=CARTESIAN_POINT('Ctrl Pts',(0.0163500000000012,-0.0304055915910214,
-0.0304055915910214));
#1352=CARTESIAN_POINT('Ctrl Pts',(0.0139461538461551,-0.0429999999999998,
-0.017811183182043));
#1353=CARTESIAN_POINT('Ctrl Pts',(0.0115423076923089,-0.0429999999999998,
-5.26598123633359E-18));
#1354=CARTESIAN_POINT('Ctrl Pts',(0.0548115384615391,-0.0429999999999998,
-5.26598123633359E-18));
#1355=CARTESIAN_POINT('Ctrl Pts',(0.052407692307693,-0.0429999999999998,
0.017811183182043));
#1356=CARTESIAN_POINT('Ctrl Pts',(0.0500038461538469,-0.0304055915910214,
0.0304055915910214));
#1357=CARTESIAN_POINT('Ctrl Pts',(0.0476000000000008,-0.017811183182043,
0.0429999999999998));
#1358=CARTESIAN_POINT('Ctrl Pts',(0.0451961538461547,-7.89897185450039E-18,
0.0429999999999998));
#1359=CARTESIAN_POINT('Ctrl Pts',(0.0427923076923085,0.017811183182043,
0.0429999999999998));
#1360=CARTESIAN_POINT('Ctrl Pts',(0.0403884615384624,0.0304055915910214,
0.0304055915910214));
#1361=CARTESIAN_POINT('Ctrl Pts',(0.0379846153846163,0.0429999999999998,
0.017811183182043));
#1362=CARTESIAN_POINT('Ctrl Pts',(0.0355807692307702,0.0429999999999998,
0.));
#1363=CARTESIAN_POINT('Ctrl Pts',(0.033176923076924,0.0429999999999998,
-0.017811183182043));
#1364=CARTESIAN_POINT('Ctrl Pts',(0.0307730769230779,0.0304055915910214,
-0.0304055915910214));
#1365=CARTESIAN_POINT('Ctrl Pts',(0.0283692307692318,0.017811183182043,
-0.0429999999999998));
#1366=CARTESIAN_POINT('Ctrl Pts',(0.0259653846153857,2.6329906181668E-18,
-0.0429999999999998));
#1367=CARTESIAN_POINT('Ctrl Pts',(0.0235615384615395,-0.017811183182043,
-0.0429999999999998));
#1368=CARTESIAN_POINT('Ctrl Pts',(0.0211576923076934,-0.0304055915910214,
-0.0304055915910214));
#1369=CARTESIAN_POINT('Ctrl Pts',(0.0187538461538473,-0.0429999999999998,
-0.017811183182043));
#1370=CARTESIAN_POINT('Ctrl Pts',(0.0163500000000012,-0.0429999999999998,
-5.26598123633359E-18));
#1371=CARTESIAN_POINT('Origin',(0.1101,-5.46369598732853E-18,5.35399712129034E-18));
#1372=CARTESIAN_POINT('',(-0.026919230769229,-0.0429999999999998,8.80158849567473E-20));
#1373=CARTESIAN_POINT('',(-0.0221115384615368,-0.0429999999999998,8.80158849567473E-20));
#1374=CARTESIAN_POINT('',(0.1101,-0.0429999999999998,5.44201300624709E-18));
#1375=CARTESIAN_POINT('Ctrl Pts',(0.0115423076923089,-0.0429999999999998,
-5.26598123633359E-18));
#1376=CARTESIAN_POINT('Ctrl Pts',(0.00913846153846282,-0.0429999999999998,
0.017811183182043));
#1377=CARTESIAN_POINT('Ctrl Pts',(0.0067346153846167,-0.0304055915910214,
0.0304055915910214));
#1378=CARTESIAN_POINT('Ctrl Pts',(0.00433076923077057,-0.017811183182043,
0.0429999999999998));
#1379=CARTESIAN_POINT('Ctrl Pts',(0.00192692307692445,-7.89897185450039E-18,
0.0429999999999998));
#1380=CARTESIAN_POINT('Ctrl Pts',(-0.000476923076921671,0.017811183182043,
0.0429999999999998));
#1381=CARTESIAN_POINT('Ctrl Pts',(-0.00288076923076781,0.0304055915910214,
0.0304055915910214));
#1382=CARTESIAN_POINT('Ctrl Pts',(-0.00528461538461393,0.0429999999999998,
0.017811183182043));
#1383=CARTESIAN_POINT('Ctrl Pts',(-0.00768846153846004,0.0429999999999998,
0.));
#1384=CARTESIAN_POINT('Ctrl Pts',(-0.0100923076923062,0.0429999999999998,
-0.017811183182043));
#1385=CARTESIAN_POINT('Ctrl Pts',(-0.0124961538461523,0.0304055915910214,
-0.0304055915910214));
#1386=CARTESIAN_POINT('Ctrl Pts',(-0.0148999999999984,0.017811183182043,
-0.0429999999999998));
#1387=CARTESIAN_POINT('Ctrl Pts',(-0.0173038461538446,2.6329906181668E-18,
-0.0429999999999998));
#1388=CARTESIAN_POINT('Ctrl Pts',(-0.0197076923076907,-0.017811183182043,
-0.0429999999999998));
#1389=CARTESIAN_POINT('Ctrl Pts',(-0.0221115384615368,-0.0304055915910214,
-0.0304055915910214));
#1390=CARTESIAN_POINT('Ctrl Pts',(-0.0245153846153829,-0.0429999999999998,
-0.017811183182043));
#1391=CARTESIAN_POINT('Ctrl Pts',(-0.026919230769229,-0.0429999999999998,
-5.26598123633359E-18));
#1392=CARTESIAN_POINT('Ctrl Pts',(0.0163500000000012,-0.0429999999999998,
-5.26598123633359E-18));
#1393=CARTESIAN_POINT('Ctrl Pts',(0.013946153846155,-0.0429999999999998,
0.017811183182043));
#1394=CARTESIAN_POINT('Ctrl Pts',(0.0115423076923089,-0.0304055915910214,
0.0304055915910214));
#1395=CARTESIAN_POINT('Ctrl Pts',(0.00913846153846278,-0.017811183182043,
0.0429999999999998));
#1396=CARTESIAN_POINT('Ctrl Pts',(0.00673461538461666,-7.89897185450039E-18,
0.0429999999999998));
#1397=CARTESIAN_POINT('Ctrl Pts',(0.00433076923077054,0.017811183182043,
0.0429999999999998));
#1398=CARTESIAN_POINT('Ctrl Pts',(0.00192692307692441,0.0304055915910214,
0.0304055915910214));
#1399=CARTESIAN_POINT('Ctrl Pts',(-0.000476923076921711,0.0429999999999998,
0.017811183182043));
#1400=CARTESIAN_POINT('Ctrl Pts',(-0.00288076923076783,0.0429999999999998,
0.));
#1401=CARTESIAN_POINT('Ctrl Pts',(-0.00528461538461397,0.0429999999999998,
-0.017811183182043));
#1402=CARTESIAN_POINT('Ctrl Pts',(-0.00768846153846008,0.0304055915910214,
-0.0304055915910214));
#1403=CARTESIAN_POINT('Ctrl Pts',(-0.0100923076923062,0.017811183182043,
-0.0429999999999998));
#1404=CARTESIAN_POINT('Ctrl Pts',(-0.0124961538461523,2.6329906181668E-18,
-0.0429999999999998));
#1405=CARTESIAN_POINT('Ctrl Pts',(-0.0148999999999985,-0.017811183182043,
-0.0429999999999998));
#1406=CARTESIAN_POINT('Ctrl Pts',(-0.0173038461538446,-0.0304055915910214,
-0.0304055915910214));
#1407=CARTESIAN_POINT('Ctrl Pts',(-0.0197076923076907,-0.0429999999999998,
-0.017811183182043));
#1408=CARTESIAN_POINT('Ctrl Pts',(-0.0221115384615368,-0.0429999999999998,
-5.26598123633359E-18));
#1409=CARTESIAN_POINT('Origin',(-0.0241040030631217,0.,0.));
#1410=CARTESIAN_POINT('',(-0.0625000000000001,-5.26598123633362E-18,-0.043));
#1411=CARTESIAN_POINT('Origin',(-0.0625000000000001,0.,0.));
#1412=CARTESIAN_POINT('',(-0.0550769172408899,-4.93510847005062E-18,-0.0402982188291892));
#1413=CARTESIAN_POINT('',(-0.0241040030631217,-3.55453733452519E-18,-0.029025));
#1414=CARTESIAN_POINT('',(-0.0550769172408899,-0.0323435976103543,-0.0240382639644526));
#1415=CARTESIAN_POINT('Origin',(-0.0550769172408899,4.59918386575304E-17,
0.));
#1416=CARTESIAN_POINT('',(-0.0478869254536794,8.1294455254067E-11,-0.0376812758340262));
#1417=CARTESIAN_POINT('Ctrl Pts',(-0.0550769172404985,-0.032343597608336,
-0.0240382639669296));
#1418=CARTESIAN_POINT('Ctrl Pts',(-0.0543395705582991,-0.0298300252225676,
-0.0269703829610014));
#1419=CARTESIAN_POINT('Ctrl Pts',(-0.0534848118484893,-0.0262927827783738,
-0.0302836188715981));
#1420=CARTESIAN_POINT('Ctrl Pts',(-0.0514983352235201,-0.0175227385488125,
-0.0351183185066596));
#1421=CARTESIAN_POINT('Ctrl Pts',(-0.0505844209747561,-0.0132896200024744,
-0.0365765623002597));
#1422=CARTESIAN_POINT('Ctrl Pts',(-0.0492237169318317,-0.00671452801693844,
-0.0376376132100685));
#1423=CARTESIAN_POINT('Ctrl Pts',(-0.0485973351977165,-0.00364336919660303,
-0.037939843850709));
#1424=CARTESIAN_POINT('Ctrl Pts',(-0.0478869254536794,1.62588915122759E-10,
-0.0376812758340262));
#1425=CARTESIAN_POINT('',(-0.0251520759067828,2.8799776162835E-15,-0.0294064673184353));
#1426=CARTESIAN_POINT('',(-0.0241040030631217,-3.55453733452519E-18,-0.029025));
#1427=CARTESIAN_POINT('',(-0.0550769172408899,0.0144950597199909,-0.037601059619632));
#1428=CARTESIAN_POINT('Ctrl Pts',(-0.0251520759067828,5.76355648617458E-15,
-0.0294064673184353));
#1429=CARTESIAN_POINT('Ctrl Pts',(-0.0252342436948132,-0.00050384517805775,
-0.0294363739474939));
#1430=CARTESIAN_POINT('Ctrl Pts',(-0.0253168708994618,-0.0010066802956567,
-0.0294534917978678));
#1431=CARTESIAN_POINT('Ctrl Pts',(-0.0258228713423359,-0.00406374733759525,
-0.0294814470571176));
#1432=CARTESIAN_POINT('Ctrl Pts',(-0.026260007464268,-0.0066109309732747,
-0.0291789271680812));
#1433=CARTESIAN_POINT('Ctrl Pts',(-0.0273560967376253,-0.0127840387564796,
-0.0276331753901174));
#1434=CARTESIAN_POINT('Ctrl Pts',(-0.02800915492431,-0.0162734996975681,
-0.026012865752231));
#1435=CARTESIAN_POINT('Ctrl Pts',(-0.0289669490175263,-0.0210740489365028,
-0.0225524788590012));
#1436=CARTESIAN_POINT('Ctrl Pts',(-0.0292869833379189,-0.022641169962891,
-0.0211458982254016));
#1437=CARTESIAN_POINT('Ctrl Pts',(-0.0299472005652779,-0.0254336167110265,
-0.0181052897413898));
#1438=CARTESIAN_POINT('Ctrl Pts',(-0.0302839846046442,-0.0266756928246755,
-0.016453673756179));
#1439=CARTESIAN_POINT('Ctrl Pts',(-0.0312794599754574,-0.0298263117035721,
-0.0112781569529269));
#1440=CARTESIAN_POINT('Ctrl Pts',(-0.0319346268265326,-0.0312379105772612,
-0.00749632789712836));
#1441=CARTESIAN_POINT('Ctrl Pts',(-0.0328951500245525,-0.0322689738219909,
-0.00138858488371515));
#1442=CARTESIAN_POINT('Ctrl Pts',(-0.0332137171986733,-0.032402363050036,
0.000799299876862354));
#1443=CARTESIAN_POINT('Ctrl Pts',(-0.0338709599976014,-0.0322489089772109,
0.00510750718233027));
#1444=CARTESIAN_POINT('Ctrl Pts',(-0.0342068939747527,-0.0319612897021887,
0.00724773050966343));
#1445=CARTESIAN_POINT('Ctrl Pts',(-0.0352379868698392,-0.0304548868932735,
0.0136391878750751));
#1446=CARTESIAN_POINT('Ctrl Pts',(-0.0359303057390587,-0.028589734503635,
0.017690319246662));
#1447=CARTESIAN_POINT('Ctrl Pts',(-0.0369112918701844,-0.0246701289316302,
0.0230448193114652));
#1448=CARTESIAN_POINT('Ctrl Pts',(-0.0372202248351554,-0.0231813910681782,
0.0246929268772013));
#1449=CARTESIAN_POINT('Ctrl Pts',(-0.0381894174079397,-0.0182963430549686,
0.0291772748767728));
#1450=CARTESIAN_POINT('Ctrl Pts',(-0.0388648893212021,-0.0144680014393903,
0.0315211417432081));
#1451=CARTESIAN_POINT('Ctrl Pts',(-0.0398655018376338,-0.00817477898875297,
0.0338626369916692));
#1452=CARTESIAN_POINT('Ctrl Pts',(-0.0401979628741554,-0.0059752577560102,
0.0344418394310882));
#1453=CARTESIAN_POINT('Ctrl Pts',(-0.0408497078218788,-0.00144631480991383,
0.035166312818837));
#1454=CARTESIAN_POINT('Ctrl Pts',(-0.0411591534116103,0.000868342955727288,
0.0352955618853748));
#1455=CARTESIAN_POINT('Ctrl Pts',(-0.0421257889316293,0.00777022409779207,
0.035031432881282));
#1456=CARTESIAN_POINT('Ctrl Pts',(-0.0427993459037826,0.012312226599879,
0.033962830348008));
#1457=CARTESIAN_POINT('Ctrl Pts',(-0.0437990054360309,0.0186750167057178,
0.0310926015364806));
#1458=CARTESIAN_POINT('Ctrl Pts',(-0.0441314999673026,0.0207243637383174,
0.0299130838906281));
#1459=CARTESIAN_POINT('Ctrl Pts',(-0.0447849893507092,0.0246087155287903,
0.0271348567545945));
#1460=CARTESIAN_POINT('Ctrl Pts',(-0.0450951006536503,0.0264185835226958,
0.0255354460948216));
#1461=CARTESIAN_POINT('Ctrl Pts',(-0.0460590638686182,0.0313275300590823,
0.0202915730309704));
#1462=CARTESIAN_POINT('Ctrl Pts',(-0.0467306408095715,0.0338999926603245,
0.0161890220579));
#1463=CARTESIAN_POINT('Ctrl Pts',(-0.0477293720426505,0.0365052734121931,
0.0094287616274575));
#1464=CARTESIAN_POINT('Ctrl Pts',(-0.0480619523100514,0.0371589380398578,
0.00706283905773324));
#1465=CARTESIAN_POINT('Ctrl Pts',(-0.0490840074901382,0.0384778083286285,
-0.000567453711399039));
#1466=CARTESIAN_POINT('Ctrl Pts',(-0.0497003525688889,0.0382088380796918,
-0.00560248440654875));
#1467=CARTESIAN_POINT('Ctrl Pts',(-0.0510013809361839,0.036111228228293,
-0.015130986216489));
#1468=CARTESIAN_POINT('Ctrl Pts',(-0.0516908199612217,0.0340171998488046,
-0.0198843336017216));
#1469=CARTESIAN_POINT('Ctrl Pts',(-0.0529327856986386,0.0283981580309237,
-0.0278648719933702));
#1470=CARTESIAN_POINT('Ctrl Pts',(-0.0533816058442031,0.0255820686792365,
-0.0304423308650023));
#1471=CARTESIAN_POINT('Ctrl Pts',(-0.0541575210014692,0.0208140756220291,
-0.0343008390263948));
#1472=CARTESIAN_POINT('Ctrl Pts',(-0.0546184245625529,0.0177572946261926,
-0.0361646329895698));
#1473=CARTESIAN_POINT('Ctrl Pts',(-0.0550769172409597,0.0144950597199532,
-0.0376010596196738));
#1474=CARTESIAN_POINT('Origin',(-0.0550769172408899,4.59918386575304E-17,
0.));
#1475=CARTESIAN_POINT('Origin',(-39.1825787401575,0.,0.));
#1476=CARTESIAN_POINT('',(0.161121715207318,-2.13890986433472E-18,-0.0174655244746805));
#1477=CARTESIAN_POINT('',(0.170261732807674,-2.21440725129557E-13,-0.0114137587001913));
#1478=CARTESIAN_POINT('',(-39.1825787401575,-3.19236259820504E-15,-26.0676188467376));
#1479=CARTESIAN_POINT('',(0.161121715207318,0.0140152314621299,0.0104219879216293));
#1480=CARTESIAN_POINT('Origin',(0.161121715207318,0.,0.));
#1481=CARTESIAN_POINT('',(0.173076923076923,-0.00520867586526999,0.00800423882434707));
#1482=CARTESIAN_POINT('Ctrl Pts',(0.16112171520732,0.0140152314621274,0.010421987921629));
#1483=CARTESIAN_POINT('Ctrl Pts',(0.161555042545982,0.0132189446781089,
0.0110119950049938));
#1484=CARTESIAN_POINT('Ctrl Pts',(0.161995746591701,0.0123760896556497,
0.0115272226395354));
#1485=CARTESIAN_POINT('Ctrl Pts',(0.162890235719788,0.0106182512069496,
0.0123948089671162));
#1486=CARTESIAN_POINT('Ctrl Pts',(0.163339594600341,0.00971255222205205,
0.0127441322967224));
#1487=CARTESIAN_POINT('Ctrl Pts',(0.164669844193856,0.00702806307338997,
0.0134940655616367));
#1488=CARTESIAN_POINT('Ctrl Pts',(0.165561616690689,0.00521958650808852,
0.0136570844652221));
#1489=CARTESIAN_POINT('Ctrl Pts',(0.167556090443857,0.00150947381265362,
0.0132456344941743));
#1490=CARTESIAN_POINT('Ctrl Pts',(0.168576159368006,-0.000195374279687132,
0.0126158724420374));
#1491=CARTESIAN_POINT('Ctrl Pts',(0.170137930476811,-0.00237900479212988,
0.011279546069926));
#1492=CARTESIAN_POINT('Ctrl Pts',(0.17072383109668,-0.00310602862386312,
0.010696298099866));
#1493=CARTESIAN_POINT('Ctrl Pts',(0.171896662341241,-0.00432229986911494,
0.00941478035088465));
#1494=CARTESIAN_POINT('Ctrl Pts',(0.172475542055888,-0.00481886054272874,
0.00873297729048094));
#1495=CARTESIAN_POINT('Ctrl Pts',(0.173076923076922,-0.00520867586527125,
0.00800423882434735));
#1496=CARTESIAN_POINT('',(0.173076923076921,-1.16950975953497E-18,-0.00954977190442973));
#1497=CARTESIAN_POINT('Origin',(0.173076923076923,1.25231910662809E-16,
0.));
#1498=CARTESIAN_POINT('',(0.1875,0.,0.));
#1499=CARTESIAN_POINT('',(-39.1825787401575,-3.19236259820504E-15,-26.0676188467376));
#1500=CARTESIAN_POINT('',(0.173076923076923,0.00481251222782247,-0.0082485071063618));
#1501=CARTESIAN_POINT('Origin',(0.173076923076923,1.25231910662809E-16,
0.));
#1502=CARTESIAN_POINT('Ctrl Pts',(0.173076923076922,0.00481251222782075,
-0.00824850710636259));
#1503=CARTESIAN_POINT('Ctrl Pts',(0.172697938698982,0.00434927467533891,
-0.00880929726643105));
#1504=CARTESIAN_POINT('Ctrl Pts',(0.172328679031176,0.00381756732709088,
-0.00931757521149449));
#1505=CARTESIAN_POINT('Ctrl Pts',(0.171584955661666,0.00261355967611466,
-0.0102347864149793));
#1506=CARTESIAN_POINT('Ctrl Pts',(0.171212979103316,0.00193758221013842,
-0.0106348530453474));
#1507=CARTESIAN_POINT('Ctrl Pts',(0.170650495656619,0.000823010746997386,
-0.0111336413015863));
#1508=CARTESIAN_POINT('Ctrl Pts',(0.170454526556704,0.000415623986089121,
-0.0112861065814799));
#1509=CARTESIAN_POINT('Ctrl Pts',(0.170261732807675,-4.42849018556879E-13,
-0.0114137587001929));
#1510=CARTESIAN_POINT('Origin',(0.161121715207318,0.,0.));
#1511=CARTESIAN_POINT('',(0.148682181384424,-6.37445017443072E-17,-0.0202838242160327));
#1512=CARTESIAN_POINT('',(0.161121715207318,-2.13890986433472E-18,-0.0174655244746805));
#1513=CARTESIAN_POINT('Ctrl Pts',(0.148682181384424,-1.25005024396763E-16,
-0.0202838242160327));
#1514=CARTESIAN_POINT('Ctrl Pts',(0.148733200138312,0.000183166259693111,
-0.0202722654114236));
#1515=CARTESIAN_POINT('Ctrl Pts',(0.148784229199955,0.000366302886960394,
-0.0202582233212549));
#1516=CARTESIAN_POINT('Ctrl Pts',(0.149575515330611,0.00320522352875566,
-0.020001834151823));
#1517=CARTESIAN_POINT('Ctrl Pts',(0.15030369747835,0.00577501580819793,
-0.0192439578294972));
#1518=CARTESIAN_POINT('Ctrl Pts',(0.151816951183349,0.0104792192024101,
-0.0167458376042026));
#1519=CARTESIAN_POINT('Ctrl Pts',(0.152587842042865,0.0125470725025876,
-0.0150305080311815));
#1520=CARTESIAN_POINT('Ctrl Pts',(0.154106191962395,0.0157881304019893,
-0.0109662843182628));
#1521=CARTESIAN_POINT('Ctrl Pts',(0.154841513036223,0.0169624113982254,
-0.00868616457712694));
#1522=CARTESIAN_POINT('Ctrl Pts',(0.156361334217214,0.0183243903480729,
-0.00380488838391526));
#1523=CARTESIAN_POINT('Ctrl Pts',(0.157131426118837,0.0184969739757489,
-0.00126514359346365));
#1524=CARTESIAN_POINT('Ctrl Pts',(0.158432282065328,0.0179191187405836,
0.00291421744735325));
#1525=CARTESIAN_POINT('Ctrl Pts',(0.158956013840321,0.0174502422006738,
0.00455981841414217));
#1526=CARTESIAN_POINT('Ctrl Pts',(0.160026610086134,0.016054858735476,0.00767718460636952));
#1527=CARTESIAN_POINT('Ctrl Pts',(0.160568393921726,0.0151331811162508,
0.00912868018504403));
#1528=CARTESIAN_POINT('Ctrl Pts',(0.161121715207318,0.0140152314621299,
0.0104219879216293));
#1529=CARTESIAN_POINT('Origin',(0.161121715207318,0.,0.));
#1530=CARTESIAN_POINT('',(0.111085890377977,-2.10836255490222E-14,-0.0288016367585142));
#1531=CARTESIAN_POINT('',(0.131462585466903,-1.84246943036011E-16,-0.0241850944253087));
#1532=CARTESIAN_POINT('',(0.161121715207318,-2.13890986433472E-18,-0.0174655244746805));
#1533=CARTESIAN_POINT('',(0.122148285231663,0.0262953415067178,0.));
#1534=CARTESIAN_POINT('Ctrl Pts',(0.111085890377977,-4.21637239148177E-14,
-0.0288016367585141));
#1535=CARTESIAN_POINT('Ctrl Pts',(0.111498818525395,0.00178125791334982,
-0.0287080837920123));
#1536=CARTESIAN_POINT('Ctrl Pts',(0.111920276178107,0.00351500496205607,
-0.0284504676711267));
#1537=CARTESIAN_POINT('Ctrl Pts',(0.113268617555499,0.00880419118284517,
-0.0271530841219595));
#1538=CARTESIAN_POINT('Ctrl Pts',(0.114218181933444,0.0121696358164804,
-0.0255836580511152));
#1539=CARTESIAN_POINT('Ctrl Pts',(0.115930968669578,0.017600398714256,-0.0216107862317748));
#1540=CARTESIAN_POINT('Ctrl Pts',(0.116828158798247,0.0204221888831222,
-0.0189364298541794));
#1541=CARTESIAN_POINT('Ctrl Pts',(0.118656864033226,0.0239819555829399,
-0.0128623245480601));
#1542=CARTESIAN_POINT('Ctrl Pts',(0.119361658712061,0.0249705360531554,
-0.0104110908140229));
#1543=CARTESIAN_POINT('Ctrl Pts',(0.120774517160633,0.0262077521074341,
-0.00529219251688837));
#1544=CARTESIAN_POINT('Ctrl Pts',(0.121476744608684,0.0264474856940315,
-0.00264475992094194));
#1545=CARTESIAN_POINT('Ctrl Pts',(0.122148285231663,0.026295341506718,-3.37022280180741E-15));
#1546=CARTESIAN_POINT('Ctrl Pts',(0.122148285231666,0.0262953415067173,
1.05715727662086E-14));
#1547=CARTESIAN_POINT('Ctrl Pts',(0.122841026760548,0.0261383940439358,
0.00323479254635609));
#1548=CARTESIAN_POINT('Ctrl Pts',(0.123523479934672,0.0253867898011889,
0.00641210542606476));
#1549=CARTESIAN_POINT('Ctrl Pts',(0.124928582922416,0.0227458278240995,
0.0123200202455169));
#1550=CARTESIAN_POINT('Ctrl Pts',(0.125641744684384,0.0208831910856361,
0.0149916353010139));
#1551=CARTESIAN_POINT('Ctrl Pts',(0.126735573012916,0.0173675780111184,
0.0184128643057594));
#1552=CARTESIAN_POINT('Ctrl Pts',(0.127106686111275,0.0160539683984916,
0.019460244107307));
#1553=CARTESIAN_POINT('Ctrl Pts',(0.127854078099494,0.0132495132763749,
0.0212680890991313));
#1554=CARTESIAN_POINT('Ctrl Pts',(0.128227509932076,0.0117689975642562,
0.0220260070914768));
#1555=CARTESIAN_POINT('Ctrl Pts',(0.1289757646565,0.00869497862681175,0.0232287308216255));
#1556=CARTESIAN_POINT('Ctrl Pts',(0.129347930014044,0.00710939884160542,
0.023674199677156));
#1557=CARTESIAN_POINT('Ctrl Pts',(0.130095649417368,0.00388796682813289,
0.0242388803822877));
#1558=CARTESIAN_POINT('Ctrl Pts',(0.130469542364662,0.00226097941828547,
0.0243594224770256));
#1559=CARTESIAN_POINT('Ctrl Pts',(0.131218480332258,-0.000974667612008999,
0.0242740500780682));
#1560=CARTESIAN_POINT('Ctrl Pts',(0.13159089868425,-0.00257628431239328,
0.0240719644509546));
#1561=CARTESIAN_POINT('Ctrl Pts',(0.13233942063493,-0.00570111960692512,
0.0233535712954015));
#1562=CARTESIAN_POINT('Ctrl Pts',(0.132713812576366,-0.00721672536869245,
0.022841749255819));
#1563=CARTESIAN_POINT('Ctrl Pts',(0.133463484762309,-0.0101056375073589,
0.0215302655247945));
#1564=CARTESIAN_POINT('Ctrl Pts',(0.13383617077386,-0.0114739719053322,
0.0207370191064565));
#1565=CARTESIAN_POINT('Ctrl Pts',(0.134585553735731,-0.0140204546528344,
0.0188961692809984));
#1566=CARTESIAN_POINT('Ctrl Pts',(0.134960486139718,-0.0151932811998737,
0.0178554675550857));
#1567=CARTESIAN_POINT('Ctrl Pts',(0.136070102014502,-0.0183073908842514,
0.0144748663125482));
#1568=CARTESIAN_POINT('Ctrl Pts',(0.136793486007416,-0.0199127309494282,
0.0118583590617463));
#1569=CARTESIAN_POINT('Ctrl Pts',(0.138287045678637,-0.0219994289711646,
0.00614761717855032));
#1570=CARTESIAN_POINT('Ctrl Pts',(0.139048650627732,-0.0224554149934843,
0.00311461874731787));
#1571=CARTESIAN_POINT('Ctrl Pts',(0.140550411826846,-0.0221363493429494,
-0.00281406643194778));
#1572=CARTESIAN_POINT('Ctrl Pts',(0.141269017502354,-0.021420942921831,
-0.0056452532292165));
#1573=CARTESIAN_POINT('Ctrl Pts',(0.142770535242135,-0.0188983280157304,
-0.0109120359601045));
#1574=CARTESIAN_POINT('Ctrl Pts',(0.143541946509204,-0.0171008059168337,
-0.0132745968030305));
#1575=CARTESIAN_POINT('Ctrl Pts',(0.145056752637692,-0.0127783067584282,
-0.0170251144102607));
#1576=CARTESIAN_POINT('Ctrl Pts',(0.145779775515936,-0.0103481730785929,
-0.0184151766064513));
#1577=CARTESIAN_POINT('Ctrl Pts',(0.147236478015932,-0.0052243161260177,
-0.0201095084716294));
#1578=CARTESIAN_POINT('Ctrl Pts',(0.147955638022259,-0.00260841788579878,
-0.0204484298193313));
#1579=CARTESIAN_POINT('Ctrl Pts',(0.148682181384424,-1.25005024396763E-16,
-0.0202838242160327));
#1580=CARTESIAN_POINT('',(0.161121715207318,-0.017270942823231,0.00259982291172842));
#1581=CARTESIAN_POINT('Origin',(0.161121715207318,0.,0.));
#1582=CARTESIAN_POINT('Ctrl Pts',(0.161121715207317,-0.0172709428232307,
0.00259982291173276));
#1583=CARTESIAN_POINT('Ctrl Pts',(0.160527496323548,-0.0171646566243867,
0.00421030941664535));
#1584=CARTESIAN_POINT('Ctrl Pts',(0.159940047590426,-0.0168350891393775,
0.00580029736211283));
#1585=CARTESIAN_POINT('Ctrl Pts',(0.15876182751692,-0.015755693389688,0.00885297752041759));
#1586=CARTESIAN_POINT('Ctrl Pts',(0.158175686235239,-0.0150086627273048,
0.0103038916173846));
#1587=CARTESIAN_POINT('Ctrl Pts',(0.156682777462619,-0.0126050805272936,
0.0137425966000923));
#1588=CARTESIAN_POINT('Ctrl Pts',(0.15580809057651,-0.0106978400262604,
0.0155144762153636));
#1589=CARTESIAN_POINT('Ctrl Pts',(0.154042181942098,-0.00629275531590009,
0.0181832959927221));
#1590=CARTESIAN_POINT('Ctrl Pts',(0.153166133279067,-0.00383494895241601,
0.0190572251622531));
#1591=CARTESIAN_POINT('Ctrl Pts',(0.15139494373828,0.00142368246221542,
0.019805478253495));
#1592=CARTESIAN_POINT('Ctrl Pts',(0.150521867608806,0.0041827230602314,
0.019612663861244));
#1593=CARTESIAN_POINT('Ctrl Pts',(0.148765639064123,0.00941968875910835,
0.0181437707568993));
#1594=CARTESIAN_POINT('Ctrl Pts',(0.147898836281087,0.0118540161369547,
0.0168955359709993));
#1595=CARTESIAN_POINT('Ctrl Pts',(0.146142214162024,0.0162348044878121,
0.0134102257997802));
#1596=CARTESIAN_POINT('Ctrl Pts',(0.14527034379715,0.0180942509777378,0.0111506901990953));
#1597=CARTESIAN_POINT('Ctrl Pts',(0.143518398378246,0.0207709332259115,
0.00607273284159426));
#1598=CARTESIAN_POINT('Ctrl Pts',(0.142655909306977,0.0215830244763862,
0.00331293205920535));
#1599=CARTESIAN_POINT('Ctrl Pts',(0.140906789095354,0.0221055494924454,
-0.00256555946360711));
#1600=CARTESIAN_POINT('Ctrl Pts',(0.140035853572729,0.0217333501995169,
-0.00562938725137894));
#1601=CARTESIAN_POINT('Ctrl Pts',(0.138287879942299,0.0198104072109962,
-0.0113549953799072));
#1602=CARTESIAN_POINT('Ctrl Pts',(0.137429263908149,0.0183060142155569,
-0.0139716839812538));
#1603=CARTESIAN_POINT('Ctrl Pts',(0.136149775678793,0.015307008945093,-0.0174008159422519));
#1604=CARTESIAN_POINT('Ctrl Pts',(0.135719631602133,0.0141646192276776,
-0.0184656373411174));
#1605=CARTESIAN_POINT('Ctrl Pts',(0.134402332632905,0.0103646186651343,
-0.0213545636735909));
#1606=CARTESIAN_POINT('Ctrl Pts',(0.133523436985003,0.00742567999128929,
-0.0227537161023027));
#1607=CARTESIAN_POINT('Ctrl Pts',(0.132245594734025,0.00289126996800085,
-0.023877031757902));
#1608=CARTESIAN_POINT('Ctrl Pts',(0.131851920767283,0.00145308103436198,
-0.0240968866522537));
#1609=CARTESIAN_POINT('Ctrl Pts',(0.131462585466903,-3.65532055803346E-16,
-0.0241850944253087));
#1610=CARTESIAN_POINT('Origin',(-0.1875,0.,0.));
#1611=CARTESIAN_POINT('',(0.0724953930889676,2.97483539536514E-13,-0.029025));
#1612=CARTESIAN_POINT('',(0.0900122992188444,9.89979442943004E-17,-0.029025));
#1613=CARTESIAN_POINT('',(-0.1875,-3.55453733452519E-18,-0.029025));
#1614=CARTESIAN_POINT('',(0.110099999999992,-0.00416161917734658,-0.0287251031472951));
#1615=CARTESIAN_POINT('Ctrl Pts',(0.0724953930889676,5.94970633610362E-13,
-0.029025));
#1616=CARTESIAN_POINT('Ctrl Pts',(0.0727724053394363,0.00138544359562791,
-0.0290249999999716));
#1617=CARTESIAN_POINT('Ctrl Pts',(0.0730576308644226,0.00277091798060704,
-0.0289259039715941));
#1618=CARTESIAN_POINT('Ctrl Pts',(0.0741681504694427,0.00801162053995105,
-0.0281692212478696));
#1619=CARTESIAN_POINT('Ctrl Pts',(0.0750202483553851,0.0117217836827144,
-0.0268377767117214));
#1620=CARTESIAN_POINT('Ctrl Pts',(0.0766678794652629,0.0183071006770708,
-0.0228419812389104));
#1621=CARTESIAN_POINT('Ctrl Pts',(0.0774077620657873,0.0211353096714898,
-0.0202535527338586));
#1622=CARTESIAN_POINT('Ctrl Pts',(0.0790266707459576,0.0256975562477448,
-0.0140465192612831));
#1623=CARTESIAN_POINT('Ctrl Pts',(0.079878503571644,0.0273498693364709,
-0.0104705898918625));
#1624=CARTESIAN_POINT('Ctrl Pts',(0.0815238846459812,0.0291215439372817,
-0.00297526515125368));
#1625=CARTESIAN_POINT('Ctrl Pts',(0.0822627011569277,0.0292606116731372,
0.000857420504397439));
#1626=CARTESIAN_POINT('Ctrl Pts',(0.0838844723214649,0.0280365875339457,
0.00846150735736548));
#1627=CARTESIAN_POINT('Ctrl Pts',(0.0847359871428892,0.0266481879869675,
0.0121451628348402));
#1628=CARTESIAN_POINT('Ctrl Pts',(0.0863790974733329,0.0225504422250885,
0.0186656404998561));
#1629=CARTESIAN_POINT('Ctrl Pts',(0.0871171647813776,0.0199155878163972,
0.0214546023332733));
#1630=CARTESIAN_POINT('Ctrl Pts',(0.0887416926871817,0.013638501579144,
0.025915575352955));
#1631=CARTESIAN_POINT('Ctrl Pts',(0.0895928380399676,0.0100418414108655,
0.0275095390431284));
#1632=CARTESIAN_POINT('Ctrl Pts',(0.0912336513256834,0.0025211446309636,
0.0291648068156429));
#1633=CARTESIAN_POINT('Ctrl Pts',(0.0919712737746133,-0.00131660024045011,
0.0292439804044982));
#1634=CARTESIAN_POINT('Ctrl Pts',(0.0935984631252324,-0.00889821711415184,
0.0279002875905877));
#1635=CARTESIAN_POINT('Ctrl Pts',(0.0944491884259718,-0.0125551243684163,
0.0264568451089245));
#1636=CARTESIAN_POINT('Ctrl Pts',(0.0960876725462413,-0.0190115231956158,
0.0222602580598545));
#1637=CARTESIAN_POINT('Ctrl Pts',(0.0968251452826544,-0.0217620788275447,
0.019579841516658));
#1638=CARTESIAN_POINT('Ctrl Pts',(0.0984549101373439,-0.0261230535006291,
0.0132351426353692));
#1639=CARTESIAN_POINT('Ctrl Pts',(0.0993051651251177,-0.0276595485083057,
0.00961913121336391));
#1640=CARTESIAN_POINT('Ctrl Pts',(0.100941281853613,-0.0292005068912448,
0.00207457520246006));
#1641=CARTESIAN_POINT('Ctrl Pts',(0.101678893944758,-0.0292206649870837,
-0.00176824775912108));
#1642=CARTESIAN_POINT('Ctrl Pts',(0.103311156767078,-0.0277592881580612,
-0.00932649267878615));
#1643=CARTESIAN_POINT('Ctrl Pts',(0.104160890971566,-0.0262621043674915,
-0.0129561827048382));
#1644=CARTESIAN_POINT('Ctrl Pts',(0.105794604373607,-0.0219686781469292,
-0.0193486092579704));
#1645=CARTESIAN_POINT('Ctrl Pts',(0.106532624267478,-0.0192431163054307,
-0.0220611365101611));
#1646=CARTESIAN_POINT('Ctrl Pts',(0.107798622250119,-0.014278345105626,
-0.0253612845871133));
#1647=CARTESIAN_POINT('Ctrl Pts',(0.108263194519515,-0.0123634476739409,
-0.0263477446465858));
#1648=CARTESIAN_POINT('Ctrl Pts',(0.109190418675906,-0.00835961619680117,
-0.0278773157469446));
#1649=CARTESIAN_POINT('Ctrl Pts',(0.109650646256377,-0.00628177702006301,
-0.0284179401236495));
#1650=CARTESIAN_POINT('Ctrl Pts',(0.110099999999992,-0.0041616191773481,
-0.0287251031472948));
#1651=CARTESIAN_POINT('',(0.1101,0.00421816964115733,0.0287168534118628));
#1652=CARTESIAN_POINT('Origin',(0.1101,0.,0.));
#1653=CARTESIAN_POINT('',(0.0996276838342289,0.029025,0.));
#1654=CARTESIAN_POINT('Ctrl Pts',(0.0996276838342289,0.029025,2.17417410473435E-18));
#1655=CARTESIAN_POINT('Ctrl Pts',(0.100488272181863,0.029025,0.00339876167632146));
#1656=CARTESIAN_POINT('Ctrl Pts',(0.101355843090422,0.0284280607568927,
0.00677105710430985));
#1657=CARTESIAN_POINT('Ctrl Pts',(0.103111129594499,0.0260542312405845,
0.0132663152246356));
#1658=CARTESIAN_POINT('Ctrl Pts',(0.103983549304465,0.0242566190193942,
0.0163231192089947));
#1659=CARTESIAN_POINT('Ctrl Pts',(0.105738584701303,0.0196943362637389,
0.02159943016841));
#1660=CARTESIAN_POINT('Ctrl Pts',(0.106612070914942,0.0169844339721663,
0.0237891510080837));
#1661=CARTESIAN_POINT('Ctrl Pts',(0.108358627092509,0.0109285641159913,
0.027109444944267));
#1662=CARTESIAN_POINT('Ctrl Pts',(0.109227056502434,0.0076318322822262,
0.0282154263261306));
#1663=CARTESIAN_POINT('Ctrl Pts',(0.110100000000001,0.00421816964115748,
0.0287168534118628));
#1664=CARTESIAN_POINT('Ctrl Pts',(0.0996276838342289,0.029025,1.21294720972924E-18));
#1665=CARTESIAN_POINT('Ctrl Pts',(0.0990665833946492,0.029025,-0.00280627664977645));
#1666=CARTESIAN_POINT('Ctrl Pts',(0.0984756075414493,0.0286180511848016,
-0.00559340788433782));
#1667=CARTESIAN_POINT('Ctrl Pts',(0.0972611781963867,0.0270095602721055,
-0.0110009720596001));
#1668=CARTESIAN_POINT('Ctrl Pts',(0.0966428191783422,0.0258023489281546,
-0.0135935773208223));
#1669=CARTESIAN_POINT('Ctrl Pts',(0.0952274133389804,0.0221381029902457,
-0.0191547797505178));
#1670=CARTESIAN_POINT('Ctrl Pts',(0.0944890874840301,0.0194355496497532,
-0.0218920353273684));
#1671=CARTESIAN_POINT('Ctrl Pts',(0.0928566371317682,0.013059828871813,
-0.0262105422887035));
#1672=CARTESIAN_POINT('Ctrl Pts',(0.0920071958489225,0.00943734869210801,
-0.0277215953350194));
#1673=CARTESIAN_POINT('Ctrl Pts',(0.0907807259471812,0.00376727687536964,
-0.0288417192369984));
#1674=CARTESIAN_POINT('Ctrl Pts',(0.0903892099650102,0.00188507395718163,
-0.029025));
#1675=CARTESIAN_POINT('Ctrl Pts',(0.0900122992188444,2.01550425923126E-16,
-0.029025));
#1676=CARTESIAN_POINT('Origin',(-0.1875,0.,0.));
#1677=CARTESIAN_POINT('',(0.0340338546274665,3.89630758071803E-13,-0.029025));
#1678=CARTESIAN_POINT('',(0.0515507607574748,4.21076532824866E-13,-0.029025));
#1679=CARTESIAN_POINT('',(-0.1875,-3.55453733452519E-18,-0.029025));
#1680=CARTESIAN_POINT('Ctrl Pts',(0.0340338546274665,7.79265070680941E-13,
-0.029025));
#1681=CARTESIAN_POINT('Ctrl Pts',(0.0341698401582601,0.000680115347071512,
-0.0290249999999817));
#1682=CARTESIAN_POINT('Ctrl Pts',(0.034307864799037,0.00136052853399754,
-0.0290010980213889));
#1683=CARTESIAN_POINT('Ctrl Pts',(0.0352541167538679,0.00595888586846919,
-0.0286770900594566));
#1684=CARTESIAN_POINT('Ctrl Pts',(0.0361059897245593,0.00977684708886574,
-0.0276086088209452));
#1685=CARTESIAN_POINT('Ctrl Pts',(0.0377715124001908,0.0166451020159603,
-0.0240798560211256));
#1686=CARTESIAN_POINT('Ctrl Pts',(0.0385342881619937,0.0196485407746135,
-0.0216979586726888));
#1687=CARTESIAN_POINT('Ctrl Pts',(0.040124707013886,0.0246517593904353,
-0.0158160702636492));
#1688=CARTESIAN_POINT('Ctrl Pts',(0.0409768924057342,0.0265597357441434,
-0.0123442767685505));
#1689=CARTESIAN_POINT('Ctrl Pts',(0.0426401398294586,0.028847131452262,
-0.00497321429824878));
#1690=CARTESIAN_POINT('Ctrl Pts',(0.0433983064469409,0.0292492071775461,
-0.0011621406719011));
#1691=CARTESIAN_POINT('Ctrl Pts',(0.0449930151789709,0.0285526692620464,
0.00652508861376436));
#1692=CARTESIAN_POINT('Ctrl Pts',(0.0458454149932036,0.0274111634811705,
0.0103154370231659));
#1693=CARTESIAN_POINT('Ctrl Pts',(0.0475064090738322,0.0237532417030256,
0.0171075391820494));
#1694=CARTESIAN_POINT('Ctrl Pts',(0.0482605664998459,0.0213151173732412,
0.0200632552798149));
#1695=CARTESIAN_POINT('Ctrl Pts',(0.0498593072306258,0.0153426059567121,
0.0249481722963332));
#1696=CARTESIAN_POINT('Ctrl Pts',(0.0507118338873796,0.0118405951696859,
0.0267873182230279));
#1697=CARTESIAN_POINT('Ctrl Pts',(0.0523705909656468,0.00443402766909675,
0.0289347789783049));
#1698=CARTESIAN_POINT('Ctrl Pts',(0.0531212779196039,0.000617158325854269,
0.029265864199103));
#1699=CARTESIAN_POINT('Ctrl Pts',(0.0547238219463109,-0.00705018294878654,
0.0284267058956097));
#1700=CARTESIAN_POINT('Ctrl Pts',(0.0555763964320167,-0.0108134900477442,
0.027217807563081));
#1701=CARTESIAN_POINT('Ctrl Pts',(0.057232927444954,-0.0175337558009163,
0.0234403462245286));
#1702=CARTESIAN_POINT('Ctrl Pts',(0.0579806312719711,-0.0204448035920768,
0.0209496145916975));
#1703=CARTESIAN_POINT('Ctrl Pts',(0.0595867751352661,-0.0252177812418106,
0.014893710490626));
#1704=CARTESIAN_POINT('Ctrl Pts',(0.0604393254618644,-0.0269919586329006,
0.0113646704731323));
#1705=CARTESIAN_POINT('Ctrl Pts',(0.0620936360587515,-0.0290081378444447,
0.0039259629207404));
#1706=CARTESIAN_POINT('Ctrl Pts',(0.0628388010158953,-0.0292723689838227,
0.000103630575905307));
#1707=CARTESIAN_POINT('Ctrl Pts',(0.0644483632100032,-0.0282990392167239,
-0.00754323558256919));
#1708=CARTESIAN_POINT('Ctrl Pts',(0.0653008231203649,-0.0270271565235346,
-0.0112798806702619));
#1709=CARTESIAN_POINT('Ctrl Pts',(0.0669529137310787,-0.0231376454493865,
-0.0179315257633633));
#1710=CARTESIAN_POINT('Ctrl Pts',(0.0676959480163512,-0.0205970526552077,
-0.0208002642817716));
#1711=CARTESIAN_POINT('Ctrl Pts',(0.0693087662226731,-0.0144633980869652,
-0.0254661243866241));
#1712=CARTESIAN_POINT('Ctrl Pts',(0.0701610740908883,-0.0109098814579582,
-0.0271782824707363));
#1713=CARTESIAN_POINT('Ctrl Pts',(0.0715130224682082,-0.00479028003863728,
-0.0287282232150072));
#1714=CARTESIAN_POINT('Ctrl Pts',(0.0720155341386978,-0.00239995707010087,
-0.0290250000000492));
#1715=CARTESIAN_POINT('Ctrl Pts',(0.0724953930889676,5.94970633610362E-13,
-0.029025));
#1716=CARTESIAN_POINT('Ctrl Pts',(0.0900122992188444,2.01550425923126E-16,
-0.029025));
#1717=CARTESIAN_POINT('Ctrl Pts',(0.0896305185099728,-0.00190943049241583,
-0.029025));
#1718=CARTESIAN_POINT('Ctrl Pts',(0.0892337845354143,-0.00381575999749748,
-0.0288369618431959));
#1719=CARTESIAN_POINT('Ctrl Pts',(0.0880009948612186,-0.00950935359830452,
-0.0276973170908027));
#1720=CARTESIAN_POINT('Ctrl Pts',(0.0871510051776813,-0.0131302160485927,
-0.0261757368908782));
#1721=CARTESIAN_POINT('Ctrl Pts',(0.0855199282318659,-0.0194922447967478,
-0.0218407575043376));
#1722=CARTESIAN_POINT('Ctrl Pts',(0.0847824186102956,-0.0221844647738183,
-0.019100130606802));
#1723=CARTESIAN_POINT('Ctrl Pts',(0.0831451641285336,-0.0264064547129377,
-0.0126604038909202));
#1724=CARTESIAN_POINT('Ctrl Pts',(0.0822946778663024,-0.0278640148670372,
-0.00901053989052103));
#1725=CARTESIAN_POINT('Ctrl Pts',(0.0806661349890708,-0.0292385395877281,
-0.00143492450951571));
#1726=CARTESIAN_POINT('Ctrl Pts',(0.0799286269977418,-0.0291748157421372,
0.00240414008892857));
#1727=CARTESIAN_POINT('Ctrl Pts',(0.078289024194398,-0.0275495111099188,
0.00993119392529467));
#1728=CARTESIAN_POINT('Ctrl Pts',(0.0774380916584322,-0.0259705959898725,
0.0135330230375734));
#1729=CARTESIAN_POINT('Ctrl Pts',(0.0758121642960973,-0.0215357833794705,
0.0198279444853792));
#1730=CARTESIAN_POINT('Ctrl Pts',(0.0750743663368653,-0.018756901823516,
0.0224747435605193));
#1731=CARTESIAN_POINT('Ctrl Pts',(0.0734324504777435,-0.0122531805698981,
0.0265985203535122));
#1732=CARTESIAN_POINT('Ctrl Pts',(0.0725811220155469,-0.0085764687346722,
0.0280014331599149));
#1733=CARTESIAN_POINT('Ctrl Pts',(0.070957900458018,-0.000978163886425616,
0.0292569289184502));
#1734=CARTESIAN_POINT('Ctrl Pts',(0.0702195133855035,0.00285584325967219,
0.0291336022635021));
#1735=CARTESIAN_POINT('Ctrl Pts',(0.0685753137750777,0.0103579469709463,
0.0273925590134735));
#1736=CARTESIAN_POINT('Ctrl Pts',(0.067723640319709,0.0139394314748582,
0.0257555815067469));
#1737=CARTESIAN_POINT('Ctrl Pts',(0.0661032247155448,0.0201650166977353,
0.0212199276146156));
#1738=CARTESIAN_POINT('Ctrl Pts',(0.0653639386197076,0.0227656656308696,
0.0184020589997278));
#1739=CARTESIAN_POINT('Ctrl Pts',(0.0637174788583546,0.0267884143085256,
0.0118337647477359));
#1740=CARTESIAN_POINT('Ctrl Pts',(0.0628655125043323,0.0281349337487126,
0.00813050367582536));
#1741=CARTESIAN_POINT('Ctrl Pts',(0.0612480140277991,0.0292684562977417,
0.000510299174144476));
#1742=CARTESIAN_POINT('Ctrl Pts',(0.0605075047513409,0.029084160526258,
-0.00331861727954471));
#1743=CARTESIAN_POINT('Ctrl Pts',(0.0588588029363776,0.027224326172674,
-0.0107940333414358));
#1744=CARTESIAN_POINT('Ctrl Pts',(0.0580065975629047,0.025527956036687,
-0.0143535769374974));
#1745=CARTESIAN_POINT('Ctrl Pts',(0.0563921397629662,0.0208894061776891,
-0.0205067440110717));
#1746=CARTESIAN_POINT('Ctrl Pts',(0.0556500650671591,0.0180313877422426,
-0.0230599808767596));
#1747=CARTESIAN_POINT('Ctrl Pts',(0.0539991339413219,0.0113972273855068,
-0.0269777037543693));
#1748=CARTESIAN_POINT('Ctrl Pts',(0.053146745899493,0.0076674978010729,
-0.0282654141798996));
#1749=CARTESIAN_POINT('Ctrl Pts',(0.0520640258899715,0.00253274029057969,
-0.02894220744153));
#1750=CARTESIAN_POINT('Ctrl Pts',(0.0518039359854981,0.00126622558289188,
-0.0290249999999632));
#1751=CARTESIAN_POINT('Ctrl Pts',(0.0515507607574748,8.42156620187067E-13,
-0.029025));
#1752=CARTESIAN_POINT('Origin',(-0.1875,0.,0.));
#1753=CARTESIAN_POINT('',(-0.00442768383417559,1.29452215070121E-13,-0.029025));
#1754=CARTESIAN_POINT('',(0.0130892222958669,2.46297217244258E-13,-0.029025));
#1755=CARTESIAN_POINT('',(-0.1875,-3.55453733452519E-18,-0.029025));
#1756=CARTESIAN_POINT('Ctrl Pts',(-0.00442768383417558,2.58907984677577E-13,
-0.029025));
#1757=CARTESIAN_POINT('Ctrl Pts',(-0.00375947647675394,0.00334195907230524,
-0.029025));
#1758=CARTESIAN_POINT('Ctrl Pts',(-0.00299884687116643,0.0069069301638084,
-0.0284474554490467));
#1759=CARTESIAN_POINT('Ctrl Pts',(-0.00132300552715828,0.0141321583048309,
-0.0256559204942508));
#1760=CARTESIAN_POINT('Ctrl Pts',(-0.000474788218612653,0.0174826626877874,
-0.0235030385460713));
#1761=CARTESIAN_POINT('Ctrl Pts',(0.00101155476295438,0.0227718102474893,
-0.0183254706214631));
#1762=CARTESIAN_POINT('Ctrl Pts',(0.00182042161058887,0.025070482970821,
-0.015203028911764));
#1763=CARTESIAN_POINT('Ctrl Pts',(0.00364940312240088,0.0283862010575287,
-0.0074290123243221));
#1764=CARTESIAN_POINT('Ctrl Pts',(0.00449335905144552,0.0290351633844534,
-0.00346845719338336));
#1765=CARTESIAN_POINT('Ctrl Pts',(0.00597013613731527,0.0290138055596554,
0.00390861983841066));
#1766=CARTESIAN_POINT('Ctrl Pts',(0.00678913197567899,0.0282470492303842,
0.00768712856839267));
#1767=CARTESIAN_POINT('Ctrl Pts',(0.0085305449158708,0.0251408852087435,
0.0151099815681068));
#1768=CARTESIAN_POINT('Ctrl Pts',(0.00936156428648499,0.0227871740239978,
0.0183350020856229));
#1769=CARTESIAN_POINT('Ctrl Pts',(0.0108568922838091,0.0174508090617609,
0.0235070657909084));
#1770=CARTESIAN_POINT('Ctrl Pts',(0.0116789630112773,0.0142052595955446,
0.0255976270439586));
#1771=CARTESIAN_POINT('Ctrl Pts',(0.0134062534794825,0.00678005344452752,
0.0285275896800534));
#1772=CARTESIAN_POINT('Ctrl Pts',(0.0142242891400669,0.00285741184582401,
0.029115215087705));
#1773=CARTESIAN_POINT('Ctrl Pts',(0.0157395424765053,-0.00463503797735674,
0.0289078141807354));
#1774=CARTESIAN_POINT('Ctrl Pts',(0.0165643874835445,-0.00840257197076451,
0.0280439372913277));
#1775=CARTESIAN_POINT('Ctrl Pts',(0.0182824481941094,-0.0156476298206898,
0.0247905019691499));
#1776=CARTESIAN_POINT('Ctrl Pts',(0.0190907947611465,-0.0188068052855002,
0.022413214877447));
#1777=CARTESIAN_POINT('Ctrl Pts',(0.0206185522438657,-0.0239156009645738,
0.0168884512533205));
#1778=CARTESIAN_POINT('Ctrl Pts',(0.0214459103259408,-0.0259329550604466,
0.0135861343188991));
#1779=CARTESIAN_POINT('Ctrl Pts',(0.0231557155520461,-0.0286551769794704,
0.00616232948970009));
#1780=CARTESIAN_POINT('Ctrl Pts',(0.0239553810457719,-0.0291740488305738,
0.00225434595645693));
#1781=CARTESIAN_POINT('Ctrl Pts',(0.0254943297131057,-0.0287968686462228,
-0.00528628834708427));
#1782=CARTESIAN_POINT('Ctrl Pts',(0.0263239726122909,-0.0278457036601272,
-0.00904166250997061));
#1783=CARTESIAN_POINT('Ctrl Pts',(0.0279933678095692,-0.0245190717290903,
-0.0160130065953866));
#1784=CARTESIAN_POINT('Ctrl Pts',(0.0287860016203913,-0.022155590565026,
-0.0191486508777233));
#1785=CARTESIAN_POINT('Ctrl Pts',(0.0303672346837893,-0.0163703661565486,
-0.024274324150099));
#1786=CARTESIAN_POINT('Ctrl Pts',(0.0311989618456982,-0.0130181388614586,
-0.0262239379936462));
#1787=CARTESIAN_POINT('Ctrl Pts',(0.0327189495020783,-0.0063589687688944,
-0.0285002182002025));
#1788=CARTESIAN_POINT('Ctrl Pts',(0.0333958105635575,-0.00319110097115606,
-0.0290250000000857));
#1789=CARTESIAN_POINT('Ctrl Pts',(0.0340338546274665,7.79265070680941E-13,
-0.029025));
#1790=CARTESIAN_POINT('Ctrl Pts',(0.0515507607574748,8.42156620187067E-13,
-0.029025));
#1791=CARTESIAN_POINT('Ctrl Pts',(0.0510471408537888,-0.00251879463270363,
-0.0290250000000731));
#1792=CARTESIAN_POINT('Ctrl Pts',(0.0505187796849171,-0.00502594404543534,
-0.0286981500178479));
#1793=CARTESIAN_POINT('Ctrl Pts',(0.0491383085949794,-0.0112442695802511,
-0.0270421557309147));
#1794=CARTESIAN_POINT('Ctrl Pts',(0.0482857974786642,-0.0147799170125193,
-0.0252844034908342));
#1795=CARTESIAN_POINT('Ctrl Pts',(0.0466778492763946,-0.0208565856835473,
-0.0205397696370024));
#1796=CARTESIAN_POINT('Ctrl Pts',(0.0459315226933004,-0.0233605541050184,
-0.0176399580752946));
#1797=CARTESIAN_POINT('Ctrl Pts',(0.044276150200239,-0.0271678833490525,
-0.0109378582120695));
#1798=CARTESIAN_POINT('Ctrl Pts',(0.0434235797243679,-0.0283935890943368,
-0.00718153302613392));
#1799=CARTESIAN_POINT('Ctrl Pts',(0.0418191341341109,-0.0292684650445211,
0.00048052395718601));
#1800=CARTESIAN_POINT('Ctrl Pts',(0.0410700610490111,-0.0289551696192181,
0.00429884511408891));
#1801=CARTESIAN_POINT('Ctrl Pts',(0.0394124660915409,-0.0268426895302775,
0.0117140898731032));
#1802=CARTESIAN_POINT('Ctrl Pts',(0.0385599051068496,-0.0250208194444539,
0.0152234282348122));
#1803=CARTESIAN_POINT('Ctrl Pts',(0.0369470606897783,-0.0201289627657743,
0.0212636030470779));
#1804=CARTESIAN_POINT('Ctrl Pts',(0.0361826149580571,-0.017131529093009,
0.0237453095190729));
#1805=CARTESIAN_POINT('Ctrl Pts',(0.0345229373219084,-0.0103414202854215,
0.0273921483957296));
#1806=CARTESIAN_POINT('Ctrl Pts',(0.0336848264804393,-0.00661787021666024,
0.0285223888637897));
#1807=CARTESIAN_POINT('Ctrl Pts',(0.0320876689121282,0.00106404486990858,
0.0292613246196218));
#1808=CARTESIAN_POINT('Ctrl Pts',(0.0313184380404602,0.00494124322211642,
0.0288610589894432));
#1809=CARTESIAN_POINT('Ctrl Pts',(0.0296567048371236,0.0123026495883122,
0.0265686346864763));
#1810=CARTESIAN_POINT('Ctrl Pts',(0.0288201085405876,0.0157148870483662,
0.0247051063176772));
#1811=CARTESIAN_POINT('Ctrl Pts',(0.0272268581337384,0.0216268596209971,
0.0197403279704321));
#1812=CARTESIAN_POINT('Ctrl Pts',(0.0264522852000923,0.0240614438579038,
0.0166875918591848));
#1813=CARTESIAN_POINT('Ctrl Pts',(0.0247885026194753,0.0275808763218886,
0.00982417919939553));
#1814=CARTESIAN_POINT('Ctrl Pts',(0.0239535501502897,0.0286396035630342,
0.00608680360287813));
#1815=CARTESIAN_POINT('Ctrl Pts',(0.0223644402094065,0.0292377636483738,
-0.00161317343088385));
#1816=CARTESIAN_POINT('Ctrl Pts',(0.021583907713745,0.0287624254182697,
-0.00549628086526545));
#1817=CARTESIAN_POINT('Ctrl Pts',(0.0199180795243759,0.0263231072736497,
-0.0128173223922358));
#1818=CARTESIAN_POINT('Ctrl Pts',(0.0190849152536925,0.024397571553314,
-0.0161867107000425));
#1819=CARTESIAN_POINT('Ctrl Pts',(0.0175002087832342,0.0193170395841941,
-0.022008005077983));
#1820=CARTESIAN_POINT('Ctrl Pts',(0.0167130278819907,0.0162048358785014,
-0.0243916563837099));
#1821=CARTESIAN_POINT('Ctrl Pts',(0.0150451558357437,0.00926378419054546,
-0.0277730294967284));
#1822=CARTESIAN_POINT('Ctrl Pts',(0.0142139417836258,0.00551316715646715,
-0.0287546499366853));
#1823=CARTESIAN_POINT('Ctrl Pts',(0.0133139900400919,0.00111746896160578,
-0.0290088730706826));
#1824=CARTESIAN_POINT('Ctrl Pts',(0.0132009185362738,0.000558635369865103,
-0.0290249999999905));
#1825=CARTESIAN_POINT('Ctrl Pts',(0.0130892222958669,4.9259798902585E-13,
-0.029025));
#1826=CARTESIAN_POINT('Origin',(0.148333404001511,1.16638243203745E-16,
0.));
#1827=CARTESIAN_POINT('',(0.160717035680857,-0.00058449191370821,0.0262523303913216));
#1828=CARTESIAN_POINT('Ctrl Pts',(0.160717035680891,-0.000584491913598557,
0.0262523303912556));
#1829=CARTESIAN_POINT('Ctrl Pts',(0.162617110213111,-0.00275521828587113,
0.0236346942898666));
#1830=CARTESIAN_POINT('Ctrl Pts',(0.164555993011159,-0.00435804018400959,
0.0206835928510659));
#1831=CARTESIAN_POINT('Ctrl Pts',(0.167682727796165,-0.00561968784846411,
0.0159004930540149));
#1832=CARTESIAN_POINT('Ctrl Pts',(0.168755842761941,-0.00583840795363105,
0.0142574410748044));
#1833=CARTESIAN_POINT('Ctrl Pts',(0.170913335140794,-0.0058320012390352,
0.0110470585620876));
#1834=CARTESIAN_POINT('Ctrl Pts',(0.171984919262773,-0.00562383512202806,
0.00949538388962169));
#1835=CARTESIAN_POINT('Ctrl Pts',(0.173076923076923,-0.00520867586527167,
0.00800423882434664));
#1836=CARTESIAN_POINT('',(0.162394504666037,-0.0211744166888972,0.0112790542260269));
#1837=CARTESIAN_POINT('Ctrl Pts',(0.162394504666037,-0.0211744166888972,
0.0112790542260269));
#1838=CARTESIAN_POINT('Ctrl Pts',(0.162244027738317,-0.0203154659982441,
0.0133242794200171));
#1839=CARTESIAN_POINT('Ctrl Pts',(0.16209198067157,-0.019174118222821,0.0152539025681466));
#1840=CARTESIAN_POINT('Ctrl Pts',(0.16181266844131,-0.0163729801706645,
0.0187292572678693));
#1841=CARTESIAN_POINT('Ctrl Pts',(0.161682730459562,-0.0147287464690071,
0.0202650095107245));
#1842=CARTESIAN_POINT('Ctrl Pts',(0.161414629595212,-0.0111332745137462,
0.0228411435853013));
#1843=CARTESIAN_POINT('Ctrl Pts',(0.161276896452661,-0.00918618610518462,
0.0238902293226081));
#1844=CARTESIAN_POINT('Ctrl Pts',(0.160994273077432,-0.00504080403263323,
0.0254870778585529));
#1845=CARTESIAN_POINT('Ctrl Pts',(0.160849895449955,-0.00283563601277952,
0.0260225553005515));
#1846=CARTESIAN_POINT('Ctrl Pts',(0.160717035680835,-0.000584491913710297,
0.0262523303913292));
#1847=CARTESIAN_POINT('Ctrl Pts',(0.162394504666037,-0.0211744166888973,
0.0112790542260269));
#1848=CARTESIAN_POINT('Ctrl Pts',(0.162853890277591,-0.021872616636258,
0.00864733941456563));
#1849=CARTESIAN_POINT('Ctrl Pts',(0.163323239501815,-0.0221121585888454,
0.00590624677048751));
#1850=CARTESIAN_POINT('Ctrl Pts',(0.164262157859825,-0.021591889100185,
0.00071172566889357));
#1851=CARTESIAN_POINT('Ctrl Pts',(0.16472549636805,-0.0209093691145302,
-0.00170988493566554));
#1852=CARTESIAN_POINT('Ctrl Pts',(0.165717194090581,-0.0186538266480079,
-0.0061640004019674));
#1853=CARTESIAN_POINT('Ctrl Pts',(0.166229008640598,-0.0171118181619409,
-0.00815378528121645));
#1854=CARTESIAN_POINT('Ctrl Pts',(0.167205467852361,-0.0136798685565443,
-0.0110646518219492));
#1855=CARTESIAN_POINT('Ctrl Pts',(0.167701889667208,-0.0117469772238391,
-0.0122429797787582));
#1856=CARTESIAN_POINT('Ctrl Pts',(0.168756012152801,-0.00762024212822865,
-0.0134945155967667));
#1857=CARTESIAN_POINT('Ctrl Pts',(0.169246675182988,-0.00569117739436564,
-0.0136981886670285));
#1858=CARTESIAN_POINT('Ctrl Pts',(0.170229744383423,-0.00210634656333349,
-0.0133265900353154));
#1859=CARTESIAN_POINT('Ctrl Pts',(0.17071168062219,-0.000457419309820868,
-0.0128301905479003));
#1860=CARTESIAN_POINT('Ctrl Pts',(0.171530726302487,0.00182819040559939,
-0.0115277026277071));
#1861=CARTESIAN_POINT('Ctrl Pts',(0.17183761118805,0.0025858105114794,-0.0109549908314299));
#1862=CARTESIAN_POINT('Ctrl Pts',(0.172453143896534,0.00386152181767817,
-0.0096795299330787));
#1863=CARTESIAN_POINT('Ctrl Pts',(0.172758341795078,0.00439104837850731,
-0.00899303282724638));
#1864=CARTESIAN_POINT('Ctrl Pts',(0.173076923076923,0.00481251222782227,
-0.00824850710636174));
#1865=CARTESIAN_POINT('Origin',(-0.1875,0.,0.));
#1866=CARTESIAN_POINT('',(-0.1875,-1.05319624726672E-17,-0.086));
#1867=CARTESIAN_POINT('Origin',(-0.1875,0.,0.));
#1868=CARTESIAN_POINT('',(-0.185965841510503,-1.05319624726672E-17,-0.086));
#1869=CARTESIAN_POINT('',(-0.1875,-1.05319624726672E-17,-0.086));
#1870=CARTESIAN_POINT('Origin',(-0.185965841510503,0.,0.));
#1871=CARTESIAN_POINT('Origin',(-0.1365,0.,0.));
#1872=CARTESIAN_POINT('',(-0.1365,-5.26598123633362E-18,-0.043));
#1873=CARTESIAN_POINT('',(-0.1365,-5.26598123633362E-18,-0.043));
#1874=CARTESIAN_POINT('Origin',(-0.1365,0.,0.));
#1875=CARTESIAN_POINT('Origin',(-0.1875,0.,0.));
#1876=CARTESIAN_POINT('',(-0.1875,-5.26598123633362E-18,-0.043));
#1877=CARTESIAN_POINT('Origin',(-0.1875,0.,0.));
#1878=CARTESIAN_POINT('',(-0.0241040030631217,0.0060768631845819,-0.0283817257903016));
#1879=CARTESIAN_POINT('Ctrl Pts',(0.0130892222958669,4.9259798902585E-13,
-0.029025));
#1880=CARTESIAN_POINT('Ctrl Pts',(0.0124247722851155,-0.00332316715212121,
-0.0290250000000564));
#1881=CARTESIAN_POINT('Ctrl Pts',(0.0117181806549009,-0.00662128640117538,
-0.0284556942414982));
#1882=CARTESIAN_POINT('Ctrl Pts',(0.0101694181640142,-0.0133691038173999,
-0.0260459887441938));
#1883=CARTESIAN_POINT('Ctrl Pts',(0.00934033707035082,-0.0166907329170348,
-0.0240544540083712));
#1884=CARTESIAN_POINT('Ctrl Pts',(0.00780412369101507,-0.0222711770615102,
-0.0189779831185692));
#1885=CARTESIAN_POINT('Ctrl Pts',(0.00700233619217967,-0.0246627521248434,
-0.0158404604926478));
#1886=CARTESIAN_POINT('Ctrl Pts',(0.00529051334588183,-0.027969494951916,
-0.00864868126529197));
#1887=CARTESIAN_POINT('Ctrl Pts',(0.00446377237913463,-0.0288669263954408,
-0.00488556360786235));
#1888=CARTESIAN_POINT('Ctrl Pts',(0.00293906723075673,-0.0291393357317102,
0.00262723094768006));
#1889=CARTESIAN_POINT('Ctrl Pts',(0.00212835408130151,-0.0285776806887635,
0.00654398935696482));
#1890=CARTESIAN_POINT('Ctrl Pts',(0.000408041104192106,-0.0257285353517319,
0.0139677740432585));
#1891=CARTESIAN_POINT('Ctrl Pts',(-0.000416123628201602,-0.0236659755266614,
0.0172353949955633));
#1892=CARTESIAN_POINT('Ctrl Pts',(-0.0019279596141704,-0.0185040360541517,
0.0226585162804967));
#1893=CARTESIAN_POINT('Ctrl Pts',(-0.00274864024278562,-0.0153069355615029,
0.0250118988665563));
#1894=CARTESIAN_POINT('Ctrl Pts',(-0.0044784548388552,-0.00796393271718646,
0.0281707951700557));
#1895=CARTESIAN_POINT('Ctrl Pts',(-0.00529977276547134,-0.0041893438250409,
0.0289750526473935));
#1896=CARTESIAN_POINT('Ctrl Pts',(-0.00679065906249773,0.00322885843918387,
0.0290674856374991));
#1897=CARTESIAN_POINT('Ctrl Pts',(-0.00762481651160698,0.00717730291805001,
0.0284429518701535));
#1898=CARTESIAN_POINT('Ctrl Pts',(-0.00945421319754668,0.0149872803044343,
0.025209037853469));
#1899=CARTESIAN_POINT('Ctrl Pts',(-0.0102719290805398,0.0181300609803869,
0.022919751452238));
#1900=CARTESIAN_POINT('Ctrl Pts',(-0.0117421364122625,0.0233259960933435,
0.0177189123513002));
#1901=CARTESIAN_POINT('Ctrl Pts',(-0.0125894182334313,0.0255139430195018,
0.0143876110858638));
#1902=CARTESIAN_POINT('Ctrl Pts',(-0.0143357574622097,0.0284966657034359,
0.0068889887675291));
#1903=CARTESIAN_POINT('Ctrl Pts',(-0.01514168577475,0.0290713553877649,
0.00305787703314517));
#1904=CARTESIAN_POINT('Ctrl Pts',(-0.0166332785479667,0.0289660268166242,
-0.00435851706257673));
#1905=CARTESIAN_POINT('Ctrl Pts',(-0.0174817997663898,0.0281058775129617,
-0.00824600880827129));
#1906=CARTESIAN_POINT('Ctrl Pts',(-0.0192116889896532,0.0248442740073514,
-0.0155468421754923));
#1907=CARTESIAN_POINT('Ctrl Pts',(-0.0200057617761884,0.0225356222408881,
-0.0186328805289838));
#1908=CARTESIAN_POINT('Ctrl Pts',(-0.0212561526963067,0.0180441224364273,
-0.0228871609115425));
#1909=CARTESIAN_POINT('Ctrl Pts',(-0.0218140708557869,0.0158926215592292,
-0.0244295053391836));
#1910=CARTESIAN_POINT('Ctrl Pts',(-0.0229560448493709,0.0112072435516911,
-0.026906652996678));
#1911=CARTESIAN_POINT('Ctrl Pts',(-0.0235357555175926,0.00868736498525141,
-0.0278227864783306));
#1912=CARTESIAN_POINT('Ctrl Pts',(-0.0241040030631219,0.00607686318458493,
-0.028381725790301));
#1913=CARTESIAN_POINT('',(-0.0241040030631217,0.00219396920151265,0.0289419613043555));
#1914=CARTESIAN_POINT('Origin',(-0.0241040030631217,0.,0.));
#1915=CARTESIAN_POINT('Ctrl Pts',(-0.0241040030631217,0.00219396920151267,
0.0289419613043555));
#1916=CARTESIAN_POINT('Ctrl Pts',(-0.0233111783171962,-0.00165053223799106,
0.0292333969007459));
#1917=CARTESIAN_POINT('Ctrl Pts',(-0.0225334569316733,-0.00551531418030905,
0.0287564929826546));
#1918=CARTESIAN_POINT('Ctrl Pts',(-0.0208530557677323,-0.012900101018285,
0.0262951097082402));
#1919=CARTESIAN_POINT('Ctrl Pts',(-0.0200016343224995,-0.0163365765543489,
0.0243110924558505));
#1920=CARTESIAN_POINT('Ctrl Pts',(-0.0184210083606173,-0.0221154912434483,
0.0191775165599211));
#1921=CARTESIAN_POINT('Ctrl Pts',(-0.0176465293707958,-0.0244345845060801,
0.0161208658833678));
#1922=CARTESIAN_POINT('Ctrl Pts',(-0.0159762294507721,-0.0278174555355523,
0.0091682919328));
#1923=CARTESIAN_POINT('Ctrl Pts',(-0.0151253650927283,-0.0288032511142698,
0.0053211256461037));
#1924=CARTESIAN_POINT('Ctrl Pts',(-0.0135500540355292,-0.0291735805248628,
-0.00240420847890183));
#1925=CARTESIAN_POINT('Ctrl Pts',(-0.0127686129488353,-0.0286093043199835,
-0.00620184976669685));
#1926=CARTESIAN_POINT('Ctrl Pts',(-0.0110959337199143,-0.0260000021688649,
-0.0134867462666066));
#1927=CARTESIAN_POINT('Ctrl Pts',(-0.0102457725951313,-0.0239356326573372,
-0.0168836354653777));
#1928=CARTESIAN_POINT('Ctrl Pts',(-0.00872166067533232,-0.0188173063582516,
-0.0223862185310934));
#1929=CARTESIAN_POINT('Ctrl Pts',(-0.00793380444972194,-0.0157487938175639,
-0.0247116488656523));
#1930=CARTESIAN_POINT('Ctrl Pts',(-0.00621170448502096,-0.0085091722757853,
-0.0280269801668277));
#1931=CARTESIAN_POINT('Ctrl Pts',(-0.00536241610799711,-0.00463271038646536,
-0.028923020879146));
#1932=CARTESIAN_POINT('Ctrl Pts',(-0.00452014960287528,-0.000461311823520064,
-0.0290222365838631));
#1933=CARTESIAN_POINT('Ctrl Pts',(-0.00447391774330372,-0.00023123335916456,
-0.029025));
#1934=CARTESIAN_POINT('Ctrl Pts',(-0.00442768383417558,2.58907984677577E-13,
-0.029025));
#1935=CARTESIAN_POINT('Origin',(0.161121715207318,0.,0.));
#1936=CARTESIAN_POINT('Ctrl Pts',(0.131462585466903,-3.65532055803346E-16,
-0.0241850944253087));
#1937=CARTESIAN_POINT('Ctrl Pts',(0.131414364700912,-0.000179970016730481,
-0.024196019318014));
#1938=CARTESIAN_POINT('Ctrl Pts',(0.131366195976363,-0.000360164658731159,
-0.0242049236284509));
#1939=CARTESIAN_POINT('Ctrl Pts',(0.130450071680408,-0.00379384441014991,
-0.0243358716807025));
#1940=CARTESIAN_POINT('Ctrl Pts',(0.129607457627433,-0.00704425750984204,
-0.0237992139486253));
#1941=CARTESIAN_POINT('Ctrl Pts',(0.127872025022565,-0.013235557157926,
-0.0214698792701741));
#1942=CARTESIAN_POINT('Ctrl Pts',(0.1269984817631,-0.0161051119492781,-0.0196675003954196));
#1943=CARTESIAN_POINT('Ctrl Pts',(0.125278041664115,-0.0210051998652944,
-0.0149982284697705));
#1944=CARTESIAN_POINT('Ctrl Pts',(0.124438594543182,-0.0229709703847307,
-0.0121780044538748));
#1945=CARTESIAN_POINT('Ctrl Pts',(0.122707921678229,-0.0257436373159739,
-0.005854732019997));
#1946=CARTESIAN_POINT('Ctrl Pts',(0.121836206931031,-0.0264907754428364,
-0.00239750892792412));
#1947=CARTESIAN_POINT('Ctrl Pts',(0.120121417069885,-0.0265815773949418,
0.00466100914047821));
#1948=CARTESIAN_POINT('Ctrl Pts',(0.119284800707434,-0.025915336419847,
0.00818000081112443));
#1949=CARTESIAN_POINT('Ctrl Pts',(0.117557883445368,-0.023232814005748,
0.0148575211769061));
#1950=CARTESIAN_POINT('Ctrl Pts',(0.116691007380478,-0.0212073032210425,
0.0179348550948138));
#1951=CARTESIAN_POINT('Ctrl Pts',(0.114962507466739,-0.0160009797044068,
0.0231846590240907));
#1952=CARTESIAN_POINT('Ctrl Pts',(0.114105389952241,-0.0128687132643155,
0.0252768874655766));
#1953=CARTESIAN_POINT('Ctrl Pts',(0.112721777375119,-0.00728121654524415,
0.0275791559493837));
#1954=CARTESIAN_POINT('Ctrl Pts',(0.112198228795935,-0.00504796221091087,
0.0281941378018455));
#1955=CARTESIAN_POINT('Ctrl Pts',(0.111145368554723,-0.00045372195382693,
0.0288790974189584));
#1956=CARTESIAN_POINT('Ctrl Pts',(0.110622335992891,0.00189117283099869,
0.0289390829529421));
#1957=CARTESIAN_POINT('Ctrl Pts',(0.110099914144366,0.00421855212650791,
0.0287168168868471));
#1958=CARTESIAN_POINT('Ctrl Pts',(0.110099999999991,-0.0041616191773465,
-0.0287251031472972));
#1959=CARTESIAN_POINT('Ctrl Pts',(0.110401485979639,-0.00291541008101391,
-0.0288366329660425));
#1960=CARTESIAN_POINT('Ctrl Pts',(0.110698990790574,-0.00166258482206505,
-0.0288685634752616));
#1961=CARTESIAN_POINT('Ctrl Pts',(0.111022512930193,-0.00027309313428825,
-0.0288150263022671));
#1962=CARTESIAN_POINT('Ctrl Pts',(0.111054263897273,-0.000136427897678602,
-0.0288088020513342));
#1963=CARTESIAN_POINT('Ctrl Pts',(0.111085890377977,-4.21637239148177E-14,
-0.0288016367585141));
#1964=CARTESIAN_POINT('Origin',(-39.1825787401575,0.,0.));
#1965=CARTESIAN_POINT('Ctrl Pts',(0.170261732807675,-4.42849018556879E-13,
-0.0114137587001929));
#1966=CARTESIAN_POINT('Ctrl Pts',(0.169747313822954,-0.00110898237282161,
-0.0117543645218895));
#1967=CARTESIAN_POINT('Ctrl Pts',(0.169253979910532,-0.00227582852439532,
-0.0119185588711792));
#1968=CARTESIAN_POINT('Ctrl Pts',(0.168056274111898,-0.00518597321248092,
-0.0119008385192273));
#1969=CARTESIAN_POINT('Ctrl Pts',(0.167371130646047,-0.0069170256249418,
-0.0115189309791865));
#1970=CARTESIAN_POINT('Ctrl Pts',(0.166001948155057,-0.0102513916598838,
-0.0100430686624017));
#1971=CARTESIAN_POINT('Ctrl Pts',(0.165340301365701,-0.0118005433999612,
-0.00891326493770183));
#1972=CARTESIAN_POINT('Ctrl Pts',(0.164074412910091,-0.0143247049916344,
-0.00620236288852643));
#1973=CARTESIAN_POINT('Ctrl Pts',(0.163475752098814,-0.015312407738575,
-0.00466007641716283));
#1974=CARTESIAN_POINT('Ctrl Pts',(0.162587496098058,-0.0163858599334458,
-0.00210922371853009));
#1975=CARTESIAN_POINT('Ctrl Pts',(0.162289728243062,-0.0166749478789961,
-0.00120400357247322));
#1976=CARTESIAN_POINT('Ctrl Pts',(0.161699314164732,-0.0170960932088585,
0.000670794554000081));
#1977=CARTESIAN_POINT('Ctrl Pts',(0.161408900537459,-0.0172243586987401,
0.00163186260555624));
#1978=CARTESIAN_POINT('Ctrl Pts',(0.161121715207297,-0.017270942823236,
0.00259982291180248));
#1979=CARTESIAN_POINT('Origin',(-0.0241040030631217,0.,0.));
#1980=CARTESIAN_POINT('Ctrl Pts',(-0.0478869254536794,1.62588915122759E-10,
-0.0376812758340262));
#1981=CARTESIAN_POINT('Ctrl Pts',(-0.0475270179139446,0.00184580269192952,
-0.0375502801945104));
#1982=CARTESIAN_POINT('Ctrl Pts',(-0.04712472459301,0.00383388520132431,
-0.0372683780941713));
#1983=CARTESIAN_POINT('Ctrl Pts',(-0.0461808738978661,0.00826422569339922,
-0.0362069131415541));
#1984=CARTESIAN_POINT('Ctrl Pts',(-0.0456683820938011,0.0105434127774719,
-0.0354155358477388));
#1985=CARTESIAN_POINT('Ctrl Pts',(-0.0441300928358388,0.0170093386925575,
-0.0324269592244619));
#1986=CARTESIAN_POINT('Ctrl Pts',(-0.043096271952343,0.020869502914846,
-0.0296338588502215));
#1987=CARTESIAN_POINT('Ctrl Pts',(-0.0416079461763475,0.0257205402373747,
-0.0244334125968884));
#1988=CARTESIAN_POINT('Ctrl Pts',(-0.0411177357639133,0.0271552053125773,
-0.0225508283169726));
#1989=CARTESIAN_POINT('Ctrl Pts',(-0.0396205016990904,0.0306814052724347,
-0.0167378092467099));
#1990=CARTESIAN_POINT('Ctrl Pts',(-0.0386012258621707,0.0322162284308473,
-0.0125669482264103));
#1991=CARTESIAN_POINT('Ctrl Pts',(-0.0370636525635182,0.0332809160721282,
-0.00599636408301295));
#1992=CARTESIAN_POINT('Ctrl Pts',(-0.0365463954858861,0.0334210166370713,
-0.0037364344314778));
#1993=CARTESIAN_POINT('Ctrl Pts',(-0.0355399953341186,0.0332539700146991,
0.000768225889380568));
#1994=CARTESIAN_POINT('Ctrl Pts',(-0.0350479795422144,0.0329501454737632,
0.00297931607788518));
#1995=CARTESIAN_POINT('Ctrl Pts',(-0.0335486664611026,0.0314098054837461,
0.00917500214793867));
#1996=CARTESIAN_POINT('Ctrl Pts',(-0.0325293876213221,0.0296493161388967,
0.0129468045679852));
#1997=CARTESIAN_POINT('Ctrl Pts',(-0.0309891904059691,0.02598164423551,
0.0179888234085841));
#1998=CARTESIAN_POINT('Ctrl Pts',(-0.0304702721586111,0.0245695946649537,
0.0195735005064422));
#1999=CARTESIAN_POINT('Ctrl Pts',(-0.0294824662009125,0.0215289918815291,
0.0223705583475828));
#2000=CARTESIAN_POINT('Ctrl Pts',(-0.0290104029586348,0.0199326734881205,
0.0235807946505917));
#2001=CARTESIAN_POINT('Ctrl Pts',(-0.0277913851167811,0.0157786420442467,
0.0260990442094498));
#2002=CARTESIAN_POINT('Ctrl Pts',(-0.0270516585043573,0.013162668608529,
0.0272126480490094));
#2003=CARTESIAN_POINT('Ctrl Pts',(-0.025565539389491,0.0077489406927243,
0.0286568746946581));
#2004=CARTESIAN_POINT('Ctrl Pts',(-0.0248251855666528,0.00497603552755651,
0.0289943065601061));
#2005=CARTESIAN_POINT('Ctrl Pts',(-0.0241040030631048,0.00219396920144747,
0.0289419613043543));
#2006=CARTESIAN_POINT('Ctrl Pts',(-0.0241040030631224,0.00607686318458212,
-0.0283817257903018));
#2007=CARTESIAN_POINT('Ctrl Pts',(-0.0243246241861585,0.00486717245431441,
-0.028722854400884));
#2008=CARTESIAN_POINT('Ctrl Pts',(-0.0245415296109746,0.00363602502778343,
-0.028984081858254));
#2009=CARTESIAN_POINT('Ctrl Pts',(-0.0248892528145993,0.00159434670453626,
-0.0292784257717232));
#2010=CARTESIAN_POINT('Ctrl Pts',(-0.0250222132366527,0.000796305726664272,
-0.0293592011719657));
#2011=CARTESIAN_POINT('Ctrl Pts',(-0.0251520759067828,5.76355648617458E-15,
-0.0294064673184353));
#2012=CARTESIAN_POINT('Origin',(-0.1875,0.,0.));
#2013=CARTESIAN_POINT('',(-0.1875,0.0307083050655682,-0.009));
#2014=CARTESIAN_POINT('',(-0.1875,0.064,-0.009));
#2015=CARTESIAN_POINT('',(-0.1875,0.064,-0.009));
#2016=CARTESIAN_POINT('',(-0.1875,0.064,0.009));
#2017=CARTESIAN_POINT('',(-0.1875,0.064,-0.009));
#2018=CARTESIAN_POINT('',(-0.1875,0.0307083050655682,0.009));
#2019=CARTESIAN_POINT('',(-0.1875,0.064,0.009));
#2020=CARTESIAN_POINT('',(-0.1875,0.0158137084989848,0.0158137084989848));
#2021=CARTESIAN_POINT('',(-0.1875,0.0158137084989848,0.0158137084989848));
#2022=CARTESIAN_POINT('',(-0.1875,0.009,0.0307083050655682));
#2023=CARTESIAN_POINT('',(-0.1875,0.009,0.0307083050655682));
#2024=CARTESIAN_POINT('',(-0.1875,0.009,0.064));
#2025=CARTESIAN_POINT('',(-0.1875,0.009,0.0307083050655682));
#2026=CARTESIAN_POINT('',(-0.1875,-0.009,0.064));
#2027=CARTESIAN_POINT('',(-0.1875,0.009,0.064));
#2028=CARTESIAN_POINT('',(-0.1875,-0.009,0.0307083050655682));
#2029=CARTESIAN_POINT('',(-0.1875,-0.009,0.0307083050655682));
#2030=CARTESIAN_POINT('',(-0.1875,-0.0158137084989848,0.0158137084989848));
#2031=CARTESIAN_POINT('',(-0.1875,-0.009,0.0307083050655682));
#2032=CARTESIAN_POINT('',(-0.1875,-0.0307083050655682,0.009));
#2033=CARTESIAN_POINT('',(-0.1875,-0.0158137084989848,0.0158137084989848));
#2034=CARTESIAN_POINT('',(-0.1875,-0.064,0.009));
#2035=CARTESIAN_POINT('',(-0.1875,-0.0307083050655682,0.009));
#2036=CARTESIAN_POINT('',(-0.1875,-0.064,-0.009));
#2037=CARTESIAN_POINT('',(-0.1875,-0.064,-0.009));
#2038=CARTESIAN_POINT('',(-0.1875,-0.0307083050655682,-0.009));
#2039=CARTESIAN_POINT('',(-0.1875,-0.0307083050655682,-0.009));
#2040=CARTESIAN_POINT('',(-0.1875,-0.0158137084989848,-0.0158137084989848));
#2041=CARTESIAN_POINT('',(-0.1875,-0.0158137084989848,-0.0158137084989848));
#2042=CARTESIAN_POINT('',(-0.1875,-0.009,-0.0307083050655682));
#2043=CARTESIAN_POINT('',(-0.1875,-0.009,-0.0307083050655682));
#2044=CARTESIAN_POINT('',(-0.1875,-0.009,-0.064));
#2045=CARTESIAN_POINT('',(-0.1875,-0.009,-0.064));
#2046=CARTESIAN_POINT('',(-0.1875,0.009,-0.064));
#2047=CARTESIAN_POINT('',(-0.1875,0.009,-0.064));
#2048=CARTESIAN_POINT('',(-0.1875,0.009,-0.0307083050655682));
#2049=CARTESIAN_POINT('',(-0.1875,0.009,-0.064));
#2050=CARTESIAN_POINT('',(-0.1875,0.0158137084989848,-0.0158137084989848));
#2051=CARTESIAN_POINT('',(-0.1875,0.009,-0.0307083050655682));
#2052=CARTESIAN_POINT('',(-0.1875,0.0158137084989848,-0.0158137084989848));
#2053=CARTESIAN_POINT('Origin',(-0.0985,0.064,-0.009));
#2054=CARTESIAN_POINT('',(-0.1786,0.064,-0.00899999999999999));
#2055=CARTESIAN_POINT('',(-0.0985,0.064,-0.009));
#2056=CARTESIAN_POINT('',(-0.106133480529609,0.020457722252248,-0.009));
#2057=CARTESIAN_POINT('',(-0.185652889061262,0.0304756053782009,-0.009));
#2058=CARTESIAN_POINT('',(-0.119747663910425,0.0286379489059999,-0.009));
#2059=CARTESIAN_POINT('Origin',(-0.0985,0.064,-0.009));
#2060=CARTESIAN_POINT('',(-0.1786,0.064,0.00899999999999999));
#2061=CARTESIAN_POINT('',(-0.0985,0.064,0.009));
#2062=CARTESIAN_POINT('',(-0.1786,0.064,-0.086));
#2063=CARTESIAN_POINT('Origin',(-0.0985,0.064,0.009));
#2064=CARTESIAN_POINT('',(-0.106133480529609,0.020457722252248,0.009));
#2065=CARTESIAN_POINT('',(-0.104019030051651,0.0201913430354638,0.009));
#2066=CARTESIAN_POINT('',(-0.119747663910425,0.0286379489059999,0.009));
#2067=CARTESIAN_POINT('Origin',(-0.1875,0.0158137084989848,0.0158137084989848));
#2068=CARTESIAN_POINT('',(-0.0985,0.0158710644158923,0.0106582940042083));
#2069=CARTESIAN_POINT('',(-0.0985,0.0122944557381653,0.0122944557381653));
#2070=CARTESIAN_POINT('',(-0.0985,0.00677856164036854,0.0148177664116466));
#2071=CARTESIAN_POINT('',(-0.1875,0.0158137084989848,0.0158137084989848));
#2072=CARTESIAN_POINT('',(-0.160880289157949,0.053352923574456,-0.00289317299569585));
#2073=CARTESIAN_POINT('Origin',(-0.1875,0.009,0.0307083050655682));
#2074=CARTESIAN_POINT('',(-0.106133480529609,0.009,0.020457722252248));
#2075=CARTESIAN_POINT('',(-0.1875,0.009,0.0307083050655682));
#2076=CARTESIAN_POINT('',(-0.0984999999999999,0.0106582940042083,0.0158710644158923));
#2077=CARTESIAN_POINT('',(-0.0985,0.0148177664116466,0.00677856164036853));
#2078=CARTESIAN_POINT('',(-0.168286614419365,-0.0045021198878224,0.05780309275575));
#2079=CARTESIAN_POINT('Origin',(-0.0985,0.009,0.0307083050655682));
#2080=CARTESIAN_POINT('',(-0.1786,0.00900000000000002,0.064));
#2081=CARTESIAN_POINT('',(-0.0985,0.009,0.064));
#2082=CARTESIAN_POINT('',(-0.10505025295815,0.009,0.0198068534631135));
#2083=CARTESIAN_POINT('Origin',(-0.0985,0.009,0.064));
#2084=CARTESIAN_POINT('',(-0.1786,-0.00899999999999998,0.064));
#2085=CARTESIAN_POINT('',(-0.0985,-0.009,0.064));
#2086=CARTESIAN_POINT('',(-0.1786,0.064,0.0640000000000002));
#2087=CARTESIAN_POINT('Origin',(-0.0985,-0.009,0.0307083050655682));
#2088=CARTESIAN_POINT('',(-0.106133480529609,-0.009,0.020457722252248));
#2089=CARTESIAN_POINT('',(-0.0998904553965663,-0.009,0.0196712237446501));
#2090=CARTESIAN_POINT('',(-0.10505025295815,-0.009,0.0198068534631134));
#2091=CARTESIAN_POINT('Origin',(-0.1875,-0.009,0.0307083050655682));
#2092=CARTESIAN_POINT('',(-0.0985,-0.0106582940042083,0.0158710644158923));
#2093=CARTESIAN_POINT('',(-0.0985,-0.0122944557381653,0.0122944557381653));
#2094=CARTESIAN_POINT('',(-0.0985,-0.0148177664116466,0.00677856164036853));
#2095=CARTESIAN_POINT('',(-0.187818539689788,-0.0158263042482288,0.0158263042482288));
#2096=CARTESIAN_POINT('',(-0.168286614419365,0.0045021198878224,0.05780309275575));
#2097=CARTESIAN_POINT('Origin',(-0.1875,-0.0158137084989848,0.0158137084989848));
#2098=CARTESIAN_POINT('',(-0.106133480529609,-0.020457722252248,0.009));
#2099=CARTESIAN_POINT('',(-0.185652889061262,-0.0304756053782009,0.009));
#2100=CARTESIAN_POINT('',(-0.0984999999999999,-0.0158710644158923,0.0106582940042083));
#2101=CARTESIAN_POINT('',(-0.0985,-0.00677856164036854,0.0148177664116466));
#2102=CARTESIAN_POINT('',(-0.160880289157949,-0.053352923574456,-0.00289317299569585));
#2103=CARTESIAN_POINT('Origin',(-0.0985,-0.0307083050655682,0.009));
#2104=CARTESIAN_POINT('',(-0.1786,-0.064,0.009));
#2105=CARTESIAN_POINT('',(-0.0985,-0.064,0.009));
#2106=CARTESIAN_POINT('',(-0.10505025295815,-0.0198068534631134,0.009));
#2107=CARTESIAN_POINT('Origin',(-0.0985,-0.064,-0.009));
#2108=CARTESIAN_POINT('',(-0.1786,-0.064,-0.009));
#2109=CARTESIAN_POINT('',(-0.0985,-0.064,-0.009));
#2110=CARTESIAN_POINT('',(-0.1786,-0.064,0.064));
#2111=CARTESIAN_POINT('Origin',(-0.0985,-0.0307083050655682,-0.009));
#2112=CARTESIAN_POINT('',(-0.106133480529609,-0.0204577222522479,-0.009));
#2113=CARTESIAN_POINT('',(-0.0998904553965663,-0.0196712237446501,-0.009));
#2114=CARTESIAN_POINT('',(-0.10505025295815,-0.0198068534631134,-0.009));
#2115=CARTESIAN_POINT('Origin',(-0.1875,-0.0158137084989848,-0.0158137084989848));
#2116=CARTESIAN_POINT('',(-0.0985,-0.0158710644158923,-0.0106582940042083));
#2117=CARTESIAN_POINT('',(-0.0985,-0.0122944557381653,-0.0122944557381653));
#2118=CARTESIAN_POINT('',(-0.0985,-0.00677856164036854,-0.0148177664116466));
#2119=CARTESIAN_POINT('',(-0.1875,-0.0158137084989848,-0.0158137084989848));
#2120=CARTESIAN_POINT('',(-0.160880289157949,-0.053352923574456,0.00289317299569585));
#2121=CARTESIAN_POINT('Origin',(-0.1875,-0.009,-0.0307083050655682));
#2122=CARTESIAN_POINT('',(-0.106133480529609,-0.009,-0.0204577222522479));
#2123=CARTESIAN_POINT('',(-0.1875,-0.009,-0.0307083050655682));
#2124=CARTESIAN_POINT('',(-0.0984999999999999,-0.0106582940042082,-0.0158710644158924));
#2125=CARTESIAN_POINT('',(-0.0985,-0.0148177664116466,-0.00677856164036853));
#2126=CARTESIAN_POINT('',(-0.168286614419365,0.0045021198878224,-0.05780309275575));
#2127=CARTESIAN_POINT('Origin',(-0.0985,-0.009,-0.064));
#2128=CARTESIAN_POINT('',(-0.1786,-0.009,-0.0640000000000001));
#2129=CARTESIAN_POINT('',(-0.0985,-0.009,-0.064));
#2130=CARTESIAN_POINT('',(-0.119747663910425,-0.009,-0.028637948906));
#2131=CARTESIAN_POINT('Origin',(-0.0985,0.009,-0.064));
#2132=CARTESIAN_POINT('',(-0.1786,0.009,-0.0639999999999999));
#2133=CARTESIAN_POINT('',(-0.0985,0.009,-0.064));
#2134=CARTESIAN_POINT('',(-0.1786,-0.064,-0.0640000000000007));
#2135=CARTESIAN_POINT('Origin',(-0.0985,0.009,-0.064));
#2136=CARTESIAN_POINT('',(-0.106133480529609,0.009,-0.020457722252248));
#2137=CARTESIAN_POINT('',(-0.104019030051651,0.009,-0.0201913430354638));
#2138=CARTESIAN_POINT('',(-0.119747663910425,0.009,-0.0286379489059999));
#2139=CARTESIAN_POINT('Origin',(-0.1875,0.009,-0.0307083050655682));
#2140=CARTESIAN_POINT('',(-0.0985,0.0106582940042083,-0.0158710644158922));
#2141=CARTESIAN_POINT('',(-0.0985,0.0122944557381653,-0.0122944557381653));
#2142=CARTESIAN_POINT('',(-0.0985,0.0148177664116466,-0.00677856164036853));
#2143=CARTESIAN_POINT('',(-0.187818539689788,0.0158263042482288,-0.0158263042482288));
#2144=CARTESIAN_POINT('',(-0.168286614419365,-0.00450211988782241,-0.05780309275575));
#2145=CARTESIAN_POINT('Origin',(-0.1875,0.0158137084989848,-0.0158137084989848));
#2146=CARTESIAN_POINT('',(-0.0985,0.0158710644158923,-0.0106582940042083));
#2147=CARTESIAN_POINT('',(-0.0985,0.00677856164036854,-0.0148177664116466));
#2148=CARTESIAN_POINT('',(-0.160880289157949,0.053352923574456,0.00289317299569585));
#2149=CARTESIAN_POINT('Origin',(-0.0985,0.,0.));
#2150=CARTESIAN_POINT('',(-0.0985,0.0158710644158923,0.));
#2151=CARTESIAN_POINT('',(-0.0985,1.66240575706996E-16,-0.0158710644158923));
#2152=CARTESIAN_POINT('',(-0.0985,-0.0158710644158923,0.));
#2153=CARTESIAN_POINT('',(-0.0985,-5.54135252356653E-17,0.0158710644158923));
#2154=CARTESIAN_POINT('Origin',(-0.1786,0.064,-0.086));
#2155=CARTESIAN_POINT('Origin',(-0.1786,-0.064,-0.0640000000000007));
#2156=CARTESIAN_POINT('Origin',(-0.1786,-0.064,0.064));
#2157=CARTESIAN_POINT('Origin',(-0.1786,0.064,0.0640000000000002));
#2158=CARTESIAN_POINT('Ctrl Pts',(0.107693903072141,0.0430007785048403,
-1.58111520111113E-5));
#2159=CARTESIAN_POINT('Ctrl Pts',(0.109313311704123,0.0424428213761926,
0.0113604065596266));
#2160=CARTESIAN_POINT('Ctrl Pts',(0.11092040643996,0.0372070251534405,0.0220951895229538));
#2161=CARTESIAN_POINT('Ctrl Pts',(0.113339903846154,0.0250112488395614,
0.0329904249983781));
#2162=CARTESIAN_POINT('Ctrl Pts',(0.114146153846154,0.0202635137684529,
0.0357663101971297));
#2163=CARTESIAN_POINT('Ctrl Pts',(0.115758653846154,0.0101717331778807,
0.0392561474018754));
#2164=CARTESIAN_POINT('Ctrl Pts',(0.116564903846154,0.00483209089838865,
0.039969526946169));
#2165=CARTESIAN_POINT('Ctrl Pts',(0.118177403846153,-0.00560419380995323,
0.0393079632932196));
#2166=CARTESIAN_POINT('Ctrl Pts',(0.118983653846154,-0.0106966412396287,
0.0379341857901776));
#2167=CARTESIAN_POINT('Ctrl Pts',(0.120596153846154,-0.0198707542511401,
0.0333934865071309));
#2168=CARTESIAN_POINT('Ctrl Pts',(0.121402403846153,-0.0239490788738764,
0.0302292201738763));
#2169=CARTESIAN_POINT('Ctrl Pts',(0.123821153846156,-0.0337968926685439,
0.0188839425279128));
#2170=CARTESIAN_POINT('Ctrl Pts',(0.125433653846151,-0.0370203012657638,
0.00883794262202009));
#2171=CARTESIAN_POINT('Ctrl Pts',(0.128658653846157,-0.0355284345132933,
-0.0102512165199124));
#2172=CARTESIAN_POINT('Ctrl Pts',(0.130271153846149,-0.0308504052248895,
-0.0191744816318886));
#2173=CARTESIAN_POINT('Ctrl Pts',(0.133496153846158,-0.0168777954358856,
-0.0309363093362283));
#2174=CARTESIAN_POINT('Ctrl Pts',(0.135108653846151,-0.0076905694669521,
-0.0337208237984183));
#2175=CARTESIAN_POINT('Ctrl Pts',(0.138333653846157,0.00961404023079577,
-0.0320948253610562));
#2176=CARTESIAN_POINT('Ctrl Pts',(0.139946153846156,0.0176230616691874,
-0.0277223977485172));
#2177=CARTESIAN_POINT('Ctrl Pts',(0.143171153846152,0.0280401452447246,
-0.014929315622434));
#2178=CARTESIAN_POINT('Ctrl Pts',(0.144783653846152,0.0304028304432012,
-0.00660837490466234));
#2179=CARTESIAN_POINT('Ctrl Pts',(0.148008653846155,0.0286773126470532,
0.00891105105100958));
#2180=CARTESIAN_POINT('Ctrl Pts',(0.149621153846155,0.0246278129825435,
0.0160127099205601));
#2181=CARTESIAN_POINT('Ctrl Pts',(0.152846153846153,0.0130390030329563,
0.025109253832342));
#2182=CARTESIAN_POINT('Ctrl Pts',(0.154458653846151,0.00559160761717021,
0.027067278477098));
#2183=CARTESIAN_POINT('Ctrl Pts',(0.157683653846157,-0.00814250513027417,
0.0252768516707994));
#2184=CARTESIAN_POINT('Ctrl Pts',(0.159296153846155,-0.0143439329369196,
0.0215675003539159));
#2185=CARTESIAN_POINT('Ctrl Pts',(0.162521153846153,-0.0221444948751213,
0.0112073464507755));
#2186=CARTESIAN_POINT('Ctrl Pts',(0.164133653846158,-0.0237151282262144,
0.00464050381313758));
#2187=CARTESIAN_POINT('Ctrl Pts',(0.16735865384615,-0.0218943942473671,
-0.00730867097089672));
#2188=CARTESIAN_POINT('Ctrl Pts',(0.168971153846157,-0.0185423025569702,
-0.0126172482022873));
#2189=CARTESIAN_POINT('Ctrl Pts',(0.172196153846151,-0.00943482342522998,
-0.0191467343532994));
#2190=CARTESIAN_POINT('Ctrl Pts',(0.173808653846152,-0.00375528719222004,
-0.0203473429066255));
#2191=CARTESIAN_POINT('Ctrl Pts',(0.177033653846156,0.00640982938376399,
-0.0185308885644137));
#2192=CARTESIAN_POINT('Ctrl Pts',(0.178646153846153,0.0108331840428985,
-0.015553055414721));
#2193=CARTESIAN_POINT('Ctrl Pts',(0.181871153846155,0.0161168443214539,
-0.00772190020395041));
#2194=CARTESIAN_POINT('Ctrl Pts',(0.183482972217165,0.0169652692837897,
-0.00293795110893433));
#2195=CARTESIAN_POINT('Ctrl Pts',(0.185096153846154,0.016076083752281,0.00125505226569322));
#2196=CARTESIAN_POINT('Ctrl Pts',(0.0956746706843808,0.0221828621715116,
-8.16239449622916E-6));
#2197=CARTESIAN_POINT('Ctrl Pts',(0.0972952449065202,0.0216223923461535,
0.00586484143573427));
#2198=CARTESIAN_POINT('Ctrl Pts',(0.0989011756707294,0.0186600380301335,
0.0111637610920706));
#2199=CARTESIAN_POINT('Ctrl Pts',(0.101320673076923,0.0123108853136941,
0.0162690373925011));
#2200=CARTESIAN_POINT('Ctrl Pts',(0.102126923076923,0.00989670421422435,
0.0175061542084507));
#2201=CARTESIAN_POINT('Ctrl Pts',(0.103739423076923,0.0048865874616709,
0.0189344527918543));
#2202=CARTESIAN_POINT('Ctrl Pts',(0.104545673076924,0.00229300805648853,
0.0191258925392271));
#2203=CARTESIAN_POINT('Ctrl Pts',(0.106158173076923,-0.00265962857773695,
0.0185177354791358));
#2204=CARTESIAN_POINT('Ctrl Pts',(0.106964423076923,-0.00501669962946393,
0.0177192828675551));
#2205=CARTESIAN_POINT('Ctrl Pts',(0.108576923076923,-0.00915026465063564,
0.0153387048803308));
#2206=CARTESIAN_POINT('Ctrl Pts',(0.109383173076922,-0.0109254479068266,
0.0137583649079496));
#2207=CARTESIAN_POINT('Ctrl Pts',(0.111801923076925,-0.0150422871566907,
0.00831399718431431));
#2208=CARTESIAN_POINT('Ctrl Pts',(0.11341442307692,-0.0160995236935832,
0.00376053804024771));
#2209=CARTESIAN_POINT('Ctrl Pts',(0.116639423076926,-0.0148212731753118,
-0.0043628856159508));
#2210=CARTESIAN_POINT('Ctrl Pts',(0.118251923076919,-0.0125216845787842,
-0.0078821404268119));
#2211=CARTESIAN_POINT('Ctrl Pts',(0.121476923076928,-0.00649099825428055,
-0.0120796549478419));
#2212=CARTESIAN_POINT('Ctrl Pts',(0.12308942307692,-0.00281714880487967,
-0.0127515906172806));
#2213=CARTESIAN_POINT('Ctrl Pts',(0.126314423076926,0.00352432622789948,
-0.0114459911925766));
#2214=CARTESIAN_POINT('Ctrl Pts',(0.127926923076925,0.00615275637439652,
-0.0095045201514662));
#2215=CARTESIAN_POINT('Ctrl Pts',(0.131151923076921,0.00908323049934173,
-0.00472665170397086));
#2216=CARTESIAN_POINT('Ctrl Pts',(0.132764423076922,0.009387130511131,-0.00193940046002906));
#2217=CARTESIAN_POINT('Ctrl Pts',(0.135989423076925,0.00808876410345277,
0.00262053160765681));
#2218=CARTESIAN_POINT('Ctrl Pts',(0.137601923076924,0.00652250639866017,
0.00436552839405866));
#2219=CARTESIAN_POINT('Ctrl Pts',(0.140826923076922,0.00302143999242667,
0.00605387677659367));
#2220=CARTESIAN_POINT('Ctrl Pts',(0.14243942307692,0.00112752233267155,
0.0060071050631908));
#2221=CARTESIAN_POINT('Ctrl Pts',(0.145664423076926,-0.00165177698645834,
0.00475054148571753));
#2222=CARTESIAN_POINT('Ctrl Pts',(0.147276923076924,-0.00252097978359734,
0.00357648210670082));
#2223=CARTESIAN_POINT('Ctrl Pts',(0.150501923076922,-0.00299246292355252,
0.00137583431055119));
#2224=CARTESIAN_POINT('Ctrl Pts',(0.152114423076927,-0.00261247882441946,
0.000381731258913145));
#2225=CARTESIAN_POINT('Ctrl Pts',(0.155339423076919,-0.00143226924465917,
-0.000618349916027358));
#2226=CARTESIAN_POINT('Ctrl Pts',(0.156951923076926,-0.000667279192912847,
-0.000619644648246267));
#2227=CARTESIAN_POINT('Ctrl Pts',(0.16017692307692,0.000209705501325895,
0.000100135862150658));
#2228=CARTESIAN_POINT('Ctrl Pts',(0.161789423076921,0.000297768427833834,
0.000795780948160444));
#2229=CARTESIAN_POINT('Ctrl Pts',(0.165014423076925,-0.000479449755252135,
0.00186511053204588));
#2230=CARTESIAN_POINT('Ctrl Pts',(0.166626923076922,-0.00133793221154844,
0.00220427740670328));
#2231=CARTESIAN_POINT('Ctrl Pts',(0.169851923076924,-0.00322303844018707,
0.00173473104486541));
#2232=CARTESIAN_POINT('Ctrl Pts',(0.171456199231483,-0.0042143442814415,
0.000917296291451468));
#2233=CARTESIAN_POINT('Ctrl Pts',(0.173076923076923,-0.00467868208379826,
-0.000365262500507814));
#2234=CARTESIAN_POINT('Ctrl Pts',(0.107696153846154,0.0429999999999998,
0.));
#2235=CARTESIAN_POINT('Ctrl Pts',(0.109314800816854,0.0424379693393566,
0.0113703525139096));
#2236=CARTESIAN_POINT('Ctrl Pts',(0.110921153846154,0.037203257759958,0.0220985551667688));
#2237=CARTESIAN_POINT('Ctrl Pts',(0.113339903846154,0.0250112488395614,
0.0329904249983781));
#2238=CARTESIAN_POINT('Ctrl Pts',(0.114146153846154,0.0202635137684529,
0.0357663101971297));
#2239=CARTESIAN_POINT('Ctrl Pts',(0.115758653846154,0.0101717331778807,
0.0392561474018754));
#2240=CARTESIAN_POINT('Ctrl Pts',(0.116564903846154,0.00483209089838865,
0.039969526946169));
#2241=CARTESIAN_POINT('Ctrl Pts',(0.118177403846153,-0.00560419380995323,
0.0393079632932196));
#2242=CARTESIAN_POINT('Ctrl Pts',(0.118983653846154,-0.0106966412396287,
0.0379341857901776));
#2243=CARTESIAN_POINT('Ctrl Pts',(0.120596153846154,-0.0198707542511401,
0.0333934865071309));
#2244=CARTESIAN_POINT('Ctrl Pts',(0.121402403846153,-0.0239490788738764,
0.0302292201738763));
#2245=CARTESIAN_POINT('Ctrl Pts',(0.123821153846156,-0.0337968926685439,
0.0188839425279128));
#2246=CARTESIAN_POINT('Ctrl Pts',(0.125433653846151,-0.0370203012657638,
0.00883794262202009));
#2247=CARTESIAN_POINT('Ctrl Pts',(0.128658653846157,-0.0355284345132933,
-0.0102512165199124));
#2248=CARTESIAN_POINT('Ctrl Pts',(0.130271153846149,-0.0308504052248895,
-0.0191744816318886));
#2249=CARTESIAN_POINT('Ctrl Pts',(0.133496153846158,-0.0168777954358856,
-0.0309363093362283));
#2250=CARTESIAN_POINT('Ctrl Pts',(0.135108653846151,-0.0076905694669521,
-0.0337208237984183));
#2251=CARTESIAN_POINT('Ctrl Pts',(0.138333653846157,0.00961404023079577,
-0.0320948253610562));
#2252=CARTESIAN_POINT('Ctrl Pts',(0.139946153846156,0.0176230616691874,
-0.0277223977485172));
#2253=CARTESIAN_POINT('Ctrl Pts',(0.143171153846152,0.0280401452447246,
-0.014929315622434));
#2254=CARTESIAN_POINT('Ctrl Pts',(0.144783653846152,0.0304028304432012,
-0.00660837490466234));
#2255=CARTESIAN_POINT('Ctrl Pts',(0.148008653846155,0.0286773126470532,
0.00891105105100958));
#2256=CARTESIAN_POINT('Ctrl Pts',(0.149621153846155,0.0246278129825435,
0.0160127099205601));
#2257=CARTESIAN_POINT('Ctrl Pts',(0.152846153846153,0.0130390030329563,
0.025109253832342));
#2258=CARTESIAN_POINT('Ctrl Pts',(0.154458653846151,0.00559160761717021,
0.027067278477098));
#2259=CARTESIAN_POINT('Ctrl Pts',(0.157683653846157,-0.00814250513027417,
0.0252768516707994));
#2260=CARTESIAN_POINT('Ctrl Pts',(0.159296153846155,-0.0143439329369196,
0.0215675003539159));
#2261=CARTESIAN_POINT('Ctrl Pts',(0.161403937452781,-0.0194421954410513,
0.0147963491727754));
#2262=CARTESIAN_POINT('Ctrl Pts',(0.161899221059409,-0.0204203916491613,
0.0130744436761417));
#2263=CARTESIAN_POINT('Ctrl Pts',(0.162394504666037,-0.0211744166888972,
0.0112790542260269));
#2264=CARTESIAN_POINT('',(0.107696153846154,0.0429999999999998,0.));
#2265=CARTESIAN_POINT('Ctrl Pts',(0.124521386714046,0.0221826676457945,
-6.12504748841501E-6));
#2266=CARTESIAN_POINT('Ctrl Pts',(0.126141770155586,0.0216217072269393,
0.00586606688892659));
#2267=CARTESIAN_POINT('Ctrl Pts',(0.127747516064348,0.0186595484993981,
0.0111641547177674));
#2268=CARTESIAN_POINT('Ctrl Pts',(0.130166826923077,0.0123108853136941,
0.0162690373925011));
#2269=CARTESIAN_POINT('Ctrl Pts',(0.130973076923077,0.00989670421422435,
0.0175061542084507));
#2270=CARTESIAN_POINT('Ctrl Pts',(0.132585576923077,0.0048865874616709,
0.0189344527918543));
#2271=CARTESIAN_POINT('Ctrl Pts',(0.133391826923077,0.00229300805648853,
0.0191258925392271));
#2272=CARTESIAN_POINT('Ctrl Pts',(0.135004326923076,-0.00265962857773695,
0.0185177354791358));
#2273=CARTESIAN_POINT('Ctrl Pts',(0.135810576923077,-0.00501669962946379,
0.0177192828675548));
#2274=CARTESIAN_POINT('Ctrl Pts',(0.137423076923077,-0.00915026465063578,
0.0153387048803311));
#2275=CARTESIAN_POINT('Ctrl Pts',(0.138229326923076,-0.0109254479068266,
0.0137583649079493));
#2276=CARTESIAN_POINT('Ctrl Pts',(0.140648076923078,-0.0150422871566907,
0.00831399718431487));
#2277=CARTESIAN_POINT('Ctrl Pts',(0.142260576923074,-0.0160995236935832,
0.00376053804024771));
#2278=CARTESIAN_POINT('Ctrl Pts',(0.14548557692308,-0.0148212731753118,
-0.0043628856159508));
#2279=CARTESIAN_POINT('Ctrl Pts',(0.147098076923072,-0.0125216845787842,
-0.0078821404268119));
#2280=CARTESIAN_POINT('Ctrl Pts',(0.150323076923081,-0.00649099825428056,
-0.0120796549478419));
#2281=CARTESIAN_POINT('Ctrl Pts',(0.151935576923074,-0.00281714880487968,
-0.0127515906172806));
#2282=CARTESIAN_POINT('Ctrl Pts',(0.15516057692308,0.00352432622789949,
-0.0114459911925766));
#2283=CARTESIAN_POINT('Ctrl Pts',(0.156773076923079,0.0061527563743963,
-0.0095045201514662));
#2284=CARTESIAN_POINT('Ctrl Pts',(0.159998076923075,0.00908323049934196,
-0.00472665170397086));
#2285=CARTESIAN_POINT('Ctrl Pts',(0.161610576923075,0.009387130511131,-0.00193940046002906));
#2286=CARTESIAN_POINT('Ctrl Pts',(0.164835576923078,0.00808876410345277,
0.00262053160765681));
#2287=CARTESIAN_POINT('Ctrl Pts',(0.166448076923079,0.00652250639865997,
0.00436552839405846));
#2288=CARTESIAN_POINT('Ctrl Pts',(0.169673076923074,0.00302143999242688,
0.00605387677659388));
#2289=CARTESIAN_POINT('Ctrl Pts',(0.171285576923074,0.00112752233267155,
0.0060071050631908));
#2290=CARTESIAN_POINT('Ctrl Pts',(0.17451057692308,-0.00165177698645834,
0.00475054148571754));
#2291=CARTESIAN_POINT('Ctrl Pts',(0.176123076923078,-0.00252097978359735,
0.00357648210670064));
#2292=CARTESIAN_POINT('Ctrl Pts',(0.179348076923075,-0.00299246292355252,
0.00137583431055137));
#2293=CARTESIAN_POINT('Ctrl Pts',(0.180960576923081,-0.00261247882441946,
0.000381731258913144));
#2294=CARTESIAN_POINT('Ctrl Pts',(0.184185576923072,-0.00143226924465918,
-0.000618349916027359));
#2295=CARTESIAN_POINT('Ctrl Pts',(0.18579807692308,-0.000667279192912849,
-0.000619644648246271));
#2296=CARTESIAN_POINT('Ctrl Pts',(0.189023076923073,0.000209705501325893,
0.000100135862150654));
#2297=CARTESIAN_POINT('Ctrl Pts',(0.190635576923075,0.000297768427833835,
0.00079578094816044));
#2298=CARTESIAN_POINT('Ctrl Pts',(0.193860576923078,-0.000479449755252135,
0.00186511053204588));
#2299=CARTESIAN_POINT('Ctrl Pts',(0.195473076923076,-0.0013379322115483,
0.00220427740670341));
#2300=CARTESIAN_POINT('Ctrl Pts',(0.198698076923078,-0.0032230384401872,
0.00173473104486527));
#2301=CARTESIAN_POINT('Ctrl Pts',(0.200302353077637,-0.00421434428144146,
0.000917296291451559));
#2302=CARTESIAN_POINT('Ctrl Pts',(0.201923076923077,-0.00467868208379825,
-0.000365262500507814));
#2303=CARTESIAN_POINT('Ctrl Pts',(0.11250215715909,0.0430005847594914,-1.18647193765553E-5));
#2304=CARTESIAN_POINT('Ctrl Pts',(0.114121375683902,0.0424416104574652,
0.0113628891411748));
#2305=CARTESIAN_POINT('Ctrl Pts',(0.115728285295117,0.0372060848378402,
0.0220960295645897));
#2306=CARTESIAN_POINT('Ctrl Pts',(0.118147596153846,0.0250112488395614,
0.0329904249983781));
#2307=CARTESIAN_POINT('Ctrl Pts',(0.118953846153846,0.0202635137684529,
0.0357663101971297));
#2308=CARTESIAN_POINT('Ctrl Pts',(0.120566346153846,0.0101717331778807,
0.0392561474018754));
#2309=CARTESIAN_POINT('Ctrl Pts',(0.121372596153847,0.00483209089838865,
0.039969526946169));
#2310=CARTESIAN_POINT('Ctrl Pts',(0.122985096153846,-0.00560419380995323,
0.0393079632932196));
#2311=CARTESIAN_POINT('Ctrl Pts',(0.123791346153846,-0.0106966412396287,
0.0379341857901776));
#2312=CARTESIAN_POINT('Ctrl Pts',(0.125403846153846,-0.0198707542511401,
0.0333934865071309));
#2313=CARTESIAN_POINT('Ctrl Pts',(0.126210096153845,-0.0239490788738764,
0.0302292201738763));
#2314=CARTESIAN_POINT('Ctrl Pts',(0.128628846153848,-0.0337968926685439,
0.0188839425279128));
#2315=CARTESIAN_POINT('Ctrl Pts',(0.130241346153843,-0.0370203012657638,
0.00883794262202009));
#2316=CARTESIAN_POINT('Ctrl Pts',(0.133466346153849,-0.0355284345132933,
-0.0102512165199124));
#2317=CARTESIAN_POINT('Ctrl Pts',(0.135078846153842,-0.0308504052248895,
-0.0191744816318886));
#2318=CARTESIAN_POINT('Ctrl Pts',(0.138303846153851,-0.0168777954358856,
-0.0309363093362283));
#2319=CARTESIAN_POINT('Ctrl Pts',(0.139916346153843,-0.0076905694669521,
-0.0337208237984183));
#2320=CARTESIAN_POINT('Ctrl Pts',(0.143141346153849,0.00961404023079577,
-0.0320948253610562));
#2321=CARTESIAN_POINT('Ctrl Pts',(0.144753846153848,0.0176230616691874,
-0.0277223977485172));
#2322=CARTESIAN_POINT('Ctrl Pts',(0.147978846153844,0.0280401452447246,
-0.014929315622434));
#2323=CARTESIAN_POINT('Ctrl Pts',(0.149591346153845,0.0304028304432012,
-0.00660837490466234));
#2324=CARTESIAN_POINT('Ctrl Pts',(0.152816346153847,0.0286773126470532,
0.00891105105100958));
#2325=CARTESIAN_POINT('Ctrl Pts',(0.154428846153849,0.0246278129825436,
0.0160127099205601));
#2326=CARTESIAN_POINT('Ctrl Pts',(0.157653846153843,0.0130390030329563,
0.025109253832342));
#2327=CARTESIAN_POINT('Ctrl Pts',(0.159266346153843,0.00559160761717021,
0.027067278477098));
#2328=CARTESIAN_POINT('Ctrl Pts',(0.162491346153849,-0.00814250513027417,
0.0252768516707994));
#2329=CARTESIAN_POINT('Ctrl Pts',(0.164103846153847,-0.0143439329369196,
0.0215675003539159));
#2330=CARTESIAN_POINT('Ctrl Pts',(0.167328846153845,-0.0221444948751213,
0.0112073464507755));
#2331=CARTESIAN_POINT('Ctrl Pts',(0.16894134615385,-0.0237151282262144,
0.00464050381313758));
#2332=CARTESIAN_POINT('Ctrl Pts',(0.172166346153842,-0.0218943942473671,
-0.00730867097089672));
#2333=CARTESIAN_POINT('Ctrl Pts',(0.173778846153849,-0.0185423025569702,
-0.0126172482022873));
#2334=CARTESIAN_POINT('Ctrl Pts',(0.177003846153843,-0.00943482342522998,
-0.0191467343532994));
#2335=CARTESIAN_POINT('Ctrl Pts',(0.178616346153844,-0.00375528719222004,
-0.0203473429066255));
#2336=CARTESIAN_POINT('Ctrl Pts',(0.181841346153848,0.00640982938376399,
-0.0185308885644137));
#2337=CARTESIAN_POINT('Ctrl Pts',(0.183453846153845,0.0108331840428985,
-0.015553055414721));
#2338=CARTESIAN_POINT('Ctrl Pts',(0.186678846153847,0.0161168443214539,
-0.00772190020395041));
#2339=CARTESIAN_POINT('Ctrl Pts',(0.188290664524857,0.0169652692837897,
-0.00293795110893428));
#2340=CARTESIAN_POINT('Ctrl Pts',(0.189903846153846,0.016076083752281,0.00125505226569322));
#2341=CARTESIAN_POINT('',(0.122148285231663,0.0262953415067178,0.));
#2342=CARTESIAN_POINT('Ctrl Pts',(0.112503846153846,0.0429999999999998,
0.));
#2343=CARTESIAN_POINT('Ctrl Pts',(0.114122493124546,0.0424379693393566,
0.0113703525139096));
#2344=CARTESIAN_POINT('Ctrl Pts',(0.115728846153846,0.037203257759958,0.0220985551667688));
#2345=CARTESIAN_POINT('Ctrl Pts',(0.118147596153846,0.0250112488395614,
0.0329904249983781));
#2346=CARTESIAN_POINT('Ctrl Pts',(0.118953846153846,0.0202635137684529,
0.0357663101971297));
#2347=CARTESIAN_POINT('Ctrl Pts',(0.120566346153846,0.0101717331778807,
0.0392561474018754));
#2348=CARTESIAN_POINT('Ctrl Pts',(0.121372596153847,0.00483209089838865,
0.039969526946169));
#2349=CARTESIAN_POINT('Ctrl Pts',(0.122985096153846,-0.00560419380995323,
0.0393079632932196));
#2350=CARTESIAN_POINT('Ctrl Pts',(0.123791346153846,-0.0106966412396287,
0.0379341857901776));
#2351=CARTESIAN_POINT('Ctrl Pts',(0.125403846153846,-0.0198707542511401,
0.0333934865071309));
#2352=CARTESIAN_POINT('Ctrl Pts',(0.126210096153845,-0.0239490788738764,
0.0302292201738763));
#2353=CARTESIAN_POINT('Ctrl Pts',(0.128628846153848,-0.0337968926685439,
0.0188839425279128));
#2354=CARTESIAN_POINT('Ctrl Pts',(0.130241346153843,-0.0370203012657638,
0.00883794262202009));
#2355=CARTESIAN_POINT('Ctrl Pts',(0.133466346153849,-0.0355284345132933,
-0.0102512165199124));
#2356=CARTESIAN_POINT('Ctrl Pts',(0.135078846153842,-0.0308504052248895,
-0.0191744816318886));
#2357=CARTESIAN_POINT('Ctrl Pts',(0.138303846153851,-0.0168777954358856,
-0.0309363093362283));
#2358=CARTESIAN_POINT('Ctrl Pts',(0.139916346153843,-0.0076905694669521,
-0.0337208237984183));
#2359=CARTESIAN_POINT('Ctrl Pts',(0.143141346153849,0.00961404023079577,
-0.0320948253610562));
#2360=CARTESIAN_POINT('Ctrl Pts',(0.144753846153848,0.0176230616691874,
-0.0277223977485172));
#2361=CARTESIAN_POINT('Ctrl Pts',(0.147978846153844,0.0280401452447246,
-0.014929315622434));
#2362=CARTESIAN_POINT('Ctrl Pts',(0.149591346153845,0.0304028304432012,
-0.00660837490466234));
#2363=CARTESIAN_POINT('Ctrl Pts',(0.152816346153847,0.0286773126470532,
0.00891105105100958));
#2364=CARTESIAN_POINT('Ctrl Pts',(0.154428846153849,0.0246278129825436,
0.0160127099205601));
#2365=CARTESIAN_POINT('Ctrl Pts',(0.157599909329503,0.0132328212055354,
0.0249571178041012));
#2366=CARTESIAN_POINT('Ctrl Pts',(0.159158472505162,0.00608797691025307,
0.026933391692672));
#2367=CARTESIAN_POINT('Ctrl Pts',(0.160717035680857,-0.00058449191370821,
0.0262523303913216));
#2368=CARTESIAN_POINT('Ctrl Pts',(0.107696153846154,0.0429999999999998,
0.));
#2369=CARTESIAN_POINT('Ctrl Pts',(0.105292307692308,0.0429999999999998,
-0.017811183182043));
#2370=CARTESIAN_POINT('Ctrl Pts',(0.102888461538462,0.0304055915910214,
-0.0304055915910214));
#2371=CARTESIAN_POINT('Ctrl Pts',(0.100484615384616,0.017811183182043,-0.0429999999999998));
#2372=CARTESIAN_POINT('Ctrl Pts',(0.0980807692307694,2.6329906181668E-18,
-0.0429999999999998));
#2373=CARTESIAN_POINT('Ctrl Pts',(0.0956769230769233,-0.017811183182043,
-0.0429999999999998));
#2374=CARTESIAN_POINT('Ctrl Pts',(0.0932730769230772,-0.0304055915910214,
-0.0304055915910214));
#2375=CARTESIAN_POINT('Ctrl Pts',(0.0908692307692311,-0.0429999999999998,
-0.017811183182043));
#2376=CARTESIAN_POINT('Ctrl Pts',(0.0884653846153849,-0.0429999999999998,
-5.26598123633359E-18));
#2377=CARTESIAN_POINT('Ctrl Pts',(0.0860615384615388,-0.0429999999999998,
0.017811183182043));
#2378=CARTESIAN_POINT('Ctrl Pts',(0.0836576923076927,-0.0304055915910214,
0.0304055915910214));
#2379=CARTESIAN_POINT('Ctrl Pts',(0.0812538461538466,-0.017811183182043,
0.0429999999999998));
#2380=CARTESIAN_POINT('Ctrl Pts',(0.0788500000000004,-7.89897185450039E-18,
0.0429999999999998));
#2381=CARTESIAN_POINT('Ctrl Pts',(0.0764461538461543,0.017811183182043,
0.0429999999999998));
#2382=CARTESIAN_POINT('Ctrl Pts',(0.0740423076923082,0.0304055915910214,
0.0304055915910214));
#2383=CARTESIAN_POINT('Ctrl Pts',(0.0716384615384621,0.0429999999999998,
0.017811183182043));
#2384=CARTESIAN_POINT('Ctrl Pts',(0.0692346153846159,0.0429999999999998,
0.));
#2385=CARTESIAN_POINT('Ctrl Pts',(0.0668307692307698,0.0429999999999998,
-0.017811183182043));
#2386=CARTESIAN_POINT('Ctrl Pts',(0.0644269230769237,0.0304055915910214,
-0.0304055915910214));
#2387=CARTESIAN_POINT('Ctrl Pts',(0.0620230769230776,0.017811183182043,
-0.0429999999999998));
#2388=CARTESIAN_POINT('Ctrl Pts',(0.0596192307692314,2.6329906181668E-18,
-0.0429999999999998));
#2389=CARTESIAN_POINT('Ctrl Pts',(0.0572153846153853,-0.017811183182043,
-0.0429999999999998));
#2390=CARTESIAN_POINT('Ctrl Pts',(0.0548115384615392,-0.0304055915910214,
-0.0304055915910214));
#2391=CARTESIAN_POINT('Ctrl Pts',(0.0524076923076931,-0.0429999999999998,
-0.017811183182043));
#2392=CARTESIAN_POINT('Ctrl Pts',(0.0500038461538469,-0.0429999999999998,
-5.26598123633359E-18));
#2393=CARTESIAN_POINT('Ctrl Pts',(0.0476000000000008,-0.0429999999999998,
0.017811183182043));
#2394=CARTESIAN_POINT('Ctrl Pts',(0.0451961538461547,-0.0304055915910214,
0.0304055915910214));
#2395=CARTESIAN_POINT('Ctrl Pts',(0.0427923076923086,-0.017811183182043,
0.0429999999999998));
#2396=CARTESIAN_POINT('Ctrl Pts',(0.0403884615384624,-7.89897185450039E-18,
0.0429999999999998));
#2397=CARTESIAN_POINT('Ctrl Pts',(0.0379846153846163,0.017811183182043,
0.0429999999999998));
#2398=CARTESIAN_POINT('Ctrl Pts',(0.0355807692307702,0.0304055915910214,
0.0304055915910214));
#2399=CARTESIAN_POINT('Ctrl Pts',(0.0331769230769241,0.0429999999999998,
0.017811183182043));
#2400=CARTESIAN_POINT('Ctrl Pts',(0.0307730769230779,0.0429999999999998,
0.));
#2401=CARTESIAN_POINT('Ctrl Pts',(0.0283692307692318,0.0429999999999998,
-0.017811183182043));
#2402=CARTESIAN_POINT('Ctrl Pts',(0.0259653846153857,0.0304055915910214,
-0.0304055915910214));
#2403=CARTESIAN_POINT('Ctrl Pts',(0.0235615384615396,0.017811183182043,
-0.0429999999999998));
#2404=CARTESIAN_POINT('Ctrl Pts',(0.0211576923076935,2.6329906181668E-18,
-0.0429999999999998));
#2405=CARTESIAN_POINT('Ctrl Pts',(0.0187538461538473,-0.017811183182043,
-0.0429999999999998));
#2406=CARTESIAN_POINT('Ctrl Pts',(0.0163500000000012,-0.0304055915910214,
-0.0304055915910214));
#2407=CARTESIAN_POINT('Ctrl Pts',(0.0139461538461551,-0.0429999999999998,
-0.017811183182043));
#2408=CARTESIAN_POINT('Ctrl Pts',(0.0115423076923089,-0.0429999999999998,
-5.26598123633359E-18));
#2409=CARTESIAN_POINT('Ctrl Pts',(0.00913846153846282,-0.0429999999999998,
0.017811183182043));
#2410=CARTESIAN_POINT('Ctrl Pts',(0.0067346153846167,-0.0304055915910214,
0.0304055915910214));
#2411=CARTESIAN_POINT('Ctrl Pts',(0.00433076923077057,-0.017811183182043,
0.0429999999999998));
#2412=CARTESIAN_POINT('Ctrl Pts',(0.00192692307692445,-7.89897185450039E-18,
0.0429999999999998));
#2413=CARTESIAN_POINT('Ctrl Pts',(-0.000476923076921671,0.017811183182043,
0.0429999999999998));
#2414=CARTESIAN_POINT('Ctrl Pts',(-0.00288076923076781,0.0304055915910214,
0.0304055915910214));
#2415=CARTESIAN_POINT('Ctrl Pts',(-0.00528461538461393,0.0429999999999998,
0.017811183182043));
#2416=CARTESIAN_POINT('Ctrl Pts',(-0.00768846153846004,0.0429999999999998,
0.));
#2417=CARTESIAN_POINT('Ctrl Pts',(-0.0100923076923062,0.0429999999999998,
-0.017811183182043));
#2418=CARTESIAN_POINT('Ctrl Pts',(-0.0124961538461523,0.0304055915910214,
-0.0304055915910214));
#2419=CARTESIAN_POINT('Ctrl Pts',(-0.0148999999999984,0.017811183182043,
-0.0429999999999998));
#2420=CARTESIAN_POINT('Ctrl Pts',(-0.0173038461538446,2.6329906181668E-18,
-0.0429999999999998));
#2421=CARTESIAN_POINT('Ctrl Pts',(-0.0197076923076907,-0.017811183182043,
-0.0429999999999998));
#2422=CARTESIAN_POINT('Ctrl Pts',(-0.0221115384615368,-0.0304055915910214,
-0.0304055915910214));
#2423=CARTESIAN_POINT('Ctrl Pts',(-0.0245153846153829,-0.0429999999999998,
-0.017811183182043));
#2424=CARTESIAN_POINT('Ctrl Pts',(-0.026919230769229,-0.0429999999999998,
-5.26598123633359E-18));
#2425=CARTESIAN_POINT('Ctrl Pts',(-0.0293230769230752,-0.0429999999999998,
0.017811183182043));
#2426=CARTESIAN_POINT('Ctrl Pts',(-0.0317269230769213,-0.0304055915910214,
0.0304055915910214));
#2427=CARTESIAN_POINT('Ctrl Pts',(-0.0341307692307674,-0.017811183182043,
0.0429999999999998));
#2428=CARTESIAN_POINT('Ctrl Pts',(-0.0365346153846136,-7.89897185450039E-18,
0.0429999999999998));
#2429=CARTESIAN_POINT('Ctrl Pts',(-0.0389384615384597,0.017811183182043,
0.0429999999999998));
#2430=CARTESIAN_POINT('Ctrl Pts',(-0.0413423076923058,0.0304055915910214,
0.0304055915910214));
#2431=CARTESIAN_POINT('Ctrl Pts',(-0.0437461538461519,0.0429999999999998,
0.017811183182043));
#2432=CARTESIAN_POINT('Ctrl Pts',(-0.046149999999998,0.0429999999999998,
0.));
#2433=CARTESIAN_POINT('Ctrl Pts',(-0.0485538461538442,0.0429999999999998,
-0.017811183182043));
#2434=CARTESIAN_POINT('Ctrl Pts',(-0.0509576923076903,0.0304055915910214,
-0.0304055915910214));
#2435=CARTESIAN_POINT('Ctrl Pts',(-0.0533615384615364,0.017811183182043,
-0.0429999999999998));
#2436=CARTESIAN_POINT('Ctrl Pts',(-0.0557653846153826,2.6329906181668E-18,
-0.0429999999999998));
#2437=CARTESIAN_POINT('Ctrl Pts',(-0.0581692307692287,-0.017811183182043,
-0.0429999999999998));
#2438=CARTESIAN_POINT('Ctrl Pts',(-0.0605730769230748,-0.0304055915910214,
-0.0304055915910214));
#2439=CARTESIAN_POINT('Ctrl Pts',(-0.0629769230769209,-0.0429999999999998,
-0.017811183182043));
#2440=CARTESIAN_POINT('Ctrl Pts',(-0.065380769230767,-0.0429999999999998,
-5.26598123633359E-18));
#2441=CARTESIAN_POINT('Ctrl Pts',(-0.0677846153846132,-0.0429999999999998,
0.017811183182043));
#2442=CARTESIAN_POINT('Ctrl Pts',(-0.0701884615384593,-0.0304055915910214,
0.0304055915910214));
#2443=CARTESIAN_POINT('Ctrl Pts',(-0.0725923076923054,-0.017811183182043,
0.0429999999999998));
#2444=CARTESIAN_POINT('Ctrl Pts',(-0.0749961538461515,-7.89897185450039E-18,
0.0429999999999998));
#2445=CARTESIAN_POINT('Ctrl Pts',(-0.0773999999999977,0.017811183182043,
0.0429999999999998));
#2446=CARTESIAN_POINT('Ctrl Pts',(-0.0798038461538438,0.0304055915910214,
0.0304055915910214));
#2447=CARTESIAN_POINT('Ctrl Pts',(-0.0822076923076899,0.0429999999999998,
0.017811183182043));
#2448=CARTESIAN_POINT('Ctrl Pts',(-0.0846115384615361,0.0429999999999998,
0.));
#2449=CARTESIAN_POINT('Ctrl Pts',(-0.0870153846153821,0.0429999999999998,
-0.017811183182043));
#2450=CARTESIAN_POINT('Ctrl Pts',(-0.0894192307692283,0.0304055915910214,
-0.0304055915910214));
#2451=CARTESIAN_POINT('Ctrl Pts',(-0.0918230769230744,0.017811183182043,
-0.0429999999999998));
#2452=CARTESIAN_POINT('Ctrl Pts',(-0.0942269230769205,2.6329906181668E-18,
-0.0429999999999998));
#2453=CARTESIAN_POINT('Ctrl Pts',(-0.0966307692307667,-0.017811183182043,
-0.0429999999999998));
#2454=CARTESIAN_POINT('Ctrl Pts',(-0.0990346153846128,-0.0304055915910214,
-0.0304055915910214));
#2455=CARTESIAN_POINT('Ctrl Pts',(-0.10117748606599,-0.0416326780190379,
-0.0191785051630049));
#2456=CARTESIAN_POINT('Ctrl Pts',(-0.10338298180506,-0.0428693663525323,
-0.0033492429789956));
#2457=CARTESIAN_POINT('Ctrl Pts',(0.0956769230769232,0.0221820816397974,
0.));
#2458=CARTESIAN_POINT('Ctrl Pts',(0.0932730769230771,0.0221820816397974,
-0.0091881190568713));
#2459=CARTESIAN_POINT('Ctrl Pts',(0.0908692307692309,0.0156851003483343,
-0.0156851003483343));
#2460=CARTESIAN_POINT('Ctrl Pts',(0.0884653846153848,0.0091881190568713,
-0.0221820816397974));
#2461=CARTESIAN_POINT('Ctrl Pts',(0.0860615384615387,1.35826076393016E-18,
-0.0221820816397974));
#2462=CARTESIAN_POINT('Ctrl Pts',(0.0836576923076925,-0.0091881190568713,
-0.0221820816397974));
#2463=CARTESIAN_POINT('Ctrl Pts',(0.0812538461538464,-0.0156851003483343,
-0.0156851003483343));
#2464=CARTESIAN_POINT('Ctrl Pts',(0.0788500000000003,-0.0221820816397974,
-0.0091881190568713));
#2465=CARTESIAN_POINT('Ctrl Pts',(0.0764461538461542,-0.0221820816397974,
-2.71652152786031E-18));
#2466=CARTESIAN_POINT('Ctrl Pts',(0.0740423076923081,-0.0221820816397974,
0.00918811905687129));
#2467=CARTESIAN_POINT('Ctrl Pts',(0.0716384615384619,-0.0156851003483343,
0.0156851003483343));
#2468=CARTESIAN_POINT('Ctrl Pts',(0.0692346153846158,-0.00918811905687131,
0.0221820816397974));
#2469=CARTESIAN_POINT('Ctrl Pts',(0.0668307692307697,-4.07478229179047E-18,
0.0221820816397974));
#2470=CARTESIAN_POINT('Ctrl Pts',(0.0644269230769236,0.0091881190568713,
0.0221820816397974));
#2471=CARTESIAN_POINT('Ctrl Pts',(0.0620230769230774,0.0156851003483343,
0.0156851003483343));
#2472=CARTESIAN_POINT('Ctrl Pts',(0.0596192307692313,0.0221820816397974,
0.00918811905687131));
#2473=CARTESIAN_POINT('Ctrl Pts',(0.0572153846153852,0.0221820816397974,
0.));
#2474=CARTESIAN_POINT('Ctrl Pts',(0.0548115384615391,0.0221820816397974,
-0.0091881190568713));
#2475=CARTESIAN_POINT('Ctrl Pts',(0.0524076923076929,0.0156851003483343,
-0.0156851003483343));
#2476=CARTESIAN_POINT('Ctrl Pts',(0.0500038461538468,0.0091881190568713,
-0.0221820816397974));
#2477=CARTESIAN_POINT('Ctrl Pts',(0.0476000000000007,1.35826076393016E-18,
-0.0221820816397974));
#2478=CARTESIAN_POINT('Ctrl Pts',(0.0451961538461546,-0.0091881190568713,
-0.0221820816397974));
#2479=CARTESIAN_POINT('Ctrl Pts',(0.0427923076923084,-0.0156851003483343,
-0.0156851003483343));
#2480=CARTESIAN_POINT('Ctrl Pts',(0.0403884615384623,-0.0221820816397974,
-0.0091881190568713));
#2481=CARTESIAN_POINT('Ctrl Pts',(0.0379846153846162,-0.0221820816397974,
-2.71652152786031E-18));
#2482=CARTESIAN_POINT('Ctrl Pts',(0.0355807692307701,-0.0221820816397974,
0.00918811905687129));
#2483=CARTESIAN_POINT('Ctrl Pts',(0.0331769230769239,-0.0156851003483343,
0.0156851003483343));
#2484=CARTESIAN_POINT('Ctrl Pts',(0.0307730769230778,-0.00918811905687131,
0.0221820816397974));
#2485=CARTESIAN_POINT('Ctrl Pts',(0.0283692307692317,-4.07478229179047E-18,
0.0221820816397974));
#2486=CARTESIAN_POINT('Ctrl Pts',(0.0259653846153856,0.0091881190568713,
0.0221820816397974));
#2487=CARTESIAN_POINT('Ctrl Pts',(0.0235615384615394,0.0156851003483343,
0.0156851003483343));
#2488=CARTESIAN_POINT('Ctrl Pts',(0.0211576923076933,0.0221820816397974,
0.00918811905687131));
#2489=CARTESIAN_POINT('Ctrl Pts',(0.0187538461538472,0.0221820816397974,
0.));
#2490=CARTESIAN_POINT('Ctrl Pts',(0.0163500000000011,0.0221820816397974,
-0.0091881190568713));
#2491=CARTESIAN_POINT('Ctrl Pts',(0.0139461538461549,0.0156851003483343,
-0.0156851003483343));
#2492=CARTESIAN_POINT('Ctrl Pts',(0.0115423076923088,0.0091881190568713,
-0.0221820816397974));
#2493=CARTESIAN_POINT('Ctrl Pts',(0.0091384615384627,1.35826076393016E-18,
-0.0221820816397974));
#2494=CARTESIAN_POINT('Ctrl Pts',(0.00673461538461657,-0.0091881190568713,
-0.0221820816397974));
#2495=CARTESIAN_POINT('Ctrl Pts',(0.00433076923077045,-0.0156851003483343,
-0.0156851003483343));
#2496=CARTESIAN_POINT('Ctrl Pts',(0.00192692307692433,-0.0221820816397974,
-0.0091881190568713));
#2497=CARTESIAN_POINT('Ctrl Pts',(-0.000476923076921807,-0.0221820816397974,
-2.71652152786031E-18));
#2498=CARTESIAN_POINT('Ctrl Pts',(-0.00288076923076793,-0.0221820816397974,
0.00918811905687129));
#2499=CARTESIAN_POINT('Ctrl Pts',(-0.00528461538461405,-0.0156851003483343,
0.0156851003483343));
#2500=CARTESIAN_POINT('Ctrl Pts',(-0.00768846153846018,-0.00918811905687131,
0.0221820816397974));
#2501=CARTESIAN_POINT('Ctrl Pts',(-0.0100923076923063,-4.07478229179047E-18,
0.0221820816397974));
#2502=CARTESIAN_POINT('Ctrl Pts',(-0.0124961538461524,0.0091881190568713,
0.0221820816397974));
#2503=CARTESIAN_POINT('Ctrl Pts',(-0.0148999999999986,0.0156851003483343,
0.0156851003483343));
#2504=CARTESIAN_POINT('Ctrl Pts',(-0.0173038461538447,0.0221820816397974,
0.00918811905687131));
#2505=CARTESIAN_POINT('Ctrl Pts',(-0.0197076923076908,0.0221820816397974,
0.));
#2506=CARTESIAN_POINT('Ctrl Pts',(-0.0221115384615369,0.0221820816397974,
-0.0091881190568713));
#2507=CARTESIAN_POINT('Ctrl Pts',(-0.024515384615383,0.0156851003483343,
-0.0156851003483343));
#2508=CARTESIAN_POINT('Ctrl Pts',(-0.0269192307692292,0.0091881190568713,
-0.0221820816397974));
#2509=CARTESIAN_POINT('Ctrl Pts',(-0.0293230769230753,1.35826076393016E-18,
-0.0221820816397974));
#2510=CARTESIAN_POINT('Ctrl Pts',(-0.0317269230769214,-0.0091881190568713,
-0.0221820816397974));
#2511=CARTESIAN_POINT('Ctrl Pts',(-0.0341307692307675,-0.0156851003483343,
-0.0156851003483343));
#2512=CARTESIAN_POINT('Ctrl Pts',(-0.0365346153846137,-0.0221820816397974,
-0.0091881190568713));
#2513=CARTESIAN_POINT('Ctrl Pts',(-0.0389384615384598,-0.0221820816397974,
-2.71652152786031E-18));
#2514=CARTESIAN_POINT('Ctrl Pts',(-0.0413423076923059,-0.0221820816397974,
0.00918811905687129));
#2515=CARTESIAN_POINT('Ctrl Pts',(-0.0437461538461521,-0.0156851003483343,
0.0156851003483343));
#2516=CARTESIAN_POINT('Ctrl Pts',(-0.0461499999999982,-0.00918811905687131,
0.0221820816397974));
#2517=CARTESIAN_POINT('Ctrl Pts',(-0.0485538461538443,-4.07478229179047E-18,
0.0221820816397974));
#2518=CARTESIAN_POINT('Ctrl Pts',(-0.0509576923076904,0.0091881190568713,
0.0221820816397974));
#2519=CARTESIAN_POINT('Ctrl Pts',(-0.0533615384615365,0.0156851003483343,
0.0156851003483343));
#2520=CARTESIAN_POINT('Ctrl Pts',(-0.0557653846153827,0.0221820816397974,
0.00918811905687131));
#2521=CARTESIAN_POINT('Ctrl Pts',(-0.0581692307692288,0.0221820816397974,
0.));
#2522=CARTESIAN_POINT('Ctrl Pts',(-0.0605730769230749,0.0221820816397974,
-0.0091881190568713));
#2523=CARTESIAN_POINT('Ctrl Pts',(-0.062976923076921,0.0156851003483343,
-0.0156851003483343));
#2524=CARTESIAN_POINT('Ctrl Pts',(-0.0653807692307672,0.0091881190568713,
-0.0221820816397974));
#2525=CARTESIAN_POINT('Ctrl Pts',(-0.0677846153846133,1.35826076393016E-18,
-0.0221820816397974));
#2526=CARTESIAN_POINT('Ctrl Pts',(-0.0701884615384594,-0.0091881190568713,
-0.0221820816397974));
#2527=CARTESIAN_POINT('Ctrl Pts',(-0.0725923076923056,-0.0156851003483343,
-0.0156851003483343));
#2528=CARTESIAN_POINT('Ctrl Pts',(-0.0749961538461517,-0.0221820816397974,
-0.0091881190568713));
#2529=CARTESIAN_POINT('Ctrl Pts',(-0.0773999999999978,-0.0221820816397974,
-2.71652152786031E-18));
#2530=CARTESIAN_POINT('Ctrl Pts',(-0.0798038461538439,-0.0221820816397974,
0.00918811905687129));
#2531=CARTESIAN_POINT('Ctrl Pts',(-0.0822076923076901,-0.0156851003483343,
0.0156851003483343));
#2532=CARTESIAN_POINT('Ctrl Pts',(-0.0846115384615362,-0.00918811905687131,
0.0221820816397974));
#2533=CARTESIAN_POINT('Ctrl Pts',(-0.0870153846153823,-4.07478229179047E-18,
0.0221820816397974));
#2534=CARTESIAN_POINT('Ctrl Pts',(-0.0894192307692284,0.0091881190568713,
0.0221820816397974));
#2535=CARTESIAN_POINT('Ctrl Pts',(-0.0918230769230745,0.0156851003483343,
0.0156851003483343));
#2536=CARTESIAN_POINT('Ctrl Pts',(-0.0942269230769207,0.0221820816397974,
0.00918811905687131));
#2537=CARTESIAN_POINT('Ctrl Pts',(-0.0966307692307668,0.0221820816397974,
0.));
#2538=CARTESIAN_POINT('Ctrl Pts',(-0.0990346153846129,0.0221820816397974,
-0.0091881190568713));
#2539=CARTESIAN_POINT('Ctrl Pts',(-0.101438461538459,0.0156851003483343,
-0.0156851003483343));
#2540=CARTESIAN_POINT('Ctrl Pts',(-0.103842307692305,0.0091881190568713,
-0.0221820816397974));
#2541=CARTESIAN_POINT('Ctrl Pts',(-0.106246153846151,1.35826076393016E-18,
-0.0221820816397974));
#2542=CARTESIAN_POINT('Ctrl Pts',(-0.108649999999997,-0.0091881190568713,
-0.0221820816397974));
#2543=CARTESIAN_POINT('Ctrl Pts',(-0.111053846153844,-0.0156851003483343,
-0.0156851003483343));
#2544=CARTESIAN_POINT('Ctrl Pts',(-0.11319671683522,-0.0214767316907373,
-0.00989346900593143));
#2545=CARTESIAN_POINT('Ctrl Pts',(-0.115402212574291,-0.0221146926576339,
-0.00172774839980463));
#2546=CARTESIAN_POINT('',(-0.050397294982105,0.0331484101487372,-0.0273894670377333));
#2547=CARTESIAN_POINT('Ctrl Pts',(-0.026919230769229,-0.0429999999999998,
-5.26598123633359E-18));
#2548=CARTESIAN_POINT('Ctrl Pts',(-0.0293230769230752,-0.0429999999999998,
0.017811183182043));
#2549=CARTESIAN_POINT('Ctrl Pts',(-0.0317269230769213,-0.0304055915910214,
0.0304055915910214));
#2550=CARTESIAN_POINT('Ctrl Pts',(-0.0341307692307674,-0.017811183182043,
0.0429999999999998));
#2551=CARTESIAN_POINT('Ctrl Pts',(-0.0365346153846136,-7.89897185450039E-18,
0.0429999999999998));
#2552=CARTESIAN_POINT('Ctrl Pts',(-0.0389384615384597,0.017811183182043,
0.0429999999999998));
#2553=CARTESIAN_POINT('Ctrl Pts',(-0.0413423076923058,0.0304055915910214,
0.0304055915910214));
#2554=CARTESIAN_POINT('Ctrl Pts',(-0.0437461538461519,0.0429999999999998,
0.017811183182043));
#2555=CARTESIAN_POINT('Ctrl Pts',(-0.046149999999998,0.0429999999999998,
0.));
#2556=CARTESIAN_POINT('Ctrl Pts',(-0.0482373971964319,0.0429999999999998,
-0.0154664697571767));
#2557=CARTESIAN_POINT('Ctrl Pts',(-0.050397294982105,0.0331484101487372,
-0.0273894670377333));
#2558=CARTESIAN_POINT('Ctrl Pts',(-0.0550769172409972,0.0144950597199998,
-0.0376010596195622));
#2559=CARTESIAN_POINT('Ctrl Pts',(-0.054245788374009,0.0179854074383503,
-0.0367698171255862));
#2560=CARTESIAN_POINT('Ctrl Pts',(-0.0534297166857871,0.0213524769609471,
-0.0354727243615798));
#2561=CARTESIAN_POINT('Ctrl Pts',(-0.0518912348145971,0.0275401030802212,
-0.0320763455217754));
#2562=CARTESIAN_POINT('Ctrl Pts',(-0.0511848507487483,0.0304031218935752,
-0.0299981352897964));
#2563=CARTESIAN_POINT('Ctrl Pts',(-0.0503972949821012,0.0331484101487415,
-0.027389467037739));
#2564=CARTESIAN_POINT('Ctrl Pts',(0.124525289032992,0.0221820800280774,
8.45592137134014E-6));
#2565=CARTESIAN_POINT('Ctrl Pts',(0.1221205267979,0.0221855844737883,-0.00918461622288041));
#2566=CARTESIAN_POINT('Ctrl Pts',(0.119715384615385,0.0156851003483343,
-0.0156851003483343));
#2567=CARTESIAN_POINT('Ctrl Pts',(0.117311538461538,0.0091881190568713,
-0.0221820816397974));
#2568=CARTESIAN_POINT('Ctrl Pts',(0.114907692307692,1.35826076393016E-18,
-0.0221820816397974));
#2569=CARTESIAN_POINT('Ctrl Pts',(0.112503846153846,-0.0091881190568713,
-0.0221820816397974));
#2570=CARTESIAN_POINT('Ctrl Pts',(0.1101,-0.0156851003483343,-0.0156851003483343));
#2571=CARTESIAN_POINT('Ctrl Pts',(0.107696153846154,-0.0221820816397974,
-0.0091881190568713));
#2572=CARTESIAN_POINT('Ctrl Pts',(0.105292307692308,-0.0221820816397974,
-2.71652152786031E-18));
#2573=CARTESIAN_POINT('Ctrl Pts',(0.102888461538462,-0.0221820816397974,
0.0091881190568713));
#2574=CARTESIAN_POINT('Ctrl Pts',(0.100484615384616,-0.0156851003483343,
0.0156851003483343));
#2575=CARTESIAN_POINT('Ctrl Pts',(0.0980807692307694,-0.00918811905687131,
0.0221820816397974));
#2576=CARTESIAN_POINT('Ctrl Pts',(0.0956769230769233,-4.07478229179047E-18,
0.0221820816397974));
#2577=CARTESIAN_POINT('Ctrl Pts',(0.0932730769230772,0.00918811905687131,
0.0221820816397974));
#2578=CARTESIAN_POINT('Ctrl Pts',(0.0908692307692311,0.0156851003483343,
0.0156851003483343));
#2579=CARTESIAN_POINT('Ctrl Pts',(0.088465384615385,0.0221820816397974,
0.00918811905687131));
#2580=CARTESIAN_POINT('Ctrl Pts',(0.0860615384615388,0.0221820816397974,
0.));
#2581=CARTESIAN_POINT('Ctrl Pts',(0.0836576923076927,0.0221820816397974,
-0.0091881190568713));
#2582=CARTESIAN_POINT('Ctrl Pts',(0.0812538461538466,0.0156851003483343,
-0.0156851003483343));
#2583=CARTESIAN_POINT('Ctrl Pts',(0.0788500000000004,0.0091881190568713,
-0.0221820816397974));
#2584=CARTESIAN_POINT('Ctrl Pts',(0.0764461538461543,1.35826076393016E-18,
-0.0221820816397974));
#2585=CARTESIAN_POINT('Ctrl Pts',(0.0740423076923082,-0.0091881190568713,
-0.0221820816397974));
#2586=CARTESIAN_POINT('Ctrl Pts',(0.0716384615384621,-0.0156851003483343,
-0.0156851003483343));
#2587=CARTESIAN_POINT('Ctrl Pts',(0.0692346153846159,-0.0221820816397974,
-0.0091881190568713));
#2588=CARTESIAN_POINT('Ctrl Pts',(0.0668307692307698,-0.0221820816397974,
-2.71652152786031E-18));
#2589=CARTESIAN_POINT('Ctrl Pts',(0.0644269230769237,-0.0221820816397974,
0.0091881190568713));
#2590=CARTESIAN_POINT('Ctrl Pts',(0.0620230769230776,-0.0156851003483343,
0.0156851003483343));
#2591=CARTESIAN_POINT('Ctrl Pts',(0.0596192307692315,-0.00918811905687131,
0.0221820816397974));
#2592=CARTESIAN_POINT('Ctrl Pts',(0.0572153846153853,-4.07478229179047E-18,
0.0221820816397974));
#2593=CARTESIAN_POINT('Ctrl Pts',(0.0548115384615392,0.00918811905687131,
0.0221820816397974));
#2594=CARTESIAN_POINT('Ctrl Pts',(0.0524076923076931,0.0156851003483343,
0.0156851003483343));
#2595=CARTESIAN_POINT('Ctrl Pts',(0.0500038461538469,0.0221820816397974,
0.00918811905687131));
#2596=CARTESIAN_POINT('Ctrl Pts',(0.0476000000000008,0.0221820816397974,
0.));
#2597=CARTESIAN_POINT('Ctrl Pts',(0.0451961538461547,0.0221820816397974,
-0.0091881190568713));
#2598=CARTESIAN_POINT('Ctrl Pts',(0.0427923076923086,0.0156851003483343,
-0.0156851003483343));
#2599=CARTESIAN_POINT('Ctrl Pts',(0.0403884615384624,0.0091881190568713,
-0.0221820816397974));
#2600=CARTESIAN_POINT('Ctrl Pts',(0.0379846153846163,1.35826076393016E-18,
-0.0221820816397974));
#2601=CARTESIAN_POINT('Ctrl Pts',(0.0355807692307702,-0.0091881190568713,
-0.0221820816397974));
#2602=CARTESIAN_POINT('Ctrl Pts',(0.0331769230769241,-0.0156851003483343,
-0.0156851003483343));
#2603=CARTESIAN_POINT('Ctrl Pts',(0.030773076923078,-0.0221820816397974,
-0.0091881190568713));
#2604=CARTESIAN_POINT('Ctrl Pts',(0.0283692307692318,-0.0221820816397974,
-2.71652152786031E-18));
#2605=CARTESIAN_POINT('Ctrl Pts',(0.0259653846153857,-0.0221820816397974,
0.0091881190568713));
#2606=CARTESIAN_POINT('Ctrl Pts',(0.0235615384615396,-0.0156851003483343,
0.0156851003483343));
#2607=CARTESIAN_POINT('Ctrl Pts',(0.0211576923076934,-0.00918811905687131,
0.0221820816397974));
#2608=CARTESIAN_POINT('Ctrl Pts',(0.0187538461538473,-4.07478229179047E-18,
0.0221820816397974));
#2609=CARTESIAN_POINT('Ctrl Pts',(0.0163500000000012,0.00918811905687131,
0.0221820816397974));
#2610=CARTESIAN_POINT('Ctrl Pts',(0.0139461538461551,0.0156851003483343,
0.0156851003483343));
#2611=CARTESIAN_POINT('Ctrl Pts',(0.011542307692309,0.0221820816397974,
0.00918811905687131));
#2612=CARTESIAN_POINT('Ctrl Pts',(0.00913846153846284,0.0221820816397974,
0.));
#2613=CARTESIAN_POINT('Ctrl Pts',(0.00673461538461671,0.0221820816397974,
-0.0091881190568713));
#2614=CARTESIAN_POINT('Ctrl Pts',(0.00433076923077058,0.0156851003483343,
-0.0156851003483343));
#2615=CARTESIAN_POINT('Ctrl Pts',(0.00192692307692445,0.0091881190568713,
-0.0221820816397974));
#2616=CARTESIAN_POINT('Ctrl Pts',(-0.000476923076921671,1.35826076393016E-18,
-0.0221820816397974));
#2617=CARTESIAN_POINT('Ctrl Pts',(-0.00288076923076779,-0.0091881190568713,
-0.0221820816397974));
#2618=CARTESIAN_POINT('Ctrl Pts',(-0.00528461538461393,-0.0156851003483343,
-0.0156851003483343));
#2619=CARTESIAN_POINT('Ctrl Pts',(-0.00768846153846004,-0.0221820816397974,
-0.0091881190568713));
#2620=CARTESIAN_POINT('Ctrl Pts',(-0.0100923076923062,-0.0221820816397974,
-2.71652152786031E-18));
#2621=CARTESIAN_POINT('Ctrl Pts',(-0.0124961538461523,-0.0221820816397974,
0.0091881190568713));
#2622=CARTESIAN_POINT('Ctrl Pts',(-0.0148999999999984,-0.0156851003483343,
0.0156851003483343));
#2623=CARTESIAN_POINT('Ctrl Pts',(-0.0173038461538445,-0.00918811905687131,
0.0221820816397974));
#2624=CARTESIAN_POINT('Ctrl Pts',(-0.0197076923076907,-4.07478229179047E-18,
0.0221820816397974));
#2625=CARTESIAN_POINT('Ctrl Pts',(-0.0221115384615368,0.00918811905687131,
0.0221820816397974));
#2626=CARTESIAN_POINT('Ctrl Pts',(-0.0245153846153829,0.0156851003483343,
0.0156851003483343));
#2627=CARTESIAN_POINT('Ctrl Pts',(-0.026919230769229,0.0221820816397974,
0.00918811905687131));
#2628=CARTESIAN_POINT('Ctrl Pts',(-0.0293230769230752,0.0221820816397974,
0.));
#2629=CARTESIAN_POINT('Ctrl Pts',(-0.0317269230769213,0.0221820816397974,
-0.0091881190568713));
#2630=CARTESIAN_POINT('Ctrl Pts',(-0.0341307692307674,0.0156851003483343,
-0.0156851003483343));
#2631=CARTESIAN_POINT('Ctrl Pts',(-0.0365346153846135,0.0091881190568713,
-0.0221820816397974));
#2632=CARTESIAN_POINT('Ctrl Pts',(-0.0389384615384597,1.35826076393016E-18,
-0.0221820816397974));
#2633=CARTESIAN_POINT('Ctrl Pts',(-0.0413423076923058,-0.0091881190568713,
-0.0221820816397974));
#2634=CARTESIAN_POINT('Ctrl Pts',(-0.0437461538461519,-0.0156851003483343,
-0.0156851003483343));
#2635=CARTESIAN_POINT('Ctrl Pts',(-0.0461499999999981,-0.0221820816397974,
-0.0091881190568713));
#2636=CARTESIAN_POINT('Ctrl Pts',(-0.0485538461538442,-0.0221820816397974,
-2.71652152786031E-18));
#2637=CARTESIAN_POINT('Ctrl Pts',(-0.0509576923076903,-0.0221820816397974,
0.0091881190568713));
#2638=CARTESIAN_POINT('Ctrl Pts',(-0.0533615384615364,-0.0156851003483343,
0.0156851003483343));
#2639=CARTESIAN_POINT('Ctrl Pts',(-0.0557653846153825,-0.00918811905687131,
0.0221820816397974));
#2640=CARTESIAN_POINT('Ctrl Pts',(-0.0581692307692287,-4.07478229179047E-18,
0.0221820816397974));
#2641=CARTESIAN_POINT('Ctrl Pts',(-0.0605730769230748,0.00918811905687131,
0.0221820816397974));
#2642=CARTESIAN_POINT('Ctrl Pts',(-0.0629769230769209,0.0156851003483343,
0.0156851003483343));
#2643=CARTESIAN_POINT('Ctrl Pts',(-0.065380769230767,0.0221820816397974,
0.00918811905687131));
#2644=CARTESIAN_POINT('Ctrl Pts',(-0.0677846153846132,0.0221820816397974,
0.));
#2645=CARTESIAN_POINT('Ctrl Pts',(-0.0701884615384593,0.0221820816397974,
-0.0091881190568713));
#2646=CARTESIAN_POINT('Ctrl Pts',(-0.0725923076923054,0.0156851003483343,
-0.0156851003483343));
#2647=CARTESIAN_POINT('Ctrl Pts',(-0.0749961538461515,0.0091881190568713,
-0.0221820816397974));
#2648=CARTESIAN_POINT('Ctrl Pts',(-0.0773999999999976,1.35826076393016E-18,
-0.0221820816397974));
#2649=CARTESIAN_POINT('Ctrl Pts',(-0.0798038461538438,-0.0091881190568713,
-0.0221820816397974));
#2650=CARTESIAN_POINT('Ctrl Pts',(-0.0822076923076899,-0.0156851003483343,
-0.0156851003483343));
#2651=CARTESIAN_POINT('Ctrl Pts',(-0.0843500810031972,-0.0214754290062156,
-0.00989477169045312));
#2652=CARTESIAN_POINT('Ctrl Pts',(-0.0865551855801677,-0.0221144398608745,
-0.00173098108435663));
#2653=CARTESIAN_POINT('Ctrl Pts',(0.112506058263761,0.0429999968756781,
1.63918168218835E-5));
#2654=CARTESIAN_POINT('Ctrl Pts',(0.110101296028669,0.0430067902491772,
-0.0178043929328656));
#2655=CARTESIAN_POINT('Ctrl Pts',(0.107696153846154,0.0304055915910214,
-0.0304055915910214));
#2656=CARTESIAN_POINT('Ctrl Pts',(0.105292307692308,0.017811183182043,-0.0429999999999998));
#2657=CARTESIAN_POINT('Ctrl Pts',(0.102888461538462,2.6329906181668E-18,
-0.0429999999999998));
#2658=CARTESIAN_POINT('Ctrl Pts',(0.100484615384615,-0.017811183182043,
-0.0429999999999998));
#2659=CARTESIAN_POINT('Ctrl Pts',(0.0980807692307693,-0.0304055915910214,
-0.0304055915910214));
#2660=CARTESIAN_POINT('Ctrl Pts',(0.0956769230769232,-0.0429999999999998,
-0.017811183182043));
#2661=CARTESIAN_POINT('Ctrl Pts',(0.0932730769230771,-0.0429999999999998,
-5.26598123633359E-18));
#2662=CARTESIAN_POINT('Ctrl Pts',(0.090869230769231,-0.0429999999999998,
0.017811183182043));
#2663=CARTESIAN_POINT('Ctrl Pts',(0.0884653846153848,-0.0304055915910214,
0.0304055915910214));
#2664=CARTESIAN_POINT('Ctrl Pts',(0.0860615384615387,-0.017811183182043,
0.0429999999999998));
#2665=CARTESIAN_POINT('Ctrl Pts',(0.0836576923076926,-7.89897185450039E-18,
0.0429999999999998));
#2666=CARTESIAN_POINT('Ctrl Pts',(0.0812538461538464,0.017811183182043,
0.0429999999999998));
#2667=CARTESIAN_POINT('Ctrl Pts',(0.0788500000000003,0.0304055915910214,
0.0304055915910214));
#2668=CARTESIAN_POINT('Ctrl Pts',(0.0764461538461542,0.0429999999999998,
0.017811183182043));
#2669=CARTESIAN_POINT('Ctrl Pts',(0.0740423076923081,0.0429999999999998,
0.));
#2670=CARTESIAN_POINT('Ctrl Pts',(0.0716384615384619,0.0429999999999998,
-0.017811183182043));
#2671=CARTESIAN_POINT('Ctrl Pts',(0.0692346153846158,0.0304055915910214,
-0.0304055915910214));
#2672=CARTESIAN_POINT('Ctrl Pts',(0.0668307692307697,0.017811183182043,
-0.0429999999999998));
#2673=CARTESIAN_POINT('Ctrl Pts',(0.0644269230769236,2.6329906181668E-18,
-0.0429999999999998));
#2674=CARTESIAN_POINT('Ctrl Pts',(0.0620230769230775,-0.017811183182043,
-0.0429999999999998));
#2675=CARTESIAN_POINT('Ctrl Pts',(0.0596192307692313,-0.0304055915910214,
-0.0304055915910214));
#2676=CARTESIAN_POINT('Ctrl Pts',(0.0572153846153852,-0.0429999999999998,
-0.017811183182043));
#2677=CARTESIAN_POINT('Ctrl Pts',(0.0548115384615391,-0.0429999999999998,
-5.26598123633359E-18));
#2678=CARTESIAN_POINT('Ctrl Pts',(0.0524076923076929,-0.0429999999999998,
0.017811183182043));
#2679=CARTESIAN_POINT('Ctrl Pts',(0.0500038461538468,-0.0304055915910214,
0.0304055915910214));
#2680=CARTESIAN_POINT('Ctrl Pts',(0.0476000000000007,-0.017811183182043,
0.0429999999999998));
#2681=CARTESIAN_POINT('Ctrl Pts',(0.0451961538461546,-7.89897185450039E-18,
0.0429999999999998));
#2682=CARTESIAN_POINT('Ctrl Pts',(0.0427923076923084,0.017811183182043,
0.0429999999999998));
#2683=CARTESIAN_POINT('Ctrl Pts',(0.0403884615384623,0.0304055915910214,
0.0304055915910214));
#2684=CARTESIAN_POINT('Ctrl Pts',(0.0379846153846162,0.0429999999999998,
0.017811183182043));
#2685=CARTESIAN_POINT('Ctrl Pts',(0.0355807692307701,0.0429999999999998,
0.));
#2686=CARTESIAN_POINT('Ctrl Pts',(0.033176923076924,0.0429999999999998,
-0.017811183182043));
#2687=CARTESIAN_POINT('Ctrl Pts',(0.0307730769230778,0.0304055915910214,
-0.0304055915910214));
#2688=CARTESIAN_POINT('Ctrl Pts',(0.0283692307692317,0.017811183182043,
-0.0429999999999998));
#2689=CARTESIAN_POINT('Ctrl Pts',(0.0259653846153856,2.6329906181668E-18,
-0.0429999999999998));
#2690=CARTESIAN_POINT('Ctrl Pts',(0.0235615384615395,-0.017811183182043,
-0.0429999999999998));
#2691=CARTESIAN_POINT('Ctrl Pts',(0.0211576923076933,-0.0304055915910214,
-0.0304055915910214));
#2692=CARTESIAN_POINT('Ctrl Pts',(0.0187538461538472,-0.0429999999999998,
-0.017811183182043));
#2693=CARTESIAN_POINT('Ctrl Pts',(0.0163500000000011,-0.0429999999999998,
-5.26598123633359E-18));
#2694=CARTESIAN_POINT('Ctrl Pts',(0.013946153846155,-0.0429999999999998,
0.017811183182043));
#2695=CARTESIAN_POINT('Ctrl Pts',(0.0115423076923088,-0.0304055915910214,
0.0304055915910214));
#2696=CARTESIAN_POINT('Ctrl Pts',(0.0091384615384627,-0.017811183182043,
0.0429999999999998));
#2697=CARTESIAN_POINT('Ctrl Pts',(0.00673461538461658,-7.89897185450039E-18,
0.0429999999999998));
#2698=CARTESIAN_POINT('Ctrl Pts',(0.00433076923077046,0.017811183182043,
0.0429999999999998));
#2699=CARTESIAN_POINT('Ctrl Pts',(0.00192692307692433,0.0304055915910214,
0.0304055915910214));
#2700=CARTESIAN_POINT('Ctrl Pts',(-0.00047692307692179,0.0429999999999998,
0.017811183182043));
#2701=CARTESIAN_POINT('Ctrl Pts',(-0.00288076923076791,0.0429999999999998,
0.));
#2702=CARTESIAN_POINT('Ctrl Pts',(-0.00528461538461404,0.0429999999999998,
-0.017811183182043));
#2703=CARTESIAN_POINT('Ctrl Pts',(-0.00768846153846016,0.0304055915910214,
-0.0304055915910214));
#2704=CARTESIAN_POINT('Ctrl Pts',(-0.0100923076923063,0.017811183182043,
-0.0429999999999998));
#2705=CARTESIAN_POINT('Ctrl Pts',(-0.0124961538461524,2.6329906181668E-18,
-0.0429999999999998));
#2706=CARTESIAN_POINT('Ctrl Pts',(-0.0148999999999985,-0.017811183182043,
-0.0429999999999998));
#2707=CARTESIAN_POINT('Ctrl Pts',(-0.0173038461538447,-0.0304055915910214,
-0.0304055915910214));
#2708=CARTESIAN_POINT('Ctrl Pts',(-0.0197076923076908,-0.0429999999999998,
-0.017811183182043));
#2709=CARTESIAN_POINT('Ctrl Pts',(-0.0221115384615369,-0.0429999999999998,
-5.26598123633359E-18));
#2710=CARTESIAN_POINT('Ctrl Pts',(-0.024515384615383,-0.0429999999999998,
0.017811183182043));
#2711=CARTESIAN_POINT('Ctrl Pts',(-0.0269192307692292,-0.0304055915910214,
0.0304055915910214));
#2712=CARTESIAN_POINT('Ctrl Pts',(-0.0293230769230753,-0.017811183182043,
0.0429999999999998));
#2713=CARTESIAN_POINT('Ctrl Pts',(-0.0317269230769214,-7.89897185450039E-18,
0.0429999999999998));
#2714=CARTESIAN_POINT('Ctrl Pts',(-0.0341307692307675,0.017811183182043,
0.0429999999999998));
#2715=CARTESIAN_POINT('Ctrl Pts',(-0.0365346153846137,0.0304055915910214,
0.0304055915910214));
#2716=CARTESIAN_POINT('Ctrl Pts',(-0.0389384615384598,0.0429999999999998,
0.017811183182043));
#2717=CARTESIAN_POINT('Ctrl Pts',(-0.0413423076923059,0.0429999999999998,
0.));
#2718=CARTESIAN_POINT('Ctrl Pts',(-0.043746153846152,0.0429999999999998,
-0.017811183182043));
#2719=CARTESIAN_POINT('Ctrl Pts',(-0.0461499999999981,0.0304055915910214,
-0.0304055915910214));
#2720=CARTESIAN_POINT('Ctrl Pts',(-0.0485538461538443,0.017811183182043,
-0.0429999999999998));
#2721=CARTESIAN_POINT('Ctrl Pts',(-0.0509576923076904,2.6329906181668E-18,
-0.0429999999999998));
#2722=CARTESIAN_POINT('Ctrl Pts',(-0.0533615384615365,-0.017811183182043,
-0.0429999999999998));
#2723=CARTESIAN_POINT('Ctrl Pts',(-0.0557653846153827,-0.0304055915910214,
-0.0304055915910214));
#2724=CARTESIAN_POINT('Ctrl Pts',(-0.0581692307692288,-0.0429999999999998,
-0.017811183182043));
#2725=CARTESIAN_POINT('Ctrl Pts',(-0.0605730769230749,-0.0429999999999998,
-5.26598123633359E-18));
#2726=CARTESIAN_POINT('Ctrl Pts',(-0.062976923076921,-0.0429999999999998,
0.017811183182043));
#2727=CARTESIAN_POINT('Ctrl Pts',(-0.0653807692307672,-0.0304055915910214,
0.0304055915910214));
#2728=CARTESIAN_POINT('Ctrl Pts',(-0.0677846153846133,-0.017811183182043,
0.0429999999999998));
#2729=CARTESIAN_POINT('Ctrl Pts',(-0.0701884615384594,-7.89897185450039E-18,
0.0429999999999998));
#2730=CARTESIAN_POINT('Ctrl Pts',(-0.0725923076923056,0.017811183182043,
0.0429999999999998));
#2731=CARTESIAN_POINT('Ctrl Pts',(-0.0749961538461516,0.0304055915910214,
0.0304055915910214));
#2732=CARTESIAN_POINT('Ctrl Pts',(-0.0773999999999978,0.0429999999999998,
0.017811183182043));
#2733=CARTESIAN_POINT('Ctrl Pts',(-0.0798038461538439,0.0429999999999998,
0.));
#2734=CARTESIAN_POINT('Ctrl Pts',(-0.08220769230769,0.0429999999999998,
-0.017811183182043));
#2735=CARTESIAN_POINT('Ctrl Pts',(-0.0846115384615362,0.0304055915910214,
-0.0304055915910214));
#2736=CARTESIAN_POINT('Ctrl Pts',(-0.0870153846153823,0.017811183182043,
-0.0429999999999998));
#2737=CARTESIAN_POINT('Ctrl Pts',(-0.0894192307692284,2.6329906181668E-18,
-0.0429999999999998));
#2738=CARTESIAN_POINT('Ctrl Pts',(-0.0918230769230745,-0.017811183182043,
-0.0429999999999998));
#2739=CARTESIAN_POINT('Ctrl Pts',(-0.0942269230769207,-0.0304055915910214,
-0.0304055915910214));
#2740=CARTESIAN_POINT('Ctrl Pts',(-0.0963693117724279,-0.0416301527630524,
-0.0191810304189904));
#2741=CARTESIAN_POINT('Ctrl Pts',(-0.0985744163493985,-0.0428688763056183,
-0.00335550954306265));
#2742=CARTESIAN_POINT('',(-0.0503972949821129,0.00407218772625929,-0.0428067434771917));
#2743=CARTESIAN_POINT('Ctrl Pts',(-0.0503972949821071,0.00407218772625872,
-0.0428067434771951));
#2744=CARTESIAN_POINT('Ctrl Pts',(-0.0507951427556782,0.000268993275965727,
-0.0429378052674907));
#2745=CARTESIAN_POINT('Ctrl Pts',(-0.0511581516896602,-0.00335830746752307,
-0.0425801797296964));
#2746=CARTESIAN_POINT('Ctrl Pts',(-0.0519233195503177,-0.0102544439067093,
-0.0409982659563947));
#2747=CARTESIAN_POINT('Ctrl Pts',(-0.0523108783065006,-0.0135269236340559,
-0.0398022456760389));
#2748=CARTESIAN_POINT('Ctrl Pts',(-0.0531010814019489,-0.0197557329837293,
-0.0365970428470161));
#2749=CARTESIAN_POINT('Ctrl Pts',(-0.0535007976691611,-0.0226805615930357,
-0.0345855471547213));
#2750=CARTESIAN_POINT('Ctrl Pts',(-0.0542355731077308,-0.0276385203059472,
-0.0301514643835496));
#2751=CARTESIAN_POINT('Ctrl Pts',(-0.0546141834643207,-0.0301234064690391,
-0.0274734130175584));
#2752=CARTESIAN_POINT('Ctrl Pts',(-0.0550769172410177,-0.0323435976102835,
-0.0240382639644241));
#2753=CARTESIAN_POINT('Ctrl Pts',(-0.0221115384615368,-0.0429999999999998,
-5.26598123633359E-18));
#2754=CARTESIAN_POINT('Ctrl Pts',(-0.024515384615383,-0.0429999999999998,
0.017811183182043));
#2755=CARTESIAN_POINT('Ctrl Pts',(-0.0269192307692291,-0.0304055915910214,
0.0304055915910214));
#2756=CARTESIAN_POINT('Ctrl Pts',(-0.0293230769230752,-0.017811183182043,
0.0429999999999998));
#2757=CARTESIAN_POINT('Ctrl Pts',(-0.0317269230769213,-7.89897185450039E-18,
0.0429999999999998));
#2758=CARTESIAN_POINT('Ctrl Pts',(-0.0341307692307675,0.017811183182043,
0.0429999999999998));
#2759=CARTESIAN_POINT('Ctrl Pts',(-0.0365346153846136,0.0304055915910214,
0.0304055915910214));
#2760=CARTESIAN_POINT('Ctrl Pts',(-0.0389384615384597,0.0429999999999998,
0.017811183182043));
#2761=CARTESIAN_POINT('Ctrl Pts',(-0.0413423076923058,0.0429999999999998,
0.));
#2762=CARTESIAN_POINT('Ctrl Pts',(-0.043746153846152,0.0429999999999998,
-0.017811183182043));
#2763=CARTESIAN_POINT('Ctrl Pts',(-0.0461499999999981,0.0304055915910214,
-0.0304055915910214));
#2764=CARTESIAN_POINT('Ctrl Pts',(-0.0482373971964067,0.0194691459448374,
-0.0413420372372054));
#2765=CARTESIAN_POINT('Ctrl Pts',(-0.0503972949821129,0.00407218772625929,
-0.0428067434771917));
#2766=CARTESIAN_POINT('Origin',(-0.0625000000000003,4.34137290297736E-17,
0.));
#2767=CARTESIAN_POINT('Origin',(-0.0503972949821129,4.76171174791643E-17,
0.));
#2768=CARTESIAN_POINT('Ctrl Pts',(0.112503846153846,0.0429999999999998,
0.));
#2769=CARTESIAN_POINT('Ctrl Pts',(0.114122493124546,0.0424379693393566,
0.0113703525139096));
#2770=CARTESIAN_POINT('Ctrl Pts',(0.115728846153846,0.037203257759958,0.0220985551667688));
#2771=CARTESIAN_POINT('Ctrl Pts',(0.118147596153846,0.0250112488395614,
0.0329904249983781));
#2772=CARTESIAN_POINT('Ctrl Pts',(0.118953846153846,0.0202635137684529,
0.0357663101971297));
#2773=CARTESIAN_POINT('Ctrl Pts',(0.120566346153846,0.0101717331778807,
0.0392561474018754));
#2774=CARTESIAN_POINT('Ctrl Pts',(0.121372596153847,0.00483209089838865,
0.039969526946169));
#2775=CARTESIAN_POINT('Ctrl Pts',(0.122985096153846,-0.00560419380995323,
0.0393079632932196));
#2776=CARTESIAN_POINT('Ctrl Pts',(0.123791346153846,-0.0106966412396287,
0.0379341857901776));
#2777=CARTESIAN_POINT('Ctrl Pts',(0.125403846153846,-0.0198707542511401,
0.0333934865071309));
#2778=CARTESIAN_POINT('Ctrl Pts',(0.126210096153845,-0.0239490788738764,
0.0302292201738763));
#2779=CARTESIAN_POINT('Ctrl Pts',(0.128628846153848,-0.0337968926685439,
0.0188839425279128));
#2780=CARTESIAN_POINT('Ctrl Pts',(0.130241346153843,-0.0370203012657638,
0.00883794262202009));
#2781=CARTESIAN_POINT('Ctrl Pts',(0.133466346153849,-0.0355284345132933,
-0.0102512165199124));
#2782=CARTESIAN_POINT('Ctrl Pts',(0.135078846153842,-0.0308504052248895,
-0.0191744816318886));
#2783=CARTESIAN_POINT('Ctrl Pts',(0.138303846153851,-0.0168777954358856,
-0.0309363093362283));
#2784=CARTESIAN_POINT('Ctrl Pts',(0.139916346153843,-0.0076905694669521,
-0.0337208237984183));
#2785=CARTESIAN_POINT('Ctrl Pts',(0.143141346153849,0.00961404023079577,
-0.0320948253610562));
#2786=CARTESIAN_POINT('Ctrl Pts',(0.144753846153848,0.0176230616691874,
-0.0277223977485172));
#2787=CARTESIAN_POINT('Ctrl Pts',(0.147978846153844,0.0280401452447246,
-0.014929315622434));
#2788=CARTESIAN_POINT('Ctrl Pts',(0.149591346153845,0.0304028304432012,
-0.00660837490466234));
#2789=CARTESIAN_POINT('Ctrl Pts',(0.152816346153847,0.0286773126470532,
0.00891105105100958));
#2790=CARTESIAN_POINT('Ctrl Pts',(0.154428846153849,0.0246278129825436,
0.0160127099205601));
#2791=CARTESIAN_POINT('Ctrl Pts',(0.157653846153843,0.0130390030329563,
0.025109253832342));
#2792=CARTESIAN_POINT('Ctrl Pts',(0.159266346153843,0.00559160761717021,
0.027067278477098));
#2793=CARTESIAN_POINT('Ctrl Pts',(0.162491346153849,-0.00814250513027417,
0.0252768516707994));
#2794=CARTESIAN_POINT('Ctrl Pts',(0.164103846153847,-0.0143439329369196,
0.0215675003539159));
#2795=CARTESIAN_POINT('Ctrl Pts',(0.167328846153845,-0.0221444948751213,
0.0112073464507755));
#2796=CARTESIAN_POINT('Ctrl Pts',(0.16894134615385,-0.0237151282262144,
0.00464050381313758));
#2797=CARTESIAN_POINT('Ctrl Pts',(0.172166346153842,-0.0218943942473671,
-0.00730867097089672));
#2798=CARTESIAN_POINT('Ctrl Pts',(0.173778846153849,-0.0185423025569702,
-0.0126172482022873));
#2799=CARTESIAN_POINT('Ctrl Pts',(0.177003846153843,-0.00943482342522998,
-0.0191467343532994));
#2800=CARTESIAN_POINT('Ctrl Pts',(0.178616346153844,-0.00375528719222004,
-0.0203473429066255));
#2801=CARTESIAN_POINT('Ctrl Pts',(0.181841346153848,0.00640982938376399,
-0.0185308885644137));
#2802=CARTESIAN_POINT('Ctrl Pts',(0.183453846153845,0.0108331840428985,
-0.015553055414721));
#2803=CARTESIAN_POINT('Ctrl Pts',(0.186678846153847,0.0161168443214539,
-0.00772190020395041));
#2804=CARTESIAN_POINT('Ctrl Pts',(0.188290664524857,0.0169652692837897,
-0.00293795110893428));
#2805=CARTESIAN_POINT('Ctrl Pts',(0.189903846153846,0.016076083752281,0.00125505226569322));
#2806=CARTESIAN_POINT('Ctrl Pts',(0.107696153846154,0.0429999999999998,
0.));
#2807=CARTESIAN_POINT('Ctrl Pts',(0.109314800816854,0.0424379693393566,
0.0113703525139096));
#2808=CARTESIAN_POINT('Ctrl Pts',(0.110921153846154,0.037203257759958,0.0220985551667688));
#2809=CARTESIAN_POINT('Ctrl Pts',(0.113339903846154,0.0250112488395614,
0.0329904249983781));
#2810=CARTESIAN_POINT('Ctrl Pts',(0.114146153846154,0.0202635137684529,
0.0357663101971297));
#2811=CARTESIAN_POINT('Ctrl Pts',(0.115758653846154,0.0101717331778807,
0.0392561474018754));
#2812=CARTESIAN_POINT('Ctrl Pts',(0.116564903846154,0.00483209089838865,
0.039969526946169));
#2813=CARTESIAN_POINT('Ctrl Pts',(0.118177403846153,-0.00560419380995323,
0.0393079632932196));
#2814=CARTESIAN_POINT('Ctrl Pts',(0.118983653846154,-0.0106966412396287,
0.0379341857901776));
#2815=CARTESIAN_POINT('Ctrl Pts',(0.120596153846154,-0.0198707542511401,
0.0333934865071309));
#2816=CARTESIAN_POINT('Ctrl Pts',(0.121402403846153,-0.0239490788738764,
0.0302292201738763));
#2817=CARTESIAN_POINT('Ctrl Pts',(0.123821153846156,-0.0337968926685439,
0.0188839425279128));
#2818=CARTESIAN_POINT('Ctrl Pts',(0.125433653846151,-0.0370203012657638,
0.00883794262202009));
#2819=CARTESIAN_POINT('Ctrl Pts',(0.128658653846157,-0.0355284345132933,
-0.0102512165199124));
#2820=CARTESIAN_POINT('Ctrl Pts',(0.130271153846149,-0.0308504052248895,
-0.0191744816318886));
#2821=CARTESIAN_POINT('Ctrl Pts',(0.133496153846158,-0.0168777954358856,
-0.0309363093362283));
#2822=CARTESIAN_POINT('Ctrl Pts',(0.135108653846151,-0.0076905694669521,
-0.0337208237984183));
#2823=CARTESIAN_POINT('Ctrl Pts',(0.138333653846157,0.00961404023079577,
-0.0320948253610562));
#2824=CARTESIAN_POINT('Ctrl Pts',(0.139946153846156,0.0176230616691874,
-0.0277223977485172));
#2825=CARTESIAN_POINT('Ctrl Pts',(0.143171153846152,0.0280401452447246,
-0.014929315622434));
#2826=CARTESIAN_POINT('Ctrl Pts',(0.144783653846152,0.0304028304432012,
-0.00660837490466234));
#2827=CARTESIAN_POINT('Ctrl Pts',(0.148008653846155,0.0286773126470532,
0.00891105105100958));
#2828=CARTESIAN_POINT('Ctrl Pts',(0.149621153846155,0.0246278129825435,
0.0160127099205601));
#2829=CARTESIAN_POINT('Ctrl Pts',(0.152846153846153,0.0130390030329563,
0.025109253832342));
#2830=CARTESIAN_POINT('Ctrl Pts',(0.154458653846151,0.00559160761717021,
0.027067278477098));
#2831=CARTESIAN_POINT('Ctrl Pts',(0.157683653846157,-0.00814250513027417,
0.0252768516707994));
#2832=CARTESIAN_POINT('Ctrl Pts',(0.159296153846155,-0.0143439329369196,
0.0215675003539159));
#2833=CARTESIAN_POINT('Ctrl Pts',(0.162521153846153,-0.0221444948751213,
0.0112073464507755));
#2834=CARTESIAN_POINT('Ctrl Pts',(0.164133653846158,-0.0237151282262144,
0.00464050381313758));
#2835=CARTESIAN_POINT('Ctrl Pts',(0.16735865384615,-0.0218943942473671,
-0.00730867097089672));
#2836=CARTESIAN_POINT('Ctrl Pts',(0.168971153846157,-0.0185423025569702,
-0.0126172482022873));
#2837=CARTESIAN_POINT('Ctrl Pts',(0.172196153846151,-0.00943482342522998,
-0.0191467343532994));
#2838=CARTESIAN_POINT('Ctrl Pts',(0.173808653846152,-0.00375528719222004,
-0.0203473429066255));
#2839=CARTESIAN_POINT('Ctrl Pts',(0.177033653846156,0.00640982938376399,
-0.0185308885644137));
#2840=CARTESIAN_POINT('Ctrl Pts',(0.178646153846153,0.0108331840428985,
-0.015553055414721));
#2841=CARTESIAN_POINT('Ctrl Pts',(0.181871153846155,0.0161168443214539,
-0.00772190020395041));
#2842=CARTESIAN_POINT('Ctrl Pts',(0.183482972217165,0.0169652692837897,
-0.00293795110893433));
#2843=CARTESIAN_POINT('Ctrl Pts',(0.185096153846154,0.016076083752281,0.00125505226569322));
#2844=CARTESIAN_POINT('Origin',(0.1101,-5.46369598732853E-18,5.35399712129034E-18));
#2845=UNCERTAINTY_MEASURE_WITH_UNIT(LENGTH_MEASURE(0.000393700787401575),
#2850,'DISTANCE_ACCURACY_VALUE',
'Maximum model space distance between geometric entities at asserted c
onnectivities');
#2846=UNCERTAINTY_MEASURE_WITH_UNIT(LENGTH_MEASURE(0.000393700787401575),
#2850,'DISTANCE_ACCURACY_VALUE',
'Maximum model space distance between geometric entities at asserted c
onnectivities');
#2847=(
GEOMETRIC_REPRESENTATION_CONTEXT(3)
GLOBAL_UNCERTAINTY_ASSIGNED_CONTEXT((#2845))
GLOBAL_UNIT_ASSIGNED_CONTEXT((#2850,#2854,#2855))
REPRESENTATION_CONTEXT('','3D')
);
#2848=(
GEOMETRIC_REPRESENTATION_CONTEXT(3)
GLOBAL_UNCERTAINTY_ASSIGNED_CONTEXT((#2846))
GLOBAL_UNIT_ASSIGNED_CONTEXT((#2850,#2854,#2855))
REPRESENTATION_CONTEXT('','3D')
);
#2849=DIMENSIONAL_EXPONENTS(1.,0.,0.,0.,0.,0.,0.);
#2850=(
CONVERSION_BASED_UNIT('inch',#2853)
LENGTH_UNIT()
NAMED_UNIT(#2849)
);
#2851=(
LENGTH_UNIT()
NAMED_UNIT(*)
SI_UNIT(.MILLI.,.METRE.)
);
#2852=(
LENGTH_UNIT()
NAMED_UNIT(*)
SI_UNIT($,.METRE.)
);
#2853=LENGTH_MEASURE_WITH_UNIT(LENGTH_MEASURE(25.4),#2851);
#2854=(
NAMED_UNIT(*)
PLANE_ANGLE_UNIT()
SI_UNIT($,.RADIAN.)
);
#2855=(
NAMED_UNIT(*)
SI_UNIT($,.STERADIAN.)
SOLID_ANGLE_UNIT()
);
#2856=SHAPE_DEFINITION_REPRESENTATION(#2857,#2858);
#2857=PRODUCT_DEFINITION_SHAPE('',$,#2860);
#2858=SHAPE_REPRESENTATION('',(#995),#2847);
#2859=PRODUCT_DEFINITION_CONTEXT('part definition',#2864,'design');
#2860=PRODUCT_DEFINITION(
'92114A079_Brass Phillips Flat Head Screws for Wood',
'92114A079_Brass Phillips Flat Head Screws for Wood',#2861,#2859);
#2861=PRODUCT_DEFINITION_FORMATION('',$,#2866);
#2862=PRODUCT_RELATED_PRODUCT_CATEGORY(
'92114A079_Brass Phillips Flat Head Screws for Wood',
'92114A079_Brass Phillips Flat Head Screws for Wood',(#2866));
#2863=APPLICATION_PROTOCOL_DEFINITION('international standard',
'automotive_design',2009,#2864);
#2864=APPLICATION_CONTEXT(
'Core Data for Automotive Mechanical Design Process');
#2865=PRODUCT_CONTEXT('part definition',#2864,'mechanical');
#2866=PRODUCT('92114A079_Brass Phillips Flat Head Screws for Wood',
'92114A079_Brass Phillips Flat Head Screws for Wood',$,(#2865));
#2867=PRESENTATION_STYLE_ASSIGNMENT((#2868));
#2868=SURFACE_STYLE_USAGE(.BOTH.,#2869);
#2869=SURFACE_SIDE_STYLE('',(#2870));
#2870=SURFACE_STYLE_FILL_AREA(#2871);
#2871=FILL_AREA_STYLE('Steel - Satin',(#2872));
#2872=FILL_AREA_STYLE_COLOUR('Steel - Satin',#2873);
#2873=COLOUR_RGB('Steel - Satin',0.627450980392157,0.627450980392157,0.627450980392157);
ENDSEC;
END-ISO-10303-21;
