ISO-10303-21;
HEADER;
/* Generated by software containing ST-Developer
 * from STEP Tools, Inc. (www.steptools.com) 
 */

FILE_DESCRIPTION(
/* description */ (''),
/* implementation_level */ '2;1');

FILE_NAME(
/* name */ 'hinge_1603A3_with_screws.step',
/* time_stamp */ '2026-03-17T17:28:23-04:00',
/* author */ (''),
/* organization */ (''),
/* preprocessor_version */ 'ST-DEVELOPER v20.1',
/* originating_system */ 'Autodesk Translation Framework v14.24.0.0',
/* authorisation */ '');

FILE_SCHEMA (('AUTOMOTIVE_DESIGN { 1 0 10303 214 3 1 1 }'));
ENDSEC;

DATA;
#10=MECHANICAL_DESIGN_GEOMETRIC_PRESENTATION_REPRESENTATION('',(#189,#190,
#191,#192,#193,#194,#195),#13228);
#11=SHAPE_REPRESENTATION_RELATIONSHIP('SRR','None',#13238,#12);
#12=ADVANCED_BREP_SHAPE_REPRESENTATION('',(#196,#197,#198,#199,#200,#201,
#202),#13227);
#13=(
BOUNDED_SURFACE()
B_SPLINE_SURFACE(1,2,((#7613,#7614,#7615,#7616,#7617,#7618,#7619,#7620,
#7621,#7622,#7623,#7624,#7625,#7626,#7627,#7628,#7629,#7630,#7631,#7632,
#7633,#7634,#7635,#7636,#7637,#7638,#7639,#7640,#7641,#7642,#7643,#7644,
#7645,#7646,#7647,#7648,#7649,#7650,#7651,#7652,#7653,#7654,#7655,#7656,
#7657,#7658,#7659,#7660,#7661,#7662,#7663,#7664,#7665,#7666,#7667,#7668,
#7669,#7670,#7671,#7672,#7673,#7674,#7675,#7676,#7677,#7678,#7679,#7680,
#7681,#7682,#7683,#7684,#7685,#7686,#7687,#7688,#7689,#7690,#7691,#7692,
#7693,#7694,#7695,#7696,#7697,#7698,#7699,#7700,#7701),(#7702,#7703,#7704,
#7705,#7706,#7707,#7708,#7709,#7710,#7711,#7712,#7713,#7714,#7715,#7716,
#7717,#7718,#7719,#7720,#7721,#7722,#7723,#7724,#7725,#7726,#7727,#7728,
#7729,#7730,#7731,#7732,#7733,#7734,#7735,#7736,#7737,#7738,#7739,#7740,
#7741,#7742,#7743,#7744,#7745,#7746,#7747,#7748,#7749,#7750,#7751,#7752,
#7753,#7754,#7755,#7756,#7757,#7758,#7759,#7760,#7761,#7762,#7763,#7764,
#7765,#7766,#7767,#7768,#7769,#7770,#7771,#7772,#7773,#7774,#7775,#7776,
#7777,#7778,#7779,#7780,#7781,#7782,#7783,#7784,#7785,#7786,#7787,#7788,
#7789,#7790)),.UNSPECIFIED.,.F.,.F.,.F.)
B_SPLINE_SURFACE_WITH_KNOTS((2,2),(3,2,2,2,2,2,2,2,2,2,2,2,2,2,2,2,2,2,
2,2,2,2,2,2,2,2,2,2,2,2,2,2,2,2,2,2,2,2,2,2,2,2,2,2,3),(0.,1.),(0.,0.0208333333333333,
0.0416666666666667,0.0625,0.0833333333333333,0.104166666666667,0.125,0.145833333333333,
0.166666666666667,0.1875,0.208333333333333,0.229166666666667,0.25,0.270833333333333,
0.291666666666667,0.3125,0.333333333333333,0.354166666666667,0.375,0.395833333333333,
0.416666666666667,0.4375,0.458333333333333,0.479166666666667,0.5,0.520833333333333,
0.541666666666667,0.5625,0.583333333333333,0.604166666666667,0.625,0.645833333333333,
0.666666666666667,0.6875,0.708333333333333,0.729166666666667,0.75,0.770833333333333,
0.791666666666667,0.8125,0.833333333333333,0.854166666666667,0.875,0.895833333333333,
0.914559634877429),.UNSPECIFIED.)
GEOMETRIC_REPRESENTATION_ITEM()
RATIONAL_B_SPLINE_SURFACE(((1.,0.923879532511287,1.,0.923879532511287,1.,
0.923879532511287,1.,0.923879532511287,1.,0.923879532511287,1.,0.923879532511287,
1.,0.923879532511287,1.,0.923879532511287,1.,0.923879532511287,1.,0.923879532511287,
1.,0.923879532511287,1.,0.923879532511287,1.,0.923879532511287,1.,0.923879532511287,
1.,0.923879532511287,1.,0.923879532511287,1.,0.923879532511287,1.,0.923879532511287,
1.,0.923879532511287,1.,0.923879532511287,1.,0.923879532511287,1.,0.923879532511287,
1.,0.923879532511287,1.,0.923879532511287,1.,0.923879532511287,1.,0.923879532511287,
1.,0.923879532511287,1.,0.923879532511287,1.,0.923879532511287,1.,0.923879532511287,
1.,0.923879532511287,1.,0.923879532511287,1.,0.923879532511287,1.,0.923879532511287,
1.,0.923879532511287,1.,0.923879532511287,1.,0.923879532511287,1.,0.923879532511287,
1.,0.923879532511287,1.,0.923879532511287,1.,0.923879532511287,1.,0.923879532511287,
1.,0.923879532511287,1.,0.931578168262182,0.986159970443255),(1.,0.923879532511287,
1.,0.923879532511287,1.,0.923879532511287,1.,0.923879532511287,1.,0.923879532511287,
1.,0.923879532511287,1.,0.923879532511287,1.,0.923879532511287,1.,0.923879532511287,
1.,0.923879532511287,1.,0.923879532511287,1.,0.923879532511287,1.,0.923879532511287,
1.,0.923879532511287,1.,0.923879532511287,1.,0.923879532511287,1.,0.923879532511287,
1.,0.923879532511287,1.,0.923879532511287,1.,0.923879532511287,1.,0.923879532511287,
1.,0.923879532511287,1.,0.923879532511287,1.,0.923879532511287,1.,0.923879532511287,
1.,0.923879532511287,1.,0.923879532511287,1.,0.923879532511287,1.,0.923879532511287,
1.,0.923879532511287,1.,0.923879532511287,1.,0.923879532511287,1.,0.923879532511287,
1.,0.923879532511287,1.,0.923879532511287,1.,0.923879532511287,1.,0.923879532511287,
1.,0.923879532511287,1.,0.923879532511287,1.,0.923879532511287,1.,0.923879532511287,
1.,0.923879532511287,1.,0.923879532511287,1.,0.931578168262182,0.986159970443255)))
REPRESENTATION_ITEM('')
SURFACE()
);
#14=(
BOUNDED_SURFACE()
B_SPLINE_SURFACE(1,2,((#7797,#7798,#7799,#7800,#7801,#7802,#7803,#7804,
#7805,#7806,#7807,#7808,#7809,#7810,#7811,#7812,#7813,#7814,#7815,#7816,
#7817,#7818,#7819,#7820,#7821,#7822,#7823,#7824,#7825,#7826,#7827,#7828,
#7829,#7830,#7831,#7832,#7833,#7834,#7835,#7836,#7837,#7838,#7839,#7840,
#7841,#7842,#7843,#7844,#7845,#7846,#7847,#7848,#7849,#7850,#7851,#7852,
#7853,#7854,#7855,#7856,#7857,#7858,#7859,#7860,#7861,#7862,#7863,#7864,
#7865,#7866,#7867,#7868,#7869,#7870,#7871,#7872,#7873,#7874,#7875,#7876,
#7877,#7878,#7879,#7880,#7881,#7882,#7883,#7884,#7885),(#7886,#7887,#7888,
#7889,#7890,#7891,#7892,#7893,#7894,#7895,#7896,#7897,#7898,#7899,#7900,
#7901,#7902,#7903,#7904,#7905,#7906,#7907,#7908,#7909,#7910,#7911,#7912,
#7913,#7914,#7915,#7916,#7917,#7918,#7919,#7920,#7921,#7922,#7923,#7924,
#7925,#7926,#7927,#7928,#7929,#7930,#7931,#7932,#7933,#7934,#7935,#7936,
#7937,#7938,#7939,#7940,#7941,#7942,#7943,#7944,#7945,#7946,#7947,#7948,
#7949,#7950,#7951,#7952,#7953,#7954,#7955,#7956,#7957,#7958,#7959,#7960,
#7961,#7962,#7963,#7964,#7965,#7966,#7967,#7968,#7969,#7970,#7971,#7972,
#7973,#7974)),.UNSPECIFIED.,.F.,.F.,.F.)
B_SPLINE_SURFACE_WITH_KNOTS((2,2),(3,2,2,2,2,2,2,2,2,2,2,2,2,2,2,2,2,2,
2,2,2,2,2,2,2,2,2,2,2,2,2,2,2,2,2,2,2,2,2,2,2,2,2,2,3),(0.,1.),(-4.9383336549075E-5,
0.0208333333333333,0.0416666666666667,0.0625,0.0833333333333333,0.104166666666667,
0.125,0.145833333333333,0.166666666666667,0.1875,0.208333333333333,0.229166666666667,
0.25,0.270833333333333,0.291666666666667,0.3125,0.333333333333333,0.354166666666667,
0.375,0.395833333333333,0.416666666666667,0.4375,0.458333333333333,0.479166666666667,
0.5,0.520833333333333,0.541666666666667,0.5625,0.583333333333333,0.604166666666667,
0.625,0.645833333333333,0.666666666666667,0.6875,0.708333333333333,0.729166666666667,
0.75,0.770833333333333,0.791666666666667,0.8125,0.833333333333333,0.854166666666667,
0.875,0.895833333333333,0.914555710991789),.UNSPECIFIED.)
GEOMETRIC_REPRESENTATION_ITEM()
RATIONAL_B_SPLINE_SURFACE(((1.00036172734666,0.923699096543402,1.,0.923879532511287,
1.,0.923879532511287,1.,0.923879532511287,1.,0.923879532511287,1.,0.923879532511287,
1.,0.923879532511287,1.,0.923879532511287,1.,0.923879532511287,1.,0.923879532511287,
1.,0.923879532511287,1.,0.923879532511287,1.,0.923879532511287,1.,0.923879532511287,
1.,0.923879532511287,1.,0.923879532511287,1.,0.923879532511287,1.,0.923879532511287,
1.,0.923879532511287,1.,0.923879532511287,1.,0.923879532511287,1.,0.923879532511287,
1.,0.923879532511287,1.,0.923879532511287,1.,0.923879532511287,1.,0.923879532511287,
1.,0.923879532511287,1.,0.923879532511287,1.,0.923879532511287,1.,0.923879532511287,
1.,0.923879532511287,1.,0.923879532511287,1.,0.923879532511287,1.,0.923879532511287,
1.,0.923879532511287,1.,0.923879532511287,1.,0.923879532511287,1.,0.923879532511287,
1.,0.923879532511287,1.,0.923879532511287,1.,0.923879532511287,1.,0.923879532511287,
1.,0.923879532511287,1.,0.93159250528663,0.986137101839741),(1.00036172734666,
0.923699096543402,1.,0.923879532511287,1.,0.923879532511287,1.,0.923879532511287,
1.,0.923879532511287,1.,0.923879532511287,1.,0.923879532511287,1.,0.923879532511287,
1.,0.923879532511287,1.,0.923879532511287,1.,0.923879532511287,1.,0.923879532511287,
1.,0.923879532511287,1.,0.923879532511287,1.,0.923879532511287,1.,0.923879532511287,
1.,0.923879532511287,1.,0.923879532511287,1.,0.923879532511287,1.,0.923879532511287,
1.,0.923879532511287,1.,0.923879532511287,1.,0.923879532511287,1.,0.923879532511287,
1.,0.923879532511287,1.,0.923879532511287,1.,0.923879532511287,1.,0.923879532511287,
1.,0.923879532511287,1.,0.923879532511287,1.,0.923879532511287,1.,0.923879532511287,
1.,0.923879532511287,1.,0.923879532511287,1.,0.923879532511287,1.,0.923879532511287,
1.,0.923879532511287,1.,0.923879532511287,1.,0.923879532511287,1.,0.923879532511287,
1.,0.923879532511287,1.,0.923879532511287,1.,0.923879532511287,1.,0.93159250528663,
0.986137101839741)))
REPRESENTATION_ITEM('')
SURFACE()
);
#15=(
BOUNDED_SURFACE()
B_SPLINE_SURFACE(1,2,((#9334,#9335,#9336,#9337,#9338,#9339,#9340,#9341,
#9342,#9343,#9344,#9345,#9346,#9347,#9348,#9349,#9350,#9351,#9352,#9353,
#9354,#9355,#9356,#9357,#9358,#9359,#9360,#9361,#9362,#9363,#9364,#9365,
#9366,#9367,#9368,#9369,#9370,#9371,#9372,#9373,#9374,#9375,#9376,#9377,
#9378,#9379,#9380,#9381,#9382,#9383,#9384,#9385,#9386,#9387,#9388,#9389,
#9390,#9391,#9392,#9393,#9394,#9395,#9396,#9397,#9398,#9399,#9400,#9401,
#9402,#9403,#9404,#9405,#9406,#9407,#9408,#9409,#9410,#9411,#9412,#9413,
#9414,#9415,#9416,#9417,#9418,#9419,#9420,#9421,#9422),(#9423,#9424,#9425,
#9426,#9427,#9428,#9429,#9430,#9431,#9432,#9433,#9434,#9435,#9436,#9437,
#9438,#9439,#9440,#9441,#9442,#9443,#9444,#9445,#9446,#9447,#9448,#9449,
#9450,#9451,#9452,#9453,#9454,#9455,#9456,#9457,#9458,#9459,#9460,#9461,
#9462,#9463,#9464,#9465,#9466,#9467,#9468,#9469,#9470,#9471,#9472,#9473,
#9474,#9475,#9476,#9477,#9478,#9479,#9480,#9481,#9482,#9483,#9484,#9485,
#9486,#9487,#9488,#9489,#9490,#9491,#9492,#9493,#9494,#9495,#9496,#9497,
#9498,#9499,#9500,#9501,#9502,#9503,#9504,#9505,#9506,#9507,#9508,#9509,
#9510,#9511)),.UNSPECIFIED.,.F.,.F.,.F.)
B_SPLINE_SURFACE_WITH_KNOTS((2,2),(3,2,2,2,2,2,2,2,2,2,2,2,2,2,2,2,2,2,
2,2,2,2,2,2,2,2,2,2,2,2,2,2,2,2,2,2,2,2,2,2,2,2,2,2,3),(0.,1.),(0.,0.0208333333333333,
0.0416666666666667,0.0625,0.0833333333333333,0.104166666666667,0.125,0.145833333333333,
0.166666666666667,0.1875,0.208333333333333,0.229166666666667,0.25,0.270833333333333,
0.291666666666667,0.3125,0.333333333333333,0.354166666666667,0.375,0.395833333333333,
0.416666666666667,0.4375,0.458333333333333,0.479166666666667,0.5,0.520833333333333,
0.541666666666667,0.5625,0.583333333333333,0.604166666666667,0.625,0.645833333333333,
0.666666666666667,0.6875,0.708333333333333,0.729166666666667,0.75,0.770833333333333,
0.791666666666667,0.8125,0.833333333333333,0.854166666666667,0.875,0.895833333333333,
0.914559634877429),.UNSPECIFIED.)
GEOMETRIC_REPRESENTATION_ITEM()
RATIONAL_B_SPLINE_SURFACE(((1.,0.923879532511287,1.,0.923879532511287,1.,
0.923879532511287,1.,0.923879532511287,1.,0.923879532511287,1.,0.923879532511287,
1.,0.923879532511287,1.,0.923879532511287,1.,0.923879532511287,1.,0.923879532511287,
1.,0.923879532511287,1.,0.923879532511287,1.,0.923879532511287,1.,0.923879532511287,
1.,0.923879532511287,1.,0.923879532511287,1.,0.923879532511287,1.,0.923879532511287,
1.,0.923879532511287,1.,0.923879532511287,1.,0.923879532511287,1.,0.923879532511287,
1.,0.923879532511287,1.,0.923879532511287,1.,0.923879532511287,1.,0.923879532511287,
1.,0.923879532511287,1.,0.923879532511287,1.,0.923879532511287,1.,0.923879532511287,
1.,0.923879532511287,1.,0.923879532511287,1.,0.923879532511287,1.,0.923879532511287,
1.,0.923879532511287,1.,0.923879532511287,1.,0.923879532511287,1.,0.923879532511287,
1.,0.923879532511287,1.,0.923879532511287,1.,0.923879532511287,1.,0.923879532511287,
1.,0.923879532511287,1.,0.931578168262182,0.986159970443255),(1.,0.923879532511287,
1.,0.923879532511287,1.,0.923879532511287,1.,0.923879532511287,1.,0.923879532511287,
1.,0.923879532511287,1.,0.923879532511287,1.,0.923879532511287,1.,0.923879532511287,
1.,0.923879532511287,1.,0.923879532511287,1.,0.923879532511287,1.,0.923879532511287,
1.,0.923879532511287,1.,0.923879532511287,1.,0.923879532511287,1.,0.923879532511287,
1.,0.923879532511287,1.,0.923879532511287,1.,0.923879532511287,1.,0.923879532511287,
1.,0.923879532511287,1.,0.923879532511287,1.,0.923879532511287,1.,0.923879532511287,
1.,0.923879532511287,1.,0.923879532511287,1.,0.923879532511287,1.,0.923879532511287,
1.,0.923879532511287,1.,0.923879532511287,1.,0.923879532511287,1.,0.923879532511287,
1.,0.923879532511287,1.,0.923879532511287,1.,0.923879532511287,1.,0.923879532511287,
1.,0.923879532511287,1.,0.923879532511287,1.,0.923879532511287,1.,0.923879532511287,
1.,0.923879532511287,1.,0.923879532511287,1.,0.931578168262182,0.986159970443255)))
REPRESENTATION_ITEM('')
SURFACE()
);
#16=(
BOUNDED_SURFACE()
B_SPLINE_SURFACE(1,2,((#9518,#9519,#9520,#9521,#9522,#9523,#9524,#9525,
#9526,#9527,#9528,#9529,#9530,#9531,#9532,#9533,#9534,#9535,#9536,#9537,
#9538,#9539,#9540,#9541,#9542,#9543,#9544,#9545,#9546,#9547,#9548,#9549,
#9550,#9551,#9552,#9553,#9554,#9555,#9556,#9557,#9558,#9559,#9560,#9561,
#9562,#9563,#9564,#9565,#9566,#9567,#9568,#9569,#9570,#9571,#9572,#9573,
#9574,#9575,#9576,#9577,#9578,#9579,#9580,#9581,#9582,#9583,#9584,#9585,
#9586,#9587,#9588,#9589,#9590,#9591,#9592,#9593,#9594,#9595,#9596,#9597,
#9598,#9599,#9600,#9601,#9602,#9603,#9604,#9605,#9606),(#9607,#9608,#9609,
#9610,#9611,#9612,#9613,#9614,#9615,#9616,#9617,#9618,#9619,#9620,#9621,
#9622,#9623,#9624,#9625,#9626,#9627,#9628,#9629,#9630,#9631,#9632,#9633,
#9634,#9635,#9636,#9637,#9638,#9639,#9640,#9641,#9642,#9643,#9644,#9645,
#9646,#9647,#9648,#9649,#9650,#9651,#9652,#9653,#9654,#9655,#9656,#9657,
#9658,#9659,#9660,#9661,#9662,#9663,#9664,#9665,#9666,#9667,#9668,#9669,
#9670,#9671,#9672,#9673,#9674,#9675,#9676,#9677,#9678,#9679,#9680,#9681,
#9682,#9683,#9684,#9685,#9686,#9687,#9688,#9689,#9690,#9691,#9692,#9693,
#9694,#9695)),.UNSPECIFIED.,.F.,.F.,.F.)
B_SPLINE_SURFACE_WITH_KNOTS((2,2),(3,2,2,2,2,2,2,2,2,2,2,2,2,2,2,2,2,2,
2,2,2,2,2,2,2,2,2,2,2,2,2,2,2,2,2,2,2,2,2,2,2,2,2,2,3),(0.,1.),(-4.9383336549075E-5,
0.0208333333333333,0.0416666666666667,0.0625,0.0833333333333333,0.104166666666667,
0.125,0.145833333333333,0.166666666666667,0.1875,0.208333333333333,0.229166666666667,
0.25,0.270833333333333,0.291666666666667,0.3125,0.333333333333333,0.354166666666667,
0.375,0.395833333333333,0.416666666666667,0.4375,0.458333333333333,0.479166666666667,
0.5,0.520833333333333,0.541666666666667,0.5625,0.583333333333333,0.604166666666667,
0.625,0.645833333333333,0.666666666666667,0.6875,0.708333333333333,0.729166666666667,
0.75,0.770833333333333,0.791666666666667,0.8125,0.833333333333333,0.854166666666667,
0.875,0.895833333333333,0.914555710991789),.UNSPECIFIED.)
GEOMETRIC_REPRESENTATION_ITEM()
RATIONAL_B_SPLINE_SURFACE(((1.00036172734666,0.923699096543402,1.,0.923879532511287,
1.,0.923879532511287,1.,0.923879532511287,1.,0.923879532511287,1.,0.923879532511287,
1.,0.923879532511287,1.,0.923879532511287,1.,0.923879532511287,1.,0.923879532511287,
1.,0.923879532511287,1.,0.923879532511287,1.,0.923879532511287,1.,0.923879532511287,
1.,0.923879532511287,1.,0.923879532511287,1.,0.923879532511287,1.,0.923879532511287,
1.,0.923879532511287,1.,0.923879532511287,1.,0.923879532511287,1.,0.923879532511287,
1.,0.923879532511287,1.,0.923879532511287,1.,0.923879532511287,1.,0.923879532511287,
1.,0.923879532511287,1.,0.923879532511287,1.,0.923879532511287,1.,0.923879532511287,
1.,0.923879532511287,1.,0.923879532511287,1.,0.923879532511287,1.,0.923879532511287,
1.,0.923879532511287,1.,0.923879532511287,1.,0.923879532511287,1.,0.923879532511287,
1.,0.923879532511287,1.,0.923879532511287,1.,0.923879532511287,1.,0.923879532511287,
1.,0.923879532511287,1.,0.93159250528663,0.986137101839741),(1.00036172734666,
0.923699096543402,1.,0.923879532511287,1.,0.923879532511287,1.,0.923879532511287,
1.,0.923879532511287,1.,0.923879532511287,1.,0.923879532511287,1.,0.923879532511287,
1.,0.923879532511287,1.,0.923879532511287,1.,0.923879532511287,1.,0.923879532511287,
1.,0.923879532511287,1.,0.923879532511287,1.,0.923879532511287,1.,0.923879532511287,
1.,0.923879532511287,1.,0.923879532511287,1.,0.923879532511287,1.,0.923879532511287,
1.,0.923879532511287,1.,0.923879532511287,1.,0.923879532511287,1.,0.923879532511287,
1.,0.923879532511287,1.,0.923879532511287,1.,0.923879532511287,1.,0.923879532511287,
1.,0.923879532511287,1.,0.923879532511287,1.,0.923879532511287,1.,0.923879532511287,
1.,0.923879532511287,1.,0.923879532511287,1.,0.923879532511287,1.,0.923879532511287,
1.,0.923879532511287,1.,0.923879532511287,1.,0.923879532511287,1.,0.923879532511287,
1.,0.923879532511287,1.,0.923879532511287,1.,0.923879532511287,1.,0.93159250528663,
0.986137101839741)))
REPRESENTATION_ITEM('')
SURFACE()
);
#17=(
BOUNDED_SURFACE()
B_SPLINE_SURFACE(1,2,((#11055,#11056,#11057,#11058,#11059,#11060,#11061,
#11062,#11063,#11064,#11065,#11066,#11067,#11068,#11069,#11070,#11071,#11072,
#11073,#11074,#11075,#11076,#11077,#11078,#11079,#11080,#11081,#11082,#11083,
#11084,#11085,#11086,#11087,#11088,#11089,#11090,#11091,#11092,#11093,#11094,
#11095,#11096,#11097,#11098,#11099,#11100,#11101,#11102,#11103,#11104,#11105,
#11106,#11107,#11108,#11109,#11110,#11111,#11112,#11113,#11114,#11115,#11116,
#11117,#11118,#11119,#11120,#11121,#11122,#11123,#11124,#11125,#11126,#11127,
#11128,#11129,#11130,#11131,#11132,#11133,#11134,#11135,#11136,#11137,#11138,
#11139,#11140,#11141,#11142,#11143),(#11144,#11145,#11146,#11147,#11148,
#11149,#11150,#11151,#11152,#11153,#11154,#11155,#11156,#11157,#11158,#11159,
#11160,#11161,#11162,#11163,#11164,#11165,#11166,#11167,#11168,#11169,#11170,
#11171,#11172,#11173,#11174,#11175,#11176,#11177,#11178,#11179,#11180,#11181,
#11182,#11183,#11184,#11185,#11186,#11187,#11188,#11189,#11190,#11191,#11192,
#11193,#11194,#11195,#11196,#11197,#11198,#11199,#11200,#11201,#11202,#11203,
#11204,#11205,#11206,#11207,#11208,#11209,#11210,#11211,#11212,#11213,#11214,
#11215,#11216,#11217,#11218,#11219,#11220,#11221,#11222,#11223,#11224,#11225,
#11226,#11227,#11228,#11229,#11230,#11231,#11232)),.UNSPECIFIED.,.F.,.F.,
 .F.)
B_SPLINE_SURFACE_WITH_KNOTS((2,2),(3,2,2,2,2,2,2,2,2,2,2,2,2,2,2,2,2,2,
2,2,2,2,2,2,2,2,2,2,2,2,2,2,2,2,2,2,2,2,2,2,2,2,2,2,3),(0.,1.),(0.,0.0208333333333333,
0.0416666666666667,0.0625,0.0833333333333333,0.104166666666667,0.125,0.145833333333333,
0.166666666666667,0.1875,0.208333333333333,0.229166666666667,0.25,0.270833333333333,
0.291666666666667,0.3125,0.333333333333333,0.354166666666667,0.375,0.395833333333333,
0.416666666666667,0.4375,0.458333333333333,0.479166666666667,0.5,0.520833333333333,
0.541666666666667,0.5625,0.583333333333333,0.604166666666667,0.625,0.645833333333333,
0.666666666666667,0.6875,0.708333333333333,0.729166666666667,0.75,0.770833333333333,
0.791666666666667,0.8125,0.833333333333333,0.854166666666667,0.875,0.895833333333333,
0.914559634877429),.UNSPECIFIED.)
GEOMETRIC_REPRESENTATION_ITEM()
RATIONAL_B_SPLINE_SURFACE(((1.,0.923879532511287,1.,0.923879532511287,1.,
0.923879532511287,1.,0.923879532511287,1.,0.923879532511287,1.,0.923879532511287,
1.,0.923879532511287,1.,0.923879532511287,1.,0.923879532511287,1.,0.923879532511287,
1.,0.923879532511287,1.,0.923879532511287,1.,0.923879532511287,1.,0.923879532511287,
1.,0.923879532511287,1.,0.923879532511287,1.,0.923879532511287,1.,0.923879532511287,
1.,0.923879532511287,1.,0.923879532511287,1.,0.923879532511287,1.,0.923879532511287,
1.,0.923879532511287,1.,0.923879532511287,1.,0.923879532511287,1.,0.923879532511287,
1.,0.923879532511287,1.,0.923879532511287,1.,0.923879532511287,1.,0.923879532511287,
1.,0.923879532511287,1.,0.923879532511287,1.,0.923879532511287,1.,0.923879532511287,
1.,0.923879532511287,1.,0.923879532511287,1.,0.923879532511287,1.,0.923879532511287,
1.,0.923879532511287,1.,0.923879532511287,1.,0.923879532511287,1.,0.923879532511287,
1.,0.923879532511287,1.,0.931578168262182,0.986159970443255),(1.,0.923879532511287,
1.,0.923879532511287,1.,0.923879532511287,1.,0.923879532511287,1.,0.923879532511287,
1.,0.923879532511287,1.,0.923879532511287,1.,0.923879532511287,1.,0.923879532511287,
1.,0.923879532511287,1.,0.923879532511287,1.,0.923879532511287,1.,0.923879532511287,
1.,0.923879532511287,1.,0.923879532511287,1.,0.923879532511287,1.,0.923879532511287,
1.,0.923879532511287,1.,0.923879532511287,1.,0.923879532511287,1.,0.923879532511287,
1.,0.923879532511287,1.,0.923879532511287,1.,0.923879532511287,1.,0.923879532511287,
1.,0.923879532511287,1.,0.923879532511287,1.,0.923879532511287,1.,0.923879532511287,
1.,0.923879532511287,1.,0.923879532511287,1.,0.923879532511287,1.,0.923879532511287,
1.,0.923879532511287,1.,0.923879532511287,1.,0.923879532511287,1.,0.923879532511287,
1.,0.923879532511287,1.,0.923879532511287,1.,0.923879532511287,1.,0.923879532511287,
1.,0.923879532511287,1.,0.923879532511287,1.,0.931578168262182,0.986159970443255)))
REPRESENTATION_ITEM('')
SURFACE()
);
#18=(
BOUNDED_SURFACE()
B_SPLINE_SURFACE(1,2,((#11239,#11240,#11241,#11242,#11243,#11244,#11245,
#11246,#11247,#11248,#11249,#11250,#11251,#11252,#11253,#11254,#11255,#11256,
#11257,#11258,#11259,#11260,#11261,#11262,#11263,#11264,#11265,#11266,#11267,
#11268,#11269,#11270,#11271,#11272,#11273,#11274,#11275,#11276,#11277,#11278,
#11279,#11280,#11281,#11282,#11283,#11284,#11285,#11286,#11287,#11288,#11289,
#11290,#11291,#11292,#11293,#11294,#11295,#11296,#11297,#11298,#11299,#11300,
#11301,#11302,#11303,#11304,#11305,#11306,#11307,#11308,#11309,#11310,#11311,
#11312,#11313,#11314,#11315,#11316,#11317,#11318,#11319,#11320,#11321,#11322,
#11323,#11324,#11325,#11326,#11327),(#11328,#11329,#11330,#11331,#11332,
#11333,#11334,#11335,#11336,#11337,#11338,#11339,#11340,#11341,#11342,#11343,
#11344,#11345,#11346,#11347,#11348,#11349,#11350,#11351,#11352,#11353,#11354,
#11355,#11356,#11357,#11358,#11359,#11360,#11361,#11362,#11363,#11364,#11365,
#11366,#11367,#11368,#11369,#11370,#11371,#11372,#11373,#11374,#11375,#11376,
#11377,#11378,#11379,#11380,#11381,#11382,#11383,#11384,#11385,#11386,#11387,
#11388,#11389,#11390,#11391,#11392,#11393,#11394,#11395,#11396,#11397,#11398,
#11399,#11400,#11401,#11402,#11403,#11404,#11405,#11406,#11407,#11408,#11409,
#11410,#11411,#11412,#11413,#11414,#11415,#11416)),.UNSPECIFIED.,.F.,.F.,
 .F.)
B_SPLINE_SURFACE_WITH_KNOTS((2,2),(3,2,2,2,2,2,2,2,2,2,2,2,2,2,2,2,2,2,
2,2,2,2,2,2,2,2,2,2,2,2,2,2,2,2,2,2,2,2,2,2,2,2,2,2,3),(0.,1.),(-4.9383336549075E-5,
0.0208333333333333,0.0416666666666667,0.0625,0.0833333333333333,0.104166666666667,
0.125,0.145833333333333,0.166666666666667,0.1875,0.208333333333333,0.229166666666667,
0.25,0.270833333333333,0.291666666666667,0.3125,0.333333333333333,0.354166666666667,
0.375,0.395833333333333,0.416666666666667,0.4375,0.458333333333333,0.479166666666667,
0.5,0.520833333333333,0.541666666666667,0.5625,0.583333333333333,0.604166666666667,
0.625,0.645833333333333,0.666666666666667,0.6875,0.708333333333333,0.729166666666667,
0.75,0.770833333333333,0.791666666666667,0.8125,0.833333333333333,0.854166666666667,
0.875,0.895833333333333,0.914555710991789),.UNSPECIFIED.)
GEOMETRIC_REPRESENTATION_ITEM()
RATIONAL_B_SPLINE_SURFACE(((1.00036172734666,0.923699096543402,1.,0.923879532511287,
1.,0.923879532511287,1.,0.923879532511287,1.,0.923879532511287,1.,0.923879532511287,
1.,0.923879532511287,1.,0.923879532511287,1.,0.923879532511287,1.,0.923879532511287,
1.,0.923879532511287,1.,0.923879532511287,1.,0.923879532511287,1.,0.923879532511287,
1.,0.923879532511287,1.,0.923879532511287,1.,0.923879532511287,1.,0.923879532511287,
1.,0.923879532511287,1.,0.923879532511287,1.,0.923879532511287,1.,0.923879532511287,
1.,0.923879532511287,1.,0.923879532511287,1.,0.923879532511287,1.,0.923879532511287,
1.,0.923879532511287,1.,0.923879532511287,1.,0.923879532511287,1.,0.923879532511287,
1.,0.923879532511287,1.,0.923879532511287,1.,0.923879532511287,1.,0.923879532511287,
1.,0.923879532511287,1.,0.923879532511287,1.,0.923879532511287,1.,0.923879532511287,
1.,0.923879532511287,1.,0.923879532511287,1.,0.923879532511287,1.,0.923879532511287,
1.,0.923879532511287,1.,0.93159250528663,0.986137101839741),(1.00036172734666,
0.923699096543402,1.,0.923879532511287,1.,0.923879532511287,1.,0.923879532511287,
1.,0.923879532511287,1.,0.923879532511287,1.,0.923879532511287,1.,0.923879532511287,
1.,0.923879532511287,1.,0.923879532511287,1.,0.923879532511287,1.,0.923879532511287,
1.,0.923879532511287,1.,0.923879532511287,1.,0.923879532511287,1.,0.923879532511287,
1.,0.923879532511287,1.,0.923879532511287,1.,0.923879532511287,1.,0.923879532511287,
1.,0.923879532511287,1.,0.923879532511287,1.,0.923879532511287,1.,0.923879532511287,
1.,0.923879532511287,1.,0.923879532511287,1.,0.923879532511287,1.,0.923879532511287,
1.,0.923879532511287,1.,0.923879532511287,1.,0.923879532511287,1.,0.923879532511287,
1.,0.923879532511287,1.,0.923879532511287,1.,0.923879532511287,1.,0.923879532511287,
1.,0.923879532511287,1.,0.923879532511287,1.,0.923879532511287,1.,0.923879532511287,
1.,0.923879532511287,1.,0.923879532511287,1.,0.923879532511287,1.,0.93159250528663,
0.986137101839741)))
REPRESENTATION_ITEM('')
SURFACE()
);
#19=(
BOUNDED_SURFACE()
B_SPLINE_SURFACE(1,2,((#12776,#12777,#12778,#12779,#12780,#12781,#12782,
#12783,#12784,#12785,#12786,#12787,#12788,#12789,#12790,#12791,#12792,#12793,
#12794,#12795,#12796,#12797,#12798,#12799,#12800,#12801,#12802,#12803,#12804,
#12805,#12806,#12807,#12808,#12809,#12810,#12811,#12812,#12813,#12814,#12815,
#12816,#12817,#12818,#12819,#12820,#12821,#12822,#12823,#12824,#12825,#12826,
#12827,#12828,#12829,#12830,#12831,#12832,#12833,#12834,#12835,#12836,#12837,
#12838,#12839,#12840,#12841,#12842,#12843,#12844,#12845,#12846,#12847,#12848,
#12849,#12850,#12851,#12852,#12853,#12854,#12855,#12856,#12857,#12858,#12859,
#12860,#12861,#12862,#12863,#12864),(#12865,#12866,#12867,#12868,#12869,
#12870,#12871,#12872,#12873,#12874,#12875,#12876,#12877,#12878,#12879,#12880,
#12881,#12882,#12883,#12884,#12885,#12886,#12887,#12888,#12889,#12890,#12891,
#12892,#12893,#12894,#12895,#12896,#12897,#12898,#12899,#12900,#12901,#12902,
#12903,#12904,#12905,#12906,#12907,#12908,#12909,#12910,#12911,#12912,#12913,
#12914,#12915,#12916,#12917,#12918,#12919,#12920,#12921,#12922,#12923,#12924,
#12925,#12926,#12927,#12928,#12929,#12930,#12931,#12932,#12933,#12934,#12935,
#12936,#12937,#12938,#12939,#12940,#12941,#12942,#12943,#12944,#12945,#12946,
#12947,#12948,#12949,#12950,#12951,#12952,#12953)),.UNSPECIFIED.,.F.,.F.,
 .F.)
B_SPLINE_SURFACE_WITH_KNOTS((2,2),(3,2,2,2,2,2,2,2,2,2,2,2,2,2,2,2,2,2,
2,2,2,2,2,2,2,2,2,2,2,2,2,2,2,2,2,2,2,2,2,2,2,2,2,2,3),(0.,1.),(0.,0.0208333333333333,
0.0416666666666667,0.0625,0.0833333333333333,0.104166666666667,0.125,0.145833333333333,
0.166666666666667,0.1875,0.208333333333333,0.229166666666667,0.25,0.270833333333333,
0.291666666666667,0.3125,0.333333333333333,0.354166666666667,0.375,0.395833333333333,
0.416666666666667,0.4375,0.458333333333333,0.479166666666667,0.5,0.520833333333333,
0.541666666666667,0.5625,0.583333333333333,0.604166666666667,0.625,0.645833333333333,
0.666666666666667,0.6875,0.708333333333333,0.729166666666667,0.75,0.770833333333333,
0.791666666666667,0.8125,0.833333333333333,0.854166666666667,0.875,0.895833333333333,
0.914559634877429),.UNSPECIFIED.)
GEOMETRIC_REPRESENTATION_ITEM()
RATIONAL_B_SPLINE_SURFACE(((1.,0.923879532511287,1.,0.923879532511287,1.,
0.923879532511287,1.,0.923879532511287,1.,0.923879532511287,1.,0.923879532511287,
1.,0.923879532511287,1.,0.923879532511287,1.,0.923879532511287,1.,0.923879532511287,
1.,0.923879532511287,1.,0.923879532511287,1.,0.923879532511287,1.,0.923879532511287,
1.,0.923879532511287,1.,0.923879532511287,1.,0.923879532511287,1.,0.923879532511287,
1.,0.923879532511287,1.,0.923879532511287,1.,0.923879532511287,1.,0.923879532511287,
1.,0.923879532511287,1.,0.923879532511287,1.,0.923879532511287,1.,0.923879532511287,
1.,0.923879532511287,1.,0.923879532511287,1.,0.923879532511287,1.,0.923879532511287,
1.,0.923879532511287,1.,0.923879532511287,1.,0.923879532511287,1.,0.923879532511287,
1.,0.923879532511287,1.,0.923879532511287,1.,0.923879532511287,1.,0.923879532511287,
1.,0.923879532511287,1.,0.923879532511287,1.,0.923879532511287,1.,0.923879532511287,
1.,0.923879532511287,1.,0.931578168262182,0.986159970443255),(1.,0.923879532511287,
1.,0.923879532511287,1.,0.923879532511287,1.,0.923879532511287,1.,0.923879532511287,
1.,0.923879532511287,1.,0.923879532511287,1.,0.923879532511287,1.,0.923879532511287,
1.,0.923879532511287,1.,0.923879532511287,1.,0.923879532511287,1.,0.923879532511287,
1.,0.923879532511287,1.,0.923879532511287,1.,0.923879532511287,1.,0.923879532511287,
1.,0.923879532511287,1.,0.923879532511287,1.,0.923879532511287,1.,0.923879532511287,
1.,0.923879532511287,1.,0.923879532511287,1.,0.923879532511287,1.,0.923879532511287,
1.,0.923879532511287,1.,0.923879532511287,1.,0.923879532511287,1.,0.923879532511287,
1.,0.923879532511287,1.,0.923879532511287,1.,0.923879532511287,1.,0.923879532511287,
1.,0.923879532511287,1.,0.923879532511287,1.,0.923879532511287,1.,0.923879532511287,
1.,0.923879532511287,1.,0.923879532511287,1.,0.923879532511287,1.,0.923879532511287,
1.,0.923879532511287,1.,0.923879532511287,1.,0.931578168262182,0.986159970443255)))
REPRESENTATION_ITEM('')
SURFACE()
);
#20=(
BOUNDED_SURFACE()
B_SPLINE_SURFACE(1,2,((#12960,#12961,#12962,#12963,#12964,#12965,#12966,
#12967,#12968,#12969,#12970,#12971,#12972,#12973,#12974,#12975,#12976,#12977,
#12978,#12979,#12980,#12981,#12982,#12983,#12984,#12985,#12986,#12987,#12988,
#12989,#12990,#12991,#12992,#12993,#12994,#12995,#12996,#12997,#12998,#12999,
#13000,#13001,#13002,#13003,#13004,#13005,#13006,#13007,#13008,#13009,#13010,
#13011,#13012,#13013,#13014,#13015,#13016,#13017,#13018,#13019,#13020,#13021,
#13022,#13023,#13024,#13025,#13026,#13027,#13028,#13029,#13030,#13031,#13032,
#13033,#13034,#13035,#13036,#13037,#13038,#13039,#13040,#13041,#13042,#13043,
#13044,#13045,#13046,#13047,#13048),(#13049,#13050,#13051,#13052,#13053,
#13054,#13055,#13056,#13057,#13058,#13059,#13060,#13061,#13062,#13063,#13064,
#13065,#13066,#13067,#13068,#13069,#13070,#13071,#13072,#13073,#13074,#13075,
#13076,#13077,#13078,#13079,#13080,#13081,#13082,#13083,#13084,#13085,#13086,
#13087,#13088,#13089,#13090,#13091,#13092,#13093,#13094,#13095,#13096,#13097,
#13098,#13099,#13100,#13101,#13102,#13103,#13104,#13105,#13106,#13107,#13108,
#13109,#13110,#13111,#13112,#13113,#13114,#13115,#13116,#13117,#13118,#13119,
#13120,#13121,#13122,#13123,#13124,#13125,#13126,#13127,#13128,#13129,#13130,
#13131,#13132,#13133,#13134,#13135,#13136,#13137)),.UNSPECIFIED.,.F.,.F.,
 .F.)
B_SPLINE_SURFACE_WITH_KNOTS((2,2),(3,2,2,2,2,2,2,2,2,2,2,2,2,2,2,2,2,2,
2,2,2,2,2,2,2,2,2,2,2,2,2,2,2,2,2,2,2,2,2,2,2,2,2,2,3),(0.,1.),(-4.9383336549075E-5,
0.0208333333333333,0.0416666666666667,0.0625,0.0833333333333333,0.104166666666667,
0.125,0.145833333333333,0.166666666666667,0.1875,0.208333333333333,0.229166666666667,
0.25,0.270833333333333,0.291666666666667,0.3125,0.333333333333333,0.354166666666667,
0.375,0.395833333333333,0.416666666666667,0.4375,0.458333333333333,0.479166666666667,
0.5,0.520833333333333,0.541666666666667,0.5625,0.583333333333333,0.604166666666667,
0.625,0.645833333333333,0.666666666666667,0.6875,0.708333333333333,0.729166666666667,
0.75,0.770833333333333,0.791666666666667,0.8125,0.833333333333333,0.854166666666667,
0.875,0.895833333333333,0.914555710991789),.UNSPECIFIED.)
GEOMETRIC_REPRESENTATION_ITEM()
RATIONAL_B_SPLINE_SURFACE(((1.00036172734666,0.923699096543402,1.,0.923879532511287,
1.,0.923879532511287,1.,0.923879532511287,1.,0.923879532511287,1.,0.923879532511287,
1.,0.923879532511287,1.,0.923879532511287,1.,0.923879532511287,1.,0.923879532511287,
1.,0.923879532511287,1.,0.923879532511287,1.,0.923879532511287,1.,0.923879532511287,
1.,0.923879532511287,1.,0.923879532511287,1.,0.923879532511287,1.,0.923879532511287,
1.,0.923879532511287,1.,0.923879532511287,1.,0.923879532511287,1.,0.923879532511287,
1.,0.923879532511287,1.,0.923879532511287,1.,0.923879532511287,1.,0.923879532511287,
1.,0.923879532511287,1.,0.923879532511287,1.,0.923879532511287,1.,0.923879532511287,
1.,0.923879532511287,1.,0.923879532511287,1.,0.923879532511287,1.,0.923879532511287,
1.,0.923879532511287,1.,0.923879532511287,1.,0.923879532511287,1.,0.923879532511287,
1.,0.923879532511287,1.,0.923879532511287,1.,0.923879532511287,1.,0.923879532511287,
1.,0.923879532511287,1.,0.93159250528663,0.986137101839741),(1.00036172734666,
0.923699096543402,1.,0.923879532511287,1.,0.923879532511287,1.,0.923879532511287,
1.,0.923879532511287,1.,0.923879532511287,1.,0.923879532511287,1.,0.923879532511287,
1.,0.923879532511287,1.,0.923879532511287,1.,0.923879532511287,1.,0.923879532511287,
1.,0.923879532511287,1.,0.923879532511287,1.,0.923879532511287,1.,0.923879532511287,
1.,0.923879532511287,1.,0.923879532511287,1.,0.923879532511287,1.,0.923879532511287,
1.,0.923879532511287,1.,0.923879532511287,1.,0.923879532511287,1.,0.923879532511287,
1.,0.923879532511287,1.,0.923879532511287,1.,0.923879532511287,1.,0.923879532511287,
1.,0.923879532511287,1.,0.923879532511287,1.,0.923879532511287,1.,0.923879532511287,
1.,0.923879532511287,1.,0.923879532511287,1.,0.923879532511287,1.,0.923879532511287,
1.,0.923879532511287,1.,0.923879532511287,1.,0.923879532511287,1.,0.923879532511287,
1.,0.923879532511287,1.,0.923879532511287,1.,0.923879532511287,1.,0.93159250528663,
0.986137101839741)))
REPRESENTATION_ITEM('')
SURFACE()
);
#21=B_SPLINE_SURFACE_WITH_KNOTS('',1,3,((#7403,#7404,#7405,#7406,#7407,
#7408,#7409,#7410,#7411,#7412,#7413,#7414,#7415,#7416,#7417,#7418,#7419,
#7420,#7421,#7422,#7423,#7424,#7425,#7426,#7427,#7428,#7429,#7430,#7431,
#7432,#7433,#7434,#7435,#7436,#7437,#7438,#7439,#7440),(#7441,#7442,#7443,
#7444,#7445,#7446,#7447,#7448,#7449,#7450,#7451,#7452,#7453,#7454,#7455,
#7456,#7457,#7458,#7459,#7460,#7461,#7462,#7463,#7464,#7465,#7466,#7467,
#7468,#7469,#7470,#7471,#7472,#7473,#7474,#7475,#7476,#7477,#7478)),
 .UNSPECIFIED.,.F.,.F.,.F.,(2,2),(4,2,2,2,2,2,2,2,2,2,2,2,2,2,2,2,2,2,4),
(-1.01919345409773E-5,1.),(-2.90721232404956E-5,0.0625,0.09375,0.125,0.15625,
0.1875,0.25,0.3125,0.375,0.4375,0.5,0.5625,0.625,0.6875,0.75,0.8125,0.875,
0.9375,1.),.UNSPECIFIED.);
#22=B_SPLINE_SURFACE_WITH_KNOTS('',1,3,((#7510,#7511,#7512,#7513,#7514,
#7515,#7516,#7517,#7518,#7519,#7520,#7521,#7522,#7523,#7524,#7525,#7526,
#7527,#7528,#7529,#7530,#7531,#7532,#7533,#7534,#7535,#7536,#7537,#7538,
#7539,#7540,#7541,#7542,#7543,#7544,#7545,#7546,#7547),(#7548,#7549,#7550,
#7551,#7552,#7553,#7554,#7555,#7556,#7557,#7558,#7559,#7560,#7561,#7562,
#7563,#7564,#7565,#7566,#7567,#7568,#7569,#7570,#7571,#7572,#7573,#7574,
#7575,#7576,#7577,#7578,#7579,#7580,#7581,#7582,#7583,#7584,#7585)),
 .UNSPECIFIED.,.F.,.F.,.F.,(2,2),(4,2,2,2,2,2,2,2,2,2,2,2,2,2,2,2,2,2,4),
(0.,1.),(-0.000132113280646205,0.0625,0.09375,0.125,0.15625,0.1875,0.25,
0.3125,0.375,0.4375,0.5,0.5625,0.625,0.6875,0.75,0.8125,0.875,0.9375,1.),
 .UNSPECIFIED.);
#23=B_SPLINE_SURFACE_WITH_KNOTS('',1,3,((#7986,#7987,#7988,#7989,#7990,
#7991,#7992,#7993,#7994,#7995,#7996,#7997,#7998,#7999,#8000,#8001,#8002,
#8003,#8004,#8005,#8006,#8007,#8008,#8009,#8010,#8011,#8012,#8013,#8014,
#8015,#8016,#8017,#8018,#8019,#8020,#8021,#8022,#8023),(#8024,#8025,#8026,
#8027,#8028,#8029,#8030,#8031,#8032,#8033,#8034,#8035,#8036,#8037,#8038,
#8039,#8040,#8041,#8042,#8043,#8044,#8045,#8046,#8047,#8048,#8049,#8050,
#8051,#8052,#8053,#8054,#8055,#8056,#8057,#8058,#8059,#8060,#8061)),
 .UNSPECIFIED.,.F.,.F.,.F.,(2,2),(4,2,2,2,2,2,2,2,2,2,2,2,2,2,2,2,2,2,4),
(0.,1.),(0.,0.0625,0.09375,0.125,0.15625,0.1875,0.25,0.3125,0.375,0.4375,
0.5,0.5625,0.625,0.6875,0.75,0.8125,0.875,0.9375,1.),.UNSPECIFIED.);
#24=B_SPLINE_SURFACE_WITH_KNOTS('',1,3,((#9124,#9125,#9126,#9127,#9128,
#9129,#9130,#9131,#9132,#9133,#9134,#9135,#9136,#9137,#9138,#9139,#9140,
#9141,#9142,#9143,#9144,#9145,#9146,#9147,#9148,#9149,#9150,#9151,#9152,
#9153,#9154,#9155,#9156,#9157,#9158,#9159,#9160,#9161),(#9162,#9163,#9164,
#9165,#9166,#9167,#9168,#9169,#9170,#9171,#9172,#9173,#9174,#9175,#9176,
#9177,#9178,#9179,#9180,#9181,#9182,#9183,#9184,#9185,#9186,#9187,#9188,
#9189,#9190,#9191,#9192,#9193,#9194,#9195,#9196,#9197,#9198,#9199)),
 .UNSPECIFIED.,.F.,.F.,.F.,(2,2),(4,2,2,2,2,2,2,2,2,2,2,2,2,2,2,2,2,2,4),
(-1.01919345409773E-5,1.),(-2.90721232404956E-5,0.0625,0.09375,0.125,0.15625,
0.1875,0.25,0.3125,0.375,0.4375,0.5,0.5625,0.625,0.6875,0.75,0.8125,0.875,
0.9375,1.),.UNSPECIFIED.);
#25=B_SPLINE_SURFACE_WITH_KNOTS('',1,3,((#9231,#9232,#9233,#9234,#9235,
#9236,#9237,#9238,#9239,#9240,#9241,#9242,#9243,#9244,#9245,#9246,#9247,
#9248,#9249,#9250,#9251,#9252,#9253,#9254,#9255,#9256,#9257,#9258,#9259,
#9260,#9261,#9262,#9263,#9264,#9265,#9266,#9267,#9268),(#9269,#9270,#9271,
#9272,#9273,#9274,#9275,#9276,#9277,#9278,#9279,#9280,#9281,#9282,#9283,
#9284,#9285,#9286,#9287,#9288,#9289,#9290,#9291,#9292,#9293,#9294,#9295,
#9296,#9297,#9298,#9299,#9300,#9301,#9302,#9303,#9304,#9305,#9306)),
 .UNSPECIFIED.,.F.,.F.,.F.,(2,2),(4,2,2,2,2,2,2,2,2,2,2,2,2,2,2,2,2,2,4),
(0.,1.),(-0.000132113280646205,0.0625,0.09375,0.125,0.15625,0.1875,0.25,
0.3125,0.375,0.4375,0.5,0.5625,0.625,0.6875,0.75,0.8125,0.875,0.9375,1.),
 .UNSPECIFIED.);
#26=B_SPLINE_SURFACE_WITH_KNOTS('',1,3,((#9707,#9708,#9709,#9710,#9711,
#9712,#9713,#9714,#9715,#9716,#9717,#9718,#9719,#9720,#9721,#9722,#9723,
#9724,#9725,#9726,#9727,#9728,#9729,#9730,#9731,#9732,#9733,#9734,#9735,
#9736,#9737,#9738,#9739,#9740,#9741,#9742,#9743,#9744),(#9745,#9746,#9747,
#9748,#9749,#9750,#9751,#9752,#9753,#9754,#9755,#9756,#9757,#9758,#9759,
#9760,#9761,#9762,#9763,#9764,#9765,#9766,#9767,#9768,#9769,#9770,#9771,
#9772,#9773,#9774,#9775,#9776,#9777,#9778,#9779,#9780,#9781,#9782)),
 .UNSPECIFIED.,.F.,.F.,.F.,(2,2),(4,2,2,2,2,2,2,2,2,2,2,2,2,2,2,2,2,2,4),
(0.,1.),(0.,0.0625,0.09375,0.125,0.15625,0.1875,0.25,0.3125,0.375,0.4375,
0.5,0.5625,0.625,0.6875,0.75,0.8125,0.875,0.9375,1.),.UNSPECIFIED.);
#27=B_SPLINE_SURFACE_WITH_KNOTS('',1,3,((#10845,#10846,#10847,#10848,#10849,
#10850,#10851,#10852,#10853,#10854,#10855,#10856,#10857,#10858,#10859,#10860,
#10861,#10862,#10863,#10864,#10865,#10866,#10867,#10868,#10869,#10870,#10871,
#10872,#10873,#10874,#10875,#10876,#10877,#10878,#10879,#10880,#10881,#10882),
(#10883,#10884,#10885,#10886,#10887,#10888,#10889,#10890,#10891,#10892,
#10893,#10894,#10895,#10896,#10897,#10898,#10899,#10900,#10901,#10902,#10903,
#10904,#10905,#10906,#10907,#10908,#10909,#10910,#10911,#10912,#10913,#10914,
#10915,#10916,#10917,#10918,#10919,#10920)),.UNSPECIFIED.,.F.,.F.,.F.,(2,
2),(4,2,2,2,2,2,2,2,2,2,2,2,2,2,2,2,2,2,4),(-1.01919345409773E-5,1.),(-2.90721232404956E-5,
0.0625,0.09375,0.125,0.15625,0.1875,0.25,0.3125,0.375,0.4375,0.5,0.5625,
0.625,0.6875,0.75,0.8125,0.875,0.9375,1.),.UNSPECIFIED.);
#28=B_SPLINE_SURFACE_WITH_KNOTS('',1,3,((#10952,#10953,#10954,#10955,#10956,
#10957,#10958,#10959,#10960,#10961,#10962,#10963,#10964,#10965,#10966,#10967,
#10968,#10969,#10970,#10971,#10972,#10973,#10974,#10975,#10976,#10977,#10978,
#10979,#10980,#10981,#10982,#10983,#10984,#10985,#10986,#10987,#10988,#10989),
(#10990,#10991,#10992,#10993,#10994,#10995,#10996,#10997,#10998,#10999,
#11000,#11001,#11002,#11003,#11004,#11005,#11006,#11007,#11008,#11009,#11010,
#11011,#11012,#11013,#11014,#11015,#11016,#11017,#11018,#11019,#11020,#11021,
#11022,#11023,#11024,#11025,#11026,#11027)),.UNSPECIFIED.,.F.,.F.,.F.,(2,
2),(4,2,2,2,2,2,2,2,2,2,2,2,2,2,2,2,2,2,4),(0.,1.),(-0.000132113280646205,
0.0625,0.09375,0.125,0.15625,0.1875,0.25,0.3125,0.375,0.4375,0.5,0.5625,
0.625,0.6875,0.75,0.8125,0.875,0.9375,1.),.UNSPECIFIED.);
#29=B_SPLINE_SURFACE_WITH_KNOTS('',1,3,((#11428,#11429,#11430,#11431,#11432,
#11433,#11434,#11435,#11436,#11437,#11438,#11439,#11440,#11441,#11442,#11443,
#11444,#11445,#11446,#11447,#11448,#11449,#11450,#11451,#11452,#11453,#11454,
#11455,#11456,#11457,#11458,#11459,#11460,#11461,#11462,#11463,#11464,#11465),
(#11466,#11467,#11468,#11469,#11470,#11471,#11472,#11473,#11474,#11475,
#11476,#11477,#11478,#11479,#11480,#11481,#11482,#11483,#11484,#11485,#11486,
#11487,#11488,#11489,#11490,#11491,#11492,#11493,#11494,#11495,#11496,#11497,
#11498,#11499,#11500,#11501,#11502,#11503)),.UNSPECIFIED.,.F.,.F.,.F.,(2,
2),(4,2,2,2,2,2,2,2,2,2,2,2,2,2,2,2,2,2,4),(0.,1.),(0.,0.0625,0.09375,0.125,
0.15625,0.1875,0.25,0.3125,0.375,0.4375,0.5,0.5625,0.625,0.6875,0.75,0.8125,
0.875,0.9375,1.),.UNSPECIFIED.);
#30=B_SPLINE_SURFACE_WITH_KNOTS('',1,3,((#12566,#12567,#12568,#12569,#12570,
#12571,#12572,#12573,#12574,#12575,#12576,#12577,#12578,#12579,#12580,#12581,
#12582,#12583,#12584,#12585,#12586,#12587,#12588,#12589,#12590,#12591,#12592,
#12593,#12594,#12595,#12596,#12597,#12598,#12599,#12600,#12601,#12602,#12603),
(#12604,#12605,#12606,#12607,#12608,#12609,#12610,#12611,#12612,#12613,
#12614,#12615,#12616,#12617,#12618,#12619,#12620,#12621,#12622,#12623,#12624,
#12625,#12626,#12627,#12628,#12629,#12630,#12631,#12632,#12633,#12634,#12635,
#12636,#12637,#12638,#12639,#12640,#12641)),.UNSPECIFIED.,.F.,.F.,.F.,(2,
2),(4,2,2,2,2,2,2,2,2,2,2,2,2,2,2,2,2,2,4),(-1.01919345409773E-5,1.),(-2.90721232404956E-5,
0.0625,0.09375,0.125,0.15625,0.1875,0.25,0.3125,0.375,0.4375,0.5,0.5625,
0.625,0.6875,0.75,0.8125,0.875,0.9375,1.),.UNSPECIFIED.);
#31=B_SPLINE_SURFACE_WITH_KNOTS('',1,3,((#12673,#12674,#12675,#12676,#12677,
#12678,#12679,#12680,#12681,#12682,#12683,#12684,#12685,#12686,#12687,#12688,
#12689,#12690,#12691,#12692,#12693,#12694,#12695,#12696,#12697,#12698,#12699,
#12700,#12701,#12702,#12703,#12704,#12705,#12706,#12707,#12708,#12709,#12710),
(#12711,#12712,#12713,#12714,#12715,#12716,#12717,#12718,#12719,#12720,
#12721,#12722,#12723,#12724,#12725,#12726,#12727,#12728,#12729,#12730,#12731,
#12732,#12733,#12734,#12735,#12736,#12737,#12738,#12739,#12740,#12741,#12742,
#12743,#12744,#12745,#12746,#12747,#12748)),.UNSPECIFIED.,.F.,.F.,.F.,(2,
2),(4,2,2,2,2,2,2,2,2,2,2,2,2,2,2,2,2,2,4),(0.,1.),(-0.000132113280646205,
0.0625,0.09375,0.125,0.15625,0.1875,0.25,0.3125,0.375,0.4375,0.5,0.5625,
0.625,0.6875,0.75,0.8125,0.875,0.9375,1.),.UNSPECIFIED.);
#32=B_SPLINE_SURFACE_WITH_KNOTS('',1,3,((#13149,#13150,#13151,#13152,#13153,
#13154,#13155,#13156,#13157,#13158,#13159,#13160,#13161,#13162,#13163,#13164,
#13165,#13166,#13167,#13168,#13169,#13170,#13171,#13172,#13173,#13174,#13175,
#13176,#13177,#13178,#13179,#13180,#13181,#13182,#13183,#13184,#13185,#13186),
(#13187,#13188,#13189,#13190,#13191,#13192,#13193,#13194,#13195,#13196,
#13197,#13198,#13199,#13200,#13201,#13202,#13203,#13204,#13205,#13206,#13207,
#13208,#13209,#13210,#13211,#13212,#13213,#13214,#13215,#13216,#13217,#13218,
#13219,#13220,#13221,#13222,#13223,#13224)),.UNSPECIFIED.,.F.,.F.,.F.,(2,
2),(4,2,2,2,2,2,2,2,2,2,2,2,2,2,2,2,2,2,4),(0.,1.),(0.,0.0625,0.09375,0.125,
0.15625,0.1875,0.25,0.3125,0.375,0.4375,0.5,0.5625,0.625,0.6875,0.75,0.8125,
0.875,0.9375,1.),.UNSPECIFIED.);
#33=B_SPLINE_CURVE_WITH_KNOTS('',3,(#6346,#6347,#6348,#6349,#6350,#6351,
#6352,#6353,#6354,#6355,#6356,#6357,#6358,#6359,#6360,#6361,#6362,#6363,
#6364,#6365,#6366,#6367,#6368,#6369,#6370,#6371,#6372,#6373,#6374,#6375,
#6376,#6377,#6378,#6379),.UNSPECIFIED.,.F.,.F.,(4,2,2,2,2,2,2,2,2,2,2,2,
2,2,2,2,4),(-0.551556425498384,-0.52272868916532,-0.484777083107459,-0.446706562671502,
-0.408890414363609,-0.370865583278409,-0.333203660749958,-0.295238139788202,
-0.257752129775616,-0.21986201215585,-0.182576997816118,-0.146595263349884,
-0.112881809772839,-0.0805081513765847,-0.0505078453971154,-0.0253981069670285,
-9.99999996253997E-7),.UNSPECIFIED.);
#34=B_SPLINE_CURVE_WITH_KNOTS('',3,(#6383,#6384,#6385,#6386,#6387,#6388,
#6389,#6390,#6391,#6392),.UNSPECIFIED.,.F.,.F.,(4,2,2,2,4),(-0.108643265721568,
-0.08194603887555,-0.0543219375912641,-0.0271387615562747,-1.00000028749325E-6),
 .UNSPECIFIED.);
#35=B_SPLINE_CURVE_WITH_KNOTS('',3,(#6393,#6394,#6395,#6396,#6397,#6398,
#6399,#6400,#6401,#6402),.UNSPECIFIED.,.F.,.F.,(4,2,2,2,4),(-1.4121071288817,
-1.39569140350736,-1.37763758520565,-1.36186294845068,-1.34569538988849),
 .UNSPECIFIED.);
#36=B_SPLINE_CURVE_WITH_KNOTS('',3,(#6407,#6408,#6409,#6410,#6411,#6412,
#6413,#6414,#6415,#6416,#6417,#6418,#6419,#6420,#6421,#6422,#6423,#6424,
#6425,#6426,#6427,#6428,#6429,#6430,#6431,#6432,#6433,#6434,#6435,#6436,
#6437,#6438,#6439,#6440,#6441,#6442),.UNSPECIFIED.,.F.,.F.,(4,2,2,2,2,2,
2,2,2,2,2,2,2,2,2,2,2,4),(-1.15729791723151,-1.13479666251854,-1.0959329992049,
-1.05805534122399,-1.01919298072349,-0.981356543797036,-0.942501656761088,
-0.904711169379325,-0.86628726427282,-0.828129264887766,-0.789778253058655,
-0.751623625822921,-0.713354805015066,-0.675209423586018,-0.637033452035196,
-0.598904267923435,-0.560833393892244,-0.551556425498384),.UNSPECIFIED.);
#37=B_SPLINE_CURVE_WITH_KNOTS('',3,(#6443,#6444,#6445,#6446,#6447,#6448,
#6449,#6450,#6451,#6452,#6453,#6454,#6455,#6456,#6457,#6458,#6459,#6460,
#6461,#6462,#6463,#6464,#6465,#6466,#6467,#6468,#6469,#6470,#6471,#6472,
#6473,#6474,#6475,#6476,#6477,#6478),.UNSPECIFIED.,.F.,.F.,(4,2,2,2,2,2,
2,2,2,2,2,2,2,2,2,2,2,4),(-1.34569538988849,-1.34553342735478,-1.32796780854489,
-1.30848070014401,-1.28778000263643,-1.2652183406213,-1.2416094325733,-1.21618870983861,
-1.18974301416867,-1.16157302912819,-1.13240710398757,-1.10278757776325,
-1.07346854298864,-1.04379265019731,-1.01433956989231,-0.984619493844289,
-0.955048853629869,-0.931986986054503),.UNSPECIFIED.);
#38=B_SPLINE_CURVE_WITH_KNOTS('',3,(#6483,#6484,#6485,#6486,#6487,#6488,
#6489,#6490,#6491,#6492,#6493,#6494,#6495,#6496,#6497,#6498,#6499,#6500,
#6501,#6502,#6503,#6504,#6505,#6506,#6507,#6508,#6509,#6510,#6511,#6512,
#6513,#6514,#6515,#6516,#6517,#6518),.UNSPECIFIED.,.F.,.F.,(4,2,2,2,2,2,
2,2,2,2,2,2,2,2,2,2,2,4),(-1.76592030421773,-1.74929757431337,-1.71059152292509,
-1.67249092823142,-1.63375042036485,-1.59567042313092,-1.5568997547929,
-1.51884248650316,-1.48004576730372,-1.44201242690793,-1.40319366353643,
-1.36518610106244,-1.3263494039699,-1.28836999597393,-1.24951963340288,
-1.21157100860162,-1.17271152377365,-1.15729791723151),.UNSPECIFIED.);
#39=B_SPLINE_CURVE_WITH_KNOTS('',3,(#6519,#6520,#6521,#6522,#6523,#6524,
#6525,#6526,#6527,#6528,#6529,#6530,#6531,#6532,#6533,#6534,#6535,#6536,
#6537,#6538,#6539,#6540,#6541,#6542,#6543,#6544,#6545,#6546,#6547,#6548,
#6549,#6550,#6551,#6552,#6553,#6554),.UNSPECIFIED.,.F.,.F.,(4,2,2,2,2,2,
2,2,2,2,2,2,2,2,2,2,2,4),(-0.931986986054503,-0.925294904909435,-0.89562097436222,
-0.865841873740544,-0.836077017222383,-0.8062801362359,-0.776002170446075,
-0.746589876706919,-0.716285762616911,-0.686827199213894,-0.656504413789049,
-0.627004885657818,-0.596669879951828,-0.567133863709092,-0.536792240992121,
-0.507223522018964,-0.476880192495359,-0.459223847895419),.UNSPECIFIED.);
#40=B_SPLINE_CURVE_WITH_KNOTS('',3,(#6560,#6561,#6562,#6563,#6564,#6565,
#6566,#6567,#6568,#6569,#6570,#6571,#6572,#6573,#6574,#6575),
 .UNSPECIFIED.,.F.,.F.,(4,2,2,2,2,2,2,4),(-0.400017108765275,-0.386358813535269,
-0.372821187887622,-0.352549917870852,-0.332156211021589,-0.310931307035344,
-0.28976677614714,-0.287816802439952),.UNSPECIFIED.);
#41=B_SPLINE_CURVE_WITH_KNOTS('',3,(#6582,#6583,#6584,#6585,#6586,#6587,
#6588,#6589,#6590,#6591,#6592,#6593),.UNSPECIFIED.,.F.,.F.,(4,2,2,2,2,4),
(-0.138945821060651,-0.120114882854143,-0.0759446745563733,-0.0406069474916943,
-0.0203694724703084,-1.00000020245017E-6),.UNSPECIFIED.);
#42=B_SPLINE_CURVE_WITH_KNOTS('',3,(#6594,#6595,#6596,#6597,#6598,#6599,
#6600,#6601,#6602,#6603,#6604,#6605,#6606,#6607,#6608,#6609,#6610,#6611,
#6612,#6613,#6614,#6615,#6616,#6617,#6618,#6619,#6620,#6621,#6622,#6623,
#6624,#6625,#6626,#6627),.UNSPECIFIED.,.F.,.F.,(4,2,2,2,2,2,2,2,2,2,2,2,
2,2,2,2,4),(-0.287816802439952,-0.26759186519146,-0.245649071831037,-0.222548047256905,
-0.199801432582349,-0.175915701870999,-0.152229706293359,-0.139982547855722,
-0.127660187564104,-0.115174583130124,-0.102606940096042,-0.0898810572291579,
-0.0770668059291444,-0.0640990579654072,-0.0510277224994422,-0.0255313113880799,
-1.00000000008427E-6),.UNSPECIFIED.);
#43=B_SPLINE_CURVE_WITH_KNOTS('',3,(#6630,#6631,#6632,#6633,#6634,#6635,
#6636,#6637,#6638,#6639,#6640,#6641,#6642,#6643,#6644,#6645,#6646,#6647,
#6648,#6649,#6650,#6651,#6652,#6653,#6654,#6655,#6656,#6657),
 .UNSPECIFIED.,.F.,.F.,(4,2,2,2,2,2,2,2,2,2,2,2,2,4),(1.00000000008763E-6,
0.0129843388459586,0.0260001093407615,0.0467570321305517,0.0675409493533525,
0.0894672725127941,0.111191730631681,0.13425764341884,0.156914382853569,
0.181073654544004,0.20470279230847,0.216957356417436,0.242272845989364,
0.253958897450332),.UNSPECIFIED.);
#44=B_SPLINE_CURVE_WITH_KNOTS('',3,(#6662,#6663,#6664,#6665,#6666,#6667,
#6668,#6669,#6670,#6671,#6672,#6673,#6674,#6675),.UNSPECIFIED.,.F.,.F.,
(4,2,2,2,2,2,4),(1.00000037283831E-6,0.00882077086865437,0.0175982055621205,
0.0339856973952216,0.0419870391931315,0.0535069436975763,0.0641085305562128),
 .UNSPECIFIED.);
#45=B_SPLINE_CURVE_WITH_KNOTS('',3,(#6682,#6683,#6684,#6685,#6686,#6687,
#6688,#6689),.UNSPECIFIED.,.F.,.F.,(4,2,2,4),(9.99999991357661E-7,0.00624318743135388,
0.0128287041318234,0.0164844330312033),.UNSPECIFIED.);
#46=B_SPLINE_CURVE_WITH_KNOTS('',3,(#6698,#6699,#6700,#6701,#6702,#6703,
#6704,#6705),.UNSPECIFIED.,.F.,.F.,(4,2,2,4),(-0.0651289781006466,-0.034836024679873,
-0.019454094306531,-9.99978361657106E-7),.UNSPECIFIED.);
#47=B_SPLINE_CURVE_WITH_KNOTS('',3,(#6709,#6710,#6711,#6712,#6713,#6714,
#6715,#6716,#6717,#6718,#6719,#6720,#6721,#6722,#6723,#6724,#6725,#6726,
#6727,#6728,#6729,#6730,#6731,#6732,#6733,#6734,#6735,#6736,#6737,#6738,
#6739,#6740,#6741,#6742,#6743,#6744,#6745,#6746,#6747,#6748),
 .UNSPECIFIED.,.F.,.F.,(4,2,2,2,2,2,2,2,2,2,2,2,2,2,2,2,2,2,2,4),(-0.253894428779796,
-0.25092411970284,-0.243760522619333,-0.234518169562793,-0.224273154789496,
-0.212456928089501,-0.205805033491829,-0.192925326678039,-0.185862152448818,
-0.17176127328071,-0.156003051243573,-0.138995626164104,-0.119904769418195,
-0.0994439383213711,-0.0890037604897199,-0.0784041500197364,-0.0569178902564649,
-0.0469168561638621,-0.0272240180964364,-9.99999999973245E-7),
 .UNSPECIFIED.);
#48=B_SPLINE_CURVE_WITH_KNOTS('',3,(#6755,#6756,#6757,#6758,#6759,#6760,
#6761,#6762,#6763,#6764,#6765,#6766,#6767,#6768,#6769,#6770,#6771,#6772,
#6773,#6774,#6775,#6776,#6777,#6778,#6779,#6780),.UNSPECIFIED.,.F.,.F.,
(4,2,2,2,2,2,2,2,2,2,2,2,4),(2.37233270463532,2.41305199183581,2.4532940933269,
2.49486631778669,2.5350029070742,2.57672440814948,2.61701565705871,2.65889317541528,
2.69933057238705,2.74135460991394,2.78193048396943,2.81712459064923,2.85256718006528),
 .UNSPECIFIED.);
#49=B_SPLINE_CURVE_WITH_KNOTS('',3,(#6783,#6784,#6785,#6786,#6787,#6788,
#6789,#6790,#6791,#6792,#6793,#6794,#6795,#6796,#6797,#6798,#6799,#6800,
#6801,#6802,#6803,#6804),.UNSPECIFIED.,.F.,.F.,(4,2,2,2,2,2,2,2,2,2,4),
(9.99999999699977E-7,0.0381981749282811,0.0760749552717546,0.118943716811936,
0.163379685521922,0.206367325649673,0.250931563051676,0.29411978391312,
0.338806210754915,0.382183936058032,0.425111394884201),.UNSPECIFIED.);
#50=B_SPLINE_CURVE_WITH_KNOTS('',3,(#6809,#6810,#6811,#6812,#6813,#6814,
#6815,#6816,#6817,#6818,#6819,#6820,#6821,#6822,#6823,#6824,#6825,#6826,
#6827,#6828,#6829,#6830,#6831,#6832,#6833,#6834,#6835,#6836,#6837,#6838,
#6839,#6840,#6841,#6842,#6843,#6844),.UNSPECIFIED.,.F.,.F.,(4,2,2,2,2,2,
2,2,2,2,2,2,2,2,2,2,2,4),(1.71050284754446,1.7488108228397,1.79028909320011,
1.83267648952087,1.874024647406,1.91632340758955,1.95753569106866,1.9997427009047,
2.04081283099299,2.08292469080217,2.12384580958921,2.1658587988616,2.20662339835246,
2.2485334348454,2.28913327484826,2.33093586710249,2.3713618801508,2.37233270463532),
 .UNSPECIFIED.);
#51=B_SPLINE_CURVE_WITH_KNOTS('',3,(#6845,#6846,#6847,#6848,#6849,#6850,
#6851,#6852,#6853,#6854,#6855,#6856,#6857,#6858,#6859,#6860,#6861,#6862,
#6863,#6864,#6865,#6866,#6867,#6868,#6869,#6870,#6871,#6872,#6873,#6874,
#6875,#6876,#6877,#6878,#6879,#6880),.UNSPECIFIED.,.F.,.F.,(4,2,2,2,2,2,
2,2,2,2,2,2,2,2,2,2,2,4),(0.425111394884201,0.426987069979916,0.470544373706796,
0.515459344124963,0.559187019049473,0.60420921449906,0.648098971738439,
0.693224285181182,0.737268559849751,0.782493241674352,0.826685112981749,
0.872005731266401,0.916338853121583,0.961752259198876,1.00622079974255,
1.05172409825642,1.09632268700761,1.13690859782824),.UNSPECIFIED.);
#52=B_SPLINE_CURVE_WITH_KNOTS('',3,(#6885,#6886,#6887,#6888,#6889,#6890,
#6891,#6892,#6893,#6894,#6895,#6896,#6897,#6898,#6899,#6900,#6901,#6902,
#6903,#6904,#6905,#6906,#6907,#6908,#6909,#6910,#6911,#6912,#6913,#6914,
#6915,#6916,#6917,#6918,#6919,#6920),.UNSPECIFIED.,.F.,.F.,(4,2,2,2,2,2,
2,2,2,2,2,2,2,2,2,2,2,4),(1.034130148929,1.06969951795116,1.11315685353755,
1.15506129428418,1.19843844353005,1.24025948868897,1.28355387163378,1.32528892525207,
1.36849774726523,1.41014401710223,1.45326424509908,1.4959797588388,1.53781819555227,
1.58045523276291,1.62217824739727,1.66473456581278,1.7063376498023,1.71050284754446),
 .UNSPECIFIED.);
#53=B_SPLINE_CURVE_WITH_KNOTS('',3,(#6921,#6922,#6923,#6924,#6925,#6926,
#6927,#6928,#6929,#6930,#6931,#6932,#6933,#6934,#6935,#6936,#6937,#6938,
#6939,#6940,#6941,#6942,#6943,#6944,#6945,#6946,#6947,#6948,#6949,#6950,
#6951,#6952,#6953,#6954,#6955,#6956),.UNSPECIFIED.,.F.,.F.,(4,2,2,2,2,2,
2,2,2,2,2,2,2,2,2,2,2,4),(1.13690859782824,1.14191320978978,1.1866368913075,
1.2323121745132,1.27715636765117,1.3229141316856,1.3678745936634,1.41371272550574,
1.45878552014061,1.50353411849758,1.54997889997351,1.59483159490908,1.64137710263373,
1.68633027902006,1.73297283043253,1.77802314177017,1.82475935355593,1.8636265323098),
 .UNSPECIFIED.);
#54=B_SPLINE_CURVE_WITH_KNOTS('',3,(#6961,#6962,#6963,#6964,#6965,#6966,
#6967,#6968,#6969,#6970,#6971,#6972,#6973,#6974,#6975,#6976,#6977,#6978,
#6979,#6980,#6981,#6982,#6983,#6984,#6985,#6986,#6987,#6988,#6989,#6990,
#6991,#6992,#6993,#6994,#6995,#6996),.UNSPECIFIED.,.F.,.F.,(4,2,2,2,2,2,
2,2,2,2,2,2,2,2,2,2,2,4),(0.346898681159722,0.381428841029066,0.425454642754199,
0.467951283332486,0.511911878621227,0.554340602015416,0.598234545454517,
0.640593823639462,0.684419569191374,0.726707776822931,0.770463668629575,
0.812679074842706,0.85636333695877,0.898504096270331,0.942114821175065,
0.984178963371136,1.02771409908267,1.034130148929),.UNSPECIFIED.);
#55=B_SPLINE_CURVE_WITH_KNOTS('',3,(#6997,#6998,#6999,#7000,#7001,#7002,
#7003,#7004,#7005,#7006,#7007,#7008,#7009,#7010,#7011,#7012,#7013,#7014,
#7015,#7016,#7017,#7018,#7019,#7020,#7021,#7022,#7023,#7024,#7025,#7026,
#7027,#7028,#7029,#7030,#7031,#7032),.UNSPECIFIED.,.F.,.F.,(4,2,2,2,2,2,
2,2,2,2,2,2,2,2,2,2,2,4),(1.8636265323098,1.8699036961864,1.91673045344391,
1.96196594379392,2.00888037302101,2.05420432746281,2.10120377281806,2.14661368979476,
2.19369569217602,2.23918923629391,2.2863515148482,2.33192650268268,2.37916693842051,
2.42482132581897,2.47213794705607,2.5178698177525,2.56526078714257,2.60284945367646),
 .UNSPECIFIED.);
#56=B_SPLINE_CURVE_WITH_KNOTS('',3,(#7035,#7036,#7037,#7038,#7039,#7040,
#7041,#7042,#7043,#7044,#7045,#7046,#7047,#7048,#7049,#7050,#7051,#7052,
#7053,#7054),.UNSPECIFIED.,.F.,.F.,(4,2,2,2,2,2,2,2,2,4),(2.60284945367646,
2.61106834252426,2.65853194548102,2.70441349537024,2.75194812970569,2.79790208403756,
2.84550625066789,2.89153111196149,2.93402860474034,2.97622984792562),
 .UNSPECIFIED.);
#57=B_SPLINE_CURVE_WITH_KNOTS('',3,(#7057,#7058,#7059,#7060,#7061,#7062,
#7063,#7064,#7065,#7066,#7067,#7068,#7069,#7070,#7071,#7072,#7073,#7074,
#7075,#7076),.UNSPECIFIED.,.F.,.F.,(4,2,2,2,2,2,2,2,2,4),(1.00000020063912E-6,
0.0390262824160349,0.0783359000172646,0.12109050702664,0.165304015408397,
0.207995982479986,0.252148095608218,0.294776216519681,0.338865744539903,
0.346898681159722),.UNSPECIFIED.);
#58=B_SPLINE_CURVE_WITH_KNOTS('',3,(#7079,#7080,#7081,#7082,#7083,#7084,
#7085,#7086,#7087,#7088,#7089,#7090,#7091,#7092,#7093,#7094,#7095,#7096,
#7097,#7098,#7099,#7100),.UNSPECIFIED.,.F.,.F.,(4,2,2,2,2,2,2,2,2,2,4),
(-0.574247996336399,-0.507181914496217,-0.457513038222136,-0.360268726657789,
-0.262251410376524,-0.183962322654311,-0.12246179731367,-0.0736482555628468,
-0.0347258884921982,-0.0173492780320631,-1.00000013492085E-6),
 .UNSPECIFIED.);
#59=B_SPLINE_CURVE_WITH_KNOTS('',3,(#7103,#7104,#7105,#7106),
 .UNSPECIFIED.,.F.,.F.,(4,4),(-0.257955167243064,-0.253894428779796),
 .UNSPECIFIED.);
#60=B_SPLINE_CURVE_WITH_KNOTS('',3,(#7108,#7109,#7110,#7111,#7112,#7113,
#7114,#7115,#7116,#7117,#7118,#7119,#7120,#7121),.UNSPECIFIED.,.F.,.F.,
(4,2,2,2,2,2,4),(0.0164844330312033,0.0261823794392793,0.0405035332449541,
0.0558645950872204,0.0704732454085926,0.0780979519524742,0.0858063932243868),
 .UNSPECIFIED.);
#61=B_SPLINE_CURVE_WITH_KNOTS('',3,(#7123,#7124,#7125,#7126,#7127,#7128,
#7129,#7130,#7131,#7132,#7133,#7134,#7135,#7136,#7137,#7138,#7139,#7140,
#7141,#7142,#7143,#7144),.UNSPECIFIED.,.F.,.F.,(4,2,2,2,2,2,2,2,2,2,4),
(0.253958897450332,0.25510039743393,0.280618750826634,0.306829889235501,
0.333286782737203,0.360476157598355,0.387872787454339,0.41604925157244,
0.444693238484379,0.462530266355075,0.480600940766108),.UNSPECIFIED.);
#62=B_SPLINE_CURVE_WITH_KNOTS('',3,(#7145,#7146,#7147,#7148,#7149,#7150),
 .UNSPECIFIED.,.F.,.F.,(4,2,4),(-0.150773298544459,-0.138994199617205,-0.138945821060651),
 .UNSPECIFIED.);
#63=B_SPLINE_CURVE_WITH_KNOTS('',3,(#7152,#7153,#7154,#7155,#7156,#7157,
#7158,#7159,#7160,#7161,#7162,#7163,#7164,#7165,#7166,#7167,#7168,#7169,
#7170,#7171,#7172,#7173,#7174,#7175,#7176,#7177,#7178,#7179,#7180,#7181,
#7182,#7183,#7184,#7185),.UNSPECIFIED.,.F.,.F.,(4,2,2,2,2,2,2,2,2,2,2,2,
2,2,2,2,4),(-0.459223847895419,-0.447282010535138,-0.416941393173376,-0.387316508276084,
-0.356982453132847,-0.327333202346119,-0.297009297310815,-0.26733776935348,
-0.237027373299349,-0.207335448629083,-0.177041783755382,-0.147331075427572,
-0.11705727873932,-0.0873285740943001,-0.0570778327271384,-0.0273327932793221,
-9.99999992423728E-7),.UNSPECIFIED.);
#64=B_SPLINE_CURVE_WITH_KNOTS('',3,(#7186,#7187,#7188,#7189,#7190,#7191,
#7192,#7193,#7194,#7195,#7196,#7197,#7198,#7199,#7200,#7201,#7202,#7203,
#7204,#7205),.UNSPECIFIED.,.F.,.F.,(4,2,2,2,2,2,2,2,2,4),(-2.07715003858949,
-2.04773889132025,-2.01772138566276,-1.97956270466999,-1.94098931192603,
-1.90284105477232,-1.86421818988294,-1.82608333441791,-1.78741647317183,
-1.76592030421773),.UNSPECIFIED.);
#65=B_SPLINE_CURVE_WITH_KNOTS('',3,(#7208,#7209,#7210,#7211,#7212,#7213,
#7214,#7215),.UNSPECIFIED.,.F.,.F.,(4,2,2,4),(0.,0.029654400922445,0.0447785020602391,
0.05930931620234),.UNSPECIFIED.);
#66=B_SPLINE_CURVE_WITH_KNOTS('',3,(#7217,#7218,#7219,#7220,#7221,#7222,
#7223,#7224,#7225,#7226),.UNSPECIFIED.,.F.,.F.,(4,2,2,2,4),(0.,0.0168941830378784,
0.0337240775083839,0.0503804440206653,0.0674507919516404),.UNSPECIFIED.);
#67=B_SPLINE_CURVE_WITH_KNOTS('',3,(#7227,#7228,#7229,#7230,#7231,#7232,
#7233,#7234,#7235,#7236,#7237,#7238,#7239,#7240,#7241,#7242,#7243,#7244),
 .UNSPECIFIED.,.F.,.F.,(4,2,2,2,2,2,2,2,4),(-0.118379213188945,-0.0998713676566398,
-0.082748569206922,-0.0633563793187046,-0.0459504701931125,-0.0308751203721086,
-0.0172169607157091,-0.00820988757750368,-1.00000035629932E-6),
 .UNSPECIFIED.);
#68=B_SPLINE_CURVE_WITH_KNOTS('',3,(#7479,#7480,#7481,#7482,#7483,#7484,
#7485,#7486,#7487,#7488,#7489,#7490,#7491,#7492,#7493,#7494,#7495,#7496,
#7497,#7498,#7499,#7500,#7501,#7502,#7503,#7504,#7505,#7506,#7507,#7508),
 .UNSPECIFIED.,.F.,.F.,(4,2,2,2,2,2,2,2,2,2,2,2,2,2,4),(0.,0.0625,0.09375,
0.125,0.15625,0.1875,0.25,0.3125,0.375,0.4375,0.5,0.5625,0.625,0.6875,0.706697039016573),
 .UNSPECIFIED.);
#69=B_SPLINE_CURVE_WITH_KNOTS('',3,(#7587,#7588,#7589,#7590,#7591,#7592,
#7593,#7594,#7595,#7596,#7597,#7598,#7599,#7600,#7601,#7602,#7603,#7604,
#7605,#7606,#7607,#7608,#7609,#7610,#7611,#7612),.UNSPECIFIED.,.F.,.F.,
(4,2,2,2,2,2,2,2,2,2,2,2,4),(0.,0.0625,0.09375,0.125,0.15625,0.1875,0.25,
0.3125,0.375,0.4375,0.5,0.5625,0.622909425413155),.UNSPECIFIED.);
#70=B_SPLINE_CURVE_WITH_KNOTS('',3,(#7791,#7792,#7793,#7794,#7795,#7796),
 .UNSPECIFIED.,.F.,.F.,(4,2,4),(1.00000013959196E-6,0.0275232780115477,
0.0587447028945892),.UNSPECIFIED.);
#71=B_SPLINE_CURVE_WITH_KNOTS('',3,(#7975,#7976,#7977,#7978,#7979,#7980,
#7981,#7982,#7983,#7984),.UNSPECIFIED.,.F.,.F.,(4,2,2,2,4),(0.,0.0282501932523624,
0.0553087872384271,0.0845422442201818,0.11009872545303),.UNSPECIFIED.);
#72=B_SPLINE_CURVE_WITH_KNOTS('',3,(#8067,#8068,#8069,#8070,#8071,#8072,
#8073,#8074,#8075,#8076,#8077,#8078,#8079,#8080,#8081,#8082,#8083,#8084,
#8085,#8086,#8087,#8088,#8089,#8090,#8091,#8092,#8093,#8094,#8095,#8096,
#8097,#8098,#8099,#8100),.UNSPECIFIED.,.F.,.F.,(4,2,2,2,2,2,2,2,2,2,2,2,
2,2,2,2,4),(-0.551556425498384,-0.52272868916532,-0.484777083107459,-0.446706562671502,
-0.408890414363609,-0.370865583278409,-0.333203660749958,-0.295238139788202,
-0.257752129775616,-0.21986201215585,-0.182576997816118,-0.146595263349884,
-0.112881809772839,-0.0805081513765847,-0.0505078453971154,-0.0253981069670285,
-9.99999996253997E-7),.UNSPECIFIED.);
#73=B_SPLINE_CURVE_WITH_KNOTS('',3,(#8104,#8105,#8106,#8107,#8108,#8109,
#8110,#8111,#8112,#8113),.UNSPECIFIED.,.F.,.F.,(4,2,2,2,4),(-0.108643265721568,
-0.08194603887555,-0.0543219375912641,-0.0271387615562747,-1.00000028749325E-6),
 .UNSPECIFIED.);
#74=B_SPLINE_CURVE_WITH_KNOTS('',3,(#8114,#8115,#8116,#8117,#8118,#8119,
#8120,#8121,#8122,#8123),.UNSPECIFIED.,.F.,.F.,(4,2,2,2,4),(-1.4121071288817,
-1.39569140350736,-1.37763758520565,-1.36186294845068,-1.34569538988849),
 .UNSPECIFIED.);
#75=B_SPLINE_CURVE_WITH_KNOTS('',3,(#8128,#8129,#8130,#8131,#8132,#8133,
#8134,#8135,#8136,#8137,#8138,#8139,#8140,#8141,#8142,#8143,#8144,#8145,
#8146,#8147,#8148,#8149,#8150,#8151,#8152,#8153,#8154,#8155,#8156,#8157,
#8158,#8159,#8160,#8161,#8162,#8163),.UNSPECIFIED.,.F.,.F.,(4,2,2,2,2,2,
2,2,2,2,2,2,2,2,2,2,2,4),(-1.15729791723151,-1.13479666251854,-1.0959329992049,
-1.05805534122399,-1.01919298072349,-0.981356543797036,-0.942501656761088,
-0.904711169379325,-0.86628726427282,-0.828129264887766,-0.789778253058655,
-0.751623625822921,-0.713354805015066,-0.675209423586018,-0.637033452035196,
-0.598904267923435,-0.560833393892244,-0.551556425498384),.UNSPECIFIED.);
#76=B_SPLINE_CURVE_WITH_KNOTS('',3,(#8164,#8165,#8166,#8167,#8168,#8169,
#8170,#8171,#8172,#8173,#8174,#8175,#8176,#8177,#8178,#8179,#8180,#8181,
#8182,#8183,#8184,#8185,#8186,#8187,#8188,#8189,#8190,#8191,#8192,#8193,
#8194,#8195,#8196,#8197,#8198,#8199),.UNSPECIFIED.,.F.,.F.,(4,2,2,2,2,2,
2,2,2,2,2,2,2,2,2,2,2,4),(-1.34569538988849,-1.34553342735478,-1.32796780854489,
-1.30848070014401,-1.28778000263643,-1.2652183406213,-1.2416094325733,-1.21618870983861,
-1.18974301416867,-1.16157302912819,-1.13240710398757,-1.10278757776325,
-1.07346854298864,-1.04379265019731,-1.01433956989231,-0.984619493844289,
-0.955048853629869,-0.931986986054503),.UNSPECIFIED.);
#77=B_SPLINE_CURVE_WITH_KNOTS('',3,(#8204,#8205,#8206,#8207,#8208,#8209,
#8210,#8211,#8212,#8213,#8214,#8215,#8216,#8217,#8218,#8219,#8220,#8221,
#8222,#8223,#8224,#8225,#8226,#8227,#8228,#8229,#8230,#8231,#8232,#8233,
#8234,#8235,#8236,#8237,#8238,#8239),.UNSPECIFIED.,.F.,.F.,(4,2,2,2,2,2,
2,2,2,2,2,2,2,2,2,2,2,4),(-1.76592030421773,-1.74929757431337,-1.71059152292509,
-1.67249092823142,-1.63375042036485,-1.59567042313092,-1.5568997547929,
-1.51884248650316,-1.48004576730372,-1.44201242690793,-1.40319366353643,
-1.36518610106244,-1.3263494039699,-1.28836999597393,-1.24951963340288,
-1.21157100860162,-1.17271152377365,-1.15729791723151),.UNSPECIFIED.);
#78=B_SPLINE_CURVE_WITH_KNOTS('',3,(#8240,#8241,#8242,#8243,#8244,#8245,
#8246,#8247,#8248,#8249,#8250,#8251,#8252,#8253,#8254,#8255,#8256,#8257,
#8258,#8259,#8260,#8261,#8262,#8263,#8264,#8265,#8266,#8267,#8268,#8269,
#8270,#8271,#8272,#8273,#8274,#8275),.UNSPECIFIED.,.F.,.F.,(4,2,2,2,2,2,
2,2,2,2,2,2,2,2,2,2,2,4),(-0.931986986054503,-0.925294904909435,-0.89562097436222,
-0.865841873740544,-0.836077017222383,-0.8062801362359,-0.776002170446075,
-0.746589876706919,-0.716285762616911,-0.686827199213894,-0.656504413789049,
-0.627004885657818,-0.596669879951828,-0.567133863709092,-0.536792240992121,
-0.507223522018964,-0.476880192495359,-0.459223847895419),.UNSPECIFIED.);
#79=B_SPLINE_CURVE_WITH_KNOTS('',3,(#8281,#8282,#8283,#8284,#8285,#8286,
#8287,#8288,#8289,#8290,#8291,#8292,#8293,#8294,#8295,#8296),
 .UNSPECIFIED.,.F.,.F.,(4,2,2,2,2,2,2,4),(-0.400017108765275,-0.386358813535269,
-0.372821187887622,-0.352549917870852,-0.332156211021589,-0.310931307035344,
-0.28976677614714,-0.287816802439952),.UNSPECIFIED.);
#80=B_SPLINE_CURVE_WITH_KNOTS('',3,(#8303,#8304,#8305,#8306,#8307,#8308,
#8309,#8310,#8311,#8312,#8313,#8314),.UNSPECIFIED.,.F.,.F.,(4,2,2,2,2,4),
(-0.138945821060651,-0.120114882854143,-0.0759446745563733,-0.0406069474916943,
-0.0203694724703084,-1.00000020245017E-6),.UNSPECIFIED.);
#81=B_SPLINE_CURVE_WITH_KNOTS('',3,(#8315,#8316,#8317,#8318,#8319,#8320,
#8321,#8322,#8323,#8324,#8325,#8326,#8327,#8328,#8329,#8330,#8331,#8332,
#8333,#8334,#8335,#8336,#8337,#8338,#8339,#8340,#8341,#8342,#8343,#8344,
#8345,#8346,#8347,#8348),.UNSPECIFIED.,.F.,.F.,(4,2,2,2,2,2,2,2,2,2,2,2,
2,2,2,2,4),(-0.287816802439952,-0.26759186519146,-0.245649071831037,-0.222548047256905,
-0.199801432582349,-0.175915701870999,-0.152229706293359,-0.139982547855722,
-0.127660187564104,-0.115174583130124,-0.102606940096042,-0.0898810572291579,
-0.0770668059291444,-0.0640990579654072,-0.0510277224994422,-0.0255313113880799,
-1.00000000008427E-6),.UNSPECIFIED.);
#82=B_SPLINE_CURVE_WITH_KNOTS('',3,(#8351,#8352,#8353,#8354,#8355,#8356,
#8357,#8358,#8359,#8360,#8361,#8362,#8363,#8364,#8365,#8366,#8367,#8368,
#8369,#8370,#8371,#8372,#8373,#8374,#8375,#8376,#8377,#8378),
 .UNSPECIFIED.,.F.,.F.,(4,2,2,2,2,2,2,2,2,2,2,2,2,4),(1.00000000008763E-6,
0.0129843388459586,0.0260001093407615,0.0467570321305517,0.0675409493533525,
0.0894672725127941,0.111191730631681,0.13425764341884,0.156914382853569,
0.181073654544004,0.20470279230847,0.216957356417436,0.242272845989364,
0.253958897450332),.UNSPECIFIED.);
#83=B_SPLINE_CURVE_WITH_KNOTS('',3,(#8383,#8384,#8385,#8386,#8387,#8388,
#8389,#8390,#8391,#8392,#8393,#8394,#8395,#8396),.UNSPECIFIED.,.F.,.F.,
(4,2,2,2,2,2,4),(1.00000037283831E-6,0.00882077086865437,0.0175982055621205,
0.0339856973952216,0.0419870391931315,0.0535069436975763,0.0641085305562128),
 .UNSPECIFIED.);
#84=B_SPLINE_CURVE_WITH_KNOTS('',3,(#8403,#8404,#8405,#8406,#8407,#8408,
#8409,#8410),.UNSPECIFIED.,.F.,.F.,(4,2,2,4),(9.99999991357661E-7,0.00624318743135388,
0.0128287041318234,0.0164844330312032),.UNSPECIFIED.);
#85=B_SPLINE_CURVE_WITH_KNOTS('',3,(#8419,#8420,#8421,#8422,#8423,#8424,
#8425,#8426),.UNSPECIFIED.,.F.,.F.,(4,2,2,4),(-0.0651289781006466,-0.034836024679873,
-0.019454094306531,-9.99978361657106E-7),.UNSPECIFIED.);
#86=B_SPLINE_CURVE_WITH_KNOTS('',3,(#8430,#8431,#8432,#8433,#8434,#8435,
#8436,#8437,#8438,#8439,#8440,#8441,#8442,#8443,#8444,#8445,#8446,#8447,
#8448,#8449,#8450,#8451,#8452,#8453,#8454,#8455,#8456,#8457,#8458,#8459,
#8460,#8461,#8462,#8463,#8464,#8465,#8466,#8467,#8468,#8469),
 .UNSPECIFIED.,.F.,.F.,(4,2,2,2,2,2,2,2,2,2,2,2,2,2,2,2,2,2,2,4),(-0.253894428779796,
-0.25092411970284,-0.243760522619333,-0.234518169562793,-0.224273154789496,
-0.212456928089501,-0.205805033491829,-0.192925326678039,-0.185862152448818,
-0.17176127328071,-0.156003051243573,-0.138995626164104,-0.119904769418195,
-0.0994439383213711,-0.0890037604897199,-0.0784041500197364,-0.0569178902564649,
-0.0469168561638621,-0.0272240180964364,-9.99999999973245E-7),
 .UNSPECIFIED.);
#87=B_SPLINE_CURVE_WITH_KNOTS('',3,(#8476,#8477,#8478,#8479,#8480,#8481,
#8482,#8483,#8484,#8485,#8486,#8487,#8488,#8489,#8490,#8491,#8492,#8493,
#8494,#8495,#8496,#8497,#8498,#8499,#8500,#8501),.UNSPECIFIED.,.F.,.F.,
(4,2,2,2,2,2,2,2,2,2,2,2,4),(2.37233270463532,2.41305199183581,2.4532940933269,
2.49486631778669,2.5350029070742,2.57672440814948,2.61701565705871,2.65889317541528,
2.69933057238705,2.74135460991394,2.78193048396943,2.81712459064923,2.85256718006528),
 .UNSPECIFIED.);
#88=B_SPLINE_CURVE_WITH_KNOTS('',3,(#8504,#8505,#8506,#8507,#8508,#8509,
#8510,#8511,#8512,#8513,#8514,#8515,#8516,#8517,#8518,#8519,#8520,#8521,
#8522,#8523,#8524,#8525),.UNSPECIFIED.,.F.,.F.,(4,2,2,2,2,2,2,2,2,2,4),
(9.99999999699977E-7,0.0381981749282811,0.0760749552717546,0.118943716811936,
0.163379685521922,0.206367325649673,0.250931563051676,0.29411978391312,
0.338806210754915,0.382183936058032,0.425111394884201),.UNSPECIFIED.);
#89=B_SPLINE_CURVE_WITH_KNOTS('',3,(#8530,#8531,#8532,#8533,#8534,#8535,
#8536,#8537,#8538,#8539,#8540,#8541,#8542,#8543,#8544,#8545,#8546,#8547,
#8548,#8549,#8550,#8551,#8552,#8553,#8554,#8555,#8556,#8557,#8558,#8559,
#8560,#8561,#8562,#8563,#8564,#8565),.UNSPECIFIED.,.F.,.F.,(4,2,2,2,2,2,
2,2,2,2,2,2,2,2,2,2,2,4),(1.71050284754446,1.7488108228397,1.79028909320011,
1.83267648952087,1.874024647406,1.91632340758955,1.95753569106866,1.9997427009047,
2.04081283099299,2.08292469080217,2.12384580958921,2.1658587988616,2.20662339835246,
2.2485334348454,2.28913327484826,2.33093586710249,2.3713618801508,2.37233270463532),
 .UNSPECIFIED.);
#90=B_SPLINE_CURVE_WITH_KNOTS('',3,(#8566,#8567,#8568,#8569,#8570,#8571,
#8572,#8573,#8574,#8575,#8576,#8577,#8578,#8579,#8580,#8581,#8582,#8583,
#8584,#8585,#8586,#8587,#8588,#8589,#8590,#8591,#8592,#8593,#8594,#8595,
#8596,#8597,#8598,#8599,#8600,#8601),.UNSPECIFIED.,.F.,.F.,(4,2,2,2,2,2,
2,2,2,2,2,2,2,2,2,2,2,4),(0.425111394884201,0.426987069979916,0.470544373706796,
0.515459344124963,0.559187019049473,0.60420921449906,0.648098971738439,
0.693224285181182,0.737268559849751,0.782493241674352,0.826685112981749,
0.872005731266401,0.916338853121583,0.961752259198876,1.00622079974255,
1.05172409825642,1.09632268700761,1.13690859782824),.UNSPECIFIED.);
#91=B_SPLINE_CURVE_WITH_KNOTS('',3,(#8606,#8607,#8608,#8609,#8610,#8611,
#8612,#8613,#8614,#8615,#8616,#8617,#8618,#8619,#8620,#8621,#8622,#8623,
#8624,#8625,#8626,#8627,#8628,#8629,#8630,#8631,#8632,#8633,#8634,#8635,
#8636,#8637,#8638,#8639,#8640,#8641),.UNSPECIFIED.,.F.,.F.,(4,2,2,2,2,2,
2,2,2,2,2,2,2,2,2,2,2,4),(1.034130148929,1.06969951795116,1.11315685353755,
1.15506129428418,1.19843844353005,1.24025948868897,1.28355387163378,1.32528892525207,
1.36849774726523,1.41014401710223,1.45326424509908,1.4959797588388,1.53781819555227,
1.58045523276291,1.62217824739727,1.66473456581278,1.7063376498023,1.71050284754446),
 .UNSPECIFIED.);
#92=B_SPLINE_CURVE_WITH_KNOTS('',3,(#8642,#8643,#8644,#8645,#8646,#8647,
#8648,#8649,#8650,#8651,#8652,#8653,#8654,#8655,#8656,#8657,#8658,#8659,
#8660,#8661,#8662,#8663,#8664,#8665,#8666,#8667,#8668,#8669,#8670,#8671,
#8672,#8673,#8674,#8675,#8676,#8677),.UNSPECIFIED.,.F.,.F.,(4,2,2,2,2,2,
2,2,2,2,2,2,2,2,2,2,2,4),(1.13690859782824,1.14191320978978,1.1866368913075,
1.2323121745132,1.27715636765117,1.3229141316856,1.3678745936634,1.41371272550574,
1.45878552014061,1.50353411849758,1.54997889997351,1.59483159490908,1.64137710263373,
1.68633027902006,1.73297283043253,1.77802314177017,1.82475935355593,1.8636265323098),
 .UNSPECIFIED.);
#93=B_SPLINE_CURVE_WITH_KNOTS('',3,(#8682,#8683,#8684,#8685,#8686,#8687,
#8688,#8689,#8690,#8691,#8692,#8693,#8694,#8695,#8696,#8697,#8698,#8699,
#8700,#8701,#8702,#8703,#8704,#8705,#8706,#8707,#8708,#8709,#8710,#8711,
#8712,#8713,#8714,#8715,#8716,#8717),.UNSPECIFIED.,.F.,.F.,(4,2,2,2,2,2,
2,2,2,2,2,2,2,2,2,2,2,4),(0.346898681159722,0.381428841029066,0.425454642754199,
0.467951283332486,0.511911878621227,0.554340602015416,0.598234545454517,
0.640593823639462,0.684419569191374,0.726707776822931,0.770463668629575,
0.812679074842706,0.85636333695877,0.898504096270331,0.942114821175065,
0.984178963371136,1.02771409908267,1.034130148929),.UNSPECIFIED.);
#94=B_SPLINE_CURVE_WITH_KNOTS('',3,(#8718,#8719,#8720,#8721,#8722,#8723,
#8724,#8725,#8726,#8727,#8728,#8729,#8730,#8731,#8732,#8733,#8734,#8735,
#8736,#8737,#8738,#8739,#8740,#8741,#8742,#8743,#8744,#8745,#8746,#8747,
#8748,#8749,#8750,#8751,#8752,#8753),.UNSPECIFIED.,.F.,.F.,(4,2,2,2,2,2,
2,2,2,2,2,2,2,2,2,2,2,4),(1.8636265323098,1.8699036961864,1.91673045344391,
1.96196594379392,2.00888037302101,2.05420432746281,2.10120377281806,2.14661368979476,
2.19369569217602,2.23918923629391,2.2863515148482,2.33192650268268,2.37916693842051,
2.42482132581897,2.47213794705607,2.5178698177525,2.56526078714257,2.60284945367646),
 .UNSPECIFIED.);
#95=B_SPLINE_CURVE_WITH_KNOTS('',3,(#8756,#8757,#8758,#8759,#8760,#8761,
#8762,#8763,#8764,#8765,#8766,#8767,#8768,#8769,#8770,#8771,#8772,#8773,
#8774,#8775),.UNSPECIFIED.,.F.,.F.,(4,2,2,2,2,2,2,2,2,4),(2.60284945367646,
2.61106834252426,2.65853194548102,2.70441349537024,2.75194812970569,2.79790208403756,
2.84550625066789,2.89153111196149,2.93402860474034,2.97622984792562),
 .UNSPECIFIED.);
#96=B_SPLINE_CURVE_WITH_KNOTS('',3,(#8778,#8779,#8780,#8781,#8782,#8783,
#8784,#8785,#8786,#8787,#8788,#8789,#8790,#8791,#8792,#8793,#8794,#8795,
#8796,#8797),.UNSPECIFIED.,.F.,.F.,(4,2,2,2,2,2,2,2,2,4),(1.00000020063912E-6,
0.0390262824160349,0.0783359000172646,0.12109050702664,0.165304015408397,
0.207995982479986,0.252148095608218,0.294776216519681,0.338865744539903,
0.346898681159722),.UNSPECIFIED.);
#97=B_SPLINE_CURVE_WITH_KNOTS('',3,(#8800,#8801,#8802,#8803,#8804,#8805,
#8806,#8807,#8808,#8809,#8810,#8811,#8812,#8813,#8814,#8815,#8816,#8817,
#8818,#8819,#8820,#8821),.UNSPECIFIED.,.F.,.F.,(4,2,2,2,2,2,2,2,2,2,4),
(-0.574247996336399,-0.507181914496217,-0.457513038222136,-0.360268726657789,
-0.262251410376524,-0.183962322654311,-0.12246179731367,-0.0736482555628468,
-0.0347258884921982,-0.0173492780320631,-1.00000013492085E-6),
 .UNSPECIFIED.);
#98=B_SPLINE_CURVE_WITH_KNOTS('',3,(#8824,#8825,#8826,#8827),
 .UNSPECIFIED.,.F.,.F.,(4,4),(-0.257955167243064,-0.253894428779796),
 .UNSPECIFIED.);
#99=B_SPLINE_CURVE_WITH_KNOTS('',3,(#8829,#8830,#8831,#8832,#8833,#8834,
#8835,#8836,#8837,#8838,#8839,#8840,#8841,#8842),.UNSPECIFIED.,.F.,.F.,
(4,2,2,2,2,2,4),(0.0164844330312032,0.0261823794392793,0.0405035332449541,
0.0558645950872204,0.0704732454085926,0.0780979519524742,0.0858063932243868),
 .UNSPECIFIED.);
#100=B_SPLINE_CURVE_WITH_KNOTS('',3,(#8844,#8845,#8846,#8847,#8848,#8849,
#8850,#8851,#8852,#8853,#8854,#8855,#8856,#8857,#8858,#8859,#8860,#8861,
#8862,#8863,#8864,#8865),.UNSPECIFIED.,.F.,.F.,(4,2,2,2,2,2,2,2,2,2,4),
(0.253958897450332,0.25510039743393,0.280618750826634,0.306829889235501,
0.333286782737203,0.360476157598355,0.387872787454339,0.41604925157244,
0.444693238484379,0.462530266355075,0.480600940766108),.UNSPECIFIED.);
#101=B_SPLINE_CURVE_WITH_KNOTS('',3,(#8866,#8867,#8868,#8869,#8870,#8871),
 .UNSPECIFIED.,.F.,.F.,(4,2,4),(-0.150773298544459,-0.138994199617205,-0.138945821060651),
 .UNSPECIFIED.);
#102=B_SPLINE_CURVE_WITH_KNOTS('',3,(#8873,#8874,#8875,#8876,#8877,#8878,
#8879,#8880,#8881,#8882,#8883,#8884,#8885,#8886,#8887,#8888,#8889,#8890,
#8891,#8892,#8893,#8894,#8895,#8896,#8897,#8898,#8899,#8900,#8901,#8902,
#8903,#8904,#8905,#8906),.UNSPECIFIED.,.F.,.F.,(4,2,2,2,2,2,2,2,2,2,2,2,
2,2,2,2,4),(-0.459223847895419,-0.447282010535138,-0.416941393173376,-0.387316508276084,
-0.356982453132847,-0.327333202346119,-0.297009297310815,-0.26733776935348,
-0.237027373299349,-0.207335448629083,-0.177041783755382,-0.147331075427572,
-0.11705727873932,-0.0873285740943001,-0.0570778327271384,-0.0273327932793221,
-9.99999992423728E-7),.UNSPECIFIED.);
#103=B_SPLINE_CURVE_WITH_KNOTS('',3,(#8907,#8908,#8909,#8910,#8911,#8912,
#8913,#8914,#8915,#8916,#8917,#8918,#8919,#8920,#8921,#8922,#8923,#8924,
#8925,#8926),.UNSPECIFIED.,.F.,.F.,(4,2,2,2,2,2,2,2,2,4),(-2.07715003858949,
-2.04773889132025,-2.01772138566276,-1.97956270466999,-1.94098931192603,
-1.90284105477232,-1.86421818988294,-1.82608333441791,-1.78741647317183,
-1.76592030421773),.UNSPECIFIED.);
#104=B_SPLINE_CURVE_WITH_KNOTS('',3,(#8929,#8930,#8931,#8932,#8933,#8934,
#8935,#8936),.UNSPECIFIED.,.F.,.F.,(4,2,2,4),(0.,0.029654400922445,0.0447785020602391,
0.05930931620234),.UNSPECIFIED.);
#105=B_SPLINE_CURVE_WITH_KNOTS('',3,(#8938,#8939,#8940,#8941,#8942,#8943,
#8944,#8945,#8946,#8947),.UNSPECIFIED.,.F.,.F.,(4,2,2,2,4),(0.,0.0168941830378784,
0.0337240775083839,0.0503804440206653,0.0674507919516404),.UNSPECIFIED.);
#106=B_SPLINE_CURVE_WITH_KNOTS('',3,(#8948,#8949,#8950,#8951,#8952,#8953,
#8954,#8955,#8956,#8957,#8958,#8959,#8960,#8961,#8962,#8963,#8964,#8965),
 .UNSPECIFIED.,.F.,.F.,(4,2,2,2,2,2,2,2,4),(-0.118379213188945,-0.0998713676566398,
-0.082748569206922,-0.0633563793187046,-0.0459504701931125,-0.0308751203721086,
-0.0172169607157091,-0.00820988757750368,-1.00000035629932E-6),
 .UNSPECIFIED.);
#107=B_SPLINE_CURVE_WITH_KNOTS('',3,(#9200,#9201,#9202,#9203,#9204,#9205,
#9206,#9207,#9208,#9209,#9210,#9211,#9212,#9213,#9214,#9215,#9216,#9217,
#9218,#9219,#9220,#9221,#9222,#9223,#9224,#9225,#9226,#9227,#9228,#9229),
 .UNSPECIFIED.,.F.,.F.,(4,2,2,2,2,2,2,2,2,2,2,2,2,2,4),(0.,0.0625,0.09375,
0.125,0.15625,0.1875,0.25,0.3125,0.375,0.4375,0.5,0.5625,0.625,0.6875,0.706697039016573),
 .UNSPECIFIED.);
#108=B_SPLINE_CURVE_WITH_KNOTS('',3,(#9308,#9309,#9310,#9311,#9312,#9313,
#9314,#9315,#9316,#9317,#9318,#9319,#9320,#9321,#9322,#9323,#9324,#9325,
#9326,#9327,#9328,#9329,#9330,#9331,#9332,#9333),.UNSPECIFIED.,.F.,.F.,
(4,2,2,2,2,2,2,2,2,2,2,2,4),(0.,0.0625,0.09375,0.125,0.15625,0.1875,0.25,
0.3125,0.375,0.4375,0.5,0.5625,0.622909425413155),.UNSPECIFIED.);
#109=B_SPLINE_CURVE_WITH_KNOTS('',3,(#9512,#9513,#9514,#9515,#9516,#9517),
 .UNSPECIFIED.,.F.,.F.,(4,2,4),(1.00000013959196E-6,0.0275232780115477,
0.0587447028945892),.UNSPECIFIED.);
#110=B_SPLINE_CURVE_WITH_KNOTS('',3,(#9696,#9697,#9698,#9699,#9700,#9701,
#9702,#9703,#9704,#9705),.UNSPECIFIED.,.F.,.F.,(4,2,2,2,4),(0.,0.0282501932523624,
0.0553087872384271,0.0845422442201818,0.11009872545303),.UNSPECIFIED.);
#111=B_SPLINE_CURVE_WITH_KNOTS('',3,(#9788,#9789,#9790,#9791,#9792,#9793,
#9794,#9795,#9796,#9797),.UNSPECIFIED.,.F.,.F.,(4,2,2,2,4),(-1.4121071288817,
-1.39569140350736,-1.37763758520565,-1.36186294845068,-1.34569538988849),
 .UNSPECIFIED.);
#112=B_SPLINE_CURVE_WITH_KNOTS('',3,(#9799,#9800,#9801,#9802,#9803,#9804,
#9805,#9806,#9807,#9808),.UNSPECIFIED.,.F.,.F.,(4,2,2,2,4),(-0.108643265721568,
-0.08194603887555,-0.0543219375912641,-0.0271387615562747,-1.00000028749325E-6),
 .UNSPECIFIED.);
#113=B_SPLINE_CURVE_WITH_KNOTS('',3,(#9811,#9812,#9813,#9814,#9815,#9816,
#9817,#9818,#9819,#9820,#9821,#9822,#9823,#9824,#9825,#9826,#9827,#9828,
#9829,#9830,#9831,#9832,#9833,#9834,#9835,#9836,#9837,#9838,#9839,#9840,
#9841,#9842,#9843,#9844),.UNSPECIFIED.,.F.,.F.,(4,2,2,2,2,2,2,2,2,2,2,2,
2,2,2,2,4),(-0.551556425498384,-0.52272868916532,-0.484777083107459,-0.446706562671502,
-0.408890414363609,-0.370865583278409,-0.333203660749958,-0.295238139788202,
-0.257752129775616,-0.21986201215585,-0.182576997816118,-0.146595263349884,
-0.112881809772839,-0.0805081513765847,-0.0505078453971154,-0.0253981069670285,
-9.99999996253997E-7),.UNSPECIFIED.);
#114=B_SPLINE_CURVE_WITH_KNOTS('',3,(#9849,#9850,#9851,#9852,#9853,#9854,
#9855,#9856,#9857,#9858,#9859,#9860,#9861,#9862,#9863,#9864,#9865,#9866,
#9867,#9868,#9869,#9870,#9871,#9872,#9873,#9874,#9875,#9876,#9877,#9878,
#9879,#9880,#9881,#9882,#9883,#9884),.UNSPECIFIED.,.F.,.F.,(4,2,2,2,2,2,
2,2,2,2,2,2,2,2,2,2,2,4),(-1.34569538988849,-1.34553342735478,-1.32796780854489,
-1.30848070014401,-1.28778000263643,-1.2652183406213,-1.2416094325733,-1.21618870983861,
-1.18974301416867,-1.16157302912819,-1.13240710398757,-1.10278757776325,
-1.07346854298864,-1.04379265019731,-1.01433956989231,-0.984619493844289,
-0.955048853629869,-0.931986986054503),.UNSPECIFIED.);
#115=B_SPLINE_CURVE_WITH_KNOTS('',3,(#9885,#9886,#9887,#9888,#9889,#9890,
#9891,#9892,#9893,#9894,#9895,#9896,#9897,#9898,#9899,#9900,#9901,#9902,
#9903,#9904,#9905,#9906,#9907,#9908,#9909,#9910,#9911,#9912,#9913,#9914,
#9915,#9916,#9917,#9918,#9919,#9920),.UNSPECIFIED.,.F.,.F.,(4,2,2,2,2,2,
2,2,2,2,2,2,2,2,2,2,2,4),(-1.15729791723151,-1.13479666251854,-1.0959329992049,
-1.05805534122399,-1.01919298072349,-0.981356543797036,-0.942501656761088,
-0.904711169379325,-0.86628726427282,-0.828129264887766,-0.789778253058655,
-0.751623625822921,-0.713354805015066,-0.675209423586018,-0.637033452035196,
-0.598904267923435,-0.560833393892244,-0.551556425498384),.UNSPECIFIED.);
#116=B_SPLINE_CURVE_WITH_KNOTS('',3,(#9926,#9927,#9928,#9929,#9930,#9931,
#9932,#9933,#9934,#9935,#9936,#9937,#9938,#9939,#9940,#9941,#9942,#9943,
#9944,#9945),.UNSPECIFIED.,.F.,.F.,(4,2,2,2,2,2,2,2,2,4),(-2.07715003858949,
-2.04773889132025,-2.01772138566276,-1.97956270466999,-1.94098931192603,
-1.90284105477232,-1.86421818988294,-1.82608333441791,-1.78741647317183,
-1.76592030421773),.UNSPECIFIED.);
#117=B_SPLINE_CURVE_WITH_KNOTS('',3,(#9948,#9949,#9950,#9951,#9952,#9953,
#9954,#9955,#9956,#9957,#9958,#9959,#9960,#9961,#9962,#9963,#9964,#9965,
#9966,#9967,#9968,#9969,#9970,#9971,#9972,#9973,#9974,#9975,#9976,#9977,
#9978,#9979,#9980,#9981),.UNSPECIFIED.,.F.,.F.,(4,2,2,2,2,2,2,2,2,2,2,2,
2,2,2,2,4),(-0.459223847895419,-0.447282010535138,-0.416941393173376,-0.387316508276084,
-0.356982453132847,-0.327333202346119,-0.297009297310815,-0.26733776935348,
-0.237027373299349,-0.207335448629083,-0.177041783755382,-0.147331075427572,
-0.11705727873932,-0.0873285740943001,-0.0570778327271384,-0.0273327932793221,
-9.99999992423728E-7),.UNSPECIFIED.);
#118=B_SPLINE_CURVE_WITH_KNOTS('',3,(#9988,#9989,#9990,#9991,#9992,#9993,
#9994,#9995,#9996,#9997,#9998,#9999,#10000,#10001,#10002,#10003),
 .UNSPECIFIED.,.F.,.F.,(4,2,2,2,2,2,2,4),(-0.400017108765275,-0.386358813535269,
-0.372821187887622,-0.352549917870852,-0.332156211021589,-0.310931307035344,
-0.28976677614714,-0.287816802439952),.UNSPECIFIED.);
#119=B_SPLINE_CURVE_WITH_KNOTS('',3,(#10008,#10009,#10010,#10011,#10012,
#10013),.UNSPECIFIED.,.F.,.F.,(4,2,4),(-0.150773298544459,-0.138994199617205,
-0.138945821060651),.UNSPECIFIED.);
#120=B_SPLINE_CURVE_WITH_KNOTS('',3,(#10014,#10015,#10016,#10017,#10018,
#10019,#10020,#10021,#10022,#10023,#10024,#10025,#10026,#10027,#10028,#10029,
#10030,#10031,#10032,#10033,#10034,#10035),.UNSPECIFIED.,.F.,.F.,(4,2,2,
2,2,2,2,2,2,2,4),(0.253958897450332,0.25510039743393,0.280618750826634,
0.306829889235501,0.333286782737203,0.360476157598355,0.387872787454339,
0.41604925157244,0.444693238484379,0.462530266355075,0.480600940766108),
 .UNSPECIFIED.);
#121=B_SPLINE_CURVE_WITH_KNOTS('',3,(#10041,#10042,#10043,#10044,#10045,
#10046,#10047,#10048,#10049,#10050,#10051,#10052,#10053,#10054),
 .UNSPECIFIED.,.F.,.F.,(4,2,2,2,2,2,4),(0.0164844330312031,0.0261823794392793,
0.0405035332449541,0.0558645950872204,0.0704732454085926,0.0780979519524742,
0.0858063932243868),.UNSPECIFIED.);
#122=B_SPLINE_CURVE_WITH_KNOTS('',3,(#10063,#10064,#10065,#10066,#10067,
#10068,#10069,#10070,#10071,#10072,#10073,#10074,#10075,#10076,#10077,#10078,
#10079,#10080,#10081,#10082,#10083,#10084,#10085,#10086,#10087,#10088,#10089,
#10090,#10091,#10092,#10093,#10094,#10095,#10096,#10097,#10098,#10099,#10100,
#10101,#10102),.UNSPECIFIED.,.F.,.F.,(4,2,2,2,2,2,2,2,2,2,2,2,2,2,2,2,2,
2,2,4),(-0.253894428779796,-0.25092411970284,-0.243760522619333,-0.234518169562793,
-0.224273154789496,-0.212456928089501,-0.205805033491829,-0.192925326678039,
-0.185862152448818,-0.17176127328071,-0.156003051243573,-0.138995626164104,
-0.119904769418195,-0.0994439383213711,-0.0890037604897199,-0.0784041500197364,
-0.0569178902564649,-0.0469168561638621,-0.0272240180964364,-9.99999999973245E-7),
 .UNSPECIFIED.);
#123=B_SPLINE_CURVE_WITH_KNOTS('',3,(#10106,#10107,#10108,#10109,#10110,
#10111,#10112,#10113),.UNSPECIFIED.,.F.,.F.,(4,2,2,4),(-0.0651289781006466,
-0.034836024679873,-0.019454094306531,-9.99978361657106E-7),
 .UNSPECIFIED.);
#124=B_SPLINE_CURVE_WITH_KNOTS('',3,(#10120,#10121,#10122,#10123,#10124,
#10125,#10126,#10127,#10128,#10129,#10130,#10131,#10132,#10133,#10134,#10135,
#10136,#10137,#10138,#10139,#10140,#10141),.UNSPECIFIED.,.F.,.F.,(4,2,2,
2,2,2,2,2,2,2,4),(9.99999999699977E-7,0.0381981749282811,0.0760749552717546,
0.118943716811936,0.163379685521922,0.206367325649673,0.250931563051676,
0.29411978391312,0.338806210754915,0.382183936058032,0.425111394884201),
 .UNSPECIFIED.);
#125=B_SPLINE_CURVE_WITH_KNOTS('',3,(#10144,#10145,#10146,#10147,#10148,
#10149,#10150,#10151,#10152,#10153,#10154,#10155,#10156,#10157,#10158,#10159,
#10160,#10161,#10162,#10163,#10164,#10165,#10166,#10167,#10168,#10169),
 .UNSPECIFIED.,.F.,.F.,(4,2,2,2,2,2,2,2,2,2,2,2,4),(2.37233270463532,2.41305199183581,
2.4532940933269,2.49486631778669,2.5350029070742,2.57672440814948,2.61701565705871,
2.65889317541528,2.69933057238705,2.74135460991394,2.78193048396943,2.81712459064923,
2.85256718006528),.UNSPECIFIED.);
#126=B_SPLINE_CURVE_WITH_KNOTS('',3,(#10174,#10175,#10176,#10177,#10178,
#10179,#10180,#10181,#10182,#10183,#10184,#10185,#10186,#10187,#10188,#10189,
#10190,#10191,#10192,#10193,#10194,#10195,#10196,#10197,#10198,#10199,#10200,
#10201,#10202,#10203,#10204,#10205,#10206,#10207,#10208,#10209),
 .UNSPECIFIED.,.F.,.F.,(4,2,2,2,2,2,2,2,2,2,2,2,2,2,2,2,2,4),(0.425111394884201,
0.426987069979916,0.470544373706796,0.515459344124963,0.559187019049473,
0.60420921449906,0.648098971738439,0.693224285181182,0.737268559849751,
0.782493241674352,0.826685112981749,0.872005731266401,0.916338853121583,
0.961752259198876,1.00622079974255,1.05172409825642,1.09632268700761,1.13690859782824),
 .UNSPECIFIED.);
#127=B_SPLINE_CURVE_WITH_KNOTS('',3,(#10210,#10211,#10212,#10213,#10214,
#10215,#10216,#10217,#10218,#10219,#10220,#10221,#10222,#10223,#10224,#10225,
#10226,#10227,#10228,#10229,#10230,#10231,#10232,#10233,#10234,#10235,#10236,
#10237,#10238,#10239,#10240,#10241,#10242,#10243,#10244,#10245),
 .UNSPECIFIED.,.F.,.F.,(4,2,2,2,2,2,2,2,2,2,2,2,2,2,2,2,2,4),(1.71050284754446,
1.7488108228397,1.79028909320011,1.83267648952087,1.874024647406,1.91632340758955,
1.95753569106866,1.9997427009047,2.04081283099299,2.08292469080217,2.12384580958921,
2.1658587988616,2.20662339835246,2.2485334348454,2.28913327484826,2.33093586710249,
2.3713618801508,2.37233270463532),.UNSPECIFIED.);
#128=B_SPLINE_CURVE_WITH_KNOTS('',3,(#10250,#10251,#10252,#10253,#10254,
#10255,#10256,#10257,#10258,#10259,#10260,#10261,#10262,#10263,#10264,#10265,
#10266,#10267,#10268,#10269,#10270,#10271,#10272,#10273,#10274,#10275,#10276,
#10277,#10278,#10279,#10280,#10281,#10282,#10283,#10284,#10285),
 .UNSPECIFIED.,.F.,.F.,(4,2,2,2,2,2,2,2,2,2,2,2,2,2,2,2,2,4),(1.13690859782824,
1.14191320978978,1.1866368913075,1.2323121745132,1.27715636765117,1.3229141316856,
1.3678745936634,1.41371272550574,1.45878552014061,1.50353411849758,1.54997889997351,
1.59483159490908,1.64137710263373,1.68633027902006,1.73297283043253,1.77802314177017,
1.82475935355593,1.8636265323098),.UNSPECIFIED.);
#129=B_SPLINE_CURVE_WITH_KNOTS('',3,(#10286,#10287,#10288,#10289,#10290,
#10291,#10292,#10293,#10294,#10295,#10296,#10297,#10298,#10299,#10300,#10301,
#10302,#10303,#10304,#10305,#10306,#10307,#10308,#10309,#10310,#10311,#10312,
#10313,#10314,#10315,#10316,#10317,#10318,#10319,#10320,#10321),
 .UNSPECIFIED.,.F.,.F.,(4,2,2,2,2,2,2,2,2,2,2,2,2,2,2,2,2,4),(1.034130148929,
1.06969951795116,1.11315685353755,1.15506129428418,1.19843844353005,1.24025948868897,
1.28355387163378,1.32528892525207,1.36849774726523,1.41014401710223,1.45326424509908,
1.4959797588388,1.53781819555227,1.58045523276291,1.62217824739727,1.66473456581278,
1.7063376498023,1.71050284754446),.UNSPECIFIED.);
#130=B_SPLINE_CURVE_WITH_KNOTS('',3,(#10327,#10328,#10329,#10330,#10331,
#10332,#10333,#10334,#10335,#10336,#10337,#10338,#10339,#10340,#10341,#10342,
#10343,#10344,#10345,#10346),.UNSPECIFIED.,.F.,.F.,(4,2,2,2,2,2,2,2,2,4),
(1.00000020063912E-6,0.0390262824160349,0.0783359000172646,0.12109050702664,
0.165304015408397,0.207995982479986,0.252148095608218,0.294776216519681,
0.338865744539903,0.346898681159722),.UNSPECIFIED.);
#131=B_SPLINE_CURVE_WITH_KNOTS('',3,(#10349,#10350,#10351,#10352,#10353,
#10354,#10355,#10356,#10357,#10358,#10359,#10360,#10361,#10362,#10363,#10364,
#10365,#10366,#10367,#10368),.UNSPECIFIED.,.F.,.F.,(4,2,2,2,2,2,2,2,2,4),
(2.60284945367646,2.61106834252426,2.65853194548102,2.70441349537024,2.75194812970569,
2.79790208403756,2.84550625066789,2.89153111196149,2.93402860474034,2.97622984792562),
 .UNSPECIFIED.);
#132=B_SPLINE_CURVE_WITH_KNOTS('',3,(#10370,#10371,#10372,#10373,#10374,
#10375,#10376,#10377,#10378,#10379,#10380,#10381,#10382,#10383,#10384,#10385,
#10386,#10387,#10388,#10389,#10390,#10391,#10392,#10393,#10394,#10395,#10396,
#10397,#10398,#10399,#10400,#10401,#10402,#10403,#10404,#10405),
 .UNSPECIFIED.,.F.,.F.,(4,2,2,2,2,2,2,2,2,2,2,2,2,2,2,2,2,4),(1.8636265323098,
1.8699036961864,1.91673045344391,1.96196594379392,2.00888037302101,2.05420432746281,
2.10120377281806,2.14661368979476,2.19369569217602,2.23918923629391,2.2863515148482,
2.33192650268268,2.37916693842051,2.42482132581897,2.47213794705607,2.5178698177525,
2.56526078714257,2.60284945367646),.UNSPECIFIED.);
#133=B_SPLINE_CURVE_WITH_KNOTS('',3,(#10406,#10407,#10408,#10409,#10410,
#10411,#10412,#10413,#10414,#10415,#10416,#10417,#10418,#10419,#10420,#10421,
#10422,#10423,#10424,#10425,#10426,#10427,#10428,#10429,#10430,#10431,#10432,
#10433,#10434,#10435,#10436,#10437,#10438,#10439,#10440,#10441),
 .UNSPECIFIED.,.F.,.F.,(4,2,2,2,2,2,2,2,2,2,2,2,2,2,2,2,2,4),(0.346898681159722,
0.381428841029066,0.425454642754199,0.467951283332486,0.511911878621227,
0.554340602015416,0.598234545454517,0.640593823639462,0.684419569191374,
0.726707776822931,0.770463668629575,0.812679074842706,0.85636333695877,
0.898504096270331,0.942114821175065,0.984178963371136,1.02771409908267,
1.034130148929),.UNSPECIFIED.);
#134=B_SPLINE_CURVE_WITH_KNOTS('',3,(#10443,#10444,#10445,#10446),
 .UNSPECIFIED.,.F.,.F.,(4,4),(-0.257955167243064,-0.253894428779796),
 .UNSPECIFIED.);
#135=B_SPLINE_CURVE_WITH_KNOTS('',3,(#10447,#10448,#10449,#10450,#10451,
#10452,#10453,#10454,#10455,#10456,#10457,#10458,#10459,#10460,#10461,#10462,
#10463,#10464,#10465,#10466,#10467,#10468),.UNSPECIFIED.,.F.,.F.,(4,2,2,
2,2,2,2,2,2,2,4),(-0.574247996336399,-0.507181914496217,-0.457513038222136,
-0.360268726657789,-0.262251410376524,-0.183962322654311,-0.12246179731367,
-0.0736482555628468,-0.0347258884921982,-0.0173492780320631,-1.00000013492085E-6),
 .UNSPECIFIED.);
#136=B_SPLINE_CURVE_WITH_KNOTS('',3,(#10471,#10472,#10473,#10474,#10475,
#10476,#10477,#10478),.UNSPECIFIED.,.F.,.F.,(4,2,2,4),(9.99999991357661E-7,
0.00624318743135388,0.0128287041318234,0.0164844330312031),
 .UNSPECIFIED.);
#137=B_SPLINE_CURVE_WITH_KNOTS('',3,(#10485,#10486,#10487,#10488,#10489,
#10490,#10491,#10492,#10493,#10494,#10495,#10496,#10497,#10498),
 .UNSPECIFIED.,.F.,.F.,(4,2,2,2,2,2,4),(1.00000037283831E-6,0.00882077086865437,
0.0175982055621205,0.0339856973952216,0.0419870391931315,0.0535069436975763,
0.0641085305562128),.UNSPECIFIED.);
#138=B_SPLINE_CURVE_WITH_KNOTS('',3,(#10500,#10501,#10502,#10503,#10504,
#10505,#10506,#10507,#10508,#10509,#10510,#10511,#10512,#10513,#10514,#10515,
#10516,#10517,#10518,#10519,#10520,#10521,#10522,#10523,#10524,#10525,#10526,
#10527),.UNSPECIFIED.,.F.,.F.,(4,2,2,2,2,2,2,2,2,2,2,2,2,4),(1.00000000008763E-6,
0.0129843388459586,0.0260001093407615,0.0467570321305517,0.0675409493533525,
0.0894672725127941,0.111191730631681,0.13425764341884,0.156914382853569,
0.181073654544004,0.20470279230847,0.216957356417436,0.242272845989364,
0.253958897450332),.UNSPECIFIED.);
#139=B_SPLINE_CURVE_WITH_KNOTS('',3,(#10529,#10530,#10531,#10532,#10533,
#10534,#10535,#10536,#10537,#10538,#10539,#10540,#10541,#10542,#10543,#10544,
#10545,#10546,#10547,#10548,#10549,#10550,#10551,#10552,#10553,#10554,#10555,
#10556,#10557,#10558,#10559,#10560,#10561,#10562),.UNSPECIFIED.,.F.,.F.,
(4,2,2,2,2,2,2,2,2,2,2,2,2,2,2,2,4),(-0.287816802439952,-0.26759186519146,
-0.245649071831037,-0.222548047256905,-0.199801432582349,-0.175915701870999,
-0.152229706293359,-0.139982547855722,-0.127660187564104,-0.115174583130124,
-0.102606940096042,-0.0898810572291579,-0.0770668059291444,-0.0640990579654072,
-0.0510277224994422,-0.0255313113880799,-1.00000000008427E-6),
 .UNSPECIFIED.);
#140=B_SPLINE_CURVE_WITH_KNOTS('',3,(#10563,#10564,#10565,#10566,#10567,
#10568,#10569,#10570,#10571,#10572,#10573,#10574),.UNSPECIFIED.,.F.,.F.,
(4,2,2,2,2,4),(-0.138945821060651,-0.120114882854143,-0.0759446745563733,
-0.0406069474916943,-0.0203694724703084,-1.00000020245017E-6),
 .UNSPECIFIED.);
#141=B_SPLINE_CURVE_WITH_KNOTS('',3,(#10576,#10577,#10578,#10579,#10580,
#10581,#10582,#10583,#10584,#10585,#10586,#10587,#10588,#10589,#10590,#10591,
#10592,#10593,#10594,#10595,#10596,#10597,#10598,#10599,#10600,#10601,#10602,
#10603,#10604,#10605,#10606,#10607,#10608,#10609,#10610,#10611),
 .UNSPECIFIED.,.F.,.F.,(4,2,2,2,2,2,2,2,2,2,2,2,2,2,2,2,2,4),(-0.931986986054503,
-0.925294904909435,-0.89562097436222,-0.865841873740544,-0.836077017222383,
-0.8062801362359,-0.776002170446075,-0.746589876706919,-0.716285762616911,
-0.686827199213894,-0.656504413789049,-0.627004885657818,-0.596669879951828,
-0.567133863709092,-0.536792240992121,-0.507223522018964,-0.476880192495359,
-0.459223847895419),.UNSPECIFIED.);
#142=B_SPLINE_CURVE_WITH_KNOTS('',3,(#10612,#10613,#10614,#10615,#10616,
#10617,#10618,#10619,#10620,#10621,#10622,#10623,#10624,#10625,#10626,#10627,
#10628,#10629,#10630,#10631,#10632,#10633,#10634,#10635,#10636,#10637,#10638,
#10639,#10640,#10641,#10642,#10643,#10644,#10645,#10646,#10647),
 .UNSPECIFIED.,.F.,.F.,(4,2,2,2,2,2,2,2,2,2,2,2,2,2,2,2,2,4),(-1.76592030421773,
-1.74929757431337,-1.71059152292509,-1.67249092823142,-1.63375042036485,
-1.59567042313092,-1.5568997547929,-1.51884248650316,-1.48004576730372,
-1.44201242690793,-1.40319366353643,-1.36518610106244,-1.3263494039699,
-1.28836999597393,-1.24951963340288,-1.21157100860162,-1.17271152377365,
-1.15729791723151),.UNSPECIFIED.);
#143=B_SPLINE_CURVE_WITH_KNOTS('',3,(#10650,#10651,#10652,#10653,#10654,
#10655,#10656,#10657,#10658,#10659,#10660,#10661,#10662,#10663,#10664,#10665,
#10666,#10667),.UNSPECIFIED.,.F.,.F.,(4,2,2,2,2,2,2,2,4),(-0.118379213188945,
-0.0998713676566398,-0.082748569206922,-0.0633563793187046,-0.0459504701931125,
-0.0308751203721086,-0.0172169607157091,-0.00820988757750368,-1.00000035629932E-6),
 .UNSPECIFIED.);
#144=B_SPLINE_CURVE_WITH_KNOTS('',3,(#10669,#10670,#10671,#10672,#10673,
#10674,#10675,#10676,#10677,#10678),.UNSPECIFIED.,.F.,.F.,(4,2,2,2,4),(0.,
0.0168941830378784,0.0337240775083839,0.0503804440206653,0.0674507919516404),
 .UNSPECIFIED.);
#145=B_SPLINE_CURVE_WITH_KNOTS('',3,(#10679,#10680,#10681,#10682,#10683,
#10684,#10685,#10686),.UNSPECIFIED.,.F.,.F.,(4,2,2,4),(0.,0.029654400922445,
0.0447785020602391,0.05930931620234),.UNSPECIFIED.);
#146=B_SPLINE_CURVE_WITH_KNOTS('',3,(#10922,#10923,#10924,#10925,#10926,
#10927,#10928,#10929,#10930,#10931,#10932,#10933,#10934,#10935,#10936,#10937,
#10938,#10939,#10940,#10941,#10942,#10943,#10944,#10945,#10946,#10947,#10948,
#10949,#10950,#10951),.UNSPECIFIED.,.F.,.F.,(4,2,2,2,2,2,2,2,2,2,2,2,2,
2,4),(0.,0.0625,0.09375,0.125,0.15625,0.1875,0.25,0.3125,0.375,0.4375,0.5,
0.5625,0.625,0.6875,0.706697039016573),.UNSPECIFIED.);
#147=B_SPLINE_CURVE_WITH_KNOTS('',3,(#11028,#11029,#11030,#11031,#11032,
#11033,#11034,#11035,#11036,#11037,#11038,#11039,#11040,#11041,#11042,#11043,
#11044,#11045,#11046,#11047,#11048,#11049,#11050,#11051,#11052,#11053),
 .UNSPECIFIED.,.F.,.F.,(4,2,2,2,2,2,2,2,2,2,2,2,4),(0.,0.0625,0.09375,0.125,
0.15625,0.1875,0.25,0.3125,0.375,0.4375,0.5,0.5625,0.622909425413155),
 .UNSPECIFIED.);
#148=B_SPLINE_CURVE_WITH_KNOTS('',3,(#11233,#11234,#11235,#11236,#11237,
#11238),.UNSPECIFIED.,.F.,.F.,(4,2,4),(1.00000013959196E-6,0.0275232780115477,
0.0587447028945892),.UNSPECIFIED.);
#149=B_SPLINE_CURVE_WITH_KNOTS('',3,(#11417,#11418,#11419,#11420,#11421,
#11422,#11423,#11424,#11425,#11426),.UNSPECIFIED.,.F.,.F.,(4,2,2,2,4),(0.,
0.0282501932523624,0.0553087872384271,0.0845422442201818,0.11009872545303),
 .UNSPECIFIED.);
#150=B_SPLINE_CURVE_WITH_KNOTS('',3,(#11509,#11510,#11511,#11512,#11513,
#11514,#11515,#11516,#11517,#11518),.UNSPECIFIED.,.F.,.F.,(4,2,2,2,4),(-1.4121071288817,
-1.39569140350736,-1.37763758520565,-1.36186294845068,-1.34569538988849),
 .UNSPECIFIED.);
#151=B_SPLINE_CURVE_WITH_KNOTS('',3,(#11520,#11521,#11522,#11523,#11524,
#11525,#11526,#11527,#11528,#11529),.UNSPECIFIED.,.F.,.F.,(4,2,2,2,4),(-0.108643265721568,
-0.08194603887555,-0.0543219375912641,-0.0271387615562747,-1.00000028749325E-6),
 .UNSPECIFIED.);
#152=B_SPLINE_CURVE_WITH_KNOTS('',3,(#11532,#11533,#11534,#11535,#11536,
#11537,#11538,#11539,#11540,#11541,#11542,#11543,#11544,#11545,#11546,#11547,
#11548,#11549,#11550,#11551,#11552,#11553,#11554,#11555,#11556,#11557,#11558,
#11559,#11560,#11561,#11562,#11563,#11564,#11565),.UNSPECIFIED.,.F.,.F.,
(4,2,2,2,2,2,2,2,2,2,2,2,2,2,2,2,4),(-0.551556425498384,-0.52272868916532,
-0.484777083107459,-0.446706562671502,-0.408890414363609,-0.370865583278409,
-0.333203660749958,-0.295238139788202,-0.257752129775616,-0.21986201215585,
-0.182576997816118,-0.146595263349884,-0.112881809772839,-0.0805081513765847,
-0.0505078453971154,-0.0253981069670285,-9.99999996253997E-7),
 .UNSPECIFIED.);
#153=B_SPLINE_CURVE_WITH_KNOTS('',3,(#11570,#11571,#11572,#11573,#11574,
#11575,#11576,#11577,#11578,#11579,#11580,#11581,#11582,#11583,#11584,#11585,
#11586,#11587,#11588,#11589,#11590,#11591,#11592,#11593,#11594,#11595,#11596,
#11597,#11598,#11599,#11600,#11601,#11602,#11603,#11604,#11605),
 .UNSPECIFIED.,.F.,.F.,(4,2,2,2,2,2,2,2,2,2,2,2,2,2,2,2,2,4),(-1.34569538988849,
-1.34553342735478,-1.32796780854489,-1.30848070014401,-1.28778000263643,
-1.2652183406213,-1.2416094325733,-1.21618870983861,-1.18974301416867,-1.16157302912819,
-1.13240710398757,-1.10278757776325,-1.07346854298864,-1.04379265019731,
-1.01433956989231,-0.984619493844289,-0.955048853629869,-0.931986986054503),
 .UNSPECIFIED.);
#154=B_SPLINE_CURVE_WITH_KNOTS('',3,(#11606,#11607,#11608,#11609,#11610,
#11611,#11612,#11613,#11614,#11615,#11616,#11617,#11618,#11619,#11620,#11621,
#11622,#11623,#11624,#11625,#11626,#11627,#11628,#11629,#11630,#11631,#11632,
#11633,#11634,#11635,#11636,#11637,#11638,#11639,#11640,#11641),
 .UNSPECIFIED.,.F.,.F.,(4,2,2,2,2,2,2,2,2,2,2,2,2,2,2,2,2,4),(-1.15729791723151,
-1.13479666251854,-1.0959329992049,-1.05805534122399,-1.01919298072349,
-0.981356543797036,-0.942501656761088,-0.904711169379325,-0.86628726427282,
-0.828129264887766,-0.789778253058655,-0.751623625822921,-0.713354805015066,
-0.675209423586018,-0.637033452035196,-0.598904267923435,-0.560833393892244,
-0.551556425498384),.UNSPECIFIED.);
#155=B_SPLINE_CURVE_WITH_KNOTS('',3,(#11647,#11648,#11649,#11650,#11651,
#11652,#11653,#11654,#11655,#11656,#11657,#11658,#11659,#11660,#11661,#11662,
#11663,#11664,#11665,#11666),.UNSPECIFIED.,.F.,.F.,(4,2,2,2,2,2,2,2,2,4),
(-2.07715003858949,-2.04773889132025,-2.01772138566276,-1.97956270466999,
-1.94098931192603,-1.90284105477232,-1.86421818988294,-1.82608333441791,
-1.78741647317183,-1.76592030421773),.UNSPECIFIED.);
#156=B_SPLINE_CURVE_WITH_KNOTS('',3,(#11669,#11670,#11671,#11672,#11673,
#11674,#11675,#11676,#11677,#11678,#11679,#11680,#11681,#11682,#11683,#11684,
#11685,#11686,#11687,#11688,#11689,#11690,#11691,#11692,#11693,#11694,#11695,
#11696,#11697,#11698,#11699,#11700,#11701,#11702),.UNSPECIFIED.,.F.,.F.,
(4,2,2,2,2,2,2,2,2,2,2,2,2,2,2,2,4),(-0.459223847895419,-0.447282010535138,
-0.416941393173376,-0.387316508276084,-0.356982453132847,-0.327333202346119,
-0.297009297310815,-0.26733776935348,-0.237027373299349,-0.207335448629083,
-0.177041783755382,-0.147331075427572,-0.11705727873932,-0.0873285740943001,
-0.0570778327271384,-0.0273327932793221,-9.99999992423728E-7),
 .UNSPECIFIED.);
#157=B_SPLINE_CURVE_WITH_KNOTS('',3,(#11709,#11710,#11711,#11712,#11713,
#11714,#11715,#11716,#11717,#11718,#11719,#11720,#11721,#11722,#11723,#11724),
 .UNSPECIFIED.,.F.,.F.,(4,2,2,2,2,2,2,4),(-0.400017108765275,-0.386358813535269,
-0.372821187887622,-0.352549917870852,-0.332156211021589,-0.310931307035344,
-0.28976677614714,-0.287816802439952),.UNSPECIFIED.);
#158=B_SPLINE_CURVE_WITH_KNOTS('',3,(#11729,#11730,#11731,#11732,#11733,
#11734),.UNSPECIFIED.,.F.,.F.,(4,2,4),(-0.150773298544459,-0.138994199617205,
-0.138945821060651),.UNSPECIFIED.);
#159=B_SPLINE_CURVE_WITH_KNOTS('',3,(#11735,#11736,#11737,#11738,#11739,
#11740,#11741,#11742,#11743,#11744,#11745,#11746,#11747,#11748,#11749,#11750,
#11751,#11752,#11753,#11754,#11755,#11756),.UNSPECIFIED.,.F.,.F.,(4,2,2,
2,2,2,2,2,2,2,4),(0.253958897450332,0.25510039743393,0.280618750826634,
0.306829889235501,0.333286782737203,0.360476157598355,0.387872787454339,
0.41604925157244,0.444693238484379,0.462530266355075,0.480600940766108),
 .UNSPECIFIED.);
#160=B_SPLINE_CURVE_WITH_KNOTS('',3,(#11762,#11763,#11764,#11765,#11766,
#11767,#11768,#11769,#11770,#11771,#11772,#11773,#11774,#11775),
 .UNSPECIFIED.,.F.,.F.,(4,2,2,2,2,2,4),(0.0164844330312033,0.0261823794392793,
0.0405035332449541,0.0558645950872204,0.0704732454085926,0.0780979519524742,
0.0858063932243867),.UNSPECIFIED.);
#161=B_SPLINE_CURVE_WITH_KNOTS('',3,(#11784,#11785,#11786,#11787,#11788,
#11789,#11790,#11791,#11792,#11793,#11794,#11795,#11796,#11797,#11798,#11799,
#11800,#11801,#11802,#11803,#11804,#11805,#11806,#11807,#11808,#11809,#11810,
#11811,#11812,#11813,#11814,#11815,#11816,#11817,#11818,#11819,#11820,#11821,
#11822,#11823),.UNSPECIFIED.,.F.,.F.,(4,2,2,2,2,2,2,2,2,2,2,2,2,2,2,2,2,
2,2,4),(-0.253894428779796,-0.25092411970284,-0.243760522619333,-0.234518169562793,
-0.224273154789496,-0.212456928089501,-0.205805033491829,-0.192925326678039,
-0.185862152448818,-0.17176127328071,-0.156003051243573,-0.138995626164104,
-0.119904769418195,-0.0994439383213711,-0.0890037604897199,-0.0784041500197364,
-0.0569178902564649,-0.0469168561638621,-0.0272240180964364,-9.99999999973245E-7),
 .UNSPECIFIED.);
#162=B_SPLINE_CURVE_WITH_KNOTS('',3,(#11827,#11828,#11829,#11830,#11831,
#11832,#11833,#11834),.UNSPECIFIED.,.F.,.F.,(4,2,2,4),(-0.0651289781006466,
-0.034836024679873,-0.019454094306531,-9.99978361657106E-7),
 .UNSPECIFIED.);
#163=B_SPLINE_CURVE_WITH_KNOTS('',3,(#11841,#11842,#11843,#11844,#11845,
#11846,#11847,#11848,#11849,#11850,#11851,#11852,#11853,#11854,#11855,#11856,
#11857,#11858,#11859,#11860,#11861,#11862),.UNSPECIFIED.,.F.,.F.,(4,2,2,
2,2,2,2,2,2,2,4),(9.99999999699977E-7,0.0381981749282811,0.0760749552717546,
0.118943716811936,0.163379685521922,0.206367325649673,0.250931563051676,
0.29411978391312,0.338806210754915,0.382183936058032,0.425111394884201),
 .UNSPECIFIED.);
#164=B_SPLINE_CURVE_WITH_KNOTS('',3,(#11865,#11866,#11867,#11868,#11869,
#11870,#11871,#11872,#11873,#11874,#11875,#11876,#11877,#11878,#11879,#11880,
#11881,#11882,#11883,#11884,#11885,#11886,#11887,#11888,#11889,#11890),
 .UNSPECIFIED.,.F.,.F.,(4,2,2,2,2,2,2,2,2,2,2,2,4),(2.37233270463532,2.41305199183581,
2.4532940933269,2.49486631778669,2.5350029070742,2.57672440814948,2.61701565705871,
2.65889317541528,2.69933057238705,2.74135460991394,2.78193048396943,2.81712459064923,
2.85256718006528),.UNSPECIFIED.);
#165=B_SPLINE_CURVE_WITH_KNOTS('',3,(#11895,#11896,#11897,#11898,#11899,
#11900,#11901,#11902,#11903,#11904,#11905,#11906,#11907,#11908,#11909,#11910,
#11911,#11912,#11913,#11914,#11915,#11916,#11917,#11918,#11919,#11920,#11921,
#11922,#11923,#11924,#11925,#11926,#11927,#11928,#11929,#11930),
 .UNSPECIFIED.,.F.,.F.,(4,2,2,2,2,2,2,2,2,2,2,2,2,2,2,2,2,4),(0.425111394884201,
0.426987069979916,0.470544373706796,0.515459344124963,0.559187019049473,
0.60420921449906,0.648098971738439,0.693224285181182,0.737268559849751,
0.782493241674352,0.826685112981749,0.872005731266401,0.916338853121583,
0.961752259198876,1.00622079974255,1.05172409825642,1.09632268700761,1.13690859782824),
 .UNSPECIFIED.);
#166=B_SPLINE_CURVE_WITH_KNOTS('',3,(#11931,#11932,#11933,#11934,#11935,
#11936,#11937,#11938,#11939,#11940,#11941,#11942,#11943,#11944,#11945,#11946,
#11947,#11948,#11949,#11950,#11951,#11952,#11953,#11954,#11955,#11956,#11957,
#11958,#11959,#11960,#11961,#11962,#11963,#11964,#11965,#11966),
 .UNSPECIFIED.,.F.,.F.,(4,2,2,2,2,2,2,2,2,2,2,2,2,2,2,2,2,4),(1.71050284754446,
1.7488108228397,1.79028909320011,1.83267648952087,1.874024647406,1.91632340758955,
1.95753569106866,1.9997427009047,2.04081283099299,2.08292469080217,2.12384580958921,
2.1658587988616,2.20662339835246,2.2485334348454,2.28913327484826,2.33093586710249,
2.3713618801508,2.37233270463532),.UNSPECIFIED.);
#167=B_SPLINE_CURVE_WITH_KNOTS('',3,(#11971,#11972,#11973,#11974,#11975,
#11976,#11977,#11978,#11979,#11980,#11981,#11982,#11983,#11984,#11985,#11986,
#11987,#11988,#11989,#11990,#11991,#11992,#11993,#11994,#11995,#11996,#11997,
#11998,#11999,#12000,#12001,#12002,#12003,#12004,#12005,#12006),
 .UNSPECIFIED.,.F.,.F.,(4,2,2,2,2,2,2,2,2,2,2,2,2,2,2,2,2,4),(1.13690859782824,
1.14191320978978,1.1866368913075,1.2323121745132,1.27715636765117,1.3229141316856,
1.3678745936634,1.41371272550574,1.45878552014061,1.50353411849758,1.54997889997351,
1.59483159490908,1.64137710263373,1.68633027902006,1.73297283043253,1.77802314177017,
1.82475935355593,1.8636265323098),.UNSPECIFIED.);
#168=B_SPLINE_CURVE_WITH_KNOTS('',3,(#12007,#12008,#12009,#12010,#12011,
#12012,#12013,#12014,#12015,#12016,#12017,#12018,#12019,#12020,#12021,#12022,
#12023,#12024,#12025,#12026,#12027,#12028,#12029,#12030,#12031,#12032,#12033,
#12034,#12035,#12036,#12037,#12038,#12039,#12040,#12041,#12042),
 .UNSPECIFIED.,.F.,.F.,(4,2,2,2,2,2,2,2,2,2,2,2,2,2,2,2,2,4),(1.034130148929,
1.06969951795116,1.11315685353755,1.15506129428418,1.19843844353005,1.24025948868897,
1.28355387163378,1.32528892525207,1.36849774726523,1.41014401710223,1.45326424509908,
1.4959797588388,1.53781819555227,1.58045523276291,1.62217824739727,1.66473456581278,
1.7063376498023,1.71050284754446),.UNSPECIFIED.);
#169=B_SPLINE_CURVE_WITH_KNOTS('',3,(#12048,#12049,#12050,#12051,#12052,
#12053,#12054,#12055,#12056,#12057,#12058,#12059,#12060,#12061,#12062,#12063,
#12064,#12065,#12066,#12067),.UNSPECIFIED.,.F.,.F.,(4,2,2,2,2,2,2,2,2,4),
(1.00000020063912E-6,0.0390262824160349,0.0783359000172646,0.12109050702664,
0.165304015408397,0.207995982479986,0.252148095608218,0.294776216519681,
0.338865744539903,0.346898681159722),.UNSPECIFIED.);
#170=B_SPLINE_CURVE_WITH_KNOTS('',3,(#12070,#12071,#12072,#12073,#12074,
#12075,#12076,#12077,#12078,#12079,#12080,#12081,#12082,#12083,#12084,#12085,
#12086,#12087,#12088,#12089),.UNSPECIFIED.,.F.,.F.,(4,2,2,2,2,2,2,2,2,4),
(2.60284945367646,2.61106834252426,2.65853194548102,2.70441349537024,2.75194812970569,
2.79790208403756,2.84550625066789,2.89153111196149,2.93402860474034,2.97622984792562),
 .UNSPECIFIED.);
#171=B_SPLINE_CURVE_WITH_KNOTS('',3,(#12091,#12092,#12093,#12094,#12095,
#12096,#12097,#12098,#12099,#12100,#12101,#12102,#12103,#12104,#12105,#12106,
#12107,#12108,#12109,#12110,#12111,#12112,#12113,#12114,#12115,#12116,#12117,
#12118,#12119,#12120,#12121,#12122,#12123,#12124,#12125,#12126),
 .UNSPECIFIED.,.F.,.F.,(4,2,2,2,2,2,2,2,2,2,2,2,2,2,2,2,2,4),(1.8636265323098,
1.8699036961864,1.91673045344391,1.96196594379392,2.00888037302101,2.05420432746281,
2.10120377281806,2.14661368979476,2.19369569217602,2.23918923629391,2.2863515148482,
2.33192650268268,2.37916693842051,2.42482132581897,2.47213794705607,2.5178698177525,
2.56526078714257,2.60284945367646),.UNSPECIFIED.);
#172=B_SPLINE_CURVE_WITH_KNOTS('',3,(#12127,#12128,#12129,#12130,#12131,
#12132,#12133,#12134,#12135,#12136,#12137,#12138,#12139,#12140,#12141,#12142,
#12143,#12144,#12145,#12146,#12147,#12148,#12149,#12150,#12151,#12152,#12153,
#12154,#12155,#12156,#12157,#12158,#12159,#12160,#12161,#12162),
 .UNSPECIFIED.,.F.,.F.,(4,2,2,2,2,2,2,2,2,2,2,2,2,2,2,2,2,4),(0.346898681159722,
0.381428841029066,0.425454642754199,0.467951283332486,0.511911878621227,
0.554340602015416,0.598234545454517,0.640593823639462,0.684419569191374,
0.726707776822931,0.770463668629575,0.812679074842706,0.85636333695877,
0.898504096270331,0.942114821175065,0.984178963371136,1.02771409908267,
1.034130148929),.UNSPECIFIED.);
#173=B_SPLINE_CURVE_WITH_KNOTS('',3,(#12164,#12165,#12166,#12167),
 .UNSPECIFIED.,.F.,.F.,(4,4),(-0.257955167243064,-0.253894428779796),
 .UNSPECIFIED.);
#174=B_SPLINE_CURVE_WITH_KNOTS('',3,(#12168,#12169,#12170,#12171,#12172,
#12173,#12174,#12175,#12176,#12177,#12178,#12179,#12180,#12181,#12182,#12183,
#12184,#12185,#12186,#12187,#12188,#12189),.UNSPECIFIED.,.F.,.F.,(4,2,2,
2,2,2,2,2,2,2,4),(-0.574247996336399,-0.507181914496217,-0.457513038222136,
-0.360268726657789,-0.262251410376524,-0.183962322654311,-0.12246179731367,
-0.0736482555628468,-0.0347258884921982,-0.0173492780320631,-1.00000013492085E-6),
 .UNSPECIFIED.);
#175=B_SPLINE_CURVE_WITH_KNOTS('',3,(#12192,#12193,#12194,#12195,#12196,
#12197,#12198,#12199),.UNSPECIFIED.,.F.,.F.,(4,2,2,4),(9.99999991357661E-7,
0.00624318743135388,0.0128287041318234,0.0164844330312033),
 .UNSPECIFIED.);
#176=B_SPLINE_CURVE_WITH_KNOTS('',3,(#12206,#12207,#12208,#12209,#12210,
#12211,#12212,#12213,#12214,#12215,#12216,#12217,#12218,#12219),
 .UNSPECIFIED.,.F.,.F.,(4,2,2,2,2,2,4),(1.00000037283831E-6,0.00882077086865437,
0.0175982055621205,0.0339856973952216,0.0419870391931315,0.0535069436975763,
0.0641085305562128),.UNSPECIFIED.);
#177=B_SPLINE_CURVE_WITH_KNOTS('',3,(#12221,#12222,#12223,#12224,#12225,
#12226,#12227,#12228,#12229,#12230,#12231,#12232,#12233,#12234,#12235,#12236,
#12237,#12238,#12239,#12240,#12241,#12242,#12243,#12244,#12245,#12246,#12247,
#12248),.UNSPECIFIED.,.F.,.F.,(4,2,2,2,2,2,2,2,2,2,2,2,2,4),(1.00000000008763E-6,
0.0129843388459586,0.0260001093407615,0.0467570321305517,0.0675409493533525,
0.0894672725127941,0.111191730631681,0.13425764341884,0.156914382853569,
0.181073654544004,0.20470279230847,0.216957356417436,0.242272845989364,
0.253958897450332),.UNSPECIFIED.);
#178=B_SPLINE_CURVE_WITH_KNOTS('',3,(#12250,#12251,#12252,#12253,#12254,
#12255,#12256,#12257,#12258,#12259,#12260,#12261,#12262,#12263,#12264,#12265,
#12266,#12267,#12268,#12269,#12270,#12271,#12272,#12273,#12274,#12275,#12276,
#12277,#12278,#12279,#12280,#12281,#12282,#12283),.UNSPECIFIED.,.F.,.F.,
(4,2,2,2,2,2,2,2,2,2,2,2,2,2,2,2,4),(-0.287816802439952,-0.26759186519146,
-0.245649071831037,-0.222548047256905,-0.199801432582349,-0.175915701870999,
-0.152229706293359,-0.139982547855722,-0.127660187564104,-0.115174583130124,
-0.102606940096042,-0.0898810572291579,-0.0770668059291444,-0.0640990579654072,
-0.0510277224994422,-0.0255313113880799,-1.00000000008427E-6),
 .UNSPECIFIED.);
#179=B_SPLINE_CURVE_WITH_KNOTS('',3,(#12284,#12285,#12286,#12287,#12288,
#12289,#12290,#12291,#12292,#12293,#12294,#12295),.UNSPECIFIED.,.F.,.F.,
(4,2,2,2,2,4),(-0.138945821060651,-0.120114882854143,-0.0759446745563733,
-0.0406069474916943,-0.0203694724703084,-1.00000020245017E-6),
 .UNSPECIFIED.);
#180=B_SPLINE_CURVE_WITH_KNOTS('',3,(#12297,#12298,#12299,#12300,#12301,
#12302,#12303,#12304,#12305,#12306,#12307,#12308,#12309,#12310,#12311,#12312,
#12313,#12314,#12315,#12316,#12317,#12318,#12319,#12320,#12321,#12322,#12323,
#12324,#12325,#12326,#12327,#12328,#12329,#12330,#12331,#12332),
 .UNSPECIFIED.,.F.,.F.,(4,2,2,2,2,2,2,2,2,2,2,2,2,2,2,2,2,4),(-0.931986986054503,
-0.925294904909435,-0.89562097436222,-0.865841873740544,-0.836077017222383,
-0.8062801362359,-0.776002170446075,-0.746589876706919,-0.716285762616911,
-0.686827199213894,-0.656504413789049,-0.627004885657818,-0.596669879951828,
-0.567133863709092,-0.536792240992121,-0.507223522018964,-0.476880192495359,
-0.459223847895419),.UNSPECIFIED.);
#181=B_SPLINE_CURVE_WITH_KNOTS('',3,(#12333,#12334,#12335,#12336,#12337,
#12338,#12339,#12340,#12341,#12342,#12343,#12344,#12345,#12346,#12347,#12348,
#12349,#12350,#12351,#12352,#12353,#12354,#12355,#12356,#12357,#12358,#12359,
#12360,#12361,#12362,#12363,#12364,#12365,#12366,#12367,#12368),
 .UNSPECIFIED.,.F.,.F.,(4,2,2,2,2,2,2,2,2,2,2,2,2,2,2,2,2,4),(-1.76592030421773,
-1.74929757431337,-1.71059152292509,-1.67249092823142,-1.63375042036485,
-1.59567042313092,-1.5568997547929,-1.51884248650316,-1.48004576730372,
-1.44201242690793,-1.40319366353643,-1.36518610106244,-1.3263494039699,
-1.28836999597393,-1.24951963340288,-1.21157100860162,-1.17271152377365,
-1.15729791723151),.UNSPECIFIED.);
#182=B_SPLINE_CURVE_WITH_KNOTS('',3,(#12371,#12372,#12373,#12374,#12375,
#12376,#12377,#12378,#12379,#12380,#12381,#12382,#12383,#12384,#12385,#12386,
#12387,#12388),.UNSPECIFIED.,.F.,.F.,(4,2,2,2,2,2,2,2,4),(-0.118379213188945,
-0.0998713676566398,-0.082748569206922,-0.0633563793187046,-0.0459504701931125,
-0.0308751203721086,-0.0172169607157091,-0.00820988757750368,-1.00000035629932E-6),
 .UNSPECIFIED.);
#183=B_SPLINE_CURVE_WITH_KNOTS('',3,(#12390,#12391,#12392,#12393,#12394,
#12395,#12396,#12397,#12398,#12399),.UNSPECIFIED.,.F.,.F.,(4,2,2,2,4),(0.,
0.0168941830378784,0.0337240775083839,0.0503804440206653,0.0674507919516404),
 .UNSPECIFIED.);
#184=B_SPLINE_CURVE_WITH_KNOTS('',3,(#12400,#12401,#12402,#12403,#12404,
#12405,#12406,#12407),.UNSPECIFIED.,.F.,.F.,(4,2,2,4),(0.,0.029654400922445,
0.0447785020602391,0.05930931620234),.UNSPECIFIED.);
#185=B_SPLINE_CURVE_WITH_KNOTS('',3,(#12643,#12644,#12645,#12646,#12647,
#12648,#12649,#12650,#12651,#12652,#12653,#12654,#12655,#12656,#12657,#12658,
#12659,#12660,#12661,#12662,#12663,#12664,#12665,#12666,#12667,#12668,#12669,
#12670,#12671,#12672),.UNSPECIFIED.,.F.,.F.,(4,2,2,2,2,2,2,2,2,2,2,2,2,
2,4),(0.,0.0625,0.09375,0.125,0.15625,0.1875,0.25,0.3125,0.375,0.4375,0.5,
0.5625,0.625,0.6875,0.706697039016573),.UNSPECIFIED.);
#186=B_SPLINE_CURVE_WITH_KNOTS('',3,(#12749,#12750,#12751,#12752,#12753,
#12754,#12755,#12756,#12757,#12758,#12759,#12760,#12761,#12762,#12763,#12764,
#12765,#12766,#12767,#12768,#12769,#12770,#12771,#12772,#12773,#12774),
 .UNSPECIFIED.,.F.,.F.,(4,2,2,2,2,2,2,2,2,2,2,2,4),(0.,0.0625,0.09375,0.125,
0.15625,0.1875,0.25,0.3125,0.375,0.4375,0.5,0.5625,0.622909425413155),
 .UNSPECIFIED.);
#187=B_SPLINE_CURVE_WITH_KNOTS('',3,(#12954,#12955,#12956,#12957,#12958,
#12959),.UNSPECIFIED.,.F.,.F.,(4,2,4),(1.00000013959196E-6,0.0275232780115477,
0.0587447028945892),.UNSPECIFIED.);
#188=B_SPLINE_CURVE_WITH_KNOTS('',3,(#13138,#13139,#13140,#13141,#13142,
#13143,#13144,#13145,#13146,#13147),.UNSPECIFIED.,.F.,.F.,(4,2,2,2,4),(0.,
0.0282501932523624,0.0553087872384271,0.0845422442201818,0.11009872545303),
 .UNSPECIFIED.);
#189=STYLED_ITEM('',(#13248),#196);
#190=STYLED_ITEM('',(#13248),#197);
#191=STYLED_ITEM('',(#13248),#198);
#192=STYLED_ITEM('',(#13248),#199);
#193=STYLED_ITEM('',(#13248),#200);
#194=STYLED_ITEM('',(#13248),#201);
#195=STYLED_ITEM('',(#13248),#202);
#196=MANIFOLD_SOLID_BREP('leaf1',#4691);
#197=MANIFOLD_SOLID_BREP('pin',#4692);
#198=MANIFOLD_SOLID_BREP('leaf2',#4693);
#199=MANIFOLD_SOLID_BREP('screw1',#4694);
#200=MANIFOLD_SOLID_BREP('screw2',#4695);
#201=MANIFOLD_SOLID_BREP('screw3',#4696);
#202=MANIFOLD_SOLID_BREP('screw4',#4697);
#203=FACE_BOUND('',#654,.T.);
#204=FACE_BOUND('',#655,.T.);
#205=FACE_BOUND('',#658,.T.);
#206=FACE_BOUND('',#659,.T.);
#207=FACE_BOUND('',#683,.T.);
#208=FACE_BOUND('',#684,.T.);
#209=FACE_BOUND('',#687,.T.);
#210=FACE_BOUND('',#688,.T.);
#211=FACE_BOUND('',#718,.T.);
#212=FACE_BOUND('',#771,.T.);
#213=FACE_BOUND('',#824,.T.);
#214=FACE_BOUND('',#877,.T.);
#215=PLANE('',#4733);
#216=PLANE('',#4734);
#217=PLANE('',#4735);
#218=PLANE('',#4736);
#219=PLANE('',#4737);
#220=PLANE('',#4738);
#221=PLANE('',#4739);
#222=PLANE('',#4740);
#223=PLANE('',#4741);
#224=PLANE('',#4742);
#225=PLANE('',#4743);
#226=PLANE('',#4744);
#227=PLANE('',#4753);
#228=PLANE('',#4754);
#229=PLANE('',#4777);
#230=PLANE('',#4778);
#231=PLANE('',#4779);
#232=PLANE('',#4780);
#233=PLANE('',#4781);
#234=PLANE('',#4782);
#235=PLANE('',#4783);
#236=PLANE('',#4784);
#237=PLANE('',#4785);
#238=PLANE('',#4786);
#239=PLANE('',#4787);
#240=PLANE('',#4788);
#241=PLANE('',#4822);
#242=PLANE('',#4823);
#243=PLANE('',#4824);
#244=PLANE('',#4825);
#245=PLANE('',#4826);
#246=PLANE('',#4827);
#247=PLANE('',#4828);
#248=PLANE('',#4829);
#249=PLANE('',#4830);
#250=PLANE('',#4831);
#251=PLANE('',#4832);
#252=PLANE('',#4833);
#253=PLANE('',#4834);
#254=PLANE('',#4835);
#255=PLANE('',#4836);
#256=PLANE('',#4837);
#257=PLANE('',#4838);
#258=PLANE('',#4839);
#259=PLANE('',#4840);
#260=PLANE('',#4841);
#261=PLANE('',#4842);
#262=PLANE('',#4843);
#263=PLANE('',#4844);
#264=PLANE('',#4845);
#265=PLANE('',#4846);
#266=PLANE('',#4847);
#267=PLANE('',#4882);
#268=PLANE('',#4883);
#269=PLANE('',#4884);
#270=PLANE('',#4885);
#271=PLANE('',#4886);
#272=PLANE('',#4887);
#273=PLANE('',#4888);
#274=PLANE('',#4889);
#275=PLANE('',#4890);
#276=PLANE('',#4891);
#277=PLANE('',#4892);
#278=PLANE('',#4893);
#279=PLANE('',#4894);
#280=PLANE('',#4895);
#281=PLANE('',#4896);
#282=PLANE('',#4897);
#283=PLANE('',#4898);
#284=PLANE('',#4899);
#285=PLANE('',#4900);
#286=PLANE('',#4901);
#287=PLANE('',#4902);
#288=PLANE('',#4903);
#289=PLANE('',#4904);
#290=PLANE('',#4905);
#291=PLANE('',#4906);
#292=PLANE('',#4907);
#293=PLANE('',#4942);
#294=PLANE('',#4943);
#295=PLANE('',#4944);
#296=PLANE('',#4945);
#297=PLANE('',#4946);
#298=PLANE('',#4947);
#299=PLANE('',#4948);
#300=PLANE('',#4949);
#301=PLANE('',#4950);
#302=PLANE('',#4951);
#303=PLANE('',#4952);
#304=PLANE('',#4953);
#305=PLANE('',#4954);
#306=PLANE('',#4955);
#307=PLANE('',#4956);
#308=PLANE('',#4957);
#309=PLANE('',#4958);
#310=PLANE('',#4959);
#311=PLANE('',#4960);
#312=PLANE('',#4961);
#313=PLANE('',#4962);
#314=PLANE('',#4963);
#315=PLANE('',#4964);
#316=PLANE('',#4965);
#317=PLANE('',#4966);
#318=PLANE('',#4967);
#319=PLANE('',#5002);
#320=PLANE('',#5003);
#321=PLANE('',#5004);
#322=PLANE('',#5005);
#323=PLANE('',#5006);
#324=PLANE('',#5007);
#325=PLANE('',#5008);
#326=PLANE('',#5009);
#327=PLANE('',#5010);
#328=PLANE('',#5011);
#329=PLANE('',#5012);
#330=PLANE('',#5013);
#331=PLANE('',#5014);
#332=PLANE('',#5015);
#333=PLANE('',#5016);
#334=PLANE('',#5017);
#335=PLANE('',#5018);
#336=PLANE('',#5019);
#337=PLANE('',#5020);
#338=PLANE('',#5021);
#339=PLANE('',#5022);
#340=PLANE('',#5023);
#341=PLANE('',#5024);
#342=PLANE('',#5025);
#343=PLANE('',#5026);
#344=PLANE('',#5027);
#345=CONICAL_SURFACE('',#4717,0.058,0.715584993317677);
#346=CONICAL_SURFACE('',#4719,0.058,0.715584993317677);
#347=CONICAL_SURFACE('',#4745,0.03168,0.785398163397463);
#348=CONICAL_SURFACE('',#4748,0.033,0.785398163397437);
#349=CONICAL_SURFACE('',#4761,0.058,0.715584993317677);
#350=CONICAL_SURFACE('',#4763,0.058,0.715584993317677);
#351=CONICAL_SURFACE('',#4793,0.0174655244746805,0.222798696177006);
#352=CONICAL_SURFACE('',#4795,0.0174655244746805,0.222798696177006);
#353=CONICAL_SURFACE('',#4797,26.0676188467376,0.584846577464644);
#354=CONICAL_SURFACE('',#4800,0.029025,0.349065850398866);
#355=CONICAL_SURFACE('',#4810,0.029025,0.349065850398866);
#356=CONICAL_SURFACE('',#4812,26.0676188467376,0.584846577464644);
#357=CONICAL_SURFACE('',#4813,0.0174655244746805,0.222798696177006);
#358=CONICAL_SURFACE('',#4815,0.0429999999999999,0.933912427863504);
#359=CONICAL_SURFACE('',#4819,0.043,0.715584993317677);
#360=CONICAL_SURFACE('',#4848,0.0360124999999999,0.523598775598301);
#361=CONICAL_SURFACE('',#4853,0.0174655244746805,0.222798696177006);
#362=CONICAL_SURFACE('',#4855,0.0174655244746805,0.222798696177006);
#363=CONICAL_SURFACE('',#4857,26.0676188467376,0.584846577464644);
#364=CONICAL_SURFACE('',#4860,0.029025,0.349065850398866);
#365=CONICAL_SURFACE('',#4870,0.029025,0.349065850398866);
#366=CONICAL_SURFACE('',#4872,26.0676188467376,0.584846577464644);
#367=CONICAL_SURFACE('',#4873,0.0174655244746805,0.222798696177006);
#368=CONICAL_SURFACE('',#4875,0.0429999999999999,0.933912427863504);
#369=CONICAL_SURFACE('',#4879,0.043,0.715584993317677);
#370=CONICAL_SURFACE('',#4908,0.0360124999999999,0.523598775598301);
#371=CONICAL_SURFACE('',#4914,0.0174655244746805,0.222798696177006);
#372=CONICAL_SURFACE('',#4916,0.0174655244746805,0.222798696177006);
#373=CONICAL_SURFACE('',#4917,26.0676188467376,0.584846577464644);
#374=CONICAL_SURFACE('',#4919,0.029025,0.349065850398866);
#375=CONICAL_SURFACE('',#4929,0.029025,0.349065850398866);
#376=CONICAL_SURFACE('',#4930,26.0676188467376,0.584846577464644);
#377=CONICAL_SURFACE('',#4933,0.0174655244746805,0.222798696177006);
#378=CONICAL_SURFACE('',#4935,0.0429999999999999,0.933912427863504);
#379=CONICAL_SURFACE('',#4939,0.043,0.715584993317677);
#380=CONICAL_SURFACE('',#4968,0.0360124999999999,0.523598775598301);
#381=CONICAL_SURFACE('',#4974,0.0174655244746805,0.222798696177006);
#382=CONICAL_SURFACE('',#4976,0.0174655244746805,0.222798696177006);
#383=CONICAL_SURFACE('',#4977,26.0676188467376,0.584846577464644);
#384=CONICAL_SURFACE('',#4979,0.029025,0.349065850398866);
#385=CONICAL_SURFACE('',#4989,0.029025,0.349065850398866);
#386=CONICAL_SURFACE('',#4990,26.0676188467376,0.584846577464644);
#387=CONICAL_SURFACE('',#4993,0.0174655244746805,0.222798696177006);
#388=CONICAL_SURFACE('',#4995,0.0429999999999999,0.933912427863504);
#389=CONICAL_SURFACE('',#4999,0.043,0.715584993317677);
#390=CONICAL_SURFACE('',#5028,0.0360124999999999,0.523598775598301);
#391=FACE_OUTER_BOUND('',#644,.T.);
#392=FACE_OUTER_BOUND('',#645,.T.);
#393=FACE_OUTER_BOUND('',#646,.T.);
#394=FACE_OUTER_BOUND('',#647,.T.);
#395=FACE_OUTER_BOUND('',#648,.T.);
#396=FACE_OUTER_BOUND('',#649,.T.);
#397=FACE_OUTER_BOUND('',#650,.T.);
#398=FACE_OUTER_BOUND('',#651,.T.);
#399=FACE_OUTER_BOUND('',#652,.T.);
#400=FACE_OUTER_BOUND('',#653,.T.);
#401=FACE_OUTER_BOUND('',#656,.T.);
#402=FACE_OUTER_BOUND('',#657,.T.);
#403=FACE_OUTER_BOUND('',#660,.T.);
#404=FACE_OUTER_BOUND('',#661,.T.);
#405=FACE_OUTER_BOUND('',#662,.T.);
#406=FACE_OUTER_BOUND('',#663,.T.);
#407=FACE_OUTER_BOUND('',#664,.T.);
#408=FACE_OUTER_BOUND('',#665,.T.);
#409=FACE_OUTER_BOUND('',#666,.T.);
#410=FACE_OUTER_BOUND('',#667,.T.);
#411=FACE_OUTER_BOUND('',#668,.T.);
#412=FACE_OUTER_BOUND('',#669,.T.);
#413=FACE_OUTER_BOUND('',#670,.T.);
#414=FACE_OUTER_BOUND('',#671,.T.);
#415=FACE_OUTER_BOUND('',#672,.T.);
#416=FACE_OUTER_BOUND('',#673,.T.);
#417=FACE_OUTER_BOUND('',#674,.T.);
#418=FACE_OUTER_BOUND('',#675,.T.);
#419=FACE_OUTER_BOUND('',#676,.T.);
#420=FACE_OUTER_BOUND('',#677,.T.);
#421=FACE_OUTER_BOUND('',#678,.T.);
#422=FACE_OUTER_BOUND('',#679,.T.);
#423=FACE_OUTER_BOUND('',#680,.T.);
#424=FACE_OUTER_BOUND('',#681,.T.);
#425=FACE_OUTER_BOUND('',#682,.T.);
#426=FACE_OUTER_BOUND('',#685,.T.);
#427=FACE_OUTER_BOUND('',#686,.T.);
#428=FACE_OUTER_BOUND('',#689,.T.);
#429=FACE_OUTER_BOUND('',#690,.T.);
#430=FACE_OUTER_BOUND('',#691,.T.);
#431=FACE_OUTER_BOUND('',#692,.T.);
#432=FACE_OUTER_BOUND('',#693,.T.);
#433=FACE_OUTER_BOUND('',#694,.T.);
#434=FACE_OUTER_BOUND('',#695,.T.);
#435=FACE_OUTER_BOUND('',#696,.T.);
#436=FACE_OUTER_BOUND('',#697,.T.);
#437=FACE_OUTER_BOUND('',#698,.T.);
#438=FACE_OUTER_BOUND('',#699,.T.);
#439=FACE_OUTER_BOUND('',#700,.T.);
#440=FACE_OUTER_BOUND('',#701,.T.);
#441=FACE_OUTER_BOUND('',#702,.T.);
#442=FACE_OUTER_BOUND('',#703,.T.);
#443=FACE_OUTER_BOUND('',#704,.T.);
#444=FACE_OUTER_BOUND('',#705,.T.);
#445=FACE_OUTER_BOUND('',#706,.T.);
#446=FACE_OUTER_BOUND('',#707,.T.);
#447=FACE_OUTER_BOUND('',#708,.T.);
#448=FACE_OUTER_BOUND('',#709,.T.);
#449=FACE_OUTER_BOUND('',#710,.T.);
#450=FACE_OUTER_BOUND('',#711,.T.);
#451=FACE_OUTER_BOUND('',#712,.T.);
#452=FACE_OUTER_BOUND('',#713,.T.);
#453=FACE_OUTER_BOUND('',#714,.T.);
#454=FACE_OUTER_BOUND('',#715,.T.);
#455=FACE_OUTER_BOUND('',#716,.T.);
#456=FACE_OUTER_BOUND('',#717,.T.);
#457=FACE_OUTER_BOUND('',#719,.T.);
#458=FACE_OUTER_BOUND('',#720,.T.);
#459=FACE_OUTER_BOUND('',#721,.T.);
#460=FACE_OUTER_BOUND('',#722,.T.);
#461=FACE_OUTER_BOUND('',#723,.T.);
#462=FACE_OUTER_BOUND('',#724,.T.);
#463=FACE_OUTER_BOUND('',#725,.T.);
#464=FACE_OUTER_BOUND('',#726,.T.);
#465=FACE_OUTER_BOUND('',#727,.T.);
#466=FACE_OUTER_BOUND('',#728,.T.);
#467=FACE_OUTER_BOUND('',#729,.T.);
#468=FACE_OUTER_BOUND('',#730,.T.);
#469=FACE_OUTER_BOUND('',#731,.T.);
#470=FACE_OUTER_BOUND('',#732,.T.);
#471=FACE_OUTER_BOUND('',#733,.T.);
#472=FACE_OUTER_BOUND('',#734,.T.);
#473=FACE_OUTER_BOUND('',#735,.T.);
#474=FACE_OUTER_BOUND('',#736,.T.);
#475=FACE_OUTER_BOUND('',#737,.T.);
#476=FACE_OUTER_BOUND('',#738,.T.);
#477=FACE_OUTER_BOUND('',#739,.T.);
#478=FACE_OUTER_BOUND('',#740,.T.);
#479=FACE_OUTER_BOUND('',#741,.T.);
#480=FACE_OUTER_BOUND('',#742,.T.);
#481=FACE_OUTER_BOUND('',#743,.T.);
#482=FACE_OUTER_BOUND('',#744,.T.);
#483=FACE_OUTER_BOUND('',#745,.T.);
#484=FACE_OUTER_BOUND('',#746,.T.);
#485=FACE_OUTER_BOUND('',#747,.T.);
#486=FACE_OUTER_BOUND('',#748,.T.);
#487=FACE_OUTER_BOUND('',#749,.T.);
#488=FACE_OUTER_BOUND('',#750,.T.);
#489=FACE_OUTER_BOUND('',#751,.T.);
#490=FACE_OUTER_BOUND('',#752,.T.);
#491=FACE_OUTER_BOUND('',#753,.T.);
#492=FACE_OUTER_BOUND('',#754,.T.);
#493=FACE_OUTER_BOUND('',#755,.T.);
#494=FACE_OUTER_BOUND('',#756,.T.);
#495=FACE_OUTER_BOUND('',#757,.T.);
#496=FACE_OUTER_BOUND('',#758,.T.);
#497=FACE_OUTER_BOUND('',#759,.T.);
#498=FACE_OUTER_BOUND('',#760,.T.);
#499=FACE_OUTER_BOUND('',#761,.T.);
#500=FACE_OUTER_BOUND('',#762,.T.);
#501=FACE_OUTER_BOUND('',#763,.T.);
#502=FACE_OUTER_BOUND('',#764,.T.);
#503=FACE_OUTER_BOUND('',#765,.T.);
#504=FACE_OUTER_BOUND('',#766,.T.);
#505=FACE_OUTER_BOUND('',#767,.T.);
#506=FACE_OUTER_BOUND('',#768,.T.);
#507=FACE_OUTER_BOUND('',#769,.T.);
#508=FACE_OUTER_BOUND('',#770,.T.);
#509=FACE_OUTER_BOUND('',#772,.T.);
#510=FACE_OUTER_BOUND('',#773,.T.);
#511=FACE_OUTER_BOUND('',#774,.T.);
#512=FACE_OUTER_BOUND('',#775,.T.);
#513=FACE_OUTER_BOUND('',#776,.T.);
#514=FACE_OUTER_BOUND('',#777,.T.);
#515=FACE_OUTER_BOUND('',#778,.T.);
#516=FACE_OUTER_BOUND('',#779,.T.);
#517=FACE_OUTER_BOUND('',#780,.T.);
#518=FACE_OUTER_BOUND('',#781,.T.);
#519=FACE_OUTER_BOUND('',#782,.T.);
#520=FACE_OUTER_BOUND('',#783,.T.);
#521=FACE_OUTER_BOUND('',#784,.T.);
#522=FACE_OUTER_BOUND('',#785,.T.);
#523=FACE_OUTER_BOUND('',#786,.T.);
#524=FACE_OUTER_BOUND('',#787,.T.);
#525=FACE_OUTER_BOUND('',#788,.T.);
#526=FACE_OUTER_BOUND('',#789,.T.);
#527=FACE_OUTER_BOUND('',#790,.T.);
#528=FACE_OUTER_BOUND('',#791,.T.);
#529=FACE_OUTER_BOUND('',#792,.T.);
#530=FACE_OUTER_BOUND('',#793,.T.);
#531=FACE_OUTER_BOUND('',#794,.T.);
#532=FACE_OUTER_BOUND('',#795,.T.);
#533=FACE_OUTER_BOUND('',#796,.T.);
#534=FACE_OUTER_BOUND('',#797,.T.);
#535=FACE_OUTER_BOUND('',#798,.T.);
#536=FACE_OUTER_BOUND('',#799,.T.);
#537=FACE_OUTER_BOUND('',#800,.T.);
#538=FACE_OUTER_BOUND('',#801,.T.);
#539=FACE_OUTER_BOUND('',#802,.T.);
#540=FACE_OUTER_BOUND('',#803,.T.);
#541=FACE_OUTER_BOUND('',#804,.T.);
#542=FACE_OUTER_BOUND('',#805,.T.);
#543=FACE_OUTER_BOUND('',#806,.T.);
#544=FACE_OUTER_BOUND('',#807,.T.);
#545=FACE_OUTER_BOUND('',#808,.T.);
#546=FACE_OUTER_BOUND('',#809,.T.);
#547=FACE_OUTER_BOUND('',#810,.T.);
#548=FACE_OUTER_BOUND('',#811,.T.);
#549=FACE_OUTER_BOUND('',#812,.T.);
#550=FACE_OUTER_BOUND('',#813,.T.);
#551=FACE_OUTER_BOUND('',#814,.T.);
#552=FACE_OUTER_BOUND('',#815,.T.);
#553=FACE_OUTER_BOUND('',#816,.T.);
#554=FACE_OUTER_BOUND('',#817,.T.);
#555=FACE_OUTER_BOUND('',#818,.T.);
#556=FACE_OUTER_BOUND('',#819,.T.);
#557=FACE_OUTER_BOUND('',#820,.T.);
#558=FACE_OUTER_BOUND('',#821,.T.);
#559=FACE_OUTER_BOUND('',#822,.T.);
#560=FACE_OUTER_BOUND('',#823,.T.);
#561=FACE_OUTER_BOUND('',#825,.T.);
#562=FACE_OUTER_BOUND('',#826,.T.);
#563=FACE_OUTER_BOUND('',#827,.T.);
#564=FACE_OUTER_BOUND('',#828,.T.);
#565=FACE_OUTER_BOUND('',#829,.T.);
#566=FACE_OUTER_BOUND('',#830,.T.);
#567=FACE_OUTER_BOUND('',#831,.T.);
#568=FACE_OUTER_BOUND('',#832,.T.);
#569=FACE_OUTER_BOUND('',#833,.T.);
#570=FACE_OUTER_BOUND('',#834,.T.);
#571=FACE_OUTER_BOUND('',#835,.T.);
#572=FACE_OUTER_BOUND('',#836,.T.);
#573=FACE_OUTER_BOUND('',#837,.T.);
#574=FACE_OUTER_BOUND('',#838,.T.);
#575=FACE_OUTER_BOUND('',#839,.T.);
#576=FACE_OUTER_BOUND('',#840,.T.);
#577=FACE_OUTER_BOUND('',#841,.T.);
#578=FACE_OUTER_BOUND('',#842,.T.);
#579=FACE_OUTER_BOUND('',#843,.T.);
#580=FACE_OUTER_BOUND('',#844,.T.);
#581=FACE_OUTER_BOUND('',#845,.T.);
#582=FACE_OUTER_BOUND('',#846,.T.);
#583=FACE_OUTER_BOUND('',#847,.T.);
#584=FACE_OUTER_BOUND('',#848,.T.);
#585=FACE_OUTER_BOUND('',#849,.T.);
#586=FACE_OUTER_BOUND('',#850,.T.);
#587=FACE_OUTER_BOUND('',#851,.T.);
#588=FACE_OUTER_BOUND('',#852,.T.);
#589=FACE_OUTER_BOUND('',#853,.T.);
#590=FACE_OUTER_BOUND('',#854,.T.);
#591=FACE_OUTER_BOUND('',#855,.T.);
#592=FACE_OUTER_BOUND('',#856,.T.);
#593=FACE_OUTER_BOUND('',#857,.T.);
#594=FACE_OUTER_BOUND('',#858,.T.);
#595=FACE_OUTER_BOUND('',#859,.T.);
#596=FACE_OUTER_BOUND('',#860,.T.);
#597=FACE_OUTER_BOUND('',#861,.T.);
#598=FACE_OUTER_BOUND('',#862,.T.);
#599=FACE_OUTER_BOUND('',#863,.T.);
#600=FACE_OUTER_BOUND('',#864,.T.);
#601=FACE_OUTER_BOUND('',#865,.T.);
#602=FACE_OUTER_BOUND('',#866,.T.);
#603=FACE_OUTER_BOUND('',#867,.T.);
#604=FACE_OUTER_BOUND('',#868,.T.);
#605=FACE_OUTER_BOUND('',#869,.T.);
#606=FACE_OUTER_BOUND('',#870,.T.);
#607=FACE_OUTER_BOUND('',#871,.T.);
#608=FACE_OUTER_BOUND('',#872,.T.);
#609=FACE_OUTER_BOUND('',#873,.T.);
#610=FACE_OUTER_BOUND('',#874,.T.);
#611=FACE_OUTER_BOUND('',#875,.T.);
#612=FACE_OUTER_BOUND('',#876,.T.);
#613=FACE_OUTER_BOUND('',#878,.T.);
#614=FACE_OUTER_BOUND('',#879,.T.);
#615=FACE_OUTER_BOUND('',#880,.T.);
#616=FACE_OUTER_BOUND('',#881,.T.);
#617=FACE_OUTER_BOUND('',#882,.T.);
#618=FACE_OUTER_BOUND('',#883,.T.);
#619=FACE_OUTER_BOUND('',#884,.T.);
#620=FACE_OUTER_BOUND('',#885,.T.);
#621=FACE_OUTER_BOUND('',#886,.T.);
#622=FACE_OUTER_BOUND('',#887,.T.);
#623=FACE_OUTER_BOUND('',#888,.T.);
#624=FACE_OUTER_BOUND('',#889,.T.);
#625=FACE_OUTER_BOUND('',#890,.T.);
#626=FACE_OUTER_BOUND('',#891,.T.);
#627=FACE_OUTER_BOUND('',#892,.T.);
#628=FACE_OUTER_BOUND('',#893,.T.);
#629=FACE_OUTER_BOUND('',#894,.T.);
#630=FACE_OUTER_BOUND('',#895,.T.);
#631=FACE_OUTER_BOUND('',#896,.T.);
#632=FACE_OUTER_BOUND('',#897,.T.);
#633=FACE_OUTER_BOUND('',#898,.T.);
#634=FACE_OUTER_BOUND('',#899,.T.);
#635=FACE_OUTER_BOUND('',#900,.T.);
#636=FACE_OUTER_BOUND('',#901,.T.);
#637=FACE_OUTER_BOUND('',#902,.T.);
#638=FACE_OUTER_BOUND('',#903,.T.);
#639=FACE_OUTER_BOUND('',#904,.T.);
#640=FACE_OUTER_BOUND('',#905,.T.);
#641=FACE_OUTER_BOUND('',#906,.T.);
#642=FACE_OUTER_BOUND('',#907,.T.);
#643=FACE_OUTER_BOUND('',#908,.T.);
#644=EDGE_LOOP('',(#3013,#3014,#3015,#3016));
#645=EDGE_LOOP('',(#3017,#3018,#3019,#3020));
#646=EDGE_LOOP('',(#3021,#3022,#3023,#3024));
#647=EDGE_LOOP('',(#3025,#3026,#3027,#3028));
#648=EDGE_LOOP('',(#3029,#3030,#3031,#3032));
#649=EDGE_LOOP('',(#3033,#3034,#3035,#3036));
#650=EDGE_LOOP('',(#3037,#3038,#3039,#3040));
#651=EDGE_LOOP('',(#3041,#3042,#3043,#3044));
#652=EDGE_LOOP('',(#3045,#3046,#3047,#3048));
#653=EDGE_LOOP('',(#3049,#3050,#3051,#3052,#3053,#3054,#3055,#3056,#3057,
#3058));
#654=EDGE_LOOP('',(#3059));
#655=EDGE_LOOP('',(#3060));
#656=EDGE_LOOP('',(#3061,#3062,#3063,#3064));
#657=EDGE_LOOP('',(#3065,#3066,#3067,#3068,#3069,#3070,#3071,#3072,#3073,
#3074));
#658=EDGE_LOOP('',(#3075));
#659=EDGE_LOOP('',(#3076));
#660=EDGE_LOOP('',(#3077,#3078,#3079,#3080));
#661=EDGE_LOOP('',(#3081,#3082,#3083,#3084));
#662=EDGE_LOOP('',(#3085,#3086,#3087,#3088,#3089,#3090));
#663=EDGE_LOOP('',(#3091,#3092,#3093,#3094));
#664=EDGE_LOOP('',(#3095,#3096,#3097,#3098,#3099,#3100));
#665=EDGE_LOOP('',(#3101,#3102,#3103,#3104,#3105,#3106));
#666=EDGE_LOOP('',(#3107,#3108,#3109,#3110,#3111,#3112));
#667=EDGE_LOOP('',(#3113,#3114,#3115,#3116));
#668=EDGE_LOOP('',(#3117,#3118,#3119,#3120));
#669=EDGE_LOOP('',(#3121,#3122,#3123,#3124,#3125));
#670=EDGE_LOOP('',(#3126,#3127,#3128,#3129,#3130));
#671=EDGE_LOOP('',(#3131));
#672=EDGE_LOOP('',(#3132));
#673=EDGE_LOOP('',(#3133,#3134,#3135,#3136));
#674=EDGE_LOOP('',(#3137,#3138,#3139,#3140));
#675=EDGE_LOOP('',(#3141,#3142,#3143,#3144));
#676=EDGE_LOOP('',(#3145,#3146,#3147,#3148));
#677=EDGE_LOOP('',(#3149,#3150,#3151,#3152));
#678=EDGE_LOOP('',(#3153,#3154,#3155,#3156));
#679=EDGE_LOOP('',(#3157,#3158,#3159,#3160));
#680=EDGE_LOOP('',(#3161,#3162,#3163,#3164));
#681=EDGE_LOOP('',(#3165,#3166,#3167,#3168));
#682=EDGE_LOOP('',(#3169,#3170,#3171,#3172,#3173,#3174,#3175,#3176,#3177,
#3178));
#683=EDGE_LOOP('',(#3179));
#684=EDGE_LOOP('',(#3180));
#685=EDGE_LOOP('',(#3181,#3182,#3183,#3184));
#686=EDGE_LOOP('',(#3185,#3186,#3187,#3188,#3189,#3190,#3191,#3192,#3193,
#3194));
#687=EDGE_LOOP('',(#3195));
#688=EDGE_LOOP('',(#3196));
#689=EDGE_LOOP('',(#3197,#3198,#3199,#3200));
#690=EDGE_LOOP('',(#3201,#3202,#3203,#3204));
#691=EDGE_LOOP('',(#3205,#3206,#3207,#3208,#3209,#3210));
#692=EDGE_LOOP('',(#3211,#3212,#3213,#3214));
#693=EDGE_LOOP('',(#3215,#3216,#3217,#3218,#3219,#3220));
#694=EDGE_LOOP('',(#3221,#3222,#3223,#3224,#3225,#3226));
#695=EDGE_LOOP('',(#3227,#3228,#3229,#3230,#3231,#3232));
#696=EDGE_LOOP('',(#3233,#3234,#3235,#3236));
#697=EDGE_LOOP('',(#3237,#3238,#3239,#3240,#3241));
#698=EDGE_LOOP('',(#3242,#3243,#3244,#3245));
#699=EDGE_LOOP('',(#3246,#3247,#3248,#3249));
#700=EDGE_LOOP('',(#3250,#3251,#3252));
#701=EDGE_LOOP('',(#3253,#3254,#3255,#3256,#3257,#3258));
#702=EDGE_LOOP('',(#3259,#3260,#3261,#3262,#3263,#3264,#3265,#3266));
#703=EDGE_LOOP('',(#3267,#3268,#3269,#3270,#3271,#3272,#3273,#3274));
#704=EDGE_LOOP('',(#3275,#3276,#3277,#3278));
#705=EDGE_LOOP('',(#3279,#3280,#3281,#3282));
#706=EDGE_LOOP('',(#3283,#3284,#3285,#3286));
#707=EDGE_LOOP('',(#3287,#3288,#3289,#3290));
#708=EDGE_LOOP('',(#3291,#3292,#3293,#3294));
#709=EDGE_LOOP('',(#3295,#3296,#3297,#3298));
#710=EDGE_LOOP('',(#3299,#3300,#3301));
#711=EDGE_LOOP('',(#3302,#3303,#3304,#3305));
#712=EDGE_LOOP('',(#3306,#3307,#3308,#3309));
#713=EDGE_LOOP('',(#3310,#3311,#3312,#3313,#3314));
#714=EDGE_LOOP('',(#3315,#3316,#3317,#3318));
#715=EDGE_LOOP('',(#3319,#3320,#3321,#3322));
#716=EDGE_LOOP('',(#3323,#3324,#3325,#3326));
#717=EDGE_LOOP('',(#3327));
#718=EDGE_LOOP('',(#3328,#3329,#3330,#3331,#3332,#3333,#3334,#3335,#3336,
#3337,#3338,#3339,#3340,#3341,#3342,#3343,#3344,#3345,#3346,#3347));
#719=EDGE_LOOP('',(#3348,#3349,#3350,#3351));
#720=EDGE_LOOP('',(#3352,#3353,#3354,#3355));
#721=EDGE_LOOP('',(#3356,#3357,#3358,#3359));
#722=EDGE_LOOP('',(#3360,#3361,#3362,#3363,#3364));
#723=EDGE_LOOP('',(#3365,#3366,#3367,#3368,#3369));
#724=EDGE_LOOP('',(#3370,#3371,#3372,#3373));
#725=EDGE_LOOP('',(#3374,#3375,#3376,#3377));
#726=EDGE_LOOP('',(#3378,#3379,#3380,#3381));
#727=EDGE_LOOP('',(#3382,#3383,#3384,#3385,#3386));
#728=EDGE_LOOP('',(#3387,#3388,#3389,#3390,#3391));
#729=EDGE_LOOP('',(#3392,#3393,#3394,#3395));
#730=EDGE_LOOP('',(#3396,#3397,#3398,#3399));
#731=EDGE_LOOP('',(#3400,#3401,#3402,#3403));
#732=EDGE_LOOP('',(#3404,#3405,#3406,#3407,#3408));
#733=EDGE_LOOP('',(#3409,#3410,#3411,#3412,#3413));
#734=EDGE_LOOP('',(#3414,#3415,#3416,#3417));
#735=EDGE_LOOP('',(#3418,#3419,#3420,#3421));
#736=EDGE_LOOP('',(#3422,#3423,#3424,#3425));
#737=EDGE_LOOP('',(#3426,#3427,#3428,#3429,#3430));
#738=EDGE_LOOP('',(#3431,#3432,#3433,#3434,#3435));
#739=EDGE_LOOP('',(#3436,#3437,#3438,#3439,#3440,#3441,#3442,#3443,#3444,
#3445,#3446,#3447));
#740=EDGE_LOOP('',(#3448,#3449,#3450,#3451,#3452,#3453));
#741=EDGE_LOOP('',(#3454,#3455,#3456,#3457,#3458,#3459));
#742=EDGE_LOOP('',(#3460,#3461,#3462,#3463,#3464,#3465));
#743=EDGE_LOOP('',(#3466,#3467,#3468,#3469,#3470,#3471));
#744=EDGE_LOOP('',(#3472,#3473,#3474,#3475,#3476,#3477,#3478,#3479));
#745=EDGE_LOOP('',(#3480,#3481,#3482,#3483,#3484,#3485));
#746=EDGE_LOOP('',(#3486,#3487,#3488,#3489,#3490,#3491,#3492,#3493,#3494,
#3495,#3496,#3497,#3498));
#747=EDGE_LOOP('',(#3499,#3500,#3501,#3502,#3503,#3504,#3505,#3506,#3507,
#3508,#3509,#3510,#3511,#3512,#3513));
#748=EDGE_LOOP('',(#3514,#3515,#3516,#3517,#3518));
#749=EDGE_LOOP('',(#3519,#3520,#3521,#3522));
#750=EDGE_LOOP('',(#3523,#3524,#3525,#3526,#3527));
#751=EDGE_LOOP('',(#3528,#3529,#3530,#3531));
#752=EDGE_LOOP('',(#3532,#3533,#3534,#3535));
#753=EDGE_LOOP('',(#3536,#3537,#3538));
#754=EDGE_LOOP('',(#3539,#3540,#3541,#3542,#3543,#3544));
#755=EDGE_LOOP('',(#3545,#3546,#3547,#3548,#3549,#3550,#3551,#3552));
#756=EDGE_LOOP('',(#3553,#3554,#3555,#3556,#3557,#3558,#3559,#3560));
#757=EDGE_LOOP('',(#3561,#3562,#3563,#3564));
#758=EDGE_LOOP('',(#3565,#3566,#3567,#3568));
#759=EDGE_LOOP('',(#3569,#3570,#3571,#3572));
#760=EDGE_LOOP('',(#3573,#3574,#3575,#3576));
#761=EDGE_LOOP('',(#3577,#3578,#3579,#3580));
#762=EDGE_LOOP('',(#3581,#3582,#3583,#3584));
#763=EDGE_LOOP('',(#3585,#3586,#3587));
#764=EDGE_LOOP('',(#3588,#3589,#3590,#3591));
#765=EDGE_LOOP('',(#3592,#3593,#3594,#3595));
#766=EDGE_LOOP('',(#3596,#3597,#3598,#3599,#3600));
#767=EDGE_LOOP('',(#3601,#3602,#3603,#3604));
#768=EDGE_LOOP('',(#3605,#3606,#3607,#3608));
#769=EDGE_LOOP('',(#3609,#3610,#3611,#3612));
#770=EDGE_LOOP('',(#3613));
#771=EDGE_LOOP('',(#3614,#3615,#3616,#3617,#3618,#3619,#3620,#3621,#3622,
#3623,#3624,#3625,#3626,#3627,#3628,#3629,#3630,#3631,#3632,#3633));
#772=EDGE_LOOP('',(#3634,#3635,#3636,#3637));
#773=EDGE_LOOP('',(#3638,#3639,#3640,#3641));
#774=EDGE_LOOP('',(#3642,#3643,#3644,#3645));
#775=EDGE_LOOP('',(#3646,#3647,#3648,#3649,#3650));
#776=EDGE_LOOP('',(#3651,#3652,#3653,#3654,#3655));
#777=EDGE_LOOP('',(#3656,#3657,#3658,#3659));
#778=EDGE_LOOP('',(#3660,#3661,#3662,#3663));
#779=EDGE_LOOP('',(#3664,#3665,#3666,#3667));
#780=EDGE_LOOP('',(#3668,#3669,#3670,#3671,#3672));
#781=EDGE_LOOP('',(#3673,#3674,#3675,#3676,#3677));
#782=EDGE_LOOP('',(#3678,#3679,#3680,#3681));
#783=EDGE_LOOP('',(#3682,#3683,#3684,#3685));
#784=EDGE_LOOP('',(#3686,#3687,#3688,#3689));
#785=EDGE_LOOP('',(#3690,#3691,#3692,#3693,#3694));
#786=EDGE_LOOP('',(#3695,#3696,#3697,#3698,#3699));
#787=EDGE_LOOP('',(#3700,#3701,#3702,#3703));
#788=EDGE_LOOP('',(#3704,#3705,#3706,#3707));
#789=EDGE_LOOP('',(#3708,#3709,#3710,#3711));
#790=EDGE_LOOP('',(#3712,#3713,#3714,#3715,#3716));
#791=EDGE_LOOP('',(#3717,#3718,#3719,#3720,#3721));
#792=EDGE_LOOP('',(#3722,#3723,#3724,#3725,#3726,#3727,#3728,#3729,#3730,
#3731,#3732,#3733));
#793=EDGE_LOOP('',(#3734,#3735,#3736,#3737,#3738,#3739));
#794=EDGE_LOOP('',(#3740,#3741,#3742,#3743,#3744,#3745));
#795=EDGE_LOOP('',(#3746,#3747,#3748,#3749,#3750,#3751));
#796=EDGE_LOOP('',(#3752,#3753,#3754,#3755,#3756,#3757));
#797=EDGE_LOOP('',(#3758,#3759,#3760,#3761,#3762,#3763,#3764,#3765));
#798=EDGE_LOOP('',(#3766,#3767,#3768,#3769,#3770,#3771));
#799=EDGE_LOOP('',(#3772,#3773,#3774,#3775,#3776,#3777,#3778,#3779,#3780,
#3781,#3782,#3783,#3784));
#800=EDGE_LOOP('',(#3785,#3786,#3787,#3788,#3789,#3790,#3791,#3792,#3793,
#3794,#3795,#3796,#3797,#3798,#3799));
#801=EDGE_LOOP('',(#3800,#3801,#3802,#3803,#3804));
#802=EDGE_LOOP('',(#3805,#3806,#3807,#3808));
#803=EDGE_LOOP('',(#3809,#3810,#3811,#3812,#3813));
#804=EDGE_LOOP('',(#3814,#3815,#3816,#3817));
#805=EDGE_LOOP('',(#3818,#3819,#3820,#3821));
#806=EDGE_LOOP('',(#3822,#3823,#3824));
#807=EDGE_LOOP('',(#3825,#3826,#3827,#3828));
#808=EDGE_LOOP('',(#3829,#3830,#3831));
#809=EDGE_LOOP('',(#3832,#3833,#3834,#3835,#3836,#3837,#3838,#3839));
#810=EDGE_LOOP('',(#3840,#3841,#3842,#3843));
#811=EDGE_LOOP('',(#3844,#3845,#3846,#3847));
#812=EDGE_LOOP('',(#3848,#3849,#3850,#3851));
#813=EDGE_LOOP('',(#3852,#3853,#3854,#3855));
#814=EDGE_LOOP('',(#3856,#3857,#3858,#3859));
#815=EDGE_LOOP('',(#3860,#3861,#3862,#3863));
#816=EDGE_LOOP('',(#3864,#3865,#3866,#3867,#3868,#3869,#3870,#3871));
#817=EDGE_LOOP('',(#3872,#3873,#3874,#3875,#3876,#3877));
#818=EDGE_LOOP('',(#3878,#3879,#3880,#3881));
#819=EDGE_LOOP('',(#3882,#3883,#3884,#3885,#3886));
#820=EDGE_LOOP('',(#3887,#3888,#3889,#3890));
#821=EDGE_LOOP('',(#3891,#3892,#3893,#3894));
#822=EDGE_LOOP('',(#3895,#3896,#3897,#3898));
#823=EDGE_LOOP('',(#3899));
#824=EDGE_LOOP('',(#3900,#3901,#3902,#3903,#3904,#3905,#3906,#3907,#3908,
#3909,#3910,#3911,#3912,#3913,#3914,#3915,#3916,#3917,#3918,#3919));
#825=EDGE_LOOP('',(#3920,#3921,#3922,#3923));
#826=EDGE_LOOP('',(#3924,#3925,#3926,#3927));
#827=EDGE_LOOP('',(#3928,#3929,#3930,#3931));
#828=EDGE_LOOP('',(#3932,#3933,#3934,#3935,#3936));
#829=EDGE_LOOP('',(#3937,#3938,#3939,#3940,#3941));
#830=EDGE_LOOP('',(#3942,#3943,#3944,#3945));
#831=EDGE_LOOP('',(#3946,#3947,#3948,#3949));
#832=EDGE_LOOP('',(#3950,#3951,#3952,#3953));
#833=EDGE_LOOP('',(#3954,#3955,#3956,#3957,#3958));
#834=EDGE_LOOP('',(#3959,#3960,#3961,#3962,#3963));
#835=EDGE_LOOP('',(#3964,#3965,#3966,#3967));
#836=EDGE_LOOP('',(#3968,#3969,#3970,#3971));
#837=EDGE_LOOP('',(#3972,#3973,#3974,#3975));
#838=EDGE_LOOP('',(#3976,#3977,#3978,#3979,#3980));
#839=EDGE_LOOP('',(#3981,#3982,#3983,#3984,#3985));
#840=EDGE_LOOP('',(#3986,#3987,#3988,#3989));
#841=EDGE_LOOP('',(#3990,#3991,#3992,#3993));
#842=EDGE_LOOP('',(#3994,#3995,#3996,#3997));
#843=EDGE_LOOP('',(#3998,#3999,#4000,#4001,#4002));
#844=EDGE_LOOP('',(#4003,#4004,#4005,#4006,#4007));
#845=EDGE_LOOP('',(#4008,#4009,#4010,#4011,#4012,#4013,#4014,#4015,#4016,
#4017,#4018,#4019));
#846=EDGE_LOOP('',(#4020,#4021,#4022,#4023,#4024,#4025));
#847=EDGE_LOOP('',(#4026,#4027,#4028,#4029,#4030,#4031));
#848=EDGE_LOOP('',(#4032,#4033,#4034,#4035,#4036,#4037));
#849=EDGE_LOOP('',(#4038,#4039,#4040,#4041,#4042,#4043));
#850=EDGE_LOOP('',(#4044,#4045,#4046,#4047,#4048,#4049,#4050,#4051));
#851=EDGE_LOOP('',(#4052,#4053,#4054,#4055,#4056,#4057));
#852=EDGE_LOOP('',(#4058,#4059,#4060,#4061,#4062,#4063,#4064,#4065,#4066,
#4067,#4068,#4069,#4070));
#853=EDGE_LOOP('',(#4071,#4072,#4073,#4074,#4075,#4076,#4077,#4078,#4079,
#4080,#4081,#4082,#4083,#4084,#4085));
#854=EDGE_LOOP('',(#4086,#4087,#4088,#4089,#4090));
#855=EDGE_LOOP('',(#4091,#4092,#4093,#4094));
#856=EDGE_LOOP('',(#4095,#4096,#4097,#4098,#4099));
#857=EDGE_LOOP('',(#4100,#4101,#4102,#4103));
#858=EDGE_LOOP('',(#4104,#4105,#4106,#4107));
#859=EDGE_LOOP('',(#4108,#4109,#4110));
#860=EDGE_LOOP('',(#4111,#4112,#4113,#4114));
#861=EDGE_LOOP('',(#4115,#4116,#4117));
#862=EDGE_LOOP('',(#4118,#4119,#4120,#4121,#4122,#4123,#4124,#4125));
#863=EDGE_LOOP('',(#4126,#4127,#4128,#4129));
#864=EDGE_LOOP('',(#4130,#4131,#4132,#4133));
#865=EDGE_LOOP('',(#4134,#4135,#4136,#4137));
#866=EDGE_LOOP('',(#4138,#4139,#4140,#4141));
#867=EDGE_LOOP('',(#4142,#4143,#4144,#4145));
#868=EDGE_LOOP('',(#4146,#4147,#4148,#4149));
#869=EDGE_LOOP('',(#4150,#4151,#4152,#4153,#4154,#4155,#4156,#4157));
#870=EDGE_LOOP('',(#4158,#4159,#4160,#4161,#4162,#4163));
#871=EDGE_LOOP('',(#4164,#4165,#4166,#4167));
#872=EDGE_LOOP('',(#4168,#4169,#4170,#4171,#4172));
#873=EDGE_LOOP('',(#4173,#4174,#4175,#4176));
#874=EDGE_LOOP('',(#4177,#4178,#4179,#4180));
#875=EDGE_LOOP('',(#4181,#4182,#4183,#4184));
#876=EDGE_LOOP('',(#4185));
#877=EDGE_LOOP('',(#4186,#4187,#4188,#4189,#4190,#4191,#4192,#4193,#4194,
#4195,#4196,#4197,#4198,#4199,#4200,#4201,#4202,#4203,#4204,#4205));
#878=EDGE_LOOP('',(#4206,#4207,#4208,#4209));
#879=EDGE_LOOP('',(#4210,#4211,#4212,#4213));
#880=EDGE_LOOP('',(#4214,#4215,#4216,#4217));
#881=EDGE_LOOP('',(#4218,#4219,#4220,#4221,#4222));
#882=EDGE_LOOP('',(#4223,#4224,#4225,#4226,#4227));
#883=EDGE_LOOP('',(#4228,#4229,#4230,#4231));
#884=EDGE_LOOP('',(#4232,#4233,#4234,#4235));
#885=EDGE_LOOP('',(#4236,#4237,#4238,#4239));
#886=EDGE_LOOP('',(#4240,#4241,#4242,#4243,#4244));
#887=EDGE_LOOP('',(#4245,#4246,#4247,#4248,#4249));
#888=EDGE_LOOP('',(#4250,#4251,#4252,#4253));
#889=EDGE_LOOP('',(#4254,#4255,#4256,#4257));
#890=EDGE_LOOP('',(#4258,#4259,#4260,#4261));
#891=EDGE_LOOP('',(#4262,#4263,#4264,#4265,#4266));
#892=EDGE_LOOP('',(#4267,#4268,#4269,#4270,#4271));
#893=EDGE_LOOP('',(#4272,#4273,#4274,#4275));
#894=EDGE_LOOP('',(#4276,#4277,#4278,#4279));
#895=EDGE_LOOP('',(#4280,#4281,#4282,#4283));
#896=EDGE_LOOP('',(#4284,#4285,#4286,#4287,#4288));
#897=EDGE_LOOP('',(#4289,#4290,#4291,#4292,#4293));
#898=EDGE_LOOP('',(#4294,#4295,#4296,#4297,#4298,#4299,#4300,#4301,#4302,
#4303,#4304,#4305));
#899=EDGE_LOOP('',(#4306,#4307,#4308,#4309,#4310,#4311));
#900=EDGE_LOOP('',(#4312,#4313,#4314,#4315,#4316,#4317));
#901=EDGE_LOOP('',(#4318,#4319,#4320,#4321,#4322,#4323));
#902=EDGE_LOOP('',(#4324,#4325,#4326,#4327,#4328,#4329));
#903=EDGE_LOOP('',(#4330,#4331,#4332,#4333,#4334,#4335,#4336,#4337));
#904=EDGE_LOOP('',(#4338,#4339,#4340,#4341,#4342,#4343));
#905=EDGE_LOOP('',(#4344,#4345,#4346,#4347,#4348,#4349,#4350,#4351,#4352,
#4353,#4354,#4355,#4356));
#906=EDGE_LOOP('',(#4357,#4358,#4359,#4360,#4361,#4362,#4363,#4364,#4365,
#4366,#4367,#4368,#4369,#4370,#4371));
#907=EDGE_LOOP('',(#4372,#4373,#4374,#4375,#4376));
#908=EDGE_LOOP('',(#4377,#4378,#4379,#4380));
#909=LINE('',#6115,#1352);
#910=LINE('',#6121,#1353);
#911=LINE('',#6125,#1354);
#912=LINE('',#6129,#1355);
#913=LINE('',#6136,#1356);
#914=LINE('',#6139,#1357);
#915=LINE('',#6145,#1358);
#916=LINE('',#6148,#1359);
#917=LINE('',#6154,#1360);
#918=LINE('',#6157,#1361);
#919=LINE('',#6163,#1362);
#920=LINE('',#6166,#1363);
#921=LINE('',#6168,#1364);
#922=LINE('',#6169,#1365);
#923=LINE('',#6173,#1366);
#924=LINE('',#6175,#1367);
#925=LINE('',#6176,#1368);
#926=LINE('',#6178,#1369);
#927=LINE('',#6180,#1370);
#928=LINE('',#6181,#1371);
#929=LINE('',#6183,#1372);
#930=LINE('',#6184,#1373);
#931=LINE('',#6187,#1374);
#932=LINE('',#6189,#1375);
#933=LINE('',#6190,#1376);
#934=LINE('',#6193,#1377);
#935=LINE('',#6195,#1378);
#936=LINE('',#6196,#1379);
#937=LINE('',#6197,#1380);
#938=LINE('',#6199,#1381);
#939=LINE('',#6201,#1382);
#940=LINE('',#6202,#1383);
#941=LINE('',#6204,#1384);
#942=LINE('',#6205,#1385);
#943=LINE('',#6207,#1386);
#944=LINE('',#6210,#1387);
#945=LINE('',#6211,#1388);
#946=LINE('',#6215,#1389);
#947=LINE('',#6221,#1390);
#948=LINE('',#6229,#1391);
#949=LINE('',#6232,#1392);
#950=LINE('',#6239,#1393);
#951=LINE('',#6245,#1394);
#952=LINE('',#6249,#1395);
#953=LINE('',#6253,#1396);
#954=LINE('',#6260,#1397);
#955=LINE('',#6263,#1398);
#956=LINE('',#6269,#1399);
#957=LINE('',#6272,#1400);
#958=LINE('',#6278,#1401);
#959=LINE('',#6281,#1402);
#960=LINE('',#6287,#1403);
#961=LINE('',#6290,#1404);
#962=LINE('',#6292,#1405);
#963=LINE('',#6293,#1406);
#964=LINE('',#6297,#1407);
#965=LINE('',#6299,#1408);
#966=LINE('',#6300,#1409);
#967=LINE('',#6302,#1410);
#968=LINE('',#6304,#1411);
#969=LINE('',#6305,#1412);
#970=LINE('',#6307,#1413);
#971=LINE('',#6308,#1414);
#972=LINE('',#6311,#1415);
#973=LINE('',#6313,#1416);
#974=LINE('',#6314,#1417);
#975=LINE('',#6317,#1418);
#976=LINE('',#6319,#1419);
#977=LINE('',#6320,#1420);
#978=LINE('',#6321,#1421);
#979=LINE('',#6323,#1422);
#980=LINE('',#6325,#1423);
#981=LINE('',#6326,#1424);
#982=LINE('',#6328,#1425);
#983=LINE('',#6329,#1426);
#984=LINE('',#6331,#1427);
#985=LINE('',#6334,#1428);
#986=LINE('',#6335,#1429);
#987=LINE('',#6339,#1430);
#988=LINE('',#6344,#1431);
#989=LINE('',#6406,#1432);
#990=LINE('',#6482,#1433);
#991=LINE('',#6558,#1434);
#992=LINE('',#6580,#1435);
#993=LINE('',#6660,#1436);
#994=LINE('',#6679,#1437);
#995=LINE('',#6694,#1438);
#996=LINE('',#6707,#1439);
#997=LINE('',#6753,#1440);
#998=LINE('',#6808,#1441);
#999=LINE('',#6884,#1442);
#1000=LINE('',#6960,#1443);
#1001=LINE('',#7056,#1444);
#1002=LINE('',#7249,#1445);
#1003=LINE('',#7253,#1446);
#1004=LINE('',#7256,#1447);
#1005=LINE('',#7260,#1448);
#1006=LINE('',#7262,#1449);
#1007=LINE('',#7264,#1450);
#1008=LINE('',#7266,#1451);
#1009=LINE('',#7268,#1452);
#1010=LINE('',#7270,#1453);
#1011=LINE('',#7272,#1454);
#1012=LINE('',#7274,#1455);
#1013=LINE('',#7276,#1456);
#1014=LINE('',#7278,#1457);
#1015=LINE('',#7280,#1458);
#1016=LINE('',#7282,#1459);
#1017=LINE('',#7284,#1460);
#1018=LINE('',#7286,#1461);
#1019=LINE('',#7288,#1462);
#1020=LINE('',#7290,#1463);
#1021=LINE('',#7292,#1464);
#1022=LINE('',#7294,#1465);
#1023=LINE('',#7296,#1466);
#1024=LINE('',#7297,#1467);
#1025=LINE('',#7300,#1468);
#1026=LINE('',#7302,#1469);
#1027=LINE('',#7303,#1470);
#1028=LINE('',#7306,#1471);
#1029=LINE('',#7307,#1472);
#1030=LINE('',#7310,#1473);
#1031=LINE('',#7311,#1474);
#1032=LINE('',#7315,#1475);
#1033=LINE('',#7316,#1476);
#1034=LINE('',#7317,#1477);
#1035=LINE('',#7320,#1478);
#1036=LINE('',#7322,#1479);
#1037=LINE('',#7323,#1480);
#1038=LINE('',#7326,#1481);
#1039=LINE('',#7327,#1482);
#1040=LINE('',#7330,#1483);
#1041=LINE('',#7331,#1484);
#1042=LINE('',#7334,#1485);
#1043=LINE('',#7335,#1486);
#1044=LINE('',#7339,#1487);
#1045=LINE('',#7340,#1488);
#1046=LINE('',#7341,#1489);
#1047=LINE('',#7344,#1490);
#1048=LINE('',#7346,#1491);
#1049=LINE('',#7347,#1492);
#1050=LINE('',#7350,#1493);
#1051=LINE('',#7351,#1494);
#1052=LINE('',#7354,#1495);
#1053=LINE('',#7355,#1496);
#1054=LINE('',#7358,#1497);
#1055=LINE('',#7359,#1498);
#1056=LINE('',#7363,#1499);
#1057=LINE('',#7364,#1500);
#1058=LINE('',#7365,#1501);
#1059=LINE('',#7368,#1502);
#1060=LINE('',#7370,#1503);
#1061=LINE('',#7371,#1504);
#1062=LINE('',#7374,#1505);
#1063=LINE('',#7375,#1506);
#1064=LINE('',#7378,#1507);
#1065=LINE('',#7379,#1508);
#1066=LINE('',#7382,#1509);
#1067=LINE('',#7383,#1510);
#1068=LINE('',#7387,#1511);
#1069=LINE('',#7388,#1512);
#1070=LINE('',#7389,#1513);
#1071=LINE('',#7392,#1514);
#1072=LINE('',#7393,#1515);
#1073=LINE('',#7395,#1516);
#1074=LINE('',#7396,#1517);
#1075=LINE('',#7397,#1518);
#1076=LINE('',#7398,#1519);
#1077=LINE('',#7509,#1520);
#1078=LINE('',#7586,#1521);
#1079=LINE('',#8065,#1522);
#1080=LINE('',#8127,#1523);
#1081=LINE('',#8203,#1524);
#1082=LINE('',#8279,#1525);
#1083=LINE('',#8301,#1526);
#1084=LINE('',#8381,#1527);
#1085=LINE('',#8400,#1528);
#1086=LINE('',#8415,#1529);
#1087=LINE('',#8428,#1530);
#1088=LINE('',#8474,#1531);
#1089=LINE('',#8529,#1532);
#1090=LINE('',#8605,#1533);
#1091=LINE('',#8681,#1534);
#1092=LINE('',#8777,#1535);
#1093=LINE('',#8970,#1536);
#1094=LINE('',#8974,#1537);
#1095=LINE('',#8977,#1538);
#1096=LINE('',#8981,#1539);
#1097=LINE('',#8983,#1540);
#1098=LINE('',#8985,#1541);
#1099=LINE('',#8987,#1542);
#1100=LINE('',#8989,#1543);
#1101=LINE('',#8991,#1544);
#1102=LINE('',#8993,#1545);
#1103=LINE('',#8995,#1546);
#1104=LINE('',#8997,#1547);
#1105=LINE('',#8999,#1548);
#1106=LINE('',#9001,#1549);
#1107=LINE('',#9003,#1550);
#1108=LINE('',#9005,#1551);
#1109=LINE('',#9007,#1552);
#1110=LINE('',#9009,#1553);
#1111=LINE('',#9011,#1554);
#1112=LINE('',#9013,#1555);
#1113=LINE('',#9015,#1556);
#1114=LINE('',#9017,#1557);
#1115=LINE('',#9018,#1558);
#1116=LINE('',#9021,#1559);
#1117=LINE('',#9023,#1560);
#1118=LINE('',#9024,#1561);
#1119=LINE('',#9027,#1562);
#1120=LINE('',#9028,#1563);
#1121=LINE('',#9031,#1564);
#1122=LINE('',#9032,#1565);
#1123=LINE('',#9036,#1566);
#1124=LINE('',#9037,#1567);
#1125=LINE('',#9038,#1568);
#1126=LINE('',#9041,#1569);
#1127=LINE('',#9043,#1570);
#1128=LINE('',#9044,#1571);
#1129=LINE('',#9047,#1572);
#1130=LINE('',#9048,#1573);
#1131=LINE('',#9051,#1574);
#1132=LINE('',#9052,#1575);
#1133=LINE('',#9055,#1576);
#1134=LINE('',#9056,#1577);
#1135=LINE('',#9060,#1578);
#1136=LINE('',#9061,#1579);
#1137=LINE('',#9062,#1580);
#1138=LINE('',#9065,#1581);
#1139=LINE('',#9067,#1582);
#1140=LINE('',#9068,#1583);
#1141=LINE('',#9071,#1584);
#1142=LINE('',#9072,#1585);
#1143=LINE('',#9075,#1586);
#1144=LINE('',#9076,#1587);
#1145=LINE('',#9079,#1588);
#1146=LINE('',#9080,#1589);
#1147=LINE('',#9084,#1590);
#1148=LINE('',#9085,#1591);
#1149=LINE('',#9086,#1592);
#1150=LINE('',#9089,#1593);
#1151=LINE('',#9091,#1594);
#1152=LINE('',#9092,#1595);
#1153=LINE('',#9095,#1596);
#1154=LINE('',#9096,#1597);
#1155=LINE('',#9099,#1598);
#1156=LINE('',#9100,#1599);
#1157=LINE('',#9103,#1600);
#1158=LINE('',#9104,#1601);
#1159=LINE('',#9108,#1602);
#1160=LINE('',#9109,#1603);
#1161=LINE('',#9110,#1604);
#1162=LINE('',#9113,#1605);
#1163=LINE('',#9114,#1606);
#1164=LINE('',#9116,#1607);
#1165=LINE('',#9117,#1608);
#1166=LINE('',#9118,#1609);
#1167=LINE('',#9119,#1610);
#1168=LINE('',#9230,#1611);
#1169=LINE('',#9307,#1612);
#1170=LINE('',#9786,#1613);
#1171=LINE('',#9848,#1614);
#1172=LINE('',#9924,#1615);
#1173=LINE('',#9985,#1616);
#1174=LINE('',#10007,#1617);
#1175=LINE('',#10038,#1618);
#1176=LINE('',#10059,#1619);
#1177=LINE('',#10104,#1620);
#1178=LINE('',#10118,#1621);
#1179=LINE('',#10173,#1622);
#1180=LINE('',#10249,#1623);
#1181=LINE('',#10325,#1624);
#1182=LINE('',#10348,#1625);
#1183=LINE('',#10482,#1626);
#1184=LINE('',#10691,#1627);
#1185=LINE('',#10695,#1628);
#1186=LINE('',#10698,#1629);
#1187=LINE('',#10702,#1630);
#1188=LINE('',#10704,#1631);
#1189=LINE('',#10706,#1632);
#1190=LINE('',#10708,#1633);
#1191=LINE('',#10710,#1634);
#1192=LINE('',#10712,#1635);
#1193=LINE('',#10714,#1636);
#1194=LINE('',#10716,#1637);
#1195=LINE('',#10718,#1638);
#1196=LINE('',#10720,#1639);
#1197=LINE('',#10722,#1640);
#1198=LINE('',#10724,#1641);
#1199=LINE('',#10726,#1642);
#1200=LINE('',#10728,#1643);
#1201=LINE('',#10730,#1644);
#1202=LINE('',#10732,#1645);
#1203=LINE('',#10734,#1646);
#1204=LINE('',#10736,#1647);
#1205=LINE('',#10738,#1648);
#1206=LINE('',#10739,#1649);
#1207=LINE('',#10742,#1650);
#1208=LINE('',#10744,#1651);
#1209=LINE('',#10745,#1652);
#1210=LINE('',#10748,#1653);
#1211=LINE('',#10749,#1654);
#1212=LINE('',#10752,#1655);
#1213=LINE('',#10753,#1656);
#1214=LINE('',#10757,#1657);
#1215=LINE('',#10758,#1658);
#1216=LINE('',#10759,#1659);
#1217=LINE('',#10762,#1660);
#1218=LINE('',#10764,#1661);
#1219=LINE('',#10765,#1662);
#1220=LINE('',#10768,#1663);
#1221=LINE('',#10769,#1664);
#1222=LINE('',#10772,#1665);
#1223=LINE('',#10773,#1666);
#1224=LINE('',#10776,#1667);
#1225=LINE('',#10777,#1668);
#1226=LINE('',#10781,#1669);
#1227=LINE('',#10782,#1670);
#1228=LINE('',#10783,#1671);
#1229=LINE('',#10786,#1672);
#1230=LINE('',#10788,#1673);
#1231=LINE('',#10789,#1674);
#1232=LINE('',#10792,#1675);
#1233=LINE('',#10793,#1676);
#1234=LINE('',#10796,#1677);
#1235=LINE('',#10797,#1678);
#1236=LINE('',#10800,#1679);
#1237=LINE('',#10801,#1680);
#1238=LINE('',#10805,#1681);
#1239=LINE('',#10806,#1682);
#1240=LINE('',#10807,#1683);
#1241=LINE('',#10810,#1684);
#1242=LINE('',#10812,#1685);
#1243=LINE('',#10813,#1686);
#1244=LINE('',#10816,#1687);
#1245=LINE('',#10817,#1688);
#1246=LINE('',#10820,#1689);
#1247=LINE('',#10821,#1690);
#1248=LINE('',#10824,#1691);
#1249=LINE('',#10825,#1692);
#1250=LINE('',#10829,#1693);
#1251=LINE('',#10830,#1694);
#1252=LINE('',#10831,#1695);
#1253=LINE('',#10834,#1696);
#1254=LINE('',#10835,#1697);
#1255=LINE('',#10837,#1698);
#1256=LINE('',#10838,#1699);
#1257=LINE('',#10839,#1700);
#1258=LINE('',#10840,#1701);
#1259=LINE('',#10921,#1702);
#1260=LINE('',#11054,#1703);
#1261=LINE('',#11507,#1704);
#1262=LINE('',#11569,#1705);
#1263=LINE('',#11645,#1706);
#1264=LINE('',#11706,#1707);
#1265=LINE('',#11728,#1708);
#1266=LINE('',#11759,#1709);
#1267=LINE('',#11780,#1710);
#1268=LINE('',#11825,#1711);
#1269=LINE('',#11839,#1712);
#1270=LINE('',#11894,#1713);
#1271=LINE('',#11970,#1714);
#1272=LINE('',#12046,#1715);
#1273=LINE('',#12069,#1716);
#1274=LINE('',#12203,#1717);
#1275=LINE('',#12412,#1718);
#1276=LINE('',#12416,#1719);
#1277=LINE('',#12419,#1720);
#1278=LINE('',#12423,#1721);
#1279=LINE('',#12425,#1722);
#1280=LINE('',#12427,#1723);
#1281=LINE('',#12429,#1724);
#1282=LINE('',#12431,#1725);
#1283=LINE('',#12433,#1726);
#1284=LINE('',#12435,#1727);
#1285=LINE('',#12437,#1728);
#1286=LINE('',#12439,#1729);
#1287=LINE('',#12441,#1730);
#1288=LINE('',#12443,#1731);
#1289=LINE('',#12445,#1732);
#1290=LINE('',#12447,#1733);
#1291=LINE('',#12449,#1734);
#1292=LINE('',#12451,#1735);
#1293=LINE('',#12453,#1736);
#1294=LINE('',#12455,#1737);
#1295=LINE('',#12457,#1738);
#1296=LINE('',#12459,#1739);
#1297=LINE('',#12460,#1740);
#1298=LINE('',#12463,#1741);
#1299=LINE('',#12465,#1742);
#1300=LINE('',#12466,#1743);
#1301=LINE('',#12469,#1744);
#1302=LINE('',#12470,#1745);
#1303=LINE('',#12473,#1746);
#1304=LINE('',#12474,#1747);
#1305=LINE('',#12478,#1748);
#1306=LINE('',#12479,#1749);
#1307=LINE('',#12480,#1750);
#1308=LINE('',#12483,#1751);
#1309=LINE('',#12485,#1752);
#1310=LINE('',#12486,#1753);
#1311=LINE('',#12489,#1754);
#1312=LINE('',#12490,#1755);
#1313=LINE('',#12493,#1756);
#1314=LINE('',#12494,#1757);
#1315=LINE('',#12497,#1758);
#1316=LINE('',#12498,#1759);
#1317=LINE('',#12502,#1760);
#1318=LINE('',#12503,#1761);
#1319=LINE('',#12504,#1762);
#1320=LINE('',#12507,#1763);
#1321=LINE('',#12509,#1764);
#1322=LINE('',#12510,#1765);
#1323=LINE('',#12513,#1766);
#1324=LINE('',#12514,#1767);
#1325=LINE('',#12517,#1768);
#1326=LINE('',#12518,#1769);
#1327=LINE('',#12521,#1770);
#1328=LINE('',#12522,#1771);
#1329=LINE('',#12526,#1772);
#1330=LINE('',#12527,#1773);
#1331=LINE('',#12528,#1774);
#1332=LINE('',#12531,#1775);
#1333=LINE('',#12533,#1776);
#1334=LINE('',#12534,#1777);
#1335=LINE('',#12537,#1778);
#1336=LINE('',#12538,#1779);
#1337=LINE('',#12541,#1780);
#1338=LINE('',#12542,#1781);
#1339=LINE('',#12545,#1782);
#1340=LINE('',#12546,#1783);
#1341=LINE('',#12550,#1784);
#1342=LINE('',#12551,#1785);
#1343=LINE('',#12552,#1786);
#1344=LINE('',#12555,#1787);
#1345=LINE('',#12556,#1788);
#1346=LINE('',#12558,#1789);
#1347=LINE('',#12559,#1790);
#1348=LINE('',#12560,#1791);
#1349=LINE('',#12561,#1792);
#1350=LINE('',#12642,#1793);
#1351=LINE('',#12775,#1794);
#1352=VECTOR('',#5035,0.043);
#1353=VECTOR('',#5042,0.043);
#1354=VECTOR('',#5047,0.058);
#1355=VECTOR('',#5052,0.058);
#1356=VECTOR('',#5059,39.3700787401575);
#1357=VECTOR('',#5062,39.3700787401575);
#1358=VECTOR('',#5067,39.3700787401575);
#1359=VECTOR('',#5070,39.3700787401575);
#1360=VECTOR('',#5075,39.3700787401575);
#1361=VECTOR('',#5078,39.3700787401575);
#1362=VECTOR('',#5083,39.3700787401575);
#1363=VECTOR('',#5086,39.3700787401575);
#1364=VECTOR('',#5089,39.3700787401575);
#1365=VECTOR('',#5090,39.3700787401575);
#1366=VECTOR('',#5093,39.3700787401575);
#1367=VECTOR('',#5094,39.3700787401575);
#1368=VECTOR('',#5095,39.3700787401575);
#1369=VECTOR('',#5096,39.3700787401575);
#1370=VECTOR('',#5097,39.3700787401575);
#1371=VECTOR('',#5098,39.3700787401575);
#1372=VECTOR('',#5099,39.3700787401575);
#1373=VECTOR('',#5100,39.3700787401575);
#1374=VECTOR('',#5103,39.3700787401575);
#1375=VECTOR('',#5104,39.3700787401575);
#1376=VECTOR('',#5105,39.3700787401575);
#1377=VECTOR('',#5108,39.3700787401575);
#1378=VECTOR('',#5109,39.3700787401575);
#1379=VECTOR('',#5110,39.3700787401575);
#1380=VECTOR('',#5111,39.3700787401575);
#1381=VECTOR('',#5112,39.3700787401575);
#1382=VECTOR('',#5113,39.3700787401575);
#1383=VECTOR('',#5114,39.3700787401575);
#1384=VECTOR('',#5117,39.3700787401575);
#1385=VECTOR('',#5118,39.3700787401575);
#1386=VECTOR('',#5121,39.3700787401575);
#1387=VECTOR('',#5126,39.3700787401575);
#1388=VECTOR('',#5127,39.3700787401575);
#1389=VECTOR('',#5134,39.3700787401575);
#1390=VECTOR('',#5141,0.03168);
#1391=VECTOR('',#5150,0.033);
#1392=VECTOR('',#5155,0.033);
#1393=VECTOR('',#5164,0.043);
#1394=VECTOR('',#5171,0.043);
#1395=VECTOR('',#5176,0.058);
#1396=VECTOR('',#5181,0.058);
#1397=VECTOR('',#5188,39.3700787401575);
#1398=VECTOR('',#5191,39.3700787401575);
#1399=VECTOR('',#5196,39.3700787401575);
#1400=VECTOR('',#5199,39.3700787401575);
#1401=VECTOR('',#5204,39.3700787401575);
#1402=VECTOR('',#5207,39.3700787401575);
#1403=VECTOR('',#5212,39.3700787401575);
#1404=VECTOR('',#5215,39.3700787401575);
#1405=VECTOR('',#5218,39.3700787401575);
#1406=VECTOR('',#5219,39.3700787401575);
#1407=VECTOR('',#5222,39.3700787401575);
#1408=VECTOR('',#5223,39.3700787401575);
#1409=VECTOR('',#5224,39.3700787401575);
#1410=VECTOR('',#5225,39.3700787401575);
#1411=VECTOR('',#5226,39.3700787401575);
#1412=VECTOR('',#5227,39.3700787401575);
#1413=VECTOR('',#5228,39.3700787401575);
#1414=VECTOR('',#5229,39.3700787401575);
#1415=VECTOR('',#5232,39.3700787401575);
#1416=VECTOR('',#5233,39.3700787401575);
#1417=VECTOR('',#5234,39.3700787401575);
#1418=VECTOR('',#5237,39.3700787401575);
#1419=VECTOR('',#5238,39.3700787401575);
#1420=VECTOR('',#5239,39.3700787401575);
#1421=VECTOR('',#5240,39.3700787401575);
#1422=VECTOR('',#5241,39.3700787401575);
#1423=VECTOR('',#5242,39.3700787401575);
#1424=VECTOR('',#5243,39.3700787401575);
#1425=VECTOR('',#5246,39.3700787401575);
#1426=VECTOR('',#5247,39.3700787401575);
#1427=VECTOR('',#5250,39.3700787401575);
#1428=VECTOR('',#5255,39.3700787401575);
#1429=VECTOR('',#5256,39.3700787401575);
#1430=VECTOR('',#5263,39.3700787401575);
#1431=VECTOR('',#5268,0.029025);
#1432=VECTOR('',#5273,0.029025);
#1433=VECTOR('',#5276,0.029025);
#1434=VECTOR('',#5279,0.0174655244746805);
#1435=VECTOR('',#5284,0.0174655244746805);
#1436=VECTOR('',#5289,26.0676188467376);
#1437=VECTOR('',#5292,26.0676188467376);
#1438=VECTOR('',#5299,0.029025);
#1439=VECTOR('',#5302,0.029025);
#1440=VECTOR('',#5307,0.0429999999999998);
#1441=VECTOR('',#5312,0.0429999999999998);
#1442=VECTOR('',#5315,0.0429999999999998);
#1443=VECTOR('',#5318,0.0429999999999998);
#1444=VECTOR('',#5321,0.393700787401575);
#1445=VECTOR('',#5338,0.086);
#1446=VECTOR('',#5343,0.043);
#1447=VECTOR('',#5348,0.043);
#1448=VECTOR('',#5351,39.3700787401575);
#1449=VECTOR('',#5352,39.3700787401575);
#1450=VECTOR('',#5353,39.3700787401575);
#1451=VECTOR('',#5354,39.3700787401575);
#1452=VECTOR('',#5355,39.3700787401575);
#1453=VECTOR('',#5356,39.3700787401575);
#1454=VECTOR('',#5357,39.3700787401575);
#1455=VECTOR('',#5358,39.3700787401575);
#1456=VECTOR('',#5359,39.3700787401575);
#1457=VECTOR('',#5360,39.3700787401575);
#1458=VECTOR('',#5361,39.3700787401575);
#1459=VECTOR('',#5362,39.3700787401575);
#1460=VECTOR('',#5363,39.3700787401575);
#1461=VECTOR('',#5364,39.3700787401575);
#1462=VECTOR('',#5365,39.3700787401575);
#1463=VECTOR('',#5366,39.3700787401575);
#1464=VECTOR('',#5367,39.3700787401575);
#1465=VECTOR('',#5368,39.3700787401575);
#1466=VECTOR('',#5369,39.3700787401575);
#1467=VECTOR('',#5370,39.3700787401575);
#1468=VECTOR('',#5373,39.3700787401575);
#1469=VECTOR('',#5374,39.3700787401575);
#1470=VECTOR('',#5375,39.3700787401575);
#1471=VECTOR('',#5378,39.3700787401575);
#1472=VECTOR('',#5379,39.3700787401575);
#1473=VECTOR('',#5382,39.3700787401575);
#1474=VECTOR('',#5383,39.3700787401575);
#1475=VECTOR('',#5386,39.3700787401575);
#1476=VECTOR('',#5387,39.3700787401575);
#1477=VECTOR('',#5388,39.3700787401575);
#1478=VECTOR('',#5391,39.3700787401575);
#1479=VECTOR('',#5392,39.3700787401575);
#1480=VECTOR('',#5393,39.3700787401575);
#1481=VECTOR('',#5396,39.3700787401575);
#1482=VECTOR('',#5397,39.3700787401575);
#1483=VECTOR('',#5400,39.3700787401575);
#1484=VECTOR('',#5401,39.3700787401575);
#1485=VECTOR('',#5404,39.3700787401575);
#1486=VECTOR('',#5405,39.3700787401575);
#1487=VECTOR('',#5408,39.3700787401575);
#1488=VECTOR('',#5409,39.3700787401575);
#1489=VECTOR('',#5410,39.3700787401575);
#1490=VECTOR('',#5413,39.3700787401575);
#1491=VECTOR('',#5414,39.3700787401575);
#1492=VECTOR('',#5415,39.3700787401575);
#1493=VECTOR('',#5418,39.3700787401575);
#1494=VECTOR('',#5419,39.3700787401575);
#1495=VECTOR('',#5422,39.3700787401575);
#1496=VECTOR('',#5423,39.3700787401575);
#1497=VECTOR('',#5426,39.3700787401575);
#1498=VECTOR('',#5427,39.3700787401575);
#1499=VECTOR('',#5430,39.3700787401575);
#1500=VECTOR('',#5431,39.3700787401575);
#1501=VECTOR('',#5432,39.3700787401575);
#1502=VECTOR('',#5435,39.3700787401575);
#1503=VECTOR('',#5436,39.3700787401575);
#1504=VECTOR('',#5437,39.3700787401575);
#1505=VECTOR('',#5440,39.3700787401575);
#1506=VECTOR('',#5441,39.3700787401575);
#1507=VECTOR('',#5444,39.3700787401575);
#1508=VECTOR('',#5445,39.3700787401575);
#1509=VECTOR('',#5448,39.3700787401575);
#1510=VECTOR('',#5449,39.3700787401575);
#1511=VECTOR('',#5452,39.3700787401575);
#1512=VECTOR('',#5453,39.3700787401575);
#1513=VECTOR('',#5454,39.3700787401575);
#1514=VECTOR('',#5457,39.3700787401575);
#1515=VECTOR('',#5458,39.3700787401575);
#1516=VECTOR('',#5461,39.3700787401575);
#1517=VECTOR('',#5462,39.3700787401575);
#1518=VECTOR('',#5463,39.3700787401575);
#1519=VECTOR('',#5464,39.3700787401575);
#1520=VECTOR('',#5473,0.393700787401575);
#1521=VECTOR('',#5474,0.393700787401575);
#1522=VECTOR('',#5479,0.029025);
#1523=VECTOR('',#5484,0.029025);
#1524=VECTOR('',#5487,0.029025);
#1525=VECTOR('',#5490,0.0174655244746805);
#1526=VECTOR('',#5495,0.0174655244746805);
#1527=VECTOR('',#5500,26.0676188467376);
#1528=VECTOR('',#5503,26.0676188467376);
#1529=VECTOR('',#5510,0.029025);
#1530=VECTOR('',#5513,0.029025);
#1531=VECTOR('',#5518,0.0429999999999998);
#1532=VECTOR('',#5523,0.0429999999999998);
#1533=VECTOR('',#5526,0.0429999999999998);
#1534=VECTOR('',#5529,0.0429999999999998);
#1535=VECTOR('',#5532,0.393700787401575);
#1536=VECTOR('',#5549,0.086);
#1537=VECTOR('',#5554,0.043);
#1538=VECTOR('',#5559,0.043);
#1539=VECTOR('',#5562,39.3700787401575);
#1540=VECTOR('',#5563,39.3700787401575);
#1541=VECTOR('',#5564,39.3700787401575);
#1542=VECTOR('',#5565,39.3700787401575);
#1543=VECTOR('',#5566,39.3700787401575);
#1544=VECTOR('',#5567,39.3700787401575);
#1545=VECTOR('',#5568,39.3700787401575);
#1546=VECTOR('',#5569,39.3700787401575);
#1547=VECTOR('',#5570,39.3700787401575);
#1548=VECTOR('',#5571,39.3700787401575);
#1549=VECTOR('',#5572,39.3700787401575);
#1550=VECTOR('',#5573,39.3700787401575);
#1551=VECTOR('',#5574,39.3700787401575);
#1552=VECTOR('',#5575,39.3700787401575);
#1553=VECTOR('',#5576,39.3700787401575);
#1554=VECTOR('',#5577,39.3700787401575);
#1555=VECTOR('',#5578,39.3700787401575);
#1556=VECTOR('',#5579,39.3700787401575);
#1557=VECTOR('',#5580,39.3700787401575);
#1558=VECTOR('',#5581,39.3700787401575);
#1559=VECTOR('',#5584,39.3700787401575);
#1560=VECTOR('',#5585,39.3700787401575);
#1561=VECTOR('',#5586,39.3700787401575);
#1562=VECTOR('',#5589,39.3700787401575);
#1563=VECTOR('',#5590,39.3700787401575);
#1564=VECTOR('',#5593,39.3700787401575);
#1565=VECTOR('',#5594,39.3700787401575);
#1566=VECTOR('',#5597,39.3700787401575);
#1567=VECTOR('',#5598,39.3700787401575);
#1568=VECTOR('',#5599,39.3700787401575);
#1569=VECTOR('',#5602,39.3700787401575);
#1570=VECTOR('',#5603,39.3700787401575);
#1571=VECTOR('',#5604,39.3700787401575);
#1572=VECTOR('',#5607,39.3700787401575);
#1573=VECTOR('',#5608,39.3700787401575);
#1574=VECTOR('',#5611,39.3700787401575);
#1575=VECTOR('',#5612,39.3700787401575);
#1576=VECTOR('',#5615,39.3700787401575);
#1577=VECTOR('',#5616,39.3700787401575);
#1578=VECTOR('',#5619,39.3700787401575);
#1579=VECTOR('',#5620,39.3700787401575);
#1580=VECTOR('',#5621,39.3700787401575);
#1581=VECTOR('',#5624,39.3700787401575);
#1582=VECTOR('',#5625,39.3700787401575);
#1583=VECTOR('',#5626,39.3700787401575);
#1584=VECTOR('',#5629,39.3700787401575);
#1585=VECTOR('',#5630,39.3700787401575);
#1586=VECTOR('',#5633,39.3700787401575);
#1587=VECTOR('',#5634,39.3700787401575);
#1588=VECTOR('',#5637,39.3700787401575);
#1589=VECTOR('',#5638,39.3700787401575);
#1590=VECTOR('',#5641,39.3700787401575);
#1591=VECTOR('',#5642,39.3700787401575);
#1592=VECTOR('',#5643,39.3700787401575);
#1593=VECTOR('',#5646,39.3700787401575);
#1594=VECTOR('',#5647,39.3700787401575);
#1595=VECTOR('',#5648,39.3700787401575);
#1596=VECTOR('',#5651,39.3700787401575);
#1597=VECTOR('',#5652,39.3700787401575);
#1598=VECTOR('',#5655,39.3700787401575);
#1599=VECTOR('',#5656,39.3700787401575);
#1600=VECTOR('',#5659,39.3700787401575);
#1601=VECTOR('',#5660,39.3700787401575);
#1602=VECTOR('',#5663,39.3700787401575);
#1603=VECTOR('',#5664,39.3700787401575);
#1604=VECTOR('',#5665,39.3700787401575);
#1605=VECTOR('',#5668,39.3700787401575);
#1606=VECTOR('',#5669,39.3700787401575);
#1607=VECTOR('',#5672,39.3700787401575);
#1608=VECTOR('',#5673,39.3700787401575);
#1609=VECTOR('',#5674,39.3700787401575);
#1610=VECTOR('',#5675,39.3700787401575);
#1611=VECTOR('',#5684,0.393700787401575);
#1612=VECTOR('',#5685,0.393700787401575);
#1613=VECTOR('',#5690,0.029025);
#1614=VECTOR('',#5695,0.029025);
#1615=VECTOR('',#5698,0.029025);
#1616=VECTOR('',#5703,0.0174655244746805);
#1617=VECTOR('',#5708,0.0174655244746805);
#1618=VECTOR('',#5711,26.0676188467376);
#1619=VECTOR('',#5718,0.029025);
#1620=VECTOR('',#5721,0.029025);
#1621=VECTOR('',#5726,0.0429999999999998);
#1622=VECTOR('',#5731,0.0429999999999998);
#1623=VECTOR('',#5734,0.0429999999999998);
#1624=VECTOR('',#5737,0.0429999999999998);
#1625=VECTOR('',#5738,0.393700787401575);
#1626=VECTOR('',#5747,26.0676188467376);
#1627=VECTOR('',#5760,0.086);
#1628=VECTOR('',#5765,0.043);
#1629=VECTOR('',#5770,0.043);
#1630=VECTOR('',#5773,39.3700787401575);
#1631=VECTOR('',#5774,39.3700787401575);
#1632=VECTOR('',#5775,39.3700787401575);
#1633=VECTOR('',#5776,39.3700787401575);
#1634=VECTOR('',#5777,39.3700787401575);
#1635=VECTOR('',#5778,39.3700787401575);
#1636=VECTOR('',#5779,39.3700787401575);
#1637=VECTOR('',#5780,39.3700787401575);
#1638=VECTOR('',#5781,39.3700787401575);
#1639=VECTOR('',#5782,39.3700787401575);
#1640=VECTOR('',#5783,39.3700787401575);
#1641=VECTOR('',#5784,39.3700787401575);
#1642=VECTOR('',#5785,39.3700787401575);
#1643=VECTOR('',#5786,39.3700787401575);
#1644=VECTOR('',#5787,39.3700787401575);
#1645=VECTOR('',#5788,39.3700787401575);
#1646=VECTOR('',#5789,39.3700787401575);
#1647=VECTOR('',#5790,39.3700787401575);
#1648=VECTOR('',#5791,39.3700787401575);
#1649=VECTOR('',#5792,39.3700787401575);
#1650=VECTOR('',#5795,39.3700787401575);
#1651=VECTOR('',#5796,39.3700787401575);
#1652=VECTOR('',#5797,39.3700787401575);
#1653=VECTOR('',#5800,39.3700787401575);
#1654=VECTOR('',#5801,39.3700787401575);
#1655=VECTOR('',#5804,39.3700787401575);
#1656=VECTOR('',#5805,39.3700787401575);
#1657=VECTOR('',#5808,39.3700787401575);
#1658=VECTOR('',#5809,39.3700787401575);
#1659=VECTOR('',#5810,39.3700787401575);
#1660=VECTOR('',#5813,39.3700787401575);
#1661=VECTOR('',#5814,39.3700787401575);
#1662=VECTOR('',#5815,39.3700787401575);
#1663=VECTOR('',#5818,39.3700787401575);
#1664=VECTOR('',#5819,39.3700787401575);
#1665=VECTOR('',#5822,39.3700787401575);
#1666=VECTOR('',#5823,39.3700787401575);
#1667=VECTOR('',#5826,39.3700787401575);
#1668=VECTOR('',#5827,39.3700787401575);
#1669=VECTOR('',#5830,39.3700787401575);
#1670=VECTOR('',#5831,39.3700787401575);
#1671=VECTOR('',#5832,39.3700787401575);
#1672=VECTOR('',#5835,39.3700787401575);
#1673=VECTOR('',#5836,39.3700787401575);
#1674=VECTOR('',#5837,39.3700787401575);
#1675=VECTOR('',#5840,39.3700787401575);
#1676=VECTOR('',#5841,39.3700787401575);
#1677=VECTOR('',#5844,39.3700787401575);
#1678=VECTOR('',#5845,39.3700787401575);
#1679=VECTOR('',#5848,39.3700787401575);
#1680=VECTOR('',#5849,39.3700787401575);
#1681=VECTOR('',#5852,39.3700787401575);
#1682=VECTOR('',#5853,39.3700787401575);
#1683=VECTOR('',#5854,39.3700787401575);
#1684=VECTOR('',#5857,39.3700787401575);
#1685=VECTOR('',#5858,39.3700787401575);
#1686=VECTOR('',#5859,39.3700787401575);
#1687=VECTOR('',#5862,39.3700787401575);
#1688=VECTOR('',#5863,39.3700787401575);
#1689=VECTOR('',#5866,39.3700787401575);
#1690=VECTOR('',#5867,39.3700787401575);
#1691=VECTOR('',#5870,39.3700787401575);
#1692=VECTOR('',#5871,39.3700787401575);
#1693=VECTOR('',#5874,39.3700787401575);
#1694=VECTOR('',#5875,39.3700787401575);
#1695=VECTOR('',#5876,39.3700787401575);
#1696=VECTOR('',#5879,39.3700787401575);
#1697=VECTOR('',#5880,39.3700787401575);
#1698=VECTOR('',#5883,39.3700787401575);
#1699=VECTOR('',#5884,39.3700787401575);
#1700=VECTOR('',#5885,39.3700787401575);
#1701=VECTOR('',#5886,39.3700787401575);
#1702=VECTOR('',#5895,0.393700787401575);
#1703=VECTOR('',#5896,0.393700787401575);
#1704=VECTOR('',#5901,0.029025);
#1705=VECTOR('',#5906,0.029025);
#1706=VECTOR('',#5909,0.029025);
#1707=VECTOR('',#5914,0.0174655244746805);
#1708=VECTOR('',#5919,0.0174655244746805);
#1709=VECTOR('',#5922,26.0676188467376);
#1710=VECTOR('',#5929,0.029025);
#1711=VECTOR('',#5932,0.029025);
#1712=VECTOR('',#5937,0.0429999999999998);
#1713=VECTOR('',#5942,0.0429999999999998);
#1714=VECTOR('',#5945,0.0429999999999998);
#1715=VECTOR('',#5948,0.0429999999999998);
#1716=VECTOR('',#5949,0.393700787401575);
#1717=VECTOR('',#5958,26.0676188467376);
#1718=VECTOR('',#5971,0.086);
#1719=VECTOR('',#5976,0.043);
#1720=VECTOR('',#5981,0.043);
#1721=VECTOR('',#5984,39.3700787401575);
#1722=VECTOR('',#5985,39.3700787401575);
#1723=VECTOR('',#5986,39.3700787401575);
#1724=VECTOR('',#5987,39.3700787401575);
#1725=VECTOR('',#5988,39.3700787401575);
#1726=VECTOR('',#5989,39.3700787401575);
#1727=VECTOR('',#5990,39.3700787401575);
#1728=VECTOR('',#5991,39.3700787401575);
#1729=VECTOR('',#5992,39.3700787401575);
#1730=VECTOR('',#5993,39.3700787401575);
#1731=VECTOR('',#5994,39.3700787401575);
#1732=VECTOR('',#5995,39.3700787401575);
#1733=VECTOR('',#5996,39.3700787401575);
#1734=VECTOR('',#5997,39.3700787401575);
#1735=VECTOR('',#5998,39.3700787401575);
#1736=VECTOR('',#5999,39.3700787401575);
#1737=VECTOR('',#6000,39.3700787401575);
#1738=VECTOR('',#6001,39.3700787401575);
#1739=VECTOR('',#6002,39.3700787401575);
#1740=VECTOR('',#6003,39.3700787401575);
#1741=VECTOR('',#6006,39.3700787401575);
#1742=VECTOR('',#6007,39.3700787401575);
#1743=VECTOR('',#6008,39.3700787401575);
#1744=VECTOR('',#6011,39.3700787401575);
#1745=VECTOR('',#6012,39.3700787401575);
#1746=VECTOR('',#6015,39.3700787401575);
#1747=VECTOR('',#6016,39.3700787401575);
#1748=VECTOR('',#6019,39.3700787401575);
#1749=VECTOR('',#6020,39.3700787401575);
#1750=VECTOR('',#6021,39.3700787401575);
#1751=VECTOR('',#6024,39.3700787401575);
#1752=VECTOR('',#6025,39.3700787401575);
#1753=VECTOR('',#6026,39.3700787401575);
#1754=VECTOR('',#6029,39.3700787401575);
#1755=VECTOR('',#6030,39.3700787401575);
#1756=VECTOR('',#6033,39.3700787401575);
#1757=VECTOR('',#6034,39.3700787401575);
#1758=VECTOR('',#6037,39.3700787401575);
#1759=VECTOR('',#6038,39.3700787401575);
#1760=VECTOR('',#6041,39.3700787401575);
#1761=VECTOR('',#6042,39.3700787401575);
#1762=VECTOR('',#6043,39.3700787401575);
#1763=VECTOR('',#6046,39.3700787401575);
#1764=VECTOR('',#6047,39.3700787401575);
#1765=VECTOR('',#6048,39.3700787401575);
#1766=VECTOR('',#6051,39.3700787401575);
#1767=VECTOR('',#6052,39.3700787401575);
#1768=VECTOR('',#6055,39.3700787401575);
#1769=VECTOR('',#6056,39.3700787401575);
#1770=VECTOR('',#6059,39.3700787401575);
#1771=VECTOR('',#6060,39.3700787401575);
#1772=VECTOR('',#6063,39.3700787401575);
#1773=VECTOR('',#6064,39.3700787401575);
#1774=VECTOR('',#6065,39.3700787401575);
#1775=VECTOR('',#6068,39.3700787401575);
#1776=VECTOR('',#6069,39.3700787401575);
#1777=VECTOR('',#6070,39.3700787401575);
#1778=VECTOR('',#6073,39.3700787401575);
#1779=VECTOR('',#6074,39.3700787401575);
#1780=VECTOR('',#6077,39.3700787401575);
#1781=VECTOR('',#6078,39.3700787401575);
#1782=VECTOR('',#6081,39.3700787401575);
#1783=VECTOR('',#6082,39.3700787401575);
#1784=VECTOR('',#6085,39.3700787401575);
#1785=VECTOR('',#6086,39.3700787401575);
#1786=VECTOR('',#6087,39.3700787401575);
#1787=VECTOR('',#6090,39.3700787401575);
#1788=VECTOR('',#6091,39.3700787401575);
#1789=VECTOR('',#6094,39.3700787401575);
#1790=VECTOR('',#6095,39.3700787401575);
#1791=VECTOR('',#6096,39.3700787401575);
#1792=VECTOR('',#6097,39.3700787401575);
#1793=VECTOR('',#6106,0.393700787401575);
#1794=VECTOR('',#6107,0.393700787401575);
#1795=CIRCLE('',#4712,0.043);
#1796=CIRCLE('',#4713,0.043);
#1797=CIRCLE('',#4715,0.043);
#1798=CIRCLE('',#4716,0.043);
#1799=CIRCLE('',#4718,0.058);
#1800=CIRCLE('',#4720,0.058);
#1801=CIRCLE('',#4722,0.0580000000000032);
#1802=CIRCLE('',#4723,0.0580000000000032);
#1803=CIRCLE('',#4725,0.033);
#1804=CIRCLE('',#4726,0.033);
#1805=CIRCLE('',#4728,0.033);
#1806=CIRCLE('',#4729,0.033);
#1807=CIRCLE('',#4731,0.0580000000000032);
#1808=CIRCLE('',#4732,0.0580000000000032);
#1809=CIRCLE('',#4746,0.033);
#1810=CIRCLE('',#4747,0.03168);
#1811=CIRCLE('',#4749,0.033);
#1812=CIRCLE('',#4750,0.033);
#1813=CIRCLE('',#4751,0.0316799999999998);
#1814=CIRCLE('',#4756,0.043);
#1815=CIRCLE('',#4757,0.043);
#1816=CIRCLE('',#4759,0.043);
#1817=CIRCLE('',#4760,0.043);
#1818=CIRCLE('',#4762,0.058);
#1819=CIRCLE('',#4764,0.058);
#1820=CIRCLE('',#4766,0.0580000000000032);
#1821=CIRCLE('',#4767,0.0580000000000032);
#1822=CIRCLE('',#4769,0.033);
#1823=CIRCLE('',#4770,0.033);
#1824=CIRCLE('',#4772,0.033);
#1825=CIRCLE('',#4773,0.033);
#1826=CIRCLE('',#4775,0.0580000000000032);
#1827=CIRCLE('',#4776,0.0580000000000032);
#1828=CIRCLE('',#4790,0.029025);
#1829=CIRCLE('',#4794,0.0174655244746805);
#1830=CIRCLE('',#4796,0.0174655244746805);
#1831=CIRCLE('',#4798,0.00954977190442973);
#1832=CIRCLE('',#4799,0.00954977190442973);
#1833=CIRCLE('',#4801,0.043);
#1834=CIRCLE('',#4802,0.0402982188291892);
#1835=CIRCLE('',#4803,0.0402982188291892);
#1836=CIRCLE('',#4805,0.0429999999999999);
#1837=CIRCLE('',#4811,0.029025);
#1838=CIRCLE('',#4817,0.086);
#1839=CIRCLE('',#4818,0.086);
#1840=CIRCLE('',#4820,0.043);
#1841=CIRCLE('',#4850,0.029025);
#1842=CIRCLE('',#4854,0.0174655244746805);
#1843=CIRCLE('',#4856,0.0174655244746805);
#1844=CIRCLE('',#4858,0.00954977190442973);
#1845=CIRCLE('',#4859,0.00954977190442973);
#1846=CIRCLE('',#4861,0.043);
#1847=CIRCLE('',#4862,0.0402982188291892);
#1848=CIRCLE('',#4863,0.0402982188291892);
#1849=CIRCLE('',#4865,0.0429999999999999);
#1850=CIRCLE('',#4871,0.029025);
#1851=CIRCLE('',#4877,0.086);
#1852=CIRCLE('',#4878,0.086);
#1853=CIRCLE('',#4880,0.043);
#1854=CIRCLE('',#4910,0.029025);
#1855=CIRCLE('',#4913,0.029025);
#1856=CIRCLE('',#4915,0.0174655244746805);
#1857=CIRCLE('',#4918,0.0174655244746805);
#1858=CIRCLE('',#4920,0.043);
#1859=CIRCLE('',#4921,0.0402982188291892);
#1860=CIRCLE('',#4922,0.0402982188291892);
#1861=CIRCLE('',#4924,0.0429999999999999);
#1862=CIRCLE('',#4931,0.00954977190442973);
#1863=CIRCLE('',#4932,0.00954977190442973);
#1864=CIRCLE('',#4937,0.086);
#1865=CIRCLE('',#4938,0.086);
#1866=CIRCLE('',#4940,0.043);
#1867=CIRCLE('',#4970,0.029025);
#1868=CIRCLE('',#4973,0.029025);
#1869=CIRCLE('',#4975,0.0174655244746805);
#1870=CIRCLE('',#4978,0.0174655244746805);
#1871=CIRCLE('',#4980,0.043);
#1872=CIRCLE('',#4981,0.0402982188291892);
#1873=CIRCLE('',#4982,0.0402982188291892);
#1874=CIRCLE('',#4984,0.0429999999999999);
#1875=CIRCLE('',#4991,0.00954977190442973);
#1876=CIRCLE('',#4992,0.00954977190442973);
#1877=CIRCLE('',#4997,0.086);
#1878=CIRCLE('',#4998,0.086);
#1879=CIRCLE('',#5000,0.043);
#1880=VERTEX_POINT('',#6112);
#1881=VERTEX_POINT('',#6114);
#1882=VERTEX_POINT('',#6118);
#1883=VERTEX_POINT('',#6120);
#1884=VERTEX_POINT('',#6124);
#1885=VERTEX_POINT('',#6128);
#1886=VERTEX_POINT('',#6132);
#1887=VERTEX_POINT('',#6133);
#1888=VERTEX_POINT('',#6135);
#1889=VERTEX_POINT('',#6137);
#1890=VERTEX_POINT('',#6141);
#1891=VERTEX_POINT('',#6142);
#1892=VERTEX_POINT('',#6144);
#1893=VERTEX_POINT('',#6146);
#1894=VERTEX_POINT('',#6150);
#1895=VERTEX_POINT('',#6151);
#1896=VERTEX_POINT('',#6153);
#1897=VERTEX_POINT('',#6155);
#1898=VERTEX_POINT('',#6159);
#1899=VERTEX_POINT('',#6160);
#1900=VERTEX_POINT('',#6162);
#1901=VERTEX_POINT('',#6164);
#1902=VERTEX_POINT('',#6171);
#1903=VERTEX_POINT('',#6172);
#1904=VERTEX_POINT('',#6174);
#1905=VERTEX_POINT('',#6177);
#1906=VERTEX_POINT('',#6179);
#1907=VERTEX_POINT('',#6182);
#1908=VERTEX_POINT('',#6186);
#1909=VERTEX_POINT('',#6188);
#1910=VERTEX_POINT('',#6192);
#1911=VERTEX_POINT('',#6194);
#1912=VERTEX_POINT('',#6198);
#1913=VERTEX_POINT('',#6200);
#1914=VERTEX_POINT('',#6218);
#1915=VERTEX_POINT('',#6220);
#1916=VERTEX_POINT('',#6224);
#1917=VERTEX_POINT('',#6225);
#1918=VERTEX_POINT('',#6228);
#1919=VERTEX_POINT('',#6236);
#1920=VERTEX_POINT('',#6238);
#1921=VERTEX_POINT('',#6242);
#1922=VERTEX_POINT('',#6244);
#1923=VERTEX_POINT('',#6248);
#1924=VERTEX_POINT('',#6252);
#1925=VERTEX_POINT('',#6256);
#1926=VERTEX_POINT('',#6257);
#1927=VERTEX_POINT('',#6259);
#1928=VERTEX_POINT('',#6261);
#1929=VERTEX_POINT('',#6265);
#1930=VERTEX_POINT('',#6266);
#1931=VERTEX_POINT('',#6268);
#1932=VERTEX_POINT('',#6270);
#1933=VERTEX_POINT('',#6274);
#1934=VERTEX_POINT('',#6275);
#1935=VERTEX_POINT('',#6277);
#1936=VERTEX_POINT('',#6279);
#1937=VERTEX_POINT('',#6283);
#1938=VERTEX_POINT('',#6284);
#1939=VERTEX_POINT('',#6286);
#1940=VERTEX_POINT('',#6288);
#1941=VERTEX_POINT('',#6295);
#1942=VERTEX_POINT('',#6296);
#1943=VERTEX_POINT('',#6298);
#1944=VERTEX_POINT('',#6301);
#1945=VERTEX_POINT('',#6303);
#1946=VERTEX_POINT('',#6306);
#1947=VERTEX_POINT('',#6310);
#1948=VERTEX_POINT('',#6312);
#1949=VERTEX_POINT('',#6316);
#1950=VERTEX_POINT('',#6318);
#1951=VERTEX_POINT('',#6322);
#1952=VERTEX_POINT('',#6324);
#1953=VERTEX_POINT('',#6342);
#1954=VERTEX_POINT('',#6343);
#1955=VERTEX_POINT('',#6345);
#1956=VERTEX_POINT('',#6380);
#1957=VERTEX_POINT('',#6382);
#1958=VERTEX_POINT('',#6404);
#1959=VERTEX_POINT('',#6405);
#1960=VERTEX_POINT('',#6480);
#1961=VERTEX_POINT('',#6481);
#1962=VERTEX_POINT('',#6556);
#1963=VERTEX_POINT('',#6557);
#1964=VERTEX_POINT('',#6559);
#1965=VERTEX_POINT('',#6578);
#1966=VERTEX_POINT('',#6579);
#1967=VERTEX_POINT('',#6581);
#1968=VERTEX_POINT('',#6628);
#1969=VERTEX_POINT('',#6659);
#1970=VERTEX_POINT('',#6661);
#1971=VERTEX_POINT('',#6676);
#1972=VERTEX_POINT('',#6678);
#1973=VERTEX_POINT('',#6680);
#1974=VERTEX_POINT('',#6691);
#1975=VERTEX_POINT('',#6693);
#1976=VERTEX_POINT('',#6695);
#1977=VERTEX_POINT('',#6697);
#1978=VERTEX_POINT('',#6706);
#1979=VERTEX_POINT('',#6708);
#1980=VERTEX_POINT('',#6751);
#1981=VERTEX_POINT('',#6752);
#1982=VERTEX_POINT('',#6754);
#1983=VERTEX_POINT('',#6781);
#1984=VERTEX_POINT('',#6806);
#1985=VERTEX_POINT('',#6807);
#1986=VERTEX_POINT('',#6882);
#1987=VERTEX_POINT('',#6883);
#1988=VERTEX_POINT('',#6958);
#1989=VERTEX_POINT('',#6959);
#1990=VERTEX_POINT('',#7034);
#1991=VERTEX_POINT('',#7055);
#1992=VERTEX_POINT('',#7078);
#1993=VERTEX_POINT('',#7101);
#1994=VERTEX_POINT('',#7207);
#1995=VERTEX_POINT('',#7216);
#1996=VERTEX_POINT('',#7246);
#1997=VERTEX_POINT('',#7248);
#1998=VERTEX_POINT('',#7252);
#1999=VERTEX_POINT('',#7258);
#2000=VERTEX_POINT('',#7259);
#2001=VERTEX_POINT('',#7261);
#2002=VERTEX_POINT('',#7263);
#2003=VERTEX_POINT('',#7265);
#2004=VERTEX_POINT('',#7267);
#2005=VERTEX_POINT('',#7269);
#2006=VERTEX_POINT('',#7271);
#2007=VERTEX_POINT('',#7273);
#2008=VERTEX_POINT('',#7275);
#2009=VERTEX_POINT('',#7277);
#2010=VERTEX_POINT('',#7279);
#2011=VERTEX_POINT('',#7281);
#2012=VERTEX_POINT('',#7283);
#2013=VERTEX_POINT('',#7285);
#2014=VERTEX_POINT('',#7287);
#2015=VERTEX_POINT('',#7289);
#2016=VERTEX_POINT('',#7291);
#2017=VERTEX_POINT('',#7293);
#2018=VERTEX_POINT('',#7295);
#2019=VERTEX_POINT('',#7299);
#2020=VERTEX_POINT('',#7301);
#2021=VERTEX_POINT('',#7305);
#2022=VERTEX_POINT('',#7309);
#2023=VERTEX_POINT('',#7313);
#2024=VERTEX_POINT('',#7314);
#2025=VERTEX_POINT('',#7319);
#2026=VERTEX_POINT('',#7321);
#2027=VERTEX_POINT('',#7325);
#2028=VERTEX_POINT('',#7329);
#2029=VERTEX_POINT('',#7333);
#2030=VERTEX_POINT('',#7337);
#2031=VERTEX_POINT('',#7338);
#2032=VERTEX_POINT('',#7343);
#2033=VERTEX_POINT('',#7345);
#2034=VERTEX_POINT('',#7349);
#2035=VERTEX_POINT('',#7353);
#2036=VERTEX_POINT('',#7357);
#2037=VERTEX_POINT('',#7361);
#2038=VERTEX_POINT('',#7362);
#2039=VERTEX_POINT('',#7367);
#2040=VERTEX_POINT('',#7369);
#2041=VERTEX_POINT('',#7373);
#2042=VERTEX_POINT('',#7377);
#2043=VERTEX_POINT('',#7381);
#2044=VERTEX_POINT('',#7385);
#2045=VERTEX_POINT('',#7386);
#2046=VERTEX_POINT('',#7391);
#2047=VERTEX_POINT('',#8063);
#2048=VERTEX_POINT('',#8064);
#2049=VERTEX_POINT('',#8066);
#2050=VERTEX_POINT('',#8101);
#2051=VERTEX_POINT('',#8103);
#2052=VERTEX_POINT('',#8125);
#2053=VERTEX_POINT('',#8126);
#2054=VERTEX_POINT('',#8201);
#2055=VERTEX_POINT('',#8202);
#2056=VERTEX_POINT('',#8277);
#2057=VERTEX_POINT('',#8278);
#2058=VERTEX_POINT('',#8280);
#2059=VERTEX_POINT('',#8299);
#2060=VERTEX_POINT('',#8300);
#2061=VERTEX_POINT('',#8302);
#2062=VERTEX_POINT('',#8349);
#2063=VERTEX_POINT('',#8380);
#2064=VERTEX_POINT('',#8382);
#2065=VERTEX_POINT('',#8397);
#2066=VERTEX_POINT('',#8399);
#2067=VERTEX_POINT('',#8401);
#2068=VERTEX_POINT('',#8412);
#2069=VERTEX_POINT('',#8414);
#2070=VERTEX_POINT('',#8416);
#2071=VERTEX_POINT('',#8418);
#2072=VERTEX_POINT('',#8427);
#2073=VERTEX_POINT('',#8429);
#2074=VERTEX_POINT('',#8472);
#2075=VERTEX_POINT('',#8473);
#2076=VERTEX_POINT('',#8475);
#2077=VERTEX_POINT('',#8502);
#2078=VERTEX_POINT('',#8527);
#2079=VERTEX_POINT('',#8528);
#2080=VERTEX_POINT('',#8603);
#2081=VERTEX_POINT('',#8604);
#2082=VERTEX_POINT('',#8679);
#2083=VERTEX_POINT('',#8680);
#2084=VERTEX_POINT('',#8755);
#2085=VERTEX_POINT('',#8776);
#2086=VERTEX_POINT('',#8799);
#2087=VERTEX_POINT('',#8822);
#2088=VERTEX_POINT('',#8928);
#2089=VERTEX_POINT('',#8937);
#2090=VERTEX_POINT('',#8967);
#2091=VERTEX_POINT('',#8969);
#2092=VERTEX_POINT('',#8973);
#2093=VERTEX_POINT('',#8979);
#2094=VERTEX_POINT('',#8980);
#2095=VERTEX_POINT('',#8982);
#2096=VERTEX_POINT('',#8984);
#2097=VERTEX_POINT('',#8986);
#2098=VERTEX_POINT('',#8988);
#2099=VERTEX_POINT('',#8990);
#2100=VERTEX_POINT('',#8992);
#2101=VERTEX_POINT('',#8994);
#2102=VERTEX_POINT('',#8996);
#2103=VERTEX_POINT('',#8998);
#2104=VERTEX_POINT('',#9000);
#2105=VERTEX_POINT('',#9002);
#2106=VERTEX_POINT('',#9004);
#2107=VERTEX_POINT('',#9006);
#2108=VERTEX_POINT('',#9008);
#2109=VERTEX_POINT('',#9010);
#2110=VERTEX_POINT('',#9012);
#2111=VERTEX_POINT('',#9014);
#2112=VERTEX_POINT('',#9016);
#2113=VERTEX_POINT('',#9020);
#2114=VERTEX_POINT('',#9022);
#2115=VERTEX_POINT('',#9026);
#2116=VERTEX_POINT('',#9030);
#2117=VERTEX_POINT('',#9034);
#2118=VERTEX_POINT('',#9035);
#2119=VERTEX_POINT('',#9040);
#2120=VERTEX_POINT('',#9042);
#2121=VERTEX_POINT('',#9046);
#2122=VERTEX_POINT('',#9050);
#2123=VERTEX_POINT('',#9054);
#2124=VERTEX_POINT('',#9058);
#2125=VERTEX_POINT('',#9059);
#2126=VERTEX_POINT('',#9064);
#2127=VERTEX_POINT('',#9066);
#2128=VERTEX_POINT('',#9070);
#2129=VERTEX_POINT('',#9074);
#2130=VERTEX_POINT('',#9078);
#2131=VERTEX_POINT('',#9082);
#2132=VERTEX_POINT('',#9083);
#2133=VERTEX_POINT('',#9088);
#2134=VERTEX_POINT('',#9090);
#2135=VERTEX_POINT('',#9094);
#2136=VERTEX_POINT('',#9098);
#2137=VERTEX_POINT('',#9102);
#2138=VERTEX_POINT('',#9106);
#2139=VERTEX_POINT('',#9107);
#2140=VERTEX_POINT('',#9112);
#2141=VERTEX_POINT('',#9784);
#2142=VERTEX_POINT('',#9785);
#2143=VERTEX_POINT('',#9787);
#2144=VERTEX_POINT('',#9798);
#2145=VERTEX_POINT('',#9809);
#2146=VERTEX_POINT('',#9846);
#2147=VERTEX_POINT('',#9847);
#2148=VERTEX_POINT('',#9922);
#2149=VERTEX_POINT('',#9923);
#2150=VERTEX_POINT('',#9925);
#2151=VERTEX_POINT('',#9946);
#2152=VERTEX_POINT('',#9983);
#2153=VERTEX_POINT('',#9984);
#2154=VERTEX_POINT('',#9986);
#2155=VERTEX_POINT('',#10005);
#2156=VERTEX_POINT('',#10006);
#2157=VERTEX_POINT('',#10037);
#2158=VERTEX_POINT('',#10039);
#2159=VERTEX_POINT('',#10056);
#2160=VERTEX_POINT('',#10058);
#2161=VERTEX_POINT('',#10060);
#2162=VERTEX_POINT('',#10062);
#2163=VERTEX_POINT('',#10103);
#2164=VERTEX_POINT('',#10105);
#2165=VERTEX_POINT('',#10116);
#2166=VERTEX_POINT('',#10117);
#2167=VERTEX_POINT('',#10119);
#2168=VERTEX_POINT('',#10142);
#2169=VERTEX_POINT('',#10171);
#2170=VERTEX_POINT('',#10172);
#2171=VERTEX_POINT('',#10247);
#2172=VERTEX_POINT('',#10248);
#2173=VERTEX_POINT('',#10323);
#2174=VERTEX_POINT('',#10324);
#2175=VERTEX_POINT('',#10326);
#2176=VERTEX_POINT('',#10347);
#2177=VERTEX_POINT('',#10470);
#2178=VERTEX_POINT('',#10479);
#2179=VERTEX_POINT('',#10481);
#2180=VERTEX_POINT('',#10483);
#2181=VERTEX_POINT('',#10528);
#2182=VERTEX_POINT('',#10649);
#2183=VERTEX_POINT('',#10668);
#2184=VERTEX_POINT('',#10688);
#2185=VERTEX_POINT('',#10690);
#2186=VERTEX_POINT('',#10694);
#2187=VERTEX_POINT('',#10700);
#2188=VERTEX_POINT('',#10701);
#2189=VERTEX_POINT('',#10703);
#2190=VERTEX_POINT('',#10705);
#2191=VERTEX_POINT('',#10707);
#2192=VERTEX_POINT('',#10709);
#2193=VERTEX_POINT('',#10711);
#2194=VERTEX_POINT('',#10713);
#2195=VERTEX_POINT('',#10715);
#2196=VERTEX_POINT('',#10717);
#2197=VERTEX_POINT('',#10719);
#2198=VERTEX_POINT('',#10721);
#2199=VERTEX_POINT('',#10723);
#2200=VERTEX_POINT('',#10725);
#2201=VERTEX_POINT('',#10727);
#2202=VERTEX_POINT('',#10729);
#2203=VERTEX_POINT('',#10731);
#2204=VERTEX_POINT('',#10733);
#2205=VERTEX_POINT('',#10735);
#2206=VERTEX_POINT('',#10737);
#2207=VERTEX_POINT('',#10741);
#2208=VERTEX_POINT('',#10743);
#2209=VERTEX_POINT('',#10747);
#2210=VERTEX_POINT('',#10751);
#2211=VERTEX_POINT('',#10755);
#2212=VERTEX_POINT('',#10756);
#2213=VERTEX_POINT('',#10761);
#2214=VERTEX_POINT('',#10763);
#2215=VERTEX_POINT('',#10767);
#2216=VERTEX_POINT('',#10771);
#2217=VERTEX_POINT('',#10775);
#2218=VERTEX_POINT('',#10779);
#2219=VERTEX_POINT('',#10780);
#2220=VERTEX_POINT('',#10785);
#2221=VERTEX_POINT('',#10787);
#2222=VERTEX_POINT('',#10791);
#2223=VERTEX_POINT('',#10795);
#2224=VERTEX_POINT('',#10799);
#2225=VERTEX_POINT('',#10803);
#2226=VERTEX_POINT('',#10804);
#2227=VERTEX_POINT('',#10809);
#2228=VERTEX_POINT('',#10811);
#2229=VERTEX_POINT('',#10815);
#2230=VERTEX_POINT('',#10819);
#2231=VERTEX_POINT('',#10823);
#2232=VERTEX_POINT('',#10827);
#2233=VERTEX_POINT('',#10828);
#2234=VERTEX_POINT('',#10833);
#2235=VERTEX_POINT('',#11505);
#2236=VERTEX_POINT('',#11506);
#2237=VERTEX_POINT('',#11508);
#2238=VERTEX_POINT('',#11519);
#2239=VERTEX_POINT('',#11530);
#2240=VERTEX_POINT('',#11567);
#2241=VERTEX_POINT('',#11568);
#2242=VERTEX_POINT('',#11643);
#2243=VERTEX_POINT('',#11644);
#2244=VERTEX_POINT('',#11646);
#2245=VERTEX_POINT('',#11667);
#2246=VERTEX_POINT('',#11704);
#2247=VERTEX_POINT('',#11705);
#2248=VERTEX_POINT('',#11707);
#2249=VERTEX_POINT('',#11726);
#2250=VERTEX_POINT('',#11727);
#2251=VERTEX_POINT('',#11758);
#2252=VERTEX_POINT('',#11760);
#2253=VERTEX_POINT('',#11777);
#2254=VERTEX_POINT('',#11779);
#2255=VERTEX_POINT('',#11781);
#2256=VERTEX_POINT('',#11783);
#2257=VERTEX_POINT('',#11824);
#2258=VERTEX_POINT('',#11826);
#2259=VERTEX_POINT('',#11837);
#2260=VERTEX_POINT('',#11838);
#2261=VERTEX_POINT('',#11840);
#2262=VERTEX_POINT('',#11863);
#2263=VERTEX_POINT('',#11892);
#2264=VERTEX_POINT('',#11893);
#2265=VERTEX_POINT('',#11968);
#2266=VERTEX_POINT('',#11969);
#2267=VERTEX_POINT('',#12044);
#2268=VERTEX_POINT('',#12045);
#2269=VERTEX_POINT('',#12047);
#2270=VERTEX_POINT('',#12068);
#2271=VERTEX_POINT('',#12191);
#2272=VERTEX_POINT('',#12200);
#2273=VERTEX_POINT('',#12202);
#2274=VERTEX_POINT('',#12204);
#2275=VERTEX_POINT('',#12249);
#2276=VERTEX_POINT('',#12370);
#2277=VERTEX_POINT('',#12389);
#2278=VERTEX_POINT('',#12409);
#2279=VERTEX_POINT('',#12411);
#2280=VERTEX_POINT('',#12415);
#2281=VERTEX_POINT('',#12421);
#2282=VERTEX_POINT('',#12422);
#2283=VERTEX_POINT('',#12424);
#2284=VERTEX_POINT('',#12426);
#2285=VERTEX_POINT('',#12428);
#2286=VERTEX_POINT('',#12430);
#2287=VERTEX_POINT('',#12432);
#2288=VERTEX_POINT('',#12434);
#2289=VERTEX_POINT('',#12436);
#2290=VERTEX_POINT('',#12438);
#2291=VERTEX_POINT('',#12440);
#2292=VERTEX_POINT('',#12442);
#2293=VERTEX_POINT('',#12444);
#2294=VERTEX_POINT('',#12446);
#2295=VERTEX_POINT('',#12448);
#2296=VERTEX_POINT('',#12450);
#2297=VERTEX_POINT('',#12452);
#2298=VERTEX_POINT('',#12454);
#2299=VERTEX_POINT('',#12456);
#2300=VERTEX_POINT('',#12458);
#2301=VERTEX_POINT('',#12462);
#2302=VERTEX_POINT('',#12464);
#2303=VERTEX_POINT('',#12468);
#2304=VERTEX_POINT('',#12472);
#2305=VERTEX_POINT('',#12476);
#2306=VERTEX_POINT('',#12477);
#2307=VERTEX_POINT('',#12482);
#2308=VERTEX_POINT('',#12484);
#2309=VERTEX_POINT('',#12488);
#2310=VERTEX_POINT('',#12492);
#2311=VERTEX_POINT('',#12496);
#2312=VERTEX_POINT('',#12500);
#2313=VERTEX_POINT('',#12501);
#2314=VERTEX_POINT('',#12506);
#2315=VERTEX_POINT('',#12508);
#2316=VERTEX_POINT('',#12512);
#2317=VERTEX_POINT('',#12516);
#2318=VERTEX_POINT('',#12520);
#2319=VERTEX_POINT('',#12524);
#2320=VERTEX_POINT('',#12525);
#2321=VERTEX_POINT('',#12530);
#2322=VERTEX_POINT('',#12532);
#2323=VERTEX_POINT('',#12536);
#2324=VERTEX_POINT('',#12540);
#2325=VERTEX_POINT('',#12544);
#2326=VERTEX_POINT('',#12548);
#2327=VERTEX_POINT('',#12549);
#2328=VERTEX_POINT('',#12554);
#2329=EDGE_CURVE('',#1880,#1880,#1795,.T.);
#2330=EDGE_CURVE('',#1880,#1881,#909,.T.);
#2331=EDGE_CURVE('',#1881,#1881,#1796,.T.);
#2332=EDGE_CURVE('',#1882,#1882,#1797,.T.);
#2333=EDGE_CURVE('',#1882,#1883,#910,.T.);
#2334=EDGE_CURVE('',#1883,#1883,#1798,.T.);
#2335=EDGE_CURVE('',#1883,#1884,#911,.T.);
#2336=EDGE_CURVE('',#1884,#1884,#1799,.T.);
#2337=EDGE_CURVE('',#1881,#1885,#912,.T.);
#2338=EDGE_CURVE('',#1885,#1885,#1800,.T.);
#2339=EDGE_CURVE('',#1886,#1887,#1801,.T.);
#2340=EDGE_CURVE('',#1887,#1888,#913,.T.);
#2341=EDGE_CURVE('',#1888,#1889,#1802,.T.);
#2342=EDGE_CURVE('',#1886,#1889,#914,.T.);
#2343=EDGE_CURVE('',#1890,#1891,#1803,.T.);
#2344=EDGE_CURVE('',#1891,#1892,#915,.T.);
#2345=EDGE_CURVE('',#1892,#1893,#1804,.T.);
#2346=EDGE_CURVE('',#1890,#1893,#916,.T.);
#2347=EDGE_CURVE('',#1894,#1895,#1805,.T.);
#2348=EDGE_CURVE('',#1895,#1896,#917,.T.);
#2349=EDGE_CURVE('',#1896,#1897,#1806,.T.);
#2350=EDGE_CURVE('',#1894,#1897,#918,.T.);
#2351=EDGE_CURVE('',#1898,#1899,#1807,.T.);
#2352=EDGE_CURVE('',#1899,#1900,#919,.T.);
#2353=EDGE_CURVE('',#1900,#1901,#1808,.T.);
#2354=EDGE_CURVE('',#1898,#1901,#920,.T.);
#2355=EDGE_CURVE('',#1895,#1898,#921,.T.);
#2356=EDGE_CURVE('',#1901,#1896,#922,.T.);
#2357=EDGE_CURVE('',#1902,#1903,#923,.T.);
#2358=EDGE_CURVE('',#1902,#1904,#924,.T.);
#2359=EDGE_CURVE('',#1904,#1894,#925,.T.);
#2360=EDGE_CURVE('',#1897,#1905,#926,.T.);
#2361=EDGE_CURVE('',#1905,#1906,#927,.T.);
#2362=EDGE_CURVE('',#1906,#1890,#928,.T.);
#2363=EDGE_CURVE('',#1893,#1907,#929,.T.);
#2364=EDGE_CURVE('',#1903,#1907,#930,.T.);
#2365=EDGE_CURVE('',#1907,#1908,#931,.T.);
#2366=EDGE_CURVE('',#1909,#1908,#932,.T.);
#2367=EDGE_CURVE('',#1903,#1909,#933,.T.);
#2368=EDGE_CURVE('',#1899,#1910,#934,.T.);
#2369=EDGE_CURVE('',#1910,#1911,#935,.T.);
#2370=EDGE_CURVE('',#1909,#1911,#936,.T.);
#2371=EDGE_CURVE('',#1908,#1888,#937,.T.);
#2372=EDGE_CURVE('',#1887,#1912,#938,.T.);
#2373=EDGE_CURVE('',#1912,#1913,#939,.T.);
#2374=EDGE_CURVE('',#1913,#1900,#940,.T.);
#2375=EDGE_CURVE('',#1891,#1886,#941,.T.);
#2376=EDGE_CURVE('',#1889,#1892,#942,.T.);
#2377=EDGE_CURVE('',#1911,#1902,#943,.T.);
#2378=EDGE_CURVE('',#1913,#1905,#944,.T.);
#2379=EDGE_CURVE('',#1912,#1906,#945,.T.);
#2380=EDGE_CURVE('',#1910,#1904,#946,.T.);
#2381=EDGE_CURVE('',#1914,#1914,#1809,.T.);
#2382=EDGE_CURVE('',#1914,#1915,#947,.T.);
#2383=EDGE_CURVE('',#1915,#1915,#1810,.T.);
#2384=EDGE_CURVE('',#1916,#1917,#1811,.T.);
#2385=EDGE_CURVE('',#1917,#1916,#1812,.T.);
#2386=EDGE_CURVE('',#1917,#1918,#948,.T.);
#2387=EDGE_CURVE('',#1918,#1918,#1813,.T.);
#2388=EDGE_CURVE('',#1916,#1914,#949,.T.);
#2389=EDGE_CURVE('',#1919,#1919,#1814,.T.);
#2390=EDGE_CURVE('',#1919,#1920,#950,.T.);
#2391=EDGE_CURVE('',#1920,#1920,#1815,.T.);
#2392=EDGE_CURVE('',#1921,#1921,#1816,.T.);
#2393=EDGE_CURVE('',#1921,#1922,#951,.T.);
#2394=EDGE_CURVE('',#1922,#1922,#1817,.T.);
#2395=EDGE_CURVE('',#1922,#1923,#952,.T.);
#2396=EDGE_CURVE('',#1923,#1923,#1818,.T.);
#2397=EDGE_CURVE('',#1920,#1924,#953,.T.);
#2398=EDGE_CURVE('',#1924,#1924,#1819,.T.);
#2399=EDGE_CURVE('',#1925,#1926,#1820,.T.);
#2400=EDGE_CURVE('',#1926,#1927,#954,.T.);
#2401=EDGE_CURVE('',#1927,#1928,#1821,.T.);
#2402=EDGE_CURVE('',#1925,#1928,#955,.T.);
#2403=EDGE_CURVE('',#1929,#1930,#1822,.T.);
#2404=EDGE_CURVE('',#1930,#1931,#956,.T.);
#2405=EDGE_CURVE('',#1931,#1932,#1823,.T.);
#2406=EDGE_CURVE('',#1929,#1932,#957,.T.);
#2407=EDGE_CURVE('',#1933,#1934,#1824,.T.);
#2408=EDGE_CURVE('',#1934,#1935,#958,.T.);
#2409=EDGE_CURVE('',#1935,#1936,#1825,.T.);
#2410=EDGE_CURVE('',#1933,#1936,#959,.T.);
#2411=EDGE_CURVE('',#1937,#1938,#1826,.T.);
#2412=EDGE_CURVE('',#1938,#1939,#960,.T.);
#2413=EDGE_CURVE('',#1939,#1940,#1827,.T.);
#2414=EDGE_CURVE('',#1937,#1940,#961,.T.);
#2415=EDGE_CURVE('',#1934,#1937,#962,.T.);
#2416=EDGE_CURVE('',#1940,#1935,#963,.T.);
#2417=EDGE_CURVE('',#1941,#1942,#964,.T.);
#2418=EDGE_CURVE('',#1941,#1943,#965,.T.);
#2419=EDGE_CURVE('',#1943,#1933,#966,.T.);
#2420=EDGE_CURVE('',#1936,#1944,#967,.T.);
#2421=EDGE_CURVE('',#1944,#1945,#968,.T.);
#2422=EDGE_CURVE('',#1945,#1929,#969,.T.);
#2423=EDGE_CURVE('',#1932,#1946,#970,.T.);
#2424=EDGE_CURVE('',#1942,#1946,#971,.T.);
#2425=EDGE_CURVE('',#1946,#1947,#972,.T.);
#2426=EDGE_CURVE('',#1948,#1947,#973,.T.);
#2427=EDGE_CURVE('',#1942,#1948,#974,.T.);
#2428=EDGE_CURVE('',#1938,#1949,#975,.T.);
#2429=EDGE_CURVE('',#1949,#1950,#976,.T.);
#2430=EDGE_CURVE('',#1948,#1950,#977,.T.);
#2431=EDGE_CURVE('',#1947,#1927,#978,.T.);
#2432=EDGE_CURVE('',#1926,#1951,#979,.T.);
#2433=EDGE_CURVE('',#1951,#1952,#980,.T.);
#2434=EDGE_CURVE('',#1952,#1939,#981,.T.);
#2435=EDGE_CURVE('',#1930,#1925,#982,.T.);
#2436=EDGE_CURVE('',#1928,#1931,#983,.T.);
#2437=EDGE_CURVE('',#1950,#1941,#984,.T.);
#2438=EDGE_CURVE('',#1952,#1944,#985,.T.);
#2439=EDGE_CURVE('',#1951,#1945,#986,.T.);
#2440=EDGE_CURVE('',#1949,#1943,#987,.T.);
#2441=EDGE_CURVE('',#1953,#1954,#988,.T.);
#2442=EDGE_CURVE('',#1953,#1955,#33,.T.);
#2443=EDGE_CURVE('',#1955,#1956,#1828,.T.);
#2444=EDGE_CURVE('',#1957,#1956,#34,.T.);
#2445=EDGE_CURVE('',#1957,#1954,#35,.T.);
#2446=EDGE_CURVE('',#1958,#1959,#989,.T.);
#2447=EDGE_CURVE('',#1958,#1953,#36,.T.);
#2448=EDGE_CURVE('',#1954,#1959,#37,.T.);
#2449=EDGE_CURVE('',#1960,#1961,#990,.T.);
#2450=EDGE_CURVE('',#1960,#1958,#38,.T.);
#2451=EDGE_CURVE('',#1959,#1961,#39,.T.);
#2452=EDGE_CURVE('',#1962,#1963,#991,.T.);
#2453=EDGE_CURVE('',#1964,#1962,#40,.T.);
#2454=EDGE_CURVE('',#1964,#1963,#1829,.T.);
#2455=EDGE_CURVE('',#1965,#1966,#992,.T.);
#2456=EDGE_CURVE('',#1965,#1967,#41,.T.);
#2457=EDGE_CURVE('',#1962,#1967,#42,.T.);
#2458=EDGE_CURVE('',#1963,#1968,#1830,.T.);
#2459=EDGE_CURVE('',#1966,#1968,#43,.F.);
#2460=EDGE_CURVE('',#1963,#1969,#993,.T.);
#2461=EDGE_CURVE('',#1970,#1964,#44,.F.);
#2462=EDGE_CURVE('',#1971,#1970,#1831,.T.);
#2463=EDGE_CURVE('',#1971,#1972,#994,.T.);
#2464=EDGE_CURVE('',#1973,#1971,#1832,.T.);
#2465=EDGE_CURVE('',#1969,#1973,#45,.F.);
#2466=EDGE_CURVE('',#1974,#1974,#1833,.T.);
#2467=EDGE_CURVE('',#1974,#1975,#995,.T.);
#2468=EDGE_CURVE('',#1976,#1975,#1834,.T.);
#2469=EDGE_CURVE('',#1976,#1977,#46,.T.);
#2470=EDGE_CURVE('',#1977,#1978,#996,.T.);
#2471=EDGE_CURVE('',#1978,#1979,#47,.T.);
#2472=EDGE_CURVE('',#1975,#1979,#1835,.T.);
#2473=EDGE_CURVE('',#1980,#1981,#997,.T.);
#2474=EDGE_CURVE('',#1980,#1982,#48,.T.);
#2475=EDGE_CURVE('',#1983,#1982,#1836,.T.);
#2476=EDGE_CURVE('',#1981,#1983,#49,.F.);
#2477=EDGE_CURVE('',#1984,#1985,#998,.T.);
#2478=EDGE_CURVE('',#1984,#1980,#50,.T.);
#2479=EDGE_CURVE('',#1985,#1981,#51,.F.);
#2480=EDGE_CURVE('',#1986,#1987,#999,.T.);
#2481=EDGE_CURVE('',#1986,#1984,#52,.T.);
#2482=EDGE_CURVE('',#1987,#1985,#53,.F.);
#2483=EDGE_CURVE('',#1988,#1989,#1000,.T.);
#2484=EDGE_CURVE('',#1988,#1986,#54,.T.);
#2485=EDGE_CURVE('',#1989,#1987,#55,.F.);
#2486=EDGE_CURVE('',#1990,#1989,#56,.F.);
#2487=EDGE_CURVE('',#1991,#1990,#1001,.T.);
#2488=EDGE_CURVE('',#1991,#1988,#57,.T.);
#2489=EDGE_CURVE('',#1977,#1992,#58,.T.);
#2490=EDGE_CURVE('',#1992,#1993,#1837,.T.);
#2491=EDGE_CURVE('',#1993,#1978,#59,.T.);
#2492=EDGE_CURVE('',#1968,#1969,#60,.F.);
#2493=EDGE_CURVE('',#1956,#1966,#61,.F.);
#2494=EDGE_CURVE('',#1955,#1965,#62,.T.);
#2495=EDGE_CURVE('',#1961,#1993,#63,.T.);
#2496=EDGE_CURVE('',#1992,#1960,#64,.T.);
#2497=EDGE_CURVE('',#1994,#1970,#65,.T.);
#2498=EDGE_CURVE('',#1995,#1994,#66,.T.);
#2499=EDGE_CURVE('',#1973,#1995,#67,.F.);
#2500=EDGE_CURVE('',#1996,#1996,#1838,.T.);
#2501=EDGE_CURVE('',#1996,#1997,#1002,.T.);
#2502=EDGE_CURVE('',#1997,#1997,#1839,.T.);
#2503=EDGE_CURVE('',#1997,#1998,#1003,.T.);
#2504=EDGE_CURVE('',#1998,#1998,#1840,.T.);
#2505=EDGE_CURVE('',#1998,#1974,#1004,.T.);
#2506=EDGE_CURVE('',#1999,#2000,#1005,.T.);
#2507=EDGE_CURVE('',#2000,#2001,#1006,.T.);
#2508=EDGE_CURVE('',#2001,#2002,#1007,.T.);
#2509=EDGE_CURVE('',#2002,#2003,#1008,.T.);
#2510=EDGE_CURVE('',#2003,#2004,#1009,.T.);
#2511=EDGE_CURVE('',#2004,#2005,#1010,.T.);
#2512=EDGE_CURVE('',#2005,#2006,#1011,.T.);
#2513=EDGE_CURVE('',#2006,#2007,#1012,.T.);
#2514=EDGE_CURVE('',#2007,#2008,#1013,.T.);
#2515=EDGE_CURVE('',#2008,#2009,#1014,.T.);
#2516=EDGE_CURVE('',#2009,#2010,#1015,.T.);
#2517=EDGE_CURVE('',#2010,#2011,#1016,.T.);
#2518=EDGE_CURVE('',#2011,#2012,#1017,.T.);
#2519=EDGE_CURVE('',#2012,#2013,#1018,.T.);
#2520=EDGE_CURVE('',#2013,#2014,#1019,.T.);
#2521=EDGE_CURVE('',#2014,#2015,#1020,.T.);
#2522=EDGE_CURVE('',#2015,#2016,#1021,.T.);
#2523=EDGE_CURVE('',#2016,#2017,#1022,.T.);
#2524=EDGE_CURVE('',#2017,#2018,#1023,.T.);
#2525=EDGE_CURVE('',#2018,#1999,#1024,.T.);
#2526=EDGE_CURVE('',#2019,#2000,#1025,.T.);
#2527=EDGE_CURVE('',#2020,#1999,#1026,.T.);
#2528=EDGE_CURVE('',#2019,#2020,#1027,.T.);
#2529=EDGE_CURVE('',#2021,#2001,#1028,.T.);
#2530=EDGE_CURVE('',#2019,#2021,#1029,.T.);
#2531=EDGE_CURVE('',#2022,#2002,#1030,.T.);
#2532=EDGE_CURVE('',#2022,#2021,#1031,.T.);
#2533=EDGE_CURVE('',#2023,#2024,#1032,.T.);
#2534=EDGE_CURVE('',#2024,#2003,#1033,.T.);
#2535=EDGE_CURVE('',#2023,#2022,#1034,.T.);
#2536=EDGE_CURVE('',#2025,#2004,#1035,.T.);
#2537=EDGE_CURVE('',#2024,#2026,#1036,.T.);
#2538=EDGE_CURVE('',#2025,#2026,#1037,.T.);
#2539=EDGE_CURVE('',#2027,#2005,#1038,.T.);
#2540=EDGE_CURVE('',#2027,#2025,#1039,.T.);
#2541=EDGE_CURVE('',#2028,#2006,#1040,.T.);
#2542=EDGE_CURVE('',#2027,#2028,#1041,.T.);
#2543=EDGE_CURVE('',#2029,#2007,#1042,.T.);
#2544=EDGE_CURVE('',#2029,#2028,#1043,.T.);
#2545=EDGE_CURVE('',#2030,#2031,#1044,.T.);
#2546=EDGE_CURVE('',#2031,#2008,#1045,.T.);
#2547=EDGE_CURVE('',#2030,#2029,#1046,.T.);
#2548=EDGE_CURVE('',#2032,#2009,#1047,.T.);
#2549=EDGE_CURVE('',#2031,#2033,#1048,.T.);
#2550=EDGE_CURVE('',#2032,#2033,#1049,.T.);
#2551=EDGE_CURVE('',#2034,#2010,#1050,.T.);
#2552=EDGE_CURVE('',#2034,#2032,#1051,.T.);
#2553=EDGE_CURVE('',#2035,#2011,#1052,.T.);
#2554=EDGE_CURVE('',#2034,#2035,#1053,.T.);
#2555=EDGE_CURVE('',#2036,#2012,#1054,.T.);
#2556=EDGE_CURVE('',#2036,#2035,#1055,.T.);
#2557=EDGE_CURVE('',#2037,#2038,#1056,.T.);
#2558=EDGE_CURVE('',#2038,#2013,#1057,.T.);
#2559=EDGE_CURVE('',#2037,#2036,#1058,.T.);
#2560=EDGE_CURVE('',#2039,#2014,#1059,.T.);
#2561=EDGE_CURVE('',#2038,#2040,#1060,.T.);
#2562=EDGE_CURVE('',#2039,#2040,#1061,.T.);
#2563=EDGE_CURVE('',#2041,#2015,#1062,.T.);
#2564=EDGE_CURVE('',#2041,#2039,#1063,.T.);
#2565=EDGE_CURVE('',#2042,#2016,#1064,.T.);
#2566=EDGE_CURVE('',#2041,#2042,#1065,.T.);
#2567=EDGE_CURVE('',#2043,#2017,#1066,.T.);
#2568=EDGE_CURVE('',#2043,#2042,#1067,.T.);
#2569=EDGE_CURVE('',#2044,#2045,#1068,.T.);
#2570=EDGE_CURVE('',#2045,#2018,#1069,.T.);
#2571=EDGE_CURVE('',#2044,#2043,#1070,.T.);
#2572=EDGE_CURVE('',#2045,#2046,#1071,.T.);
#2573=EDGE_CURVE('',#2020,#2046,#1072,.T.);
#2574=EDGE_CURVE('',#2046,#2023,#1073,.T.);
#2575=EDGE_CURVE('',#2040,#2044,#1074,.T.);
#2576=EDGE_CURVE('',#2033,#2037,#1075,.T.);
#2577=EDGE_CURVE('',#2026,#2030,#1076,.T.);
#2578=EDGE_CURVE('',#1990,#1995,#68,.T.);
#2579=EDGE_CURVE('',#1990,#1957,#1077,.T.);
#2580=EDGE_CURVE('',#1967,#1991,#1078,.T.);
#2581=EDGE_CURVE('',#1991,#1994,#69,.T.);
#2582=EDGE_CURVE('',#1979,#1983,#70,.T.);
#2583=EDGE_CURVE('',#1982,#1976,#71,.T.);
#2584=EDGE_CURVE('',#2047,#2048,#1079,.T.);
#2585=EDGE_CURVE('',#2047,#2049,#72,.T.);
#2586=EDGE_CURVE('',#2049,#2050,#1841,.T.);
#2587=EDGE_CURVE('',#2051,#2050,#73,.T.);
#2588=EDGE_CURVE('',#2051,#2048,#74,.T.);
#2589=EDGE_CURVE('',#2052,#2053,#1080,.T.);
#2590=EDGE_CURVE('',#2052,#2047,#75,.T.);
#2591=EDGE_CURVE('',#2048,#2053,#76,.T.);
#2592=EDGE_CURVE('',#2054,#2055,#1081,.T.);
#2593=EDGE_CURVE('',#2054,#2052,#77,.T.);
#2594=EDGE_CURVE('',#2053,#2055,#78,.T.);
#2595=EDGE_CURVE('',#2056,#2057,#1082,.T.);
#2596=EDGE_CURVE('',#2058,#2056,#79,.T.);
#2597=EDGE_CURVE('',#2058,#2057,#1842,.T.);
#2598=EDGE_CURVE('',#2059,#2060,#1083,.T.);
#2599=EDGE_CURVE('',#2059,#2061,#80,.T.);
#2600=EDGE_CURVE('',#2056,#2061,#81,.T.);
#2601=EDGE_CURVE('',#2057,#2062,#1843,.T.);
#2602=EDGE_CURVE('',#2060,#2062,#82,.F.);
#2603=EDGE_CURVE('',#2057,#2063,#1084,.T.);
#2604=EDGE_CURVE('',#2064,#2058,#83,.F.);
#2605=EDGE_CURVE('',#2065,#2064,#1844,.T.);
#2606=EDGE_CURVE('',#2065,#2066,#1085,.T.);
#2607=EDGE_CURVE('',#2067,#2065,#1845,.T.);
#2608=EDGE_CURVE('',#2063,#2067,#84,.F.);
#2609=EDGE_CURVE('',#2068,#2068,#1846,.T.);
#2610=EDGE_CURVE('',#2068,#2069,#1086,.T.);
#2611=EDGE_CURVE('',#2070,#2069,#1847,.T.);
#2612=EDGE_CURVE('',#2070,#2071,#85,.T.);
#2613=EDGE_CURVE('',#2071,#2072,#1087,.T.);
#2614=EDGE_CURVE('',#2072,#2073,#86,.T.);
#2615=EDGE_CURVE('',#2069,#2073,#1848,.T.);
#2616=EDGE_CURVE('',#2074,#2075,#1088,.T.);
#2617=EDGE_CURVE('',#2074,#2076,#87,.T.);
#2618=EDGE_CURVE('',#2077,#2076,#1849,.T.);
#2619=EDGE_CURVE('',#2075,#2077,#88,.F.);
#2620=EDGE_CURVE('',#2078,#2079,#1089,.T.);
#2621=EDGE_CURVE('',#2078,#2074,#89,.T.);
#2622=EDGE_CURVE('',#2079,#2075,#90,.F.);
#2623=EDGE_CURVE('',#2080,#2081,#1090,.T.);
#2624=EDGE_CURVE('',#2080,#2078,#91,.T.);
#2625=EDGE_CURVE('',#2081,#2079,#92,.F.);
#2626=EDGE_CURVE('',#2082,#2083,#1091,.T.);
#2627=EDGE_CURVE('',#2082,#2080,#93,.T.);
#2628=EDGE_CURVE('',#2083,#2081,#94,.F.);
#2629=EDGE_CURVE('',#2084,#2083,#95,.F.);
#2630=EDGE_CURVE('',#2085,#2084,#1092,.T.);
#2631=EDGE_CURVE('',#2085,#2082,#96,.T.);
#2632=EDGE_CURVE('',#2071,#2086,#97,.T.);
#2633=EDGE_CURVE('',#2086,#2087,#1850,.T.);
#2634=EDGE_CURVE('',#2087,#2072,#98,.T.);
#2635=EDGE_CURVE('',#2062,#2063,#99,.F.);
#2636=EDGE_CURVE('',#2050,#2060,#100,.F.);
#2637=EDGE_CURVE('',#2049,#2059,#101,.T.);
#2638=EDGE_CURVE('',#2055,#2087,#102,.T.);
#2639=EDGE_CURVE('',#2086,#2054,#103,.T.);
#2640=EDGE_CURVE('',#2088,#2064,#104,.T.);
#2641=EDGE_CURVE('',#2089,#2088,#105,.T.);
#2642=EDGE_CURVE('',#2067,#2089,#106,.F.);
#2643=EDGE_CURVE('',#2090,#2090,#1851,.T.);
#2644=EDGE_CURVE('',#2090,#2091,#1093,.T.);
#2645=EDGE_CURVE('',#2091,#2091,#1852,.T.);
#2646=EDGE_CURVE('',#2091,#2092,#1094,.T.);
#2647=EDGE_CURVE('',#2092,#2092,#1853,.T.);
#2648=EDGE_CURVE('',#2092,#2068,#1095,.T.);
#2649=EDGE_CURVE('',#2093,#2094,#1096,.T.);
#2650=EDGE_CURVE('',#2094,#2095,#1097,.T.);
#2651=EDGE_CURVE('',#2095,#2096,#1098,.T.);
#2652=EDGE_CURVE('',#2096,#2097,#1099,.T.);
#2653=EDGE_CURVE('',#2097,#2098,#1100,.T.);
#2654=EDGE_CURVE('',#2098,#2099,#1101,.T.);
#2655=EDGE_CURVE('',#2099,#2100,#1102,.T.);
#2656=EDGE_CURVE('',#2100,#2101,#1103,.T.);
#2657=EDGE_CURVE('',#2101,#2102,#1104,.T.);
#2658=EDGE_CURVE('',#2102,#2103,#1105,.T.);
#2659=EDGE_CURVE('',#2103,#2104,#1106,.T.);
#2660=EDGE_CURVE('',#2104,#2105,#1107,.T.);
#2661=EDGE_CURVE('',#2105,#2106,#1108,.T.);
#2662=EDGE_CURVE('',#2106,#2107,#1109,.T.);
#2663=EDGE_CURVE('',#2107,#2108,#1110,.T.);
#2664=EDGE_CURVE('',#2108,#2109,#1111,.T.);
#2665=EDGE_CURVE('',#2109,#2110,#1112,.T.);
#2666=EDGE_CURVE('',#2110,#2111,#1113,.T.);
#2667=EDGE_CURVE('',#2111,#2112,#1114,.T.);
#2668=EDGE_CURVE('',#2112,#2093,#1115,.T.);
#2669=EDGE_CURVE('',#2113,#2094,#1116,.T.);
#2670=EDGE_CURVE('',#2114,#2093,#1117,.T.);
#2671=EDGE_CURVE('',#2113,#2114,#1118,.T.);
#2672=EDGE_CURVE('',#2115,#2095,#1119,.T.);
#2673=EDGE_CURVE('',#2113,#2115,#1120,.T.);
#2674=EDGE_CURVE('',#2116,#2096,#1121,.T.);
#2675=EDGE_CURVE('',#2116,#2115,#1122,.T.);
#2676=EDGE_CURVE('',#2117,#2118,#1123,.T.);
#2677=EDGE_CURVE('',#2118,#2097,#1124,.T.);
#2678=EDGE_CURVE('',#2117,#2116,#1125,.T.);
#2679=EDGE_CURVE('',#2119,#2098,#1126,.T.);
#2680=EDGE_CURVE('',#2118,#2120,#1127,.T.);
#2681=EDGE_CURVE('',#2119,#2120,#1128,.T.);
#2682=EDGE_CURVE('',#2121,#2099,#1129,.T.);
#2683=EDGE_CURVE('',#2121,#2119,#1130,.T.);
#2684=EDGE_CURVE('',#2122,#2100,#1131,.T.);
#2685=EDGE_CURVE('',#2121,#2122,#1132,.T.);
#2686=EDGE_CURVE('',#2123,#2101,#1133,.T.);
#2687=EDGE_CURVE('',#2123,#2122,#1134,.T.);
#2688=EDGE_CURVE('',#2124,#2125,#1135,.T.);
#2689=EDGE_CURVE('',#2125,#2102,#1136,.T.);
#2690=EDGE_CURVE('',#2124,#2123,#1137,.T.);
#2691=EDGE_CURVE('',#2126,#2103,#1138,.T.);
#2692=EDGE_CURVE('',#2125,#2127,#1139,.T.);
#2693=EDGE_CURVE('',#2126,#2127,#1140,.T.);
#2694=EDGE_CURVE('',#2128,#2104,#1141,.T.);
#2695=EDGE_CURVE('',#2128,#2126,#1142,.T.);
#2696=EDGE_CURVE('',#2129,#2105,#1143,.T.);
#2697=EDGE_CURVE('',#2128,#2129,#1144,.T.);
#2698=EDGE_CURVE('',#2130,#2106,#1145,.T.);
#2699=EDGE_CURVE('',#2130,#2129,#1146,.T.);
#2700=EDGE_CURVE('',#2131,#2132,#1147,.T.);
#2701=EDGE_CURVE('',#2132,#2107,#1148,.T.);
#2702=EDGE_CURVE('',#2131,#2130,#1149,.T.);
#2703=EDGE_CURVE('',#2133,#2108,#1150,.T.);
#2704=EDGE_CURVE('',#2132,#2134,#1151,.T.);
#2705=EDGE_CURVE('',#2133,#2134,#1152,.T.);
#2706=EDGE_CURVE('',#2135,#2109,#1153,.T.);
#2707=EDGE_CURVE('',#2135,#2133,#1154,.T.);
#2708=EDGE_CURVE('',#2136,#2110,#1155,.T.);
#2709=EDGE_CURVE('',#2135,#2136,#1156,.T.);
#2710=EDGE_CURVE('',#2137,#2111,#1157,.T.);
#2711=EDGE_CURVE('',#2137,#2136,#1158,.T.);
#2712=EDGE_CURVE('',#2138,#2139,#1159,.T.);
#2713=EDGE_CURVE('',#2139,#2112,#1160,.T.);
#2714=EDGE_CURVE('',#2138,#2137,#1161,.T.);
#2715=EDGE_CURVE('',#2139,#2140,#1162,.T.);
#2716=EDGE_CURVE('',#2114,#2140,#1163,.T.);
#2717=EDGE_CURVE('',#2140,#2117,#1164,.T.);
#2718=EDGE_CURVE('',#2134,#2138,#1165,.T.);
#2719=EDGE_CURVE('',#2127,#2131,#1166,.T.);
#2720=EDGE_CURVE('',#2120,#2124,#1167,.T.);
#2721=EDGE_CURVE('',#2084,#2089,#107,.T.);
#2722=EDGE_CURVE('',#2084,#2051,#1168,.T.);
#2723=EDGE_CURVE('',#2061,#2085,#1169,.T.);
#2724=EDGE_CURVE('',#2085,#2088,#108,.T.);
#2725=EDGE_CURVE('',#2073,#2077,#109,.T.);
#2726=EDGE_CURVE('',#2076,#2070,#110,.T.);
#2727=EDGE_CURVE('',#2141,#2142,#1170,.T.);
#2728=EDGE_CURVE('',#2143,#2142,#111,.T.);
#2729=EDGE_CURVE('',#2143,#2144,#112,.T.);
#2730=EDGE_CURVE('',#2145,#2144,#1854,.T.);
#2731=EDGE_CURVE('',#2141,#2145,#113,.T.);
#2732=EDGE_CURVE('',#2146,#2147,#1171,.T.);
#2733=EDGE_CURVE('',#2142,#2147,#114,.T.);
#2734=EDGE_CURVE('',#2146,#2141,#115,.T.);
#2735=EDGE_CURVE('',#2148,#2149,#1172,.T.);
#2736=EDGE_CURVE('',#2150,#2148,#116,.T.);
#2737=EDGE_CURVE('',#2150,#2151,#1855,.T.);
#2738=EDGE_CURVE('',#2149,#2151,#117,.T.);
#2739=EDGE_CURVE('',#2152,#2153,#1173,.T.);
#2740=EDGE_CURVE('',#2154,#2153,#1856,.T.);
#2741=EDGE_CURVE('',#2154,#2152,#118,.T.);
#2742=EDGE_CURVE('',#2155,#2156,#1174,.T.);
#2743=EDGE_CURVE('',#2145,#2155,#119,.T.);
#2744=EDGE_CURVE('',#2144,#2156,#120,.F.);
#2745=EDGE_CURVE('',#2153,#2157,#1175,.T.);
#2746=EDGE_CURVE('',#2153,#2158,#1857,.T.);
#2747=EDGE_CURVE('',#2158,#2157,#121,.F.);
#2748=EDGE_CURVE('',#2159,#2159,#1858,.T.);
#2749=EDGE_CURVE('',#2159,#2160,#1176,.T.);
#2750=EDGE_CURVE('',#2160,#2161,#1859,.T.);
#2751=EDGE_CURVE('',#2162,#2161,#122,.T.);
#2752=EDGE_CURVE('',#2163,#2162,#1177,.T.);
#2753=EDGE_CURVE('',#2164,#2163,#123,.T.);
#2754=EDGE_CURVE('',#2164,#2160,#1860,.T.);
#2755=EDGE_CURVE('',#2165,#2166,#1178,.T.);
#2756=EDGE_CURVE('',#2166,#2167,#124,.F.);
#2757=EDGE_CURVE('',#2167,#2168,#1861,.T.);
#2758=EDGE_CURVE('',#2165,#2168,#125,.T.);
#2759=EDGE_CURVE('',#2169,#2170,#1179,.T.);
#2760=EDGE_CURVE('',#2170,#2166,#126,.F.);
#2761=EDGE_CURVE('',#2169,#2165,#127,.T.);
#2762=EDGE_CURVE('',#2171,#2172,#1180,.T.);
#2763=EDGE_CURVE('',#2172,#2170,#128,.F.);
#2764=EDGE_CURVE('',#2171,#2169,#129,.T.);
#2765=EDGE_CURVE('',#2173,#2174,#1181,.T.);
#2766=EDGE_CURVE('',#2175,#2173,#130,.T.);
#2767=EDGE_CURVE('',#2175,#2176,#1182,.T.);
#2768=EDGE_CURVE('',#2176,#2174,#131,.F.);
#2769=EDGE_CURVE('',#2174,#2172,#132,.F.);
#2770=EDGE_CURVE('',#2173,#2171,#133,.T.);
#2771=EDGE_CURVE('',#2151,#2162,#134,.T.);
#2772=EDGE_CURVE('',#2163,#2150,#135,.T.);
#2773=EDGE_CURVE('',#2157,#2177,#136,.F.);
#2774=EDGE_CURVE('',#2177,#2178,#1862,.T.);
#2775=EDGE_CURVE('',#2178,#2179,#1183,.T.);
#2776=EDGE_CURVE('',#2178,#2180,#1863,.T.);
#2777=EDGE_CURVE('',#2180,#2154,#137,.F.);
#2778=EDGE_CURVE('',#2156,#2158,#138,.F.);
#2779=EDGE_CURVE('',#2152,#2181,#139,.T.);
#2780=EDGE_CURVE('',#2155,#2181,#140,.T.);
#2781=EDGE_CURVE('',#2147,#2149,#141,.T.);
#2782=EDGE_CURVE('',#2148,#2146,#142,.T.);
#2783=EDGE_CURVE('',#2177,#2182,#143,.F.);
#2784=EDGE_CURVE('',#2182,#2183,#144,.T.);
#2785=EDGE_CURVE('',#2183,#2180,#145,.T.);
#2786=EDGE_CURVE('',#2184,#2184,#1864,.T.);
#2787=EDGE_CURVE('',#2184,#2185,#1184,.T.);
#2788=EDGE_CURVE('',#2185,#2185,#1865,.T.);
#2789=EDGE_CURVE('',#2185,#2186,#1185,.T.);
#2790=EDGE_CURVE('',#2186,#2186,#1866,.T.);
#2791=EDGE_CURVE('',#2186,#2159,#1186,.T.);
#2792=EDGE_CURVE('',#2187,#2188,#1187,.T.);
#2793=EDGE_CURVE('',#2189,#2187,#1188,.T.);
#2794=EDGE_CURVE('',#2190,#2189,#1189,.T.);
#2795=EDGE_CURVE('',#2191,#2190,#1190,.T.);
#2796=EDGE_CURVE('',#2192,#2191,#1191,.T.);
#2797=EDGE_CURVE('',#2193,#2192,#1192,.T.);
#2798=EDGE_CURVE('',#2194,#2193,#1193,.T.);
#2799=EDGE_CURVE('',#2195,#2194,#1194,.T.);
#2800=EDGE_CURVE('',#2196,#2195,#1195,.T.);
#2801=EDGE_CURVE('',#2197,#2196,#1196,.T.);
#2802=EDGE_CURVE('',#2198,#2197,#1197,.T.);
#2803=EDGE_CURVE('',#2199,#2198,#1198,.T.);
#2804=EDGE_CURVE('',#2200,#2199,#1199,.T.);
#2805=EDGE_CURVE('',#2201,#2200,#1200,.T.);
#2806=EDGE_CURVE('',#2202,#2201,#1201,.T.);
#2807=EDGE_CURVE('',#2203,#2202,#1202,.T.);
#2808=EDGE_CURVE('',#2204,#2203,#1203,.T.);
#2809=EDGE_CURVE('',#2205,#2204,#1204,.T.);
#2810=EDGE_CURVE('',#2206,#2205,#1205,.T.);
#2811=EDGE_CURVE('',#2188,#2206,#1206,.T.);
#2812=EDGE_CURVE('',#2207,#2188,#1207,.T.);
#2813=EDGE_CURVE('',#2207,#2208,#1208,.T.);
#2814=EDGE_CURVE('',#2208,#2187,#1209,.T.);
#2815=EDGE_CURVE('',#2209,#2206,#1210,.T.);
#2816=EDGE_CURVE('',#2207,#2209,#1211,.T.);
#2817=EDGE_CURVE('',#2210,#2205,#1212,.T.);
#2818=EDGE_CURVE('',#2210,#2209,#1213,.T.);
#2819=EDGE_CURVE('',#2211,#2212,#1214,.T.);
#2820=EDGE_CURVE('',#2211,#2210,#1215,.T.);
#2821=EDGE_CURVE('',#2212,#2204,#1216,.T.);
#2822=EDGE_CURVE('',#2213,#2203,#1217,.T.);
#2823=EDGE_CURVE('',#2213,#2214,#1218,.T.);
#2824=EDGE_CURVE('',#2212,#2214,#1219,.T.);
#2825=EDGE_CURVE('',#2215,#2202,#1220,.T.);
#2826=EDGE_CURVE('',#2215,#2213,#1221,.T.);
#2827=EDGE_CURVE('',#2216,#2201,#1222,.T.);
#2828=EDGE_CURVE('',#2215,#2216,#1223,.T.);
#2829=EDGE_CURVE('',#2217,#2200,#1224,.T.);
#2830=EDGE_CURVE('',#2217,#2216,#1225,.T.);
#2831=EDGE_CURVE('',#2218,#2219,#1226,.T.);
#2832=EDGE_CURVE('',#2218,#2217,#1227,.T.);
#2833=EDGE_CURVE('',#2219,#2199,#1228,.T.);
#2834=EDGE_CURVE('',#2220,#2198,#1229,.T.);
#2835=EDGE_CURVE('',#2220,#2221,#1230,.T.);
#2836=EDGE_CURVE('',#2219,#2221,#1231,.T.);
#2837=EDGE_CURVE('',#2222,#2197,#1232,.T.);
#2838=EDGE_CURVE('',#2222,#2220,#1233,.T.);
#2839=EDGE_CURVE('',#2223,#2196,#1234,.T.);
#2840=EDGE_CURVE('',#2222,#2223,#1235,.T.);
#2841=EDGE_CURVE('',#2224,#2195,#1236,.T.);
#2842=EDGE_CURVE('',#2224,#2223,#1237,.T.);
#2843=EDGE_CURVE('',#2225,#2226,#1238,.T.);
#2844=EDGE_CURVE('',#2225,#2224,#1239,.T.);
#2845=EDGE_CURVE('',#2226,#2194,#1240,.T.);
#2846=EDGE_CURVE('',#2227,#2193,#1241,.T.);
#2847=EDGE_CURVE('',#2227,#2228,#1242,.T.);
#2848=EDGE_CURVE('',#2226,#2228,#1243,.T.);
#2849=EDGE_CURVE('',#2229,#2192,#1244,.T.);
#2850=EDGE_CURVE('',#2229,#2227,#1245,.T.);
#2851=EDGE_CURVE('',#2230,#2191,#1246,.T.);
#2852=EDGE_CURVE('',#2229,#2230,#1247,.T.);
#2853=EDGE_CURVE('',#2231,#2190,#1248,.T.);
#2854=EDGE_CURVE('',#2231,#2230,#1249,.T.);
#2855=EDGE_CURVE('',#2232,#2233,#1250,.T.);
#2856=EDGE_CURVE('',#2232,#2231,#1251,.T.);
#2857=EDGE_CURVE('',#2233,#2189,#1252,.T.);
#2858=EDGE_CURVE('',#2208,#2234,#1253,.T.);
#2859=EDGE_CURVE('',#2233,#2234,#1254,.T.);
#2860=EDGE_CURVE('',#2214,#2218,#1255,.T.);
#2861=EDGE_CURVE('',#2221,#2225,#1256,.T.);
#2862=EDGE_CURVE('',#2228,#2232,#1257,.T.);
#2863=EDGE_CURVE('',#2234,#2211,#1258,.T.);
#2864=EDGE_CURVE('',#2176,#2143,#1259,.T.);
#2865=EDGE_CURVE('',#2176,#2182,#146,.T.);
#2866=EDGE_CURVE('',#2175,#2183,#147,.T.);
#2867=EDGE_CURVE('',#2181,#2175,#1260,.T.);
#2868=EDGE_CURVE('',#2161,#2167,#148,.T.);
#2869=EDGE_CURVE('',#2168,#2164,#149,.T.);
#2870=EDGE_CURVE('',#2235,#2236,#1261,.T.);
#2871=EDGE_CURVE('',#2237,#2236,#150,.T.);
#2872=EDGE_CURVE('',#2237,#2238,#151,.T.);
#2873=EDGE_CURVE('',#2239,#2238,#1867,.T.);
#2874=EDGE_CURVE('',#2235,#2239,#152,.T.);
#2875=EDGE_CURVE('',#2240,#2241,#1262,.T.);
#2876=EDGE_CURVE('',#2236,#2241,#153,.T.);
#2877=EDGE_CURVE('',#2240,#2235,#154,.T.);
#2878=EDGE_CURVE('',#2242,#2243,#1263,.T.);
#2879=EDGE_CURVE('',#2244,#2242,#155,.T.);
#2880=EDGE_CURVE('',#2244,#2245,#1868,.T.);
#2881=EDGE_CURVE('',#2243,#2245,#156,.T.);
#2882=EDGE_CURVE('',#2246,#2247,#1264,.T.);
#2883=EDGE_CURVE('',#2248,#2247,#1869,.T.);
#2884=EDGE_CURVE('',#2248,#2246,#157,.T.);
#2885=EDGE_CURVE('',#2249,#2250,#1265,.T.);
#2886=EDGE_CURVE('',#2239,#2249,#158,.T.);
#2887=EDGE_CURVE('',#2238,#2250,#159,.F.);
#2888=EDGE_CURVE('',#2247,#2251,#1266,.T.);
#2889=EDGE_CURVE('',#2247,#2252,#1870,.T.);
#2890=EDGE_CURVE('',#2252,#2251,#160,.F.);
#2891=EDGE_CURVE('',#2253,#2253,#1871,.T.);
#2892=EDGE_CURVE('',#2253,#2254,#1267,.T.);
#2893=EDGE_CURVE('',#2254,#2255,#1872,.T.);
#2894=EDGE_CURVE('',#2256,#2255,#161,.T.);
#2895=EDGE_CURVE('',#2257,#2256,#1268,.T.);
#2896=EDGE_CURVE('',#2258,#2257,#162,.T.);
#2897=EDGE_CURVE('',#2258,#2254,#1873,.T.);
#2898=EDGE_CURVE('',#2259,#2260,#1269,.T.);
#2899=EDGE_CURVE('',#2260,#2261,#163,.F.);
#2900=EDGE_CURVE('',#2261,#2262,#1874,.T.);
#2901=EDGE_CURVE('',#2259,#2262,#164,.T.);
#2902=EDGE_CURVE('',#2263,#2264,#1270,.T.);
#2903=EDGE_CURVE('',#2264,#2260,#165,.F.);
#2904=EDGE_CURVE('',#2263,#2259,#166,.T.);
#2905=EDGE_CURVE('',#2265,#2266,#1271,.T.);
#2906=EDGE_CURVE('',#2266,#2264,#167,.F.);
#2907=EDGE_CURVE('',#2265,#2263,#168,.T.);
#2908=EDGE_CURVE('',#2267,#2268,#1272,.T.);
#2909=EDGE_CURVE('',#2269,#2267,#169,.T.);
#2910=EDGE_CURVE('',#2269,#2270,#1273,.T.);
#2911=EDGE_CURVE('',#2270,#2268,#170,.F.);
#2912=EDGE_CURVE('',#2268,#2266,#171,.F.);
#2913=EDGE_CURVE('',#2267,#2265,#172,.T.);
#2914=EDGE_CURVE('',#2245,#2256,#173,.T.);
#2915=EDGE_CURVE('',#2257,#2244,#174,.T.);
#2916=EDGE_CURVE('',#2251,#2271,#175,.F.);
#2917=EDGE_CURVE('',#2271,#2272,#1875,.T.);
#2918=EDGE_CURVE('',#2272,#2273,#1274,.T.);
#2919=EDGE_CURVE('',#2272,#2274,#1876,.T.);
#2920=EDGE_CURVE('',#2274,#2248,#176,.F.);
#2921=EDGE_CURVE('',#2250,#2252,#177,.F.);
#2922=EDGE_CURVE('',#2246,#2275,#178,.T.);
#2923=EDGE_CURVE('',#2249,#2275,#179,.T.);
#2924=EDGE_CURVE('',#2241,#2243,#180,.T.);
#2925=EDGE_CURVE('',#2242,#2240,#181,.T.);
#2926=EDGE_CURVE('',#2271,#2276,#182,.F.);
#2927=EDGE_CURVE('',#2276,#2277,#183,.T.);
#2928=EDGE_CURVE('',#2277,#2274,#184,.T.);
#2929=EDGE_CURVE('',#2278,#2278,#1877,.T.);
#2930=EDGE_CURVE('',#2278,#2279,#1275,.T.);
#2931=EDGE_CURVE('',#2279,#2279,#1878,.T.);
#2932=EDGE_CURVE('',#2279,#2280,#1276,.T.);
#2933=EDGE_CURVE('',#2280,#2280,#1879,.T.);
#2934=EDGE_CURVE('',#2280,#2253,#1277,.T.);
#2935=EDGE_CURVE('',#2281,#2282,#1278,.T.);
#2936=EDGE_CURVE('',#2283,#2281,#1279,.T.);
#2937=EDGE_CURVE('',#2284,#2283,#1280,.T.);
#2938=EDGE_CURVE('',#2285,#2284,#1281,.T.);
#2939=EDGE_CURVE('',#2286,#2285,#1282,.T.);
#2940=EDGE_CURVE('',#2287,#2286,#1283,.T.);
#2941=EDGE_CURVE('',#2288,#2287,#1284,.T.);
#2942=EDGE_CURVE('',#2289,#2288,#1285,.T.);
#2943=EDGE_CURVE('',#2290,#2289,#1286,.T.);
#2944=EDGE_CURVE('',#2291,#2290,#1287,.T.);
#2945=EDGE_CURVE('',#2292,#2291,#1288,.T.);
#2946=EDGE_CURVE('',#2293,#2292,#1289,.T.);
#2947=EDGE_CURVE('',#2294,#2293,#1290,.T.);
#2948=EDGE_CURVE('',#2295,#2294,#1291,.T.);
#2949=EDGE_CURVE('',#2296,#2295,#1292,.T.);
#2950=EDGE_CURVE('',#2297,#2296,#1293,.T.);
#2951=EDGE_CURVE('',#2298,#2297,#1294,.T.);
#2952=EDGE_CURVE('',#2299,#2298,#1295,.T.);
#2953=EDGE_CURVE('',#2300,#2299,#1296,.T.);
#2954=EDGE_CURVE('',#2282,#2300,#1297,.T.);
#2955=EDGE_CURVE('',#2301,#2282,#1298,.T.);
#2956=EDGE_CURVE('',#2301,#2302,#1299,.T.);
#2957=EDGE_CURVE('',#2302,#2281,#1300,.T.);
#2958=EDGE_CURVE('',#2303,#2300,#1301,.T.);
#2959=EDGE_CURVE('',#2301,#2303,#1302,.T.);
#2960=EDGE_CURVE('',#2304,#2299,#1303,.T.);
#2961=EDGE_CURVE('',#2304,#2303,#1304,.T.);
#2962=EDGE_CURVE('',#2305,#2306,#1305,.T.);
#2963=EDGE_CURVE('',#2305,#2304,#1306,.T.);
#2964=EDGE_CURVE('',#2306,#2298,#1307,.T.);
#2965=EDGE_CURVE('',#2307,#2297,#1308,.T.);
#2966=EDGE_CURVE('',#2307,#2308,#1309,.T.);
#2967=EDGE_CURVE('',#2306,#2308,#1310,.T.);
#2968=EDGE_CURVE('',#2309,#2296,#1311,.T.);
#2969=EDGE_CURVE('',#2309,#2307,#1312,.T.);
#2970=EDGE_CURVE('',#2310,#2295,#1313,.T.);
#2971=EDGE_CURVE('',#2309,#2310,#1314,.T.);
#2972=EDGE_CURVE('',#2311,#2294,#1315,.T.);
#2973=EDGE_CURVE('',#2311,#2310,#1316,.T.);
#2974=EDGE_CURVE('',#2312,#2313,#1317,.T.);
#2975=EDGE_CURVE('',#2312,#2311,#1318,.T.);
#2976=EDGE_CURVE('',#2313,#2293,#1319,.T.);
#2977=EDGE_CURVE('',#2314,#2292,#1320,.T.);
#2978=EDGE_CURVE('',#2314,#2315,#1321,.T.);
#2979=EDGE_CURVE('',#2313,#2315,#1322,.T.);
#2980=EDGE_CURVE('',#2316,#2291,#1323,.T.);
#2981=EDGE_CURVE('',#2316,#2314,#1324,.T.);
#2982=EDGE_CURVE('',#2317,#2290,#1325,.T.);
#2983=EDGE_CURVE('',#2316,#2317,#1326,.T.);
#2984=EDGE_CURVE('',#2318,#2289,#1327,.T.);
#2985=EDGE_CURVE('',#2318,#2317,#1328,.T.);
#2986=EDGE_CURVE('',#2319,#2320,#1329,.T.);
#2987=EDGE_CURVE('',#2319,#2318,#1330,.T.);
#2988=EDGE_CURVE('',#2320,#2288,#1331,.T.);
#2989=EDGE_CURVE('',#2321,#2287,#1332,.T.);
#2990=EDGE_CURVE('',#2321,#2322,#1333,.T.);
#2991=EDGE_CURVE('',#2320,#2322,#1334,.T.);
#2992=EDGE_CURVE('',#2323,#2286,#1335,.T.);
#2993=EDGE_CURVE('',#2323,#2321,#1336,.T.);
#2994=EDGE_CURVE('',#2324,#2285,#1337,.T.);
#2995=EDGE_CURVE('',#2323,#2324,#1338,.T.);
#2996=EDGE_CURVE('',#2325,#2284,#1339,.T.);
#2997=EDGE_CURVE('',#2325,#2324,#1340,.T.);
#2998=EDGE_CURVE('',#2326,#2327,#1341,.T.);
#2999=EDGE_CURVE('',#2326,#2325,#1342,.T.);
#3000=EDGE_CURVE('',#2327,#2283,#1343,.T.);
#3001=EDGE_CURVE('',#2302,#2328,#1344,.T.);
#3002=EDGE_CURVE('',#2327,#2328,#1345,.T.);
#3003=EDGE_CURVE('',#2308,#2312,#1346,.T.);
#3004=EDGE_CURVE('',#2315,#2319,#1347,.T.);
#3005=EDGE_CURVE('',#2322,#2326,#1348,.T.);
#3006=EDGE_CURVE('',#2328,#2305,#1349,.T.);
#3007=EDGE_CURVE('',#2270,#2237,#1350,.T.);
#3008=EDGE_CURVE('',#2270,#2276,#185,.T.);
#3009=EDGE_CURVE('',#2269,#2277,#186,.T.);
#3010=EDGE_CURVE('',#2275,#2269,#1351,.T.);
#3011=EDGE_CURVE('',#2255,#2261,#187,.T.);
#3012=EDGE_CURVE('',#2262,#2258,#188,.T.);
#3013=ORIENTED_EDGE('',*,*,#2329,.F.);
#3014=ORIENTED_EDGE('',*,*,#2330,.T.);
#3015=ORIENTED_EDGE('',*,*,#2331,.F.);
#3016=ORIENTED_EDGE('',*,*,#2330,.F.);
#3017=ORIENTED_EDGE('',*,*,#2332,.F.);
#3018=ORIENTED_EDGE('',*,*,#2333,.T.);
#3019=ORIENTED_EDGE('',*,*,#2334,.F.);
#3020=ORIENTED_EDGE('',*,*,#2333,.F.);
#3021=ORIENTED_EDGE('',*,*,#2334,.T.);
#3022=ORIENTED_EDGE('',*,*,#2335,.T.);
#3023=ORIENTED_EDGE('',*,*,#2336,.T.);
#3024=ORIENTED_EDGE('',*,*,#2335,.F.);
#3025=ORIENTED_EDGE('',*,*,#2331,.T.);
#3026=ORIENTED_EDGE('',*,*,#2337,.T.);
#3027=ORIENTED_EDGE('',*,*,#2338,.T.);
#3028=ORIENTED_EDGE('',*,*,#2337,.F.);
#3029=ORIENTED_EDGE('',*,*,#2339,.T.);
#3030=ORIENTED_EDGE('',*,*,#2340,.T.);
#3031=ORIENTED_EDGE('',*,*,#2341,.T.);
#3032=ORIENTED_EDGE('',*,*,#2342,.F.);
#3033=ORIENTED_EDGE('',*,*,#2343,.T.);
#3034=ORIENTED_EDGE('',*,*,#2344,.T.);
#3035=ORIENTED_EDGE('',*,*,#2345,.T.);
#3036=ORIENTED_EDGE('',*,*,#2346,.F.);
#3037=ORIENTED_EDGE('',*,*,#2347,.T.);
#3038=ORIENTED_EDGE('',*,*,#2348,.T.);
#3039=ORIENTED_EDGE('',*,*,#2349,.T.);
#3040=ORIENTED_EDGE('',*,*,#2350,.F.);
#3041=ORIENTED_EDGE('',*,*,#2351,.T.);
#3042=ORIENTED_EDGE('',*,*,#2352,.T.);
#3043=ORIENTED_EDGE('',*,*,#2353,.T.);
#3044=ORIENTED_EDGE('',*,*,#2354,.F.);
#3045=ORIENTED_EDGE('',*,*,#2348,.F.);
#3046=ORIENTED_EDGE('',*,*,#2355,.T.);
#3047=ORIENTED_EDGE('',*,*,#2354,.T.);
#3048=ORIENTED_EDGE('',*,*,#2356,.T.);
#3049=ORIENTED_EDGE('',*,*,#2357,.F.);
#3050=ORIENTED_EDGE('',*,*,#2358,.T.);
#3051=ORIENTED_EDGE('',*,*,#2359,.T.);
#3052=ORIENTED_EDGE('',*,*,#2350,.T.);
#3053=ORIENTED_EDGE('',*,*,#2360,.T.);
#3054=ORIENTED_EDGE('',*,*,#2361,.T.);
#3055=ORIENTED_EDGE('',*,*,#2362,.T.);
#3056=ORIENTED_EDGE('',*,*,#2346,.T.);
#3057=ORIENTED_EDGE('',*,*,#2363,.T.);
#3058=ORIENTED_EDGE('',*,*,#2364,.F.);
#3059=ORIENTED_EDGE('',*,*,#2336,.F.);
#3060=ORIENTED_EDGE('',*,*,#2338,.F.);
#3061=ORIENTED_EDGE('',*,*,#2365,.T.);
#3062=ORIENTED_EDGE('',*,*,#2366,.F.);
#3063=ORIENTED_EDGE('',*,*,#2367,.F.);
#3064=ORIENTED_EDGE('',*,*,#2364,.T.);
#3065=ORIENTED_EDGE('',*,*,#2368,.T.);
#3066=ORIENTED_EDGE('',*,*,#2369,.T.);
#3067=ORIENTED_EDGE('',*,*,#2370,.F.);
#3068=ORIENTED_EDGE('',*,*,#2366,.T.);
#3069=ORIENTED_EDGE('',*,*,#2371,.T.);
#3070=ORIENTED_EDGE('',*,*,#2340,.F.);
#3071=ORIENTED_EDGE('',*,*,#2372,.T.);
#3072=ORIENTED_EDGE('',*,*,#2373,.T.);
#3073=ORIENTED_EDGE('',*,*,#2374,.T.);
#3074=ORIENTED_EDGE('',*,*,#2352,.F.);
#3075=ORIENTED_EDGE('',*,*,#2332,.T.);
#3076=ORIENTED_EDGE('',*,*,#2329,.T.);
#3077=ORIENTED_EDGE('',*,*,#2344,.F.);
#3078=ORIENTED_EDGE('',*,*,#2375,.T.);
#3079=ORIENTED_EDGE('',*,*,#2342,.T.);
#3080=ORIENTED_EDGE('',*,*,#2376,.T.);
#3081=ORIENTED_EDGE('',*,*,#2370,.T.);
#3082=ORIENTED_EDGE('',*,*,#2377,.T.);
#3083=ORIENTED_EDGE('',*,*,#2357,.T.);
#3084=ORIENTED_EDGE('',*,*,#2367,.T.);
#3085=ORIENTED_EDGE('',*,*,#2345,.F.);
#3086=ORIENTED_EDGE('',*,*,#2376,.F.);
#3087=ORIENTED_EDGE('',*,*,#2341,.F.);
#3088=ORIENTED_EDGE('',*,*,#2371,.F.);
#3089=ORIENTED_EDGE('',*,*,#2365,.F.);
#3090=ORIENTED_EDGE('',*,*,#2363,.F.);
#3091=ORIENTED_EDGE('',*,*,#2378,.F.);
#3092=ORIENTED_EDGE('',*,*,#2373,.F.);
#3093=ORIENTED_EDGE('',*,*,#2379,.T.);
#3094=ORIENTED_EDGE('',*,*,#2361,.F.);
#3095=ORIENTED_EDGE('',*,*,#2349,.F.);
#3096=ORIENTED_EDGE('',*,*,#2356,.F.);
#3097=ORIENTED_EDGE('',*,*,#2353,.F.);
#3098=ORIENTED_EDGE('',*,*,#2374,.F.);
#3099=ORIENTED_EDGE('',*,*,#2378,.T.);
#3100=ORIENTED_EDGE('',*,*,#2360,.F.);
#3101=ORIENTED_EDGE('',*,*,#2339,.F.);
#3102=ORIENTED_EDGE('',*,*,#2375,.F.);
#3103=ORIENTED_EDGE('',*,*,#2343,.F.);
#3104=ORIENTED_EDGE('',*,*,#2362,.F.);
#3105=ORIENTED_EDGE('',*,*,#2379,.F.);
#3106=ORIENTED_EDGE('',*,*,#2372,.F.);
#3107=ORIENTED_EDGE('',*,*,#2351,.F.);
#3108=ORIENTED_EDGE('',*,*,#2355,.F.);
#3109=ORIENTED_EDGE('',*,*,#2347,.F.);
#3110=ORIENTED_EDGE('',*,*,#2359,.F.);
#3111=ORIENTED_EDGE('',*,*,#2380,.F.);
#3112=ORIENTED_EDGE('',*,*,#2368,.F.);
#3113=ORIENTED_EDGE('',*,*,#2377,.F.);
#3114=ORIENTED_EDGE('',*,*,#2369,.F.);
#3115=ORIENTED_EDGE('',*,*,#2380,.T.);
#3116=ORIENTED_EDGE('',*,*,#2358,.F.);
#3117=ORIENTED_EDGE('',*,*,#2381,.F.);
#3118=ORIENTED_EDGE('',*,*,#2382,.T.);
#3119=ORIENTED_EDGE('',*,*,#2383,.F.);
#3120=ORIENTED_EDGE('',*,*,#2382,.F.);
#3121=ORIENTED_EDGE('',*,*,#2384,.F.);
#3122=ORIENTED_EDGE('',*,*,#2385,.F.);
#3123=ORIENTED_EDGE('',*,*,#2386,.T.);
#3124=ORIENTED_EDGE('',*,*,#2387,.F.);
#3125=ORIENTED_EDGE('',*,*,#2386,.F.);
#3126=ORIENTED_EDGE('',*,*,#2384,.T.);
#3127=ORIENTED_EDGE('',*,*,#2385,.T.);
#3128=ORIENTED_EDGE('',*,*,#2388,.T.);
#3129=ORIENTED_EDGE('',*,*,#2381,.T.);
#3130=ORIENTED_EDGE('',*,*,#2388,.F.);
#3131=ORIENTED_EDGE('',*,*,#2383,.T.);
#3132=ORIENTED_EDGE('',*,*,#2387,.T.);
#3133=ORIENTED_EDGE('',*,*,#2389,.F.);
#3134=ORIENTED_EDGE('',*,*,#2390,.T.);
#3135=ORIENTED_EDGE('',*,*,#2391,.F.);
#3136=ORIENTED_EDGE('',*,*,#2390,.F.);
#3137=ORIENTED_EDGE('',*,*,#2392,.F.);
#3138=ORIENTED_EDGE('',*,*,#2393,.T.);
#3139=ORIENTED_EDGE('',*,*,#2394,.F.);
#3140=ORIENTED_EDGE('',*,*,#2393,.F.);
#3141=ORIENTED_EDGE('',*,*,#2394,.T.);
#3142=ORIENTED_EDGE('',*,*,#2395,.T.);
#3143=ORIENTED_EDGE('',*,*,#2396,.T.);
#3144=ORIENTED_EDGE('',*,*,#2395,.F.);
#3145=ORIENTED_EDGE('',*,*,#2391,.T.);
#3146=ORIENTED_EDGE('',*,*,#2397,.T.);
#3147=ORIENTED_EDGE('',*,*,#2398,.T.);
#3148=ORIENTED_EDGE('',*,*,#2397,.F.);
#3149=ORIENTED_EDGE('',*,*,#2399,.T.);
#3150=ORIENTED_EDGE('',*,*,#2400,.T.);
#3151=ORIENTED_EDGE('',*,*,#2401,.T.);
#3152=ORIENTED_EDGE('',*,*,#2402,.F.);
#3153=ORIENTED_EDGE('',*,*,#2403,.T.);
#3154=ORIENTED_EDGE('',*,*,#2404,.T.);
#3155=ORIENTED_EDGE('',*,*,#2405,.T.);
#3156=ORIENTED_EDGE('',*,*,#2406,.F.);
#3157=ORIENTED_EDGE('',*,*,#2407,.T.);
#3158=ORIENTED_EDGE('',*,*,#2408,.T.);
#3159=ORIENTED_EDGE('',*,*,#2409,.T.);
#3160=ORIENTED_EDGE('',*,*,#2410,.F.);
#3161=ORIENTED_EDGE('',*,*,#2411,.T.);
#3162=ORIENTED_EDGE('',*,*,#2412,.T.);
#3163=ORIENTED_EDGE('',*,*,#2413,.T.);
#3164=ORIENTED_EDGE('',*,*,#2414,.F.);
#3165=ORIENTED_EDGE('',*,*,#2408,.F.);
#3166=ORIENTED_EDGE('',*,*,#2415,.T.);
#3167=ORIENTED_EDGE('',*,*,#2414,.T.);
#3168=ORIENTED_EDGE('',*,*,#2416,.T.);
#3169=ORIENTED_EDGE('',*,*,#2417,.F.);
#3170=ORIENTED_EDGE('',*,*,#2418,.T.);
#3171=ORIENTED_EDGE('',*,*,#2419,.T.);
#3172=ORIENTED_EDGE('',*,*,#2410,.T.);
#3173=ORIENTED_EDGE('',*,*,#2420,.T.);
#3174=ORIENTED_EDGE('',*,*,#2421,.T.);
#3175=ORIENTED_EDGE('',*,*,#2422,.T.);
#3176=ORIENTED_EDGE('',*,*,#2406,.T.);
#3177=ORIENTED_EDGE('',*,*,#2423,.T.);
#3178=ORIENTED_EDGE('',*,*,#2424,.F.);
#3179=ORIENTED_EDGE('',*,*,#2396,.F.);
#3180=ORIENTED_EDGE('',*,*,#2398,.F.);
#3181=ORIENTED_EDGE('',*,*,#2425,.T.);
#3182=ORIENTED_EDGE('',*,*,#2426,.F.);
#3183=ORIENTED_EDGE('',*,*,#2427,.F.);
#3184=ORIENTED_EDGE('',*,*,#2424,.T.);
#3185=ORIENTED_EDGE('',*,*,#2428,.T.);
#3186=ORIENTED_EDGE('',*,*,#2429,.T.);
#3187=ORIENTED_EDGE('',*,*,#2430,.F.);
#3188=ORIENTED_EDGE('',*,*,#2426,.T.);
#3189=ORIENTED_EDGE('',*,*,#2431,.T.);
#3190=ORIENTED_EDGE('',*,*,#2400,.F.);
#3191=ORIENTED_EDGE('',*,*,#2432,.T.);
#3192=ORIENTED_EDGE('',*,*,#2433,.T.);
#3193=ORIENTED_EDGE('',*,*,#2434,.T.);
#3194=ORIENTED_EDGE('',*,*,#2412,.F.);
#3195=ORIENTED_EDGE('',*,*,#2392,.T.);
#3196=ORIENTED_EDGE('',*,*,#2389,.T.);
#3197=ORIENTED_EDGE('',*,*,#2404,.F.);
#3198=ORIENTED_EDGE('',*,*,#2435,.T.);
#3199=ORIENTED_EDGE('',*,*,#2402,.T.);
#3200=ORIENTED_EDGE('',*,*,#2436,.T.);
#3201=ORIENTED_EDGE('',*,*,#2430,.T.);
#3202=ORIENTED_EDGE('',*,*,#2437,.T.);
#3203=ORIENTED_EDGE('',*,*,#2417,.T.);
#3204=ORIENTED_EDGE('',*,*,#2427,.T.);
#3205=ORIENTED_EDGE('',*,*,#2405,.F.);
#3206=ORIENTED_EDGE('',*,*,#2436,.F.);
#3207=ORIENTED_EDGE('',*,*,#2401,.F.);
#3208=ORIENTED_EDGE('',*,*,#2431,.F.);
#3209=ORIENTED_EDGE('',*,*,#2425,.F.);
#3210=ORIENTED_EDGE('',*,*,#2423,.F.);
#3211=ORIENTED_EDGE('',*,*,#2438,.F.);
#3212=ORIENTED_EDGE('',*,*,#2433,.F.);
#3213=ORIENTED_EDGE('',*,*,#2439,.T.);
#3214=ORIENTED_EDGE('',*,*,#2421,.F.);
#3215=ORIENTED_EDGE('',*,*,#2409,.F.);
#3216=ORIENTED_EDGE('',*,*,#2416,.F.);
#3217=ORIENTED_EDGE('',*,*,#2413,.F.);
#3218=ORIENTED_EDGE('',*,*,#2434,.F.);
#3219=ORIENTED_EDGE('',*,*,#2438,.T.);
#3220=ORIENTED_EDGE('',*,*,#2420,.F.);
#3221=ORIENTED_EDGE('',*,*,#2399,.F.);
#3222=ORIENTED_EDGE('',*,*,#2435,.F.);
#3223=ORIENTED_EDGE('',*,*,#2403,.F.);
#3224=ORIENTED_EDGE('',*,*,#2422,.F.);
#3225=ORIENTED_EDGE('',*,*,#2439,.F.);
#3226=ORIENTED_EDGE('',*,*,#2432,.F.);
#3227=ORIENTED_EDGE('',*,*,#2411,.F.);
#3228=ORIENTED_EDGE('',*,*,#2415,.F.);
#3229=ORIENTED_EDGE('',*,*,#2407,.F.);
#3230=ORIENTED_EDGE('',*,*,#2419,.F.);
#3231=ORIENTED_EDGE('',*,*,#2440,.F.);
#3232=ORIENTED_EDGE('',*,*,#2428,.F.);
#3233=ORIENTED_EDGE('',*,*,#2437,.F.);
#3234=ORIENTED_EDGE('',*,*,#2429,.F.);
#3235=ORIENTED_EDGE('',*,*,#2440,.T.);
#3236=ORIENTED_EDGE('',*,*,#2418,.F.);
#3237=ORIENTED_EDGE('',*,*,#2441,.F.);
#3238=ORIENTED_EDGE('',*,*,#2442,.T.);
#3239=ORIENTED_EDGE('',*,*,#2443,.T.);
#3240=ORIENTED_EDGE('',*,*,#2444,.F.);
#3241=ORIENTED_EDGE('',*,*,#2445,.T.);
#3242=ORIENTED_EDGE('',*,*,#2446,.F.);
#3243=ORIENTED_EDGE('',*,*,#2447,.T.);
#3244=ORIENTED_EDGE('',*,*,#2441,.T.);
#3245=ORIENTED_EDGE('',*,*,#2448,.T.);
#3246=ORIENTED_EDGE('',*,*,#2449,.F.);
#3247=ORIENTED_EDGE('',*,*,#2450,.T.);
#3248=ORIENTED_EDGE('',*,*,#2446,.T.);
#3249=ORIENTED_EDGE('',*,*,#2451,.T.);
#3250=ORIENTED_EDGE('',*,*,#2452,.F.);
#3251=ORIENTED_EDGE('',*,*,#2453,.F.);
#3252=ORIENTED_EDGE('',*,*,#2454,.T.);
#3253=ORIENTED_EDGE('',*,*,#2455,.F.);
#3254=ORIENTED_EDGE('',*,*,#2456,.T.);
#3255=ORIENTED_EDGE('',*,*,#2457,.F.);
#3256=ORIENTED_EDGE('',*,*,#2452,.T.);
#3257=ORIENTED_EDGE('',*,*,#2458,.T.);
#3258=ORIENTED_EDGE('',*,*,#2459,.F.);
#3259=ORIENTED_EDGE('',*,*,#2460,.F.);
#3260=ORIENTED_EDGE('',*,*,#2454,.F.);
#3261=ORIENTED_EDGE('',*,*,#2461,.F.);
#3262=ORIENTED_EDGE('',*,*,#2462,.F.);
#3263=ORIENTED_EDGE('',*,*,#2463,.T.);
#3264=ORIENTED_EDGE('',*,*,#2463,.F.);
#3265=ORIENTED_EDGE('',*,*,#2464,.F.);
#3266=ORIENTED_EDGE('',*,*,#2465,.F.);
#3267=ORIENTED_EDGE('',*,*,#2466,.F.);
#3268=ORIENTED_EDGE('',*,*,#2467,.T.);
#3269=ORIENTED_EDGE('',*,*,#2468,.F.);
#3270=ORIENTED_EDGE('',*,*,#2469,.T.);
#3271=ORIENTED_EDGE('',*,*,#2470,.T.);
#3272=ORIENTED_EDGE('',*,*,#2471,.T.);
#3273=ORIENTED_EDGE('',*,*,#2472,.F.);
#3274=ORIENTED_EDGE('',*,*,#2467,.F.);
#3275=ORIENTED_EDGE('',*,*,#2473,.F.);
#3276=ORIENTED_EDGE('',*,*,#2474,.T.);
#3277=ORIENTED_EDGE('',*,*,#2475,.F.);
#3278=ORIENTED_EDGE('',*,*,#2476,.F.);
#3279=ORIENTED_EDGE('',*,*,#2477,.F.);
#3280=ORIENTED_EDGE('',*,*,#2478,.T.);
#3281=ORIENTED_EDGE('',*,*,#2473,.T.);
#3282=ORIENTED_EDGE('',*,*,#2479,.F.);
#3283=ORIENTED_EDGE('',*,*,#2480,.F.);
#3284=ORIENTED_EDGE('',*,*,#2481,.T.);
#3285=ORIENTED_EDGE('',*,*,#2477,.T.);
#3286=ORIENTED_EDGE('',*,*,#2482,.F.);
#3287=ORIENTED_EDGE('',*,*,#2483,.F.);
#3288=ORIENTED_EDGE('',*,*,#2484,.T.);
#3289=ORIENTED_EDGE('',*,*,#2480,.T.);
#3290=ORIENTED_EDGE('',*,*,#2485,.F.);
#3291=ORIENTED_EDGE('',*,*,#2483,.T.);
#3292=ORIENTED_EDGE('',*,*,#2486,.F.);
#3293=ORIENTED_EDGE('',*,*,#2487,.F.);
#3294=ORIENTED_EDGE('',*,*,#2488,.T.);
#3295=ORIENTED_EDGE('',*,*,#2470,.F.);
#3296=ORIENTED_EDGE('',*,*,#2489,.T.);
#3297=ORIENTED_EDGE('',*,*,#2490,.T.);
#3298=ORIENTED_EDGE('',*,*,#2491,.T.);
#3299=ORIENTED_EDGE('',*,*,#2460,.T.);
#3300=ORIENTED_EDGE('',*,*,#2492,.F.);
#3301=ORIENTED_EDGE('',*,*,#2458,.F.);
#3302=ORIENTED_EDGE('',*,*,#2455,.T.);
#3303=ORIENTED_EDGE('',*,*,#2493,.F.);
#3304=ORIENTED_EDGE('',*,*,#2443,.F.);
#3305=ORIENTED_EDGE('',*,*,#2494,.T.);
#3306=ORIENTED_EDGE('',*,*,#2449,.T.);
#3307=ORIENTED_EDGE('',*,*,#2495,.T.);
#3308=ORIENTED_EDGE('',*,*,#2490,.F.);
#3309=ORIENTED_EDGE('',*,*,#2496,.T.);
#3310=ORIENTED_EDGE('',*,*,#2464,.T.);
#3311=ORIENTED_EDGE('',*,*,#2462,.T.);
#3312=ORIENTED_EDGE('',*,*,#2497,.F.);
#3313=ORIENTED_EDGE('',*,*,#2498,.F.);
#3314=ORIENTED_EDGE('',*,*,#2499,.F.);
#3315=ORIENTED_EDGE('',*,*,#2500,.F.);
#3316=ORIENTED_EDGE('',*,*,#2501,.T.);
#3317=ORIENTED_EDGE('',*,*,#2502,.T.);
#3318=ORIENTED_EDGE('',*,*,#2501,.F.);
#3319=ORIENTED_EDGE('',*,*,#2502,.F.);
#3320=ORIENTED_EDGE('',*,*,#2503,.T.);
#3321=ORIENTED_EDGE('',*,*,#2504,.T.);
#3322=ORIENTED_EDGE('',*,*,#2503,.F.);
#3323=ORIENTED_EDGE('',*,*,#2504,.F.);
#3324=ORIENTED_EDGE('',*,*,#2505,.T.);
#3325=ORIENTED_EDGE('',*,*,#2466,.T.);
#3326=ORIENTED_EDGE('',*,*,#2505,.F.);
#3327=ORIENTED_EDGE('',*,*,#2500,.T.);
#3328=ORIENTED_EDGE('',*,*,#2506,.T.);
#3329=ORIENTED_EDGE('',*,*,#2507,.T.);
#3330=ORIENTED_EDGE('',*,*,#2508,.T.);
#3331=ORIENTED_EDGE('',*,*,#2509,.T.);
#3332=ORIENTED_EDGE('',*,*,#2510,.T.);
#3333=ORIENTED_EDGE('',*,*,#2511,.T.);
#3334=ORIENTED_EDGE('',*,*,#2512,.T.);
#3335=ORIENTED_EDGE('',*,*,#2513,.T.);
#3336=ORIENTED_EDGE('',*,*,#2514,.T.);
#3337=ORIENTED_EDGE('',*,*,#2515,.T.);
#3338=ORIENTED_EDGE('',*,*,#2516,.T.);
#3339=ORIENTED_EDGE('',*,*,#2517,.T.);
#3340=ORIENTED_EDGE('',*,*,#2518,.T.);
#3341=ORIENTED_EDGE('',*,*,#2519,.T.);
#3342=ORIENTED_EDGE('',*,*,#2520,.T.);
#3343=ORIENTED_EDGE('',*,*,#2521,.T.);
#3344=ORIENTED_EDGE('',*,*,#2522,.T.);
#3345=ORIENTED_EDGE('',*,*,#2523,.T.);
#3346=ORIENTED_EDGE('',*,*,#2524,.T.);
#3347=ORIENTED_EDGE('',*,*,#2525,.T.);
#3348=ORIENTED_EDGE('',*,*,#2526,.T.);
#3349=ORIENTED_EDGE('',*,*,#2506,.F.);
#3350=ORIENTED_EDGE('',*,*,#2527,.F.);
#3351=ORIENTED_EDGE('',*,*,#2528,.F.);
#3352=ORIENTED_EDGE('',*,*,#2529,.T.);
#3353=ORIENTED_EDGE('',*,*,#2507,.F.);
#3354=ORIENTED_EDGE('',*,*,#2526,.F.);
#3355=ORIENTED_EDGE('',*,*,#2530,.T.);
#3356=ORIENTED_EDGE('',*,*,#2531,.T.);
#3357=ORIENTED_EDGE('',*,*,#2508,.F.);
#3358=ORIENTED_EDGE('',*,*,#2529,.F.);
#3359=ORIENTED_EDGE('',*,*,#2532,.F.);
#3360=ORIENTED_EDGE('',*,*,#2533,.T.);
#3361=ORIENTED_EDGE('',*,*,#2534,.T.);
#3362=ORIENTED_EDGE('',*,*,#2509,.F.);
#3363=ORIENTED_EDGE('',*,*,#2531,.F.);
#3364=ORIENTED_EDGE('',*,*,#2535,.F.);
#3365=ORIENTED_EDGE('',*,*,#2536,.T.);
#3366=ORIENTED_EDGE('',*,*,#2510,.F.);
#3367=ORIENTED_EDGE('',*,*,#2534,.F.);
#3368=ORIENTED_EDGE('',*,*,#2537,.T.);
#3369=ORIENTED_EDGE('',*,*,#2538,.F.);
#3370=ORIENTED_EDGE('',*,*,#2539,.T.);
#3371=ORIENTED_EDGE('',*,*,#2511,.F.);
#3372=ORIENTED_EDGE('',*,*,#2536,.F.);
#3373=ORIENTED_EDGE('',*,*,#2540,.F.);
#3374=ORIENTED_EDGE('',*,*,#2541,.T.);
#3375=ORIENTED_EDGE('',*,*,#2512,.F.);
#3376=ORIENTED_EDGE('',*,*,#2539,.F.);
#3377=ORIENTED_EDGE('',*,*,#2542,.T.);
#3378=ORIENTED_EDGE('',*,*,#2543,.T.);
#3379=ORIENTED_EDGE('',*,*,#2513,.F.);
#3380=ORIENTED_EDGE('',*,*,#2541,.F.);
#3381=ORIENTED_EDGE('',*,*,#2544,.F.);
#3382=ORIENTED_EDGE('',*,*,#2545,.T.);
#3383=ORIENTED_EDGE('',*,*,#2546,.T.);
#3384=ORIENTED_EDGE('',*,*,#2514,.F.);
#3385=ORIENTED_EDGE('',*,*,#2543,.F.);
#3386=ORIENTED_EDGE('',*,*,#2547,.F.);
#3387=ORIENTED_EDGE('',*,*,#2548,.T.);
#3388=ORIENTED_EDGE('',*,*,#2515,.F.);
#3389=ORIENTED_EDGE('',*,*,#2546,.F.);
#3390=ORIENTED_EDGE('',*,*,#2549,.T.);
#3391=ORIENTED_EDGE('',*,*,#2550,.F.);
#3392=ORIENTED_EDGE('',*,*,#2551,.T.);
#3393=ORIENTED_EDGE('',*,*,#2516,.F.);
#3394=ORIENTED_EDGE('',*,*,#2548,.F.);
#3395=ORIENTED_EDGE('',*,*,#2552,.F.);
#3396=ORIENTED_EDGE('',*,*,#2553,.T.);
#3397=ORIENTED_EDGE('',*,*,#2517,.F.);
#3398=ORIENTED_EDGE('',*,*,#2551,.F.);
#3399=ORIENTED_EDGE('',*,*,#2554,.T.);
#3400=ORIENTED_EDGE('',*,*,#2555,.T.);
#3401=ORIENTED_EDGE('',*,*,#2518,.F.);
#3402=ORIENTED_EDGE('',*,*,#2553,.F.);
#3403=ORIENTED_EDGE('',*,*,#2556,.F.);
#3404=ORIENTED_EDGE('',*,*,#2557,.T.);
#3405=ORIENTED_EDGE('',*,*,#2558,.T.);
#3406=ORIENTED_EDGE('',*,*,#2519,.F.);
#3407=ORIENTED_EDGE('',*,*,#2555,.F.);
#3408=ORIENTED_EDGE('',*,*,#2559,.F.);
#3409=ORIENTED_EDGE('',*,*,#2560,.T.);
#3410=ORIENTED_EDGE('',*,*,#2520,.F.);
#3411=ORIENTED_EDGE('',*,*,#2558,.F.);
#3412=ORIENTED_EDGE('',*,*,#2561,.T.);
#3413=ORIENTED_EDGE('',*,*,#2562,.F.);
#3414=ORIENTED_EDGE('',*,*,#2563,.T.);
#3415=ORIENTED_EDGE('',*,*,#2521,.F.);
#3416=ORIENTED_EDGE('',*,*,#2560,.F.);
#3417=ORIENTED_EDGE('',*,*,#2564,.F.);
#3418=ORIENTED_EDGE('',*,*,#2565,.T.);
#3419=ORIENTED_EDGE('',*,*,#2522,.F.);
#3420=ORIENTED_EDGE('',*,*,#2563,.F.);
#3421=ORIENTED_EDGE('',*,*,#2566,.T.);
#3422=ORIENTED_EDGE('',*,*,#2567,.T.);
#3423=ORIENTED_EDGE('',*,*,#2523,.F.);
#3424=ORIENTED_EDGE('',*,*,#2565,.F.);
#3425=ORIENTED_EDGE('',*,*,#2568,.F.);
#3426=ORIENTED_EDGE('',*,*,#2569,.T.);
#3427=ORIENTED_EDGE('',*,*,#2570,.T.);
#3428=ORIENTED_EDGE('',*,*,#2524,.F.);
#3429=ORIENTED_EDGE('',*,*,#2567,.F.);
#3430=ORIENTED_EDGE('',*,*,#2571,.F.);
#3431=ORIENTED_EDGE('',*,*,#2527,.T.);
#3432=ORIENTED_EDGE('',*,*,#2525,.F.);
#3433=ORIENTED_EDGE('',*,*,#2570,.F.);
#3434=ORIENTED_EDGE('',*,*,#2572,.T.);
#3435=ORIENTED_EDGE('',*,*,#2573,.F.);
#3436=ORIENTED_EDGE('',*,*,#2537,.F.);
#3437=ORIENTED_EDGE('',*,*,#2533,.F.);
#3438=ORIENTED_EDGE('',*,*,#2574,.F.);
#3439=ORIENTED_EDGE('',*,*,#2572,.F.);
#3440=ORIENTED_EDGE('',*,*,#2569,.F.);
#3441=ORIENTED_EDGE('',*,*,#2575,.F.);
#3442=ORIENTED_EDGE('',*,*,#2561,.F.);
#3443=ORIENTED_EDGE('',*,*,#2557,.F.);
#3444=ORIENTED_EDGE('',*,*,#2576,.F.);
#3445=ORIENTED_EDGE('',*,*,#2549,.F.);
#3446=ORIENTED_EDGE('',*,*,#2545,.F.);
#3447=ORIENTED_EDGE('',*,*,#2577,.F.);
#3448=ORIENTED_EDGE('',*,*,#2535,.T.);
#3449=ORIENTED_EDGE('',*,*,#2532,.T.);
#3450=ORIENTED_EDGE('',*,*,#2530,.F.);
#3451=ORIENTED_EDGE('',*,*,#2528,.T.);
#3452=ORIENTED_EDGE('',*,*,#2573,.T.);
#3453=ORIENTED_EDGE('',*,*,#2574,.T.);
#3454=ORIENTED_EDGE('',*,*,#2564,.T.);
#3455=ORIENTED_EDGE('',*,*,#2562,.T.);
#3456=ORIENTED_EDGE('',*,*,#2575,.T.);
#3457=ORIENTED_EDGE('',*,*,#2571,.T.);
#3458=ORIENTED_EDGE('',*,*,#2568,.T.);
#3459=ORIENTED_EDGE('',*,*,#2566,.F.);
#3460=ORIENTED_EDGE('',*,*,#2552,.T.);
#3461=ORIENTED_EDGE('',*,*,#2550,.T.);
#3462=ORIENTED_EDGE('',*,*,#2576,.T.);
#3463=ORIENTED_EDGE('',*,*,#2559,.T.);
#3464=ORIENTED_EDGE('',*,*,#2556,.T.);
#3465=ORIENTED_EDGE('',*,*,#2554,.F.);
#3466=ORIENTED_EDGE('',*,*,#2540,.T.);
#3467=ORIENTED_EDGE('',*,*,#2538,.T.);
#3468=ORIENTED_EDGE('',*,*,#2577,.T.);
#3469=ORIENTED_EDGE('',*,*,#2547,.T.);
#3470=ORIENTED_EDGE('',*,*,#2544,.T.);
#3471=ORIENTED_EDGE('',*,*,#2542,.F.);
#3472=ORIENTED_EDGE('',*,*,#2493,.T.);
#3473=ORIENTED_EDGE('',*,*,#2459,.T.);
#3474=ORIENTED_EDGE('',*,*,#2492,.T.);
#3475=ORIENTED_EDGE('',*,*,#2465,.T.);
#3476=ORIENTED_EDGE('',*,*,#2499,.T.);
#3477=ORIENTED_EDGE('',*,*,#2578,.F.);
#3478=ORIENTED_EDGE('',*,*,#2579,.T.);
#3479=ORIENTED_EDGE('',*,*,#2444,.T.);
#3480=ORIENTED_EDGE('',*,*,#2497,.T.);
#3481=ORIENTED_EDGE('',*,*,#2461,.T.);
#3482=ORIENTED_EDGE('',*,*,#2453,.T.);
#3483=ORIENTED_EDGE('',*,*,#2457,.T.);
#3484=ORIENTED_EDGE('',*,*,#2580,.T.);
#3485=ORIENTED_EDGE('',*,*,#2581,.T.);
#3486=ORIENTED_EDGE('',*,*,#2445,.F.);
#3487=ORIENTED_EDGE('',*,*,#2579,.F.);
#3488=ORIENTED_EDGE('',*,*,#2486,.T.);
#3489=ORIENTED_EDGE('',*,*,#2485,.T.);
#3490=ORIENTED_EDGE('',*,*,#2482,.T.);
#3491=ORIENTED_EDGE('',*,*,#2479,.T.);
#3492=ORIENTED_EDGE('',*,*,#2476,.T.);
#3493=ORIENTED_EDGE('',*,*,#2582,.F.);
#3494=ORIENTED_EDGE('',*,*,#2471,.F.);
#3495=ORIENTED_EDGE('',*,*,#2491,.F.);
#3496=ORIENTED_EDGE('',*,*,#2495,.F.);
#3497=ORIENTED_EDGE('',*,*,#2451,.F.);
#3498=ORIENTED_EDGE('',*,*,#2448,.F.);
#3499=ORIENTED_EDGE('',*,*,#2494,.F.);
#3500=ORIENTED_EDGE('',*,*,#2442,.F.);
#3501=ORIENTED_EDGE('',*,*,#2447,.F.);
#3502=ORIENTED_EDGE('',*,*,#2450,.F.);
#3503=ORIENTED_EDGE('',*,*,#2496,.F.);
#3504=ORIENTED_EDGE('',*,*,#2489,.F.);
#3505=ORIENTED_EDGE('',*,*,#2469,.F.);
#3506=ORIENTED_EDGE('',*,*,#2583,.F.);
#3507=ORIENTED_EDGE('',*,*,#2474,.F.);
#3508=ORIENTED_EDGE('',*,*,#2478,.F.);
#3509=ORIENTED_EDGE('',*,*,#2481,.F.);
#3510=ORIENTED_EDGE('',*,*,#2484,.F.);
#3511=ORIENTED_EDGE('',*,*,#2488,.F.);
#3512=ORIENTED_EDGE('',*,*,#2580,.F.);
#3513=ORIENTED_EDGE('',*,*,#2456,.F.);
#3514=ORIENTED_EDGE('',*,*,#2583,.T.);
#3515=ORIENTED_EDGE('',*,*,#2468,.T.);
#3516=ORIENTED_EDGE('',*,*,#2472,.T.);
#3517=ORIENTED_EDGE('',*,*,#2582,.T.);
#3518=ORIENTED_EDGE('',*,*,#2475,.T.);
#3519=ORIENTED_EDGE('',*,*,#2578,.T.);
#3520=ORIENTED_EDGE('',*,*,#2498,.T.);
#3521=ORIENTED_EDGE('',*,*,#2581,.F.);
#3522=ORIENTED_EDGE('',*,*,#2487,.T.);
#3523=ORIENTED_EDGE('',*,*,#2584,.F.);
#3524=ORIENTED_EDGE('',*,*,#2585,.T.);
#3525=ORIENTED_EDGE('',*,*,#2586,.T.);
#3526=ORIENTED_EDGE('',*,*,#2587,.F.);
#3527=ORIENTED_EDGE('',*,*,#2588,.T.);
#3528=ORIENTED_EDGE('',*,*,#2589,.F.);
#3529=ORIENTED_EDGE('',*,*,#2590,.T.);
#3530=ORIENTED_EDGE('',*,*,#2584,.T.);
#3531=ORIENTED_EDGE('',*,*,#2591,.T.);
#3532=ORIENTED_EDGE('',*,*,#2592,.F.);
#3533=ORIENTED_EDGE('',*,*,#2593,.T.);
#3534=ORIENTED_EDGE('',*,*,#2589,.T.);
#3535=ORIENTED_EDGE('',*,*,#2594,.T.);
#3536=ORIENTED_EDGE('',*,*,#2595,.F.);
#3537=ORIENTED_EDGE('',*,*,#2596,.F.);
#3538=ORIENTED_EDGE('',*,*,#2597,.T.);
#3539=ORIENTED_EDGE('',*,*,#2598,.F.);
#3540=ORIENTED_EDGE('',*,*,#2599,.T.);
#3541=ORIENTED_EDGE('',*,*,#2600,.F.);
#3542=ORIENTED_EDGE('',*,*,#2595,.T.);
#3543=ORIENTED_EDGE('',*,*,#2601,.T.);
#3544=ORIENTED_EDGE('',*,*,#2602,.F.);
#3545=ORIENTED_EDGE('',*,*,#2603,.F.);
#3546=ORIENTED_EDGE('',*,*,#2597,.F.);
#3547=ORIENTED_EDGE('',*,*,#2604,.F.);
#3548=ORIENTED_EDGE('',*,*,#2605,.F.);
#3549=ORIENTED_EDGE('',*,*,#2606,.T.);
#3550=ORIENTED_EDGE('',*,*,#2606,.F.);
#3551=ORIENTED_EDGE('',*,*,#2607,.F.);
#3552=ORIENTED_EDGE('',*,*,#2608,.F.);
#3553=ORIENTED_EDGE('',*,*,#2609,.F.);
#3554=ORIENTED_EDGE('',*,*,#2610,.T.);
#3555=ORIENTED_EDGE('',*,*,#2611,.F.);
#3556=ORIENTED_EDGE('',*,*,#2612,.T.);
#3557=ORIENTED_EDGE('',*,*,#2613,.T.);
#3558=ORIENTED_EDGE('',*,*,#2614,.T.);
#3559=ORIENTED_EDGE('',*,*,#2615,.F.);
#3560=ORIENTED_EDGE('',*,*,#2610,.F.);
#3561=ORIENTED_EDGE('',*,*,#2616,.F.);
#3562=ORIENTED_EDGE('',*,*,#2617,.T.);
#3563=ORIENTED_EDGE('',*,*,#2618,.F.);
#3564=ORIENTED_EDGE('',*,*,#2619,.F.);
#3565=ORIENTED_EDGE('',*,*,#2620,.F.);
#3566=ORIENTED_EDGE('',*,*,#2621,.T.);
#3567=ORIENTED_EDGE('',*,*,#2616,.T.);
#3568=ORIENTED_EDGE('',*,*,#2622,.F.);
#3569=ORIENTED_EDGE('',*,*,#2623,.F.);
#3570=ORIENTED_EDGE('',*,*,#2624,.T.);
#3571=ORIENTED_EDGE('',*,*,#2620,.T.);
#3572=ORIENTED_EDGE('',*,*,#2625,.F.);
#3573=ORIENTED_EDGE('',*,*,#2626,.F.);
#3574=ORIENTED_EDGE('',*,*,#2627,.T.);
#3575=ORIENTED_EDGE('',*,*,#2623,.T.);
#3576=ORIENTED_EDGE('',*,*,#2628,.F.);
#3577=ORIENTED_EDGE('',*,*,#2626,.T.);
#3578=ORIENTED_EDGE('',*,*,#2629,.F.);
#3579=ORIENTED_EDGE('',*,*,#2630,.F.);
#3580=ORIENTED_EDGE('',*,*,#2631,.T.);
#3581=ORIENTED_EDGE('',*,*,#2613,.F.);
#3582=ORIENTED_EDGE('',*,*,#2632,.T.);
#3583=ORIENTED_EDGE('',*,*,#2633,.T.);
#3584=ORIENTED_EDGE('',*,*,#2634,.T.);
#3585=ORIENTED_EDGE('',*,*,#2603,.T.);
#3586=ORIENTED_EDGE('',*,*,#2635,.F.);
#3587=ORIENTED_EDGE('',*,*,#2601,.F.);
#3588=ORIENTED_EDGE('',*,*,#2598,.T.);
#3589=ORIENTED_EDGE('',*,*,#2636,.F.);
#3590=ORIENTED_EDGE('',*,*,#2586,.F.);
#3591=ORIENTED_EDGE('',*,*,#2637,.T.);
#3592=ORIENTED_EDGE('',*,*,#2592,.T.);
#3593=ORIENTED_EDGE('',*,*,#2638,.T.);
#3594=ORIENTED_EDGE('',*,*,#2633,.F.);
#3595=ORIENTED_EDGE('',*,*,#2639,.T.);
#3596=ORIENTED_EDGE('',*,*,#2607,.T.);
#3597=ORIENTED_EDGE('',*,*,#2605,.T.);
#3598=ORIENTED_EDGE('',*,*,#2640,.F.);
#3599=ORIENTED_EDGE('',*,*,#2641,.F.);
#3600=ORIENTED_EDGE('',*,*,#2642,.F.);
#3601=ORIENTED_EDGE('',*,*,#2643,.F.);
#3602=ORIENTED_EDGE('',*,*,#2644,.T.);
#3603=ORIENTED_EDGE('',*,*,#2645,.T.);
#3604=ORIENTED_EDGE('',*,*,#2644,.F.);
#3605=ORIENTED_EDGE('',*,*,#2645,.F.);
#3606=ORIENTED_EDGE('',*,*,#2646,.T.);
#3607=ORIENTED_EDGE('',*,*,#2647,.T.);
#3608=ORIENTED_EDGE('',*,*,#2646,.F.);
#3609=ORIENTED_EDGE('',*,*,#2647,.F.);
#3610=ORIENTED_EDGE('',*,*,#2648,.T.);
#3611=ORIENTED_EDGE('',*,*,#2609,.T.);
#3612=ORIENTED_EDGE('',*,*,#2648,.F.);
#3613=ORIENTED_EDGE('',*,*,#2643,.T.);
#3614=ORIENTED_EDGE('',*,*,#2649,.T.);
#3615=ORIENTED_EDGE('',*,*,#2650,.T.);
#3616=ORIENTED_EDGE('',*,*,#2651,.T.);
#3617=ORIENTED_EDGE('',*,*,#2652,.T.);
#3618=ORIENTED_EDGE('',*,*,#2653,.T.);
#3619=ORIENTED_EDGE('',*,*,#2654,.T.);
#3620=ORIENTED_EDGE('',*,*,#2655,.T.);
#3621=ORIENTED_EDGE('',*,*,#2656,.T.);
#3622=ORIENTED_EDGE('',*,*,#2657,.T.);
#3623=ORIENTED_EDGE('',*,*,#2658,.T.);
#3624=ORIENTED_EDGE('',*,*,#2659,.T.);
#3625=ORIENTED_EDGE('',*,*,#2660,.T.);
#3626=ORIENTED_EDGE('',*,*,#2661,.T.);
#3627=ORIENTED_EDGE('',*,*,#2662,.T.);
#3628=ORIENTED_EDGE('',*,*,#2663,.T.);
#3629=ORIENTED_EDGE('',*,*,#2664,.T.);
#3630=ORIENTED_EDGE('',*,*,#2665,.T.);
#3631=ORIENTED_EDGE('',*,*,#2666,.T.);
#3632=ORIENTED_EDGE('',*,*,#2667,.T.);
#3633=ORIENTED_EDGE('',*,*,#2668,.T.);
#3634=ORIENTED_EDGE('',*,*,#2669,.T.);
#3635=ORIENTED_EDGE('',*,*,#2649,.F.);
#3636=ORIENTED_EDGE('',*,*,#2670,.F.);
#3637=ORIENTED_EDGE('',*,*,#2671,.F.);
#3638=ORIENTED_EDGE('',*,*,#2672,.T.);
#3639=ORIENTED_EDGE('',*,*,#2650,.F.);
#3640=ORIENTED_EDGE('',*,*,#2669,.F.);
#3641=ORIENTED_EDGE('',*,*,#2673,.T.);
#3642=ORIENTED_EDGE('',*,*,#2674,.T.);
#3643=ORIENTED_EDGE('',*,*,#2651,.F.);
#3644=ORIENTED_EDGE('',*,*,#2672,.F.);
#3645=ORIENTED_EDGE('',*,*,#2675,.F.);
#3646=ORIENTED_EDGE('',*,*,#2676,.T.);
#3647=ORIENTED_EDGE('',*,*,#2677,.T.);
#3648=ORIENTED_EDGE('',*,*,#2652,.F.);
#3649=ORIENTED_EDGE('',*,*,#2674,.F.);
#3650=ORIENTED_EDGE('',*,*,#2678,.F.);
#3651=ORIENTED_EDGE('',*,*,#2679,.T.);
#3652=ORIENTED_EDGE('',*,*,#2653,.F.);
#3653=ORIENTED_EDGE('',*,*,#2677,.F.);
#3654=ORIENTED_EDGE('',*,*,#2680,.T.);
#3655=ORIENTED_EDGE('',*,*,#2681,.F.);
#3656=ORIENTED_EDGE('',*,*,#2682,.T.);
#3657=ORIENTED_EDGE('',*,*,#2654,.F.);
#3658=ORIENTED_EDGE('',*,*,#2679,.F.);
#3659=ORIENTED_EDGE('',*,*,#2683,.F.);
#3660=ORIENTED_EDGE('',*,*,#2684,.T.);
#3661=ORIENTED_EDGE('',*,*,#2655,.F.);
#3662=ORIENTED_EDGE('',*,*,#2682,.F.);
#3663=ORIENTED_EDGE('',*,*,#2685,.T.);
#3664=ORIENTED_EDGE('',*,*,#2686,.T.);
#3665=ORIENTED_EDGE('',*,*,#2656,.F.);
#3666=ORIENTED_EDGE('',*,*,#2684,.F.);
#3667=ORIENTED_EDGE('',*,*,#2687,.F.);
#3668=ORIENTED_EDGE('',*,*,#2688,.T.);
#3669=ORIENTED_EDGE('',*,*,#2689,.T.);
#3670=ORIENTED_EDGE('',*,*,#2657,.F.);
#3671=ORIENTED_EDGE('',*,*,#2686,.F.);
#3672=ORIENTED_EDGE('',*,*,#2690,.F.);
#3673=ORIENTED_EDGE('',*,*,#2691,.T.);
#3674=ORIENTED_EDGE('',*,*,#2658,.F.);
#3675=ORIENTED_EDGE('',*,*,#2689,.F.);
#3676=ORIENTED_EDGE('',*,*,#2692,.T.);
#3677=ORIENTED_EDGE('',*,*,#2693,.F.);
#3678=ORIENTED_EDGE('',*,*,#2694,.T.);
#3679=ORIENTED_EDGE('',*,*,#2659,.F.);
#3680=ORIENTED_EDGE('',*,*,#2691,.F.);
#3681=ORIENTED_EDGE('',*,*,#2695,.F.);
#3682=ORIENTED_EDGE('',*,*,#2696,.T.);
#3683=ORIENTED_EDGE('',*,*,#2660,.F.);
#3684=ORIENTED_EDGE('',*,*,#2694,.F.);
#3685=ORIENTED_EDGE('',*,*,#2697,.T.);
#3686=ORIENTED_EDGE('',*,*,#2698,.T.);
#3687=ORIENTED_EDGE('',*,*,#2661,.F.);
#3688=ORIENTED_EDGE('',*,*,#2696,.F.);
#3689=ORIENTED_EDGE('',*,*,#2699,.F.);
#3690=ORIENTED_EDGE('',*,*,#2700,.T.);
#3691=ORIENTED_EDGE('',*,*,#2701,.T.);
#3692=ORIENTED_EDGE('',*,*,#2662,.F.);
#3693=ORIENTED_EDGE('',*,*,#2698,.F.);
#3694=ORIENTED_EDGE('',*,*,#2702,.F.);
#3695=ORIENTED_EDGE('',*,*,#2703,.T.);
#3696=ORIENTED_EDGE('',*,*,#2663,.F.);
#3697=ORIENTED_EDGE('',*,*,#2701,.F.);
#3698=ORIENTED_EDGE('',*,*,#2704,.T.);
#3699=ORIENTED_EDGE('',*,*,#2705,.F.);
#3700=ORIENTED_EDGE('',*,*,#2706,.T.);
#3701=ORIENTED_EDGE('',*,*,#2664,.F.);
#3702=ORIENTED_EDGE('',*,*,#2703,.F.);
#3703=ORIENTED_EDGE('',*,*,#2707,.F.);
#3704=ORIENTED_EDGE('',*,*,#2708,.T.);
#3705=ORIENTED_EDGE('',*,*,#2665,.F.);
#3706=ORIENTED_EDGE('',*,*,#2706,.F.);
#3707=ORIENTED_EDGE('',*,*,#2709,.T.);
#3708=ORIENTED_EDGE('',*,*,#2710,.T.);
#3709=ORIENTED_EDGE('',*,*,#2666,.F.);
#3710=ORIENTED_EDGE('',*,*,#2708,.F.);
#3711=ORIENTED_EDGE('',*,*,#2711,.F.);
#3712=ORIENTED_EDGE('',*,*,#2712,.T.);
#3713=ORIENTED_EDGE('',*,*,#2713,.T.);
#3714=ORIENTED_EDGE('',*,*,#2667,.F.);
#3715=ORIENTED_EDGE('',*,*,#2710,.F.);
#3716=ORIENTED_EDGE('',*,*,#2714,.F.);
#3717=ORIENTED_EDGE('',*,*,#2670,.T.);
#3718=ORIENTED_EDGE('',*,*,#2668,.F.);
#3719=ORIENTED_EDGE('',*,*,#2713,.F.);
#3720=ORIENTED_EDGE('',*,*,#2715,.T.);
#3721=ORIENTED_EDGE('',*,*,#2716,.F.);
#3722=ORIENTED_EDGE('',*,*,#2680,.F.);
#3723=ORIENTED_EDGE('',*,*,#2676,.F.);
#3724=ORIENTED_EDGE('',*,*,#2717,.F.);
#3725=ORIENTED_EDGE('',*,*,#2715,.F.);
#3726=ORIENTED_EDGE('',*,*,#2712,.F.);
#3727=ORIENTED_EDGE('',*,*,#2718,.F.);
#3728=ORIENTED_EDGE('',*,*,#2704,.F.);
#3729=ORIENTED_EDGE('',*,*,#2700,.F.);
#3730=ORIENTED_EDGE('',*,*,#2719,.F.);
#3731=ORIENTED_EDGE('',*,*,#2692,.F.);
#3732=ORIENTED_EDGE('',*,*,#2688,.F.);
#3733=ORIENTED_EDGE('',*,*,#2720,.F.);
#3734=ORIENTED_EDGE('',*,*,#2678,.T.);
#3735=ORIENTED_EDGE('',*,*,#2675,.T.);
#3736=ORIENTED_EDGE('',*,*,#2673,.F.);
#3737=ORIENTED_EDGE('',*,*,#2671,.T.);
#3738=ORIENTED_EDGE('',*,*,#2716,.T.);
#3739=ORIENTED_EDGE('',*,*,#2717,.T.);
#3740=ORIENTED_EDGE('',*,*,#2707,.T.);
#3741=ORIENTED_EDGE('',*,*,#2705,.T.);
#3742=ORIENTED_EDGE('',*,*,#2718,.T.);
#3743=ORIENTED_EDGE('',*,*,#2714,.T.);
#3744=ORIENTED_EDGE('',*,*,#2711,.T.);
#3745=ORIENTED_EDGE('',*,*,#2709,.F.);
#3746=ORIENTED_EDGE('',*,*,#2695,.T.);
#3747=ORIENTED_EDGE('',*,*,#2693,.T.);
#3748=ORIENTED_EDGE('',*,*,#2719,.T.);
#3749=ORIENTED_EDGE('',*,*,#2702,.T.);
#3750=ORIENTED_EDGE('',*,*,#2699,.T.);
#3751=ORIENTED_EDGE('',*,*,#2697,.F.);
#3752=ORIENTED_EDGE('',*,*,#2683,.T.);
#3753=ORIENTED_EDGE('',*,*,#2681,.T.);
#3754=ORIENTED_EDGE('',*,*,#2720,.T.);
#3755=ORIENTED_EDGE('',*,*,#2690,.T.);
#3756=ORIENTED_EDGE('',*,*,#2687,.T.);
#3757=ORIENTED_EDGE('',*,*,#2685,.F.);
#3758=ORIENTED_EDGE('',*,*,#2636,.T.);
#3759=ORIENTED_EDGE('',*,*,#2602,.T.);
#3760=ORIENTED_EDGE('',*,*,#2635,.T.);
#3761=ORIENTED_EDGE('',*,*,#2608,.T.);
#3762=ORIENTED_EDGE('',*,*,#2642,.T.);
#3763=ORIENTED_EDGE('',*,*,#2721,.F.);
#3764=ORIENTED_EDGE('',*,*,#2722,.T.);
#3765=ORIENTED_EDGE('',*,*,#2587,.T.);
#3766=ORIENTED_EDGE('',*,*,#2640,.T.);
#3767=ORIENTED_EDGE('',*,*,#2604,.T.);
#3768=ORIENTED_EDGE('',*,*,#2596,.T.);
#3769=ORIENTED_EDGE('',*,*,#2600,.T.);
#3770=ORIENTED_EDGE('',*,*,#2723,.T.);
#3771=ORIENTED_EDGE('',*,*,#2724,.T.);
#3772=ORIENTED_EDGE('',*,*,#2588,.F.);
#3773=ORIENTED_EDGE('',*,*,#2722,.F.);
#3774=ORIENTED_EDGE('',*,*,#2629,.T.);
#3775=ORIENTED_EDGE('',*,*,#2628,.T.);
#3776=ORIENTED_EDGE('',*,*,#2625,.T.);
#3777=ORIENTED_EDGE('',*,*,#2622,.T.);
#3778=ORIENTED_EDGE('',*,*,#2619,.T.);
#3779=ORIENTED_EDGE('',*,*,#2725,.F.);
#3780=ORIENTED_EDGE('',*,*,#2614,.F.);
#3781=ORIENTED_EDGE('',*,*,#2634,.F.);
#3782=ORIENTED_EDGE('',*,*,#2638,.F.);
#3783=ORIENTED_EDGE('',*,*,#2594,.F.);
#3784=ORIENTED_EDGE('',*,*,#2591,.F.);
#3785=ORIENTED_EDGE('',*,*,#2637,.F.);
#3786=ORIENTED_EDGE('',*,*,#2585,.F.);
#3787=ORIENTED_EDGE('',*,*,#2590,.F.);
#3788=ORIENTED_EDGE('',*,*,#2593,.F.);
#3789=ORIENTED_EDGE('',*,*,#2639,.F.);
#3790=ORIENTED_EDGE('',*,*,#2632,.F.);
#3791=ORIENTED_EDGE('',*,*,#2612,.F.);
#3792=ORIENTED_EDGE('',*,*,#2726,.F.);
#3793=ORIENTED_EDGE('',*,*,#2617,.F.);
#3794=ORIENTED_EDGE('',*,*,#2621,.F.);
#3795=ORIENTED_EDGE('',*,*,#2624,.F.);
#3796=ORIENTED_EDGE('',*,*,#2627,.F.);
#3797=ORIENTED_EDGE('',*,*,#2631,.F.);
#3798=ORIENTED_EDGE('',*,*,#2723,.F.);
#3799=ORIENTED_EDGE('',*,*,#2599,.F.);
#3800=ORIENTED_EDGE('',*,*,#2726,.T.);
#3801=ORIENTED_EDGE('',*,*,#2611,.T.);
#3802=ORIENTED_EDGE('',*,*,#2615,.T.);
#3803=ORIENTED_EDGE('',*,*,#2725,.T.);
#3804=ORIENTED_EDGE('',*,*,#2618,.T.);
#3805=ORIENTED_EDGE('',*,*,#2721,.T.);
#3806=ORIENTED_EDGE('',*,*,#2641,.T.);
#3807=ORIENTED_EDGE('',*,*,#2724,.F.);
#3808=ORIENTED_EDGE('',*,*,#2630,.T.);
#3809=ORIENTED_EDGE('',*,*,#2727,.T.);
#3810=ORIENTED_EDGE('',*,*,#2728,.F.);
#3811=ORIENTED_EDGE('',*,*,#2729,.T.);
#3812=ORIENTED_EDGE('',*,*,#2730,.F.);
#3813=ORIENTED_EDGE('',*,*,#2731,.F.);
#3814=ORIENTED_EDGE('',*,*,#2732,.T.);
#3815=ORIENTED_EDGE('',*,*,#2733,.F.);
#3816=ORIENTED_EDGE('',*,*,#2727,.F.);
#3817=ORIENTED_EDGE('',*,*,#2734,.F.);
#3818=ORIENTED_EDGE('',*,*,#2735,.F.);
#3819=ORIENTED_EDGE('',*,*,#2736,.F.);
#3820=ORIENTED_EDGE('',*,*,#2737,.T.);
#3821=ORIENTED_EDGE('',*,*,#2738,.F.);
#3822=ORIENTED_EDGE('',*,*,#2739,.T.);
#3823=ORIENTED_EDGE('',*,*,#2740,.F.);
#3824=ORIENTED_EDGE('',*,*,#2741,.T.);
#3825=ORIENTED_EDGE('',*,*,#2742,.F.);
#3826=ORIENTED_EDGE('',*,*,#2743,.F.);
#3827=ORIENTED_EDGE('',*,*,#2730,.T.);
#3828=ORIENTED_EDGE('',*,*,#2744,.T.);
#3829=ORIENTED_EDGE('',*,*,#2745,.F.);
#3830=ORIENTED_EDGE('',*,*,#2746,.T.);
#3831=ORIENTED_EDGE('',*,*,#2747,.T.);
#3832=ORIENTED_EDGE('',*,*,#2748,.T.);
#3833=ORIENTED_EDGE('',*,*,#2749,.T.);
#3834=ORIENTED_EDGE('',*,*,#2750,.T.);
#3835=ORIENTED_EDGE('',*,*,#2751,.F.);
#3836=ORIENTED_EDGE('',*,*,#2752,.F.);
#3837=ORIENTED_EDGE('',*,*,#2753,.F.);
#3838=ORIENTED_EDGE('',*,*,#2754,.T.);
#3839=ORIENTED_EDGE('',*,*,#2749,.F.);
#3840=ORIENTED_EDGE('',*,*,#2755,.T.);
#3841=ORIENTED_EDGE('',*,*,#2756,.T.);
#3842=ORIENTED_EDGE('',*,*,#2757,.T.);
#3843=ORIENTED_EDGE('',*,*,#2758,.F.);
#3844=ORIENTED_EDGE('',*,*,#2759,.T.);
#3845=ORIENTED_EDGE('',*,*,#2760,.T.);
#3846=ORIENTED_EDGE('',*,*,#2755,.F.);
#3847=ORIENTED_EDGE('',*,*,#2761,.F.);
#3848=ORIENTED_EDGE('',*,*,#2762,.T.);
#3849=ORIENTED_EDGE('',*,*,#2763,.T.);
#3850=ORIENTED_EDGE('',*,*,#2759,.F.);
#3851=ORIENTED_EDGE('',*,*,#2764,.F.);
#3852=ORIENTED_EDGE('',*,*,#2765,.F.);
#3853=ORIENTED_EDGE('',*,*,#2766,.F.);
#3854=ORIENTED_EDGE('',*,*,#2767,.T.);
#3855=ORIENTED_EDGE('',*,*,#2768,.T.);
#3856=ORIENTED_EDGE('',*,*,#2765,.T.);
#3857=ORIENTED_EDGE('',*,*,#2769,.T.);
#3858=ORIENTED_EDGE('',*,*,#2762,.F.);
#3859=ORIENTED_EDGE('',*,*,#2770,.F.);
#3860=ORIENTED_EDGE('',*,*,#2752,.T.);
#3861=ORIENTED_EDGE('',*,*,#2771,.F.);
#3862=ORIENTED_EDGE('',*,*,#2737,.F.);
#3863=ORIENTED_EDGE('',*,*,#2772,.F.);
#3864=ORIENTED_EDGE('',*,*,#2745,.T.);
#3865=ORIENTED_EDGE('',*,*,#2773,.T.);
#3866=ORIENTED_EDGE('',*,*,#2774,.T.);
#3867=ORIENTED_EDGE('',*,*,#2775,.T.);
#3868=ORIENTED_EDGE('',*,*,#2775,.F.);
#3869=ORIENTED_EDGE('',*,*,#2776,.T.);
#3870=ORIENTED_EDGE('',*,*,#2777,.T.);
#3871=ORIENTED_EDGE('',*,*,#2740,.T.);
#3872=ORIENTED_EDGE('',*,*,#2742,.T.);
#3873=ORIENTED_EDGE('',*,*,#2778,.T.);
#3874=ORIENTED_EDGE('',*,*,#2746,.F.);
#3875=ORIENTED_EDGE('',*,*,#2739,.F.);
#3876=ORIENTED_EDGE('',*,*,#2779,.T.);
#3877=ORIENTED_EDGE('',*,*,#2780,.F.);
#3878=ORIENTED_EDGE('',*,*,#2735,.T.);
#3879=ORIENTED_EDGE('',*,*,#2781,.F.);
#3880=ORIENTED_EDGE('',*,*,#2732,.F.);
#3881=ORIENTED_EDGE('',*,*,#2782,.F.);
#3882=ORIENTED_EDGE('',*,*,#2774,.F.);
#3883=ORIENTED_EDGE('',*,*,#2783,.T.);
#3884=ORIENTED_EDGE('',*,*,#2784,.T.);
#3885=ORIENTED_EDGE('',*,*,#2785,.T.);
#3886=ORIENTED_EDGE('',*,*,#2776,.F.);
#3887=ORIENTED_EDGE('',*,*,#2786,.T.);
#3888=ORIENTED_EDGE('',*,*,#2787,.T.);
#3889=ORIENTED_EDGE('',*,*,#2788,.F.);
#3890=ORIENTED_EDGE('',*,*,#2787,.F.);
#3891=ORIENTED_EDGE('',*,*,#2788,.T.);
#3892=ORIENTED_EDGE('',*,*,#2789,.T.);
#3893=ORIENTED_EDGE('',*,*,#2790,.F.);
#3894=ORIENTED_EDGE('',*,*,#2789,.F.);
#3895=ORIENTED_EDGE('',*,*,#2790,.T.);
#3896=ORIENTED_EDGE('',*,*,#2791,.T.);
#3897=ORIENTED_EDGE('',*,*,#2748,.F.);
#3898=ORIENTED_EDGE('',*,*,#2791,.F.);
#3899=ORIENTED_EDGE('',*,*,#2786,.F.);
#3900=ORIENTED_EDGE('',*,*,#2792,.F.);
#3901=ORIENTED_EDGE('',*,*,#2793,.F.);
#3902=ORIENTED_EDGE('',*,*,#2794,.F.);
#3903=ORIENTED_EDGE('',*,*,#2795,.F.);
#3904=ORIENTED_EDGE('',*,*,#2796,.F.);
#3905=ORIENTED_EDGE('',*,*,#2797,.F.);
#3906=ORIENTED_EDGE('',*,*,#2798,.F.);
#3907=ORIENTED_EDGE('',*,*,#2799,.F.);
#3908=ORIENTED_EDGE('',*,*,#2800,.F.);
#3909=ORIENTED_EDGE('',*,*,#2801,.F.);
#3910=ORIENTED_EDGE('',*,*,#2802,.F.);
#3911=ORIENTED_EDGE('',*,*,#2803,.F.);
#3912=ORIENTED_EDGE('',*,*,#2804,.F.);
#3913=ORIENTED_EDGE('',*,*,#2805,.F.);
#3914=ORIENTED_EDGE('',*,*,#2806,.F.);
#3915=ORIENTED_EDGE('',*,*,#2807,.F.);
#3916=ORIENTED_EDGE('',*,*,#2808,.F.);
#3917=ORIENTED_EDGE('',*,*,#2809,.F.);
#3918=ORIENTED_EDGE('',*,*,#2810,.F.);
#3919=ORIENTED_EDGE('',*,*,#2811,.F.);
#3920=ORIENTED_EDGE('',*,*,#2812,.F.);
#3921=ORIENTED_EDGE('',*,*,#2813,.T.);
#3922=ORIENTED_EDGE('',*,*,#2814,.T.);
#3923=ORIENTED_EDGE('',*,*,#2792,.T.);
#3924=ORIENTED_EDGE('',*,*,#2815,.F.);
#3925=ORIENTED_EDGE('',*,*,#2816,.F.);
#3926=ORIENTED_EDGE('',*,*,#2812,.T.);
#3927=ORIENTED_EDGE('',*,*,#2811,.T.);
#3928=ORIENTED_EDGE('',*,*,#2817,.F.);
#3929=ORIENTED_EDGE('',*,*,#2818,.T.);
#3930=ORIENTED_EDGE('',*,*,#2815,.T.);
#3931=ORIENTED_EDGE('',*,*,#2810,.T.);
#3932=ORIENTED_EDGE('',*,*,#2819,.F.);
#3933=ORIENTED_EDGE('',*,*,#2820,.T.);
#3934=ORIENTED_EDGE('',*,*,#2817,.T.);
#3935=ORIENTED_EDGE('',*,*,#2809,.T.);
#3936=ORIENTED_EDGE('',*,*,#2821,.F.);
#3937=ORIENTED_EDGE('',*,*,#2822,.F.);
#3938=ORIENTED_EDGE('',*,*,#2823,.T.);
#3939=ORIENTED_EDGE('',*,*,#2824,.F.);
#3940=ORIENTED_EDGE('',*,*,#2821,.T.);
#3941=ORIENTED_EDGE('',*,*,#2808,.T.);
#3942=ORIENTED_EDGE('',*,*,#2825,.F.);
#3943=ORIENTED_EDGE('',*,*,#2826,.T.);
#3944=ORIENTED_EDGE('',*,*,#2822,.T.);
#3945=ORIENTED_EDGE('',*,*,#2807,.T.);
#3946=ORIENTED_EDGE('',*,*,#2827,.F.);
#3947=ORIENTED_EDGE('',*,*,#2828,.F.);
#3948=ORIENTED_EDGE('',*,*,#2825,.T.);
#3949=ORIENTED_EDGE('',*,*,#2806,.T.);
#3950=ORIENTED_EDGE('',*,*,#2829,.F.);
#3951=ORIENTED_EDGE('',*,*,#2830,.T.);
#3952=ORIENTED_EDGE('',*,*,#2827,.T.);
#3953=ORIENTED_EDGE('',*,*,#2805,.T.);
#3954=ORIENTED_EDGE('',*,*,#2831,.F.);
#3955=ORIENTED_EDGE('',*,*,#2832,.T.);
#3956=ORIENTED_EDGE('',*,*,#2829,.T.);
#3957=ORIENTED_EDGE('',*,*,#2804,.T.);
#3958=ORIENTED_EDGE('',*,*,#2833,.F.);
#3959=ORIENTED_EDGE('',*,*,#2834,.F.);
#3960=ORIENTED_EDGE('',*,*,#2835,.T.);
#3961=ORIENTED_EDGE('',*,*,#2836,.F.);
#3962=ORIENTED_EDGE('',*,*,#2833,.T.);
#3963=ORIENTED_EDGE('',*,*,#2803,.T.);
#3964=ORIENTED_EDGE('',*,*,#2837,.F.);
#3965=ORIENTED_EDGE('',*,*,#2838,.T.);
#3966=ORIENTED_EDGE('',*,*,#2834,.T.);
#3967=ORIENTED_EDGE('',*,*,#2802,.T.);
#3968=ORIENTED_EDGE('',*,*,#2839,.F.);
#3969=ORIENTED_EDGE('',*,*,#2840,.F.);
#3970=ORIENTED_EDGE('',*,*,#2837,.T.);
#3971=ORIENTED_EDGE('',*,*,#2801,.T.);
#3972=ORIENTED_EDGE('',*,*,#2841,.F.);
#3973=ORIENTED_EDGE('',*,*,#2842,.T.);
#3974=ORIENTED_EDGE('',*,*,#2839,.T.);
#3975=ORIENTED_EDGE('',*,*,#2800,.T.);
#3976=ORIENTED_EDGE('',*,*,#2843,.F.);
#3977=ORIENTED_EDGE('',*,*,#2844,.T.);
#3978=ORIENTED_EDGE('',*,*,#2841,.T.);
#3979=ORIENTED_EDGE('',*,*,#2799,.T.);
#3980=ORIENTED_EDGE('',*,*,#2845,.F.);
#3981=ORIENTED_EDGE('',*,*,#2846,.F.);
#3982=ORIENTED_EDGE('',*,*,#2847,.T.);
#3983=ORIENTED_EDGE('',*,*,#2848,.F.);
#3984=ORIENTED_EDGE('',*,*,#2845,.T.);
#3985=ORIENTED_EDGE('',*,*,#2798,.T.);
#3986=ORIENTED_EDGE('',*,*,#2849,.F.);
#3987=ORIENTED_EDGE('',*,*,#2850,.T.);
#3988=ORIENTED_EDGE('',*,*,#2846,.T.);
#3989=ORIENTED_EDGE('',*,*,#2797,.T.);
#3990=ORIENTED_EDGE('',*,*,#2851,.F.);
#3991=ORIENTED_EDGE('',*,*,#2852,.F.);
#3992=ORIENTED_EDGE('',*,*,#2849,.T.);
#3993=ORIENTED_EDGE('',*,*,#2796,.T.);
#3994=ORIENTED_EDGE('',*,*,#2853,.F.);
#3995=ORIENTED_EDGE('',*,*,#2854,.T.);
#3996=ORIENTED_EDGE('',*,*,#2851,.T.);
#3997=ORIENTED_EDGE('',*,*,#2795,.T.);
#3998=ORIENTED_EDGE('',*,*,#2855,.F.);
#3999=ORIENTED_EDGE('',*,*,#2856,.T.);
#4000=ORIENTED_EDGE('',*,*,#2853,.T.);
#4001=ORIENTED_EDGE('',*,*,#2794,.T.);
#4002=ORIENTED_EDGE('',*,*,#2857,.F.);
#4003=ORIENTED_EDGE('',*,*,#2814,.F.);
#4004=ORIENTED_EDGE('',*,*,#2858,.T.);
#4005=ORIENTED_EDGE('',*,*,#2859,.F.);
#4006=ORIENTED_EDGE('',*,*,#2857,.T.);
#4007=ORIENTED_EDGE('',*,*,#2793,.T.);
#4008=ORIENTED_EDGE('',*,*,#2824,.T.);
#4009=ORIENTED_EDGE('',*,*,#2860,.T.);
#4010=ORIENTED_EDGE('',*,*,#2831,.T.);
#4011=ORIENTED_EDGE('',*,*,#2836,.T.);
#4012=ORIENTED_EDGE('',*,*,#2861,.T.);
#4013=ORIENTED_EDGE('',*,*,#2843,.T.);
#4014=ORIENTED_EDGE('',*,*,#2848,.T.);
#4015=ORIENTED_EDGE('',*,*,#2862,.T.);
#4016=ORIENTED_EDGE('',*,*,#2855,.T.);
#4017=ORIENTED_EDGE('',*,*,#2859,.T.);
#4018=ORIENTED_EDGE('',*,*,#2863,.T.);
#4019=ORIENTED_EDGE('',*,*,#2819,.T.);
#4020=ORIENTED_EDGE('',*,*,#2820,.F.);
#4021=ORIENTED_EDGE('',*,*,#2863,.F.);
#4022=ORIENTED_EDGE('',*,*,#2858,.F.);
#4023=ORIENTED_EDGE('',*,*,#2813,.F.);
#4024=ORIENTED_EDGE('',*,*,#2816,.T.);
#4025=ORIENTED_EDGE('',*,*,#2818,.F.);
#4026=ORIENTED_EDGE('',*,*,#2850,.F.);
#4027=ORIENTED_EDGE('',*,*,#2852,.T.);
#4028=ORIENTED_EDGE('',*,*,#2854,.F.);
#4029=ORIENTED_EDGE('',*,*,#2856,.F.);
#4030=ORIENTED_EDGE('',*,*,#2862,.F.);
#4031=ORIENTED_EDGE('',*,*,#2847,.F.);
#4032=ORIENTED_EDGE('',*,*,#2838,.F.);
#4033=ORIENTED_EDGE('',*,*,#2840,.T.);
#4034=ORIENTED_EDGE('',*,*,#2842,.F.);
#4035=ORIENTED_EDGE('',*,*,#2844,.F.);
#4036=ORIENTED_EDGE('',*,*,#2861,.F.);
#4037=ORIENTED_EDGE('',*,*,#2835,.F.);
#4038=ORIENTED_EDGE('',*,*,#2826,.F.);
#4039=ORIENTED_EDGE('',*,*,#2828,.T.);
#4040=ORIENTED_EDGE('',*,*,#2830,.F.);
#4041=ORIENTED_EDGE('',*,*,#2832,.F.);
#4042=ORIENTED_EDGE('',*,*,#2860,.F.);
#4043=ORIENTED_EDGE('',*,*,#2823,.F.);
#4044=ORIENTED_EDGE('',*,*,#2744,.F.);
#4045=ORIENTED_EDGE('',*,*,#2729,.F.);
#4046=ORIENTED_EDGE('',*,*,#2864,.F.);
#4047=ORIENTED_EDGE('',*,*,#2865,.T.);
#4048=ORIENTED_EDGE('',*,*,#2783,.F.);
#4049=ORIENTED_EDGE('',*,*,#2773,.F.);
#4050=ORIENTED_EDGE('',*,*,#2747,.F.);
#4051=ORIENTED_EDGE('',*,*,#2778,.F.);
#4052=ORIENTED_EDGE('',*,*,#2785,.F.);
#4053=ORIENTED_EDGE('',*,*,#2866,.F.);
#4054=ORIENTED_EDGE('',*,*,#2867,.F.);
#4055=ORIENTED_EDGE('',*,*,#2779,.F.);
#4056=ORIENTED_EDGE('',*,*,#2741,.F.);
#4057=ORIENTED_EDGE('',*,*,#2777,.F.);
#4058=ORIENTED_EDGE('',*,*,#2728,.T.);
#4059=ORIENTED_EDGE('',*,*,#2733,.T.);
#4060=ORIENTED_EDGE('',*,*,#2781,.T.);
#4061=ORIENTED_EDGE('',*,*,#2738,.T.);
#4062=ORIENTED_EDGE('',*,*,#2771,.T.);
#4063=ORIENTED_EDGE('',*,*,#2751,.T.);
#4064=ORIENTED_EDGE('',*,*,#2868,.T.);
#4065=ORIENTED_EDGE('',*,*,#2756,.F.);
#4066=ORIENTED_EDGE('',*,*,#2760,.F.);
#4067=ORIENTED_EDGE('',*,*,#2763,.F.);
#4068=ORIENTED_EDGE('',*,*,#2769,.F.);
#4069=ORIENTED_EDGE('',*,*,#2768,.F.);
#4070=ORIENTED_EDGE('',*,*,#2864,.T.);
#4071=ORIENTED_EDGE('',*,*,#2743,.T.);
#4072=ORIENTED_EDGE('',*,*,#2780,.T.);
#4073=ORIENTED_EDGE('',*,*,#2867,.T.);
#4074=ORIENTED_EDGE('',*,*,#2766,.T.);
#4075=ORIENTED_EDGE('',*,*,#2770,.T.);
#4076=ORIENTED_EDGE('',*,*,#2764,.T.);
#4077=ORIENTED_EDGE('',*,*,#2761,.T.);
#4078=ORIENTED_EDGE('',*,*,#2758,.T.);
#4079=ORIENTED_EDGE('',*,*,#2869,.T.);
#4080=ORIENTED_EDGE('',*,*,#2753,.T.);
#4081=ORIENTED_EDGE('',*,*,#2772,.T.);
#4082=ORIENTED_EDGE('',*,*,#2736,.T.);
#4083=ORIENTED_EDGE('',*,*,#2782,.T.);
#4084=ORIENTED_EDGE('',*,*,#2734,.T.);
#4085=ORIENTED_EDGE('',*,*,#2731,.T.);
#4086=ORIENTED_EDGE('',*,*,#2869,.F.);
#4087=ORIENTED_EDGE('',*,*,#2757,.F.);
#4088=ORIENTED_EDGE('',*,*,#2868,.F.);
#4089=ORIENTED_EDGE('',*,*,#2750,.F.);
#4090=ORIENTED_EDGE('',*,*,#2754,.F.);
#4091=ORIENTED_EDGE('',*,*,#2865,.F.);
#4092=ORIENTED_EDGE('',*,*,#2767,.F.);
#4093=ORIENTED_EDGE('',*,*,#2866,.T.);
#4094=ORIENTED_EDGE('',*,*,#2784,.F.);
#4095=ORIENTED_EDGE('',*,*,#2870,.T.);
#4096=ORIENTED_EDGE('',*,*,#2871,.F.);
#4097=ORIENTED_EDGE('',*,*,#2872,.T.);
#4098=ORIENTED_EDGE('',*,*,#2873,.F.);
#4099=ORIENTED_EDGE('',*,*,#2874,.F.);
#4100=ORIENTED_EDGE('',*,*,#2875,.T.);
#4101=ORIENTED_EDGE('',*,*,#2876,.F.);
#4102=ORIENTED_EDGE('',*,*,#2870,.F.);
#4103=ORIENTED_EDGE('',*,*,#2877,.F.);
#4104=ORIENTED_EDGE('',*,*,#2878,.F.);
#4105=ORIENTED_EDGE('',*,*,#2879,.F.);
#4106=ORIENTED_EDGE('',*,*,#2880,.T.);
#4107=ORIENTED_EDGE('',*,*,#2881,.F.);
#4108=ORIENTED_EDGE('',*,*,#2882,.T.);
#4109=ORIENTED_EDGE('',*,*,#2883,.F.);
#4110=ORIENTED_EDGE('',*,*,#2884,.T.);
#4111=ORIENTED_EDGE('',*,*,#2885,.F.);
#4112=ORIENTED_EDGE('',*,*,#2886,.F.);
#4113=ORIENTED_EDGE('',*,*,#2873,.T.);
#4114=ORIENTED_EDGE('',*,*,#2887,.T.);
#4115=ORIENTED_EDGE('',*,*,#2888,.F.);
#4116=ORIENTED_EDGE('',*,*,#2889,.T.);
#4117=ORIENTED_EDGE('',*,*,#2890,.T.);
#4118=ORIENTED_EDGE('',*,*,#2891,.T.);
#4119=ORIENTED_EDGE('',*,*,#2892,.T.);
#4120=ORIENTED_EDGE('',*,*,#2893,.T.);
#4121=ORIENTED_EDGE('',*,*,#2894,.F.);
#4122=ORIENTED_EDGE('',*,*,#2895,.F.);
#4123=ORIENTED_EDGE('',*,*,#2896,.F.);
#4124=ORIENTED_EDGE('',*,*,#2897,.T.);
#4125=ORIENTED_EDGE('',*,*,#2892,.F.);
#4126=ORIENTED_EDGE('',*,*,#2898,.T.);
#4127=ORIENTED_EDGE('',*,*,#2899,.T.);
#4128=ORIENTED_EDGE('',*,*,#2900,.T.);
#4129=ORIENTED_EDGE('',*,*,#2901,.F.);
#4130=ORIENTED_EDGE('',*,*,#2902,.T.);
#4131=ORIENTED_EDGE('',*,*,#2903,.T.);
#4132=ORIENTED_EDGE('',*,*,#2898,.F.);
#4133=ORIENTED_EDGE('',*,*,#2904,.F.);
#4134=ORIENTED_EDGE('',*,*,#2905,.T.);
#4135=ORIENTED_EDGE('',*,*,#2906,.T.);
#4136=ORIENTED_EDGE('',*,*,#2902,.F.);
#4137=ORIENTED_EDGE('',*,*,#2907,.F.);
#4138=ORIENTED_EDGE('',*,*,#2908,.F.);
#4139=ORIENTED_EDGE('',*,*,#2909,.F.);
#4140=ORIENTED_EDGE('',*,*,#2910,.T.);
#4141=ORIENTED_EDGE('',*,*,#2911,.T.);
#4142=ORIENTED_EDGE('',*,*,#2908,.T.);
#4143=ORIENTED_EDGE('',*,*,#2912,.T.);
#4144=ORIENTED_EDGE('',*,*,#2905,.F.);
#4145=ORIENTED_EDGE('',*,*,#2913,.F.);
#4146=ORIENTED_EDGE('',*,*,#2895,.T.);
#4147=ORIENTED_EDGE('',*,*,#2914,.F.);
#4148=ORIENTED_EDGE('',*,*,#2880,.F.);
#4149=ORIENTED_EDGE('',*,*,#2915,.F.);
#4150=ORIENTED_EDGE('',*,*,#2888,.T.);
#4151=ORIENTED_EDGE('',*,*,#2916,.T.);
#4152=ORIENTED_EDGE('',*,*,#2917,.T.);
#4153=ORIENTED_EDGE('',*,*,#2918,.T.);
#4154=ORIENTED_EDGE('',*,*,#2918,.F.);
#4155=ORIENTED_EDGE('',*,*,#2919,.T.);
#4156=ORIENTED_EDGE('',*,*,#2920,.T.);
#4157=ORIENTED_EDGE('',*,*,#2883,.T.);
#4158=ORIENTED_EDGE('',*,*,#2885,.T.);
#4159=ORIENTED_EDGE('',*,*,#2921,.T.);
#4160=ORIENTED_EDGE('',*,*,#2889,.F.);
#4161=ORIENTED_EDGE('',*,*,#2882,.F.);
#4162=ORIENTED_EDGE('',*,*,#2922,.T.);
#4163=ORIENTED_EDGE('',*,*,#2923,.F.);
#4164=ORIENTED_EDGE('',*,*,#2878,.T.);
#4165=ORIENTED_EDGE('',*,*,#2924,.F.);
#4166=ORIENTED_EDGE('',*,*,#2875,.F.);
#4167=ORIENTED_EDGE('',*,*,#2925,.F.);
#4168=ORIENTED_EDGE('',*,*,#2917,.F.);
#4169=ORIENTED_EDGE('',*,*,#2926,.T.);
#4170=ORIENTED_EDGE('',*,*,#2927,.T.);
#4171=ORIENTED_EDGE('',*,*,#2928,.T.);
#4172=ORIENTED_EDGE('',*,*,#2919,.F.);
#4173=ORIENTED_EDGE('',*,*,#2929,.T.);
#4174=ORIENTED_EDGE('',*,*,#2930,.T.);
#4175=ORIENTED_EDGE('',*,*,#2931,.F.);
#4176=ORIENTED_EDGE('',*,*,#2930,.F.);
#4177=ORIENTED_EDGE('',*,*,#2931,.T.);
#4178=ORIENTED_EDGE('',*,*,#2932,.T.);
#4179=ORIENTED_EDGE('',*,*,#2933,.F.);
#4180=ORIENTED_EDGE('',*,*,#2932,.F.);
#4181=ORIENTED_EDGE('',*,*,#2933,.T.);
#4182=ORIENTED_EDGE('',*,*,#2934,.T.);
#4183=ORIENTED_EDGE('',*,*,#2891,.F.);
#4184=ORIENTED_EDGE('',*,*,#2934,.F.);
#4185=ORIENTED_EDGE('',*,*,#2929,.F.);
#4186=ORIENTED_EDGE('',*,*,#2935,.F.);
#4187=ORIENTED_EDGE('',*,*,#2936,.F.);
#4188=ORIENTED_EDGE('',*,*,#2937,.F.);
#4189=ORIENTED_EDGE('',*,*,#2938,.F.);
#4190=ORIENTED_EDGE('',*,*,#2939,.F.);
#4191=ORIENTED_EDGE('',*,*,#2940,.F.);
#4192=ORIENTED_EDGE('',*,*,#2941,.F.);
#4193=ORIENTED_EDGE('',*,*,#2942,.F.);
#4194=ORIENTED_EDGE('',*,*,#2943,.F.);
#4195=ORIENTED_EDGE('',*,*,#2944,.F.);
#4196=ORIENTED_EDGE('',*,*,#2945,.F.);
#4197=ORIENTED_EDGE('',*,*,#2946,.F.);
#4198=ORIENTED_EDGE('',*,*,#2947,.F.);
#4199=ORIENTED_EDGE('',*,*,#2948,.F.);
#4200=ORIENTED_EDGE('',*,*,#2949,.F.);
#4201=ORIENTED_EDGE('',*,*,#2950,.F.);
#4202=ORIENTED_EDGE('',*,*,#2951,.F.);
#4203=ORIENTED_EDGE('',*,*,#2952,.F.);
#4204=ORIENTED_EDGE('',*,*,#2953,.F.);
#4205=ORIENTED_EDGE('',*,*,#2954,.F.);
#4206=ORIENTED_EDGE('',*,*,#2955,.F.);
#4207=ORIENTED_EDGE('',*,*,#2956,.T.);
#4208=ORIENTED_EDGE('',*,*,#2957,.T.);
#4209=ORIENTED_EDGE('',*,*,#2935,.T.);
#4210=ORIENTED_EDGE('',*,*,#2958,.F.);
#4211=ORIENTED_EDGE('',*,*,#2959,.F.);
#4212=ORIENTED_EDGE('',*,*,#2955,.T.);
#4213=ORIENTED_EDGE('',*,*,#2954,.T.);
#4214=ORIENTED_EDGE('',*,*,#2960,.F.);
#4215=ORIENTED_EDGE('',*,*,#2961,.T.);
#4216=ORIENTED_EDGE('',*,*,#2958,.T.);
#4217=ORIENTED_EDGE('',*,*,#2953,.T.);
#4218=ORIENTED_EDGE('',*,*,#2962,.F.);
#4219=ORIENTED_EDGE('',*,*,#2963,.T.);
#4220=ORIENTED_EDGE('',*,*,#2960,.T.);
#4221=ORIENTED_EDGE('',*,*,#2952,.T.);
#4222=ORIENTED_EDGE('',*,*,#2964,.F.);
#4223=ORIENTED_EDGE('',*,*,#2965,.F.);
#4224=ORIENTED_EDGE('',*,*,#2966,.T.);
#4225=ORIENTED_EDGE('',*,*,#2967,.F.);
#4226=ORIENTED_EDGE('',*,*,#2964,.T.);
#4227=ORIENTED_EDGE('',*,*,#2951,.T.);
#4228=ORIENTED_EDGE('',*,*,#2968,.F.);
#4229=ORIENTED_EDGE('',*,*,#2969,.T.);
#4230=ORIENTED_EDGE('',*,*,#2965,.T.);
#4231=ORIENTED_EDGE('',*,*,#2950,.T.);
#4232=ORIENTED_EDGE('',*,*,#2970,.F.);
#4233=ORIENTED_EDGE('',*,*,#2971,.F.);
#4234=ORIENTED_EDGE('',*,*,#2968,.T.);
#4235=ORIENTED_EDGE('',*,*,#2949,.T.);
#4236=ORIENTED_EDGE('',*,*,#2972,.F.);
#4237=ORIENTED_EDGE('',*,*,#2973,.T.);
#4238=ORIENTED_EDGE('',*,*,#2970,.T.);
#4239=ORIENTED_EDGE('',*,*,#2948,.T.);
#4240=ORIENTED_EDGE('',*,*,#2974,.F.);
#4241=ORIENTED_EDGE('',*,*,#2975,.T.);
#4242=ORIENTED_EDGE('',*,*,#2972,.T.);
#4243=ORIENTED_EDGE('',*,*,#2947,.T.);
#4244=ORIENTED_EDGE('',*,*,#2976,.F.);
#4245=ORIENTED_EDGE('',*,*,#2977,.F.);
#4246=ORIENTED_EDGE('',*,*,#2978,.T.);
#4247=ORIENTED_EDGE('',*,*,#2979,.F.);
#4248=ORIENTED_EDGE('',*,*,#2976,.T.);
#4249=ORIENTED_EDGE('',*,*,#2946,.T.);
#4250=ORIENTED_EDGE('',*,*,#2980,.F.);
#4251=ORIENTED_EDGE('',*,*,#2981,.T.);
#4252=ORIENTED_EDGE('',*,*,#2977,.T.);
#4253=ORIENTED_EDGE('',*,*,#2945,.T.);
#4254=ORIENTED_EDGE('',*,*,#2982,.F.);
#4255=ORIENTED_EDGE('',*,*,#2983,.F.);
#4256=ORIENTED_EDGE('',*,*,#2980,.T.);
#4257=ORIENTED_EDGE('',*,*,#2944,.T.);
#4258=ORIENTED_EDGE('',*,*,#2984,.F.);
#4259=ORIENTED_EDGE('',*,*,#2985,.T.);
#4260=ORIENTED_EDGE('',*,*,#2982,.T.);
#4261=ORIENTED_EDGE('',*,*,#2943,.T.);
#4262=ORIENTED_EDGE('',*,*,#2986,.F.);
#4263=ORIENTED_EDGE('',*,*,#2987,.T.);
#4264=ORIENTED_EDGE('',*,*,#2984,.T.);
#4265=ORIENTED_EDGE('',*,*,#2942,.T.);
#4266=ORIENTED_EDGE('',*,*,#2988,.F.);
#4267=ORIENTED_EDGE('',*,*,#2989,.F.);
#4268=ORIENTED_EDGE('',*,*,#2990,.T.);
#4269=ORIENTED_EDGE('',*,*,#2991,.F.);
#4270=ORIENTED_EDGE('',*,*,#2988,.T.);
#4271=ORIENTED_EDGE('',*,*,#2941,.T.);
#4272=ORIENTED_EDGE('',*,*,#2992,.F.);
#4273=ORIENTED_EDGE('',*,*,#2993,.T.);
#4274=ORIENTED_EDGE('',*,*,#2989,.T.);
#4275=ORIENTED_EDGE('',*,*,#2940,.T.);
#4276=ORIENTED_EDGE('',*,*,#2994,.F.);
#4277=ORIENTED_EDGE('',*,*,#2995,.F.);
#4278=ORIENTED_EDGE('',*,*,#2992,.T.);
#4279=ORIENTED_EDGE('',*,*,#2939,.T.);
#4280=ORIENTED_EDGE('',*,*,#2996,.F.);
#4281=ORIENTED_EDGE('',*,*,#2997,.T.);
#4282=ORIENTED_EDGE('',*,*,#2994,.T.);
#4283=ORIENTED_EDGE('',*,*,#2938,.T.);
#4284=ORIENTED_EDGE('',*,*,#2998,.F.);
#4285=ORIENTED_EDGE('',*,*,#2999,.T.);
#4286=ORIENTED_EDGE('',*,*,#2996,.T.);
#4287=ORIENTED_EDGE('',*,*,#2937,.T.);
#4288=ORIENTED_EDGE('',*,*,#3000,.F.);
#4289=ORIENTED_EDGE('',*,*,#2957,.F.);
#4290=ORIENTED_EDGE('',*,*,#3001,.T.);
#4291=ORIENTED_EDGE('',*,*,#3002,.F.);
#4292=ORIENTED_EDGE('',*,*,#3000,.T.);
#4293=ORIENTED_EDGE('',*,*,#2936,.T.);
#4294=ORIENTED_EDGE('',*,*,#2967,.T.);
#4295=ORIENTED_EDGE('',*,*,#3003,.T.);
#4296=ORIENTED_EDGE('',*,*,#2974,.T.);
#4297=ORIENTED_EDGE('',*,*,#2979,.T.);
#4298=ORIENTED_EDGE('',*,*,#3004,.T.);
#4299=ORIENTED_EDGE('',*,*,#2986,.T.);
#4300=ORIENTED_EDGE('',*,*,#2991,.T.);
#4301=ORIENTED_EDGE('',*,*,#3005,.T.);
#4302=ORIENTED_EDGE('',*,*,#2998,.T.);
#4303=ORIENTED_EDGE('',*,*,#3002,.T.);
#4304=ORIENTED_EDGE('',*,*,#3006,.T.);
#4305=ORIENTED_EDGE('',*,*,#2962,.T.);
#4306=ORIENTED_EDGE('',*,*,#2963,.F.);
#4307=ORIENTED_EDGE('',*,*,#3006,.F.);
#4308=ORIENTED_EDGE('',*,*,#3001,.F.);
#4309=ORIENTED_EDGE('',*,*,#2956,.F.);
#4310=ORIENTED_EDGE('',*,*,#2959,.T.);
#4311=ORIENTED_EDGE('',*,*,#2961,.F.);
#4312=ORIENTED_EDGE('',*,*,#2993,.F.);
#4313=ORIENTED_EDGE('',*,*,#2995,.T.);
#4314=ORIENTED_EDGE('',*,*,#2997,.F.);
#4315=ORIENTED_EDGE('',*,*,#2999,.F.);
#4316=ORIENTED_EDGE('',*,*,#3005,.F.);
#4317=ORIENTED_EDGE('',*,*,#2990,.F.);
#4318=ORIENTED_EDGE('',*,*,#2981,.F.);
#4319=ORIENTED_EDGE('',*,*,#2983,.T.);
#4320=ORIENTED_EDGE('',*,*,#2985,.F.);
#4321=ORIENTED_EDGE('',*,*,#2987,.F.);
#4322=ORIENTED_EDGE('',*,*,#3004,.F.);
#4323=ORIENTED_EDGE('',*,*,#2978,.F.);
#4324=ORIENTED_EDGE('',*,*,#2969,.F.);
#4325=ORIENTED_EDGE('',*,*,#2971,.T.);
#4326=ORIENTED_EDGE('',*,*,#2973,.F.);
#4327=ORIENTED_EDGE('',*,*,#2975,.F.);
#4328=ORIENTED_EDGE('',*,*,#3003,.F.);
#4329=ORIENTED_EDGE('',*,*,#2966,.F.);
#4330=ORIENTED_EDGE('',*,*,#2887,.F.);
#4331=ORIENTED_EDGE('',*,*,#2872,.F.);
#4332=ORIENTED_EDGE('',*,*,#3007,.F.);
#4333=ORIENTED_EDGE('',*,*,#3008,.T.);
#4334=ORIENTED_EDGE('',*,*,#2926,.F.);
#4335=ORIENTED_EDGE('',*,*,#2916,.F.);
#4336=ORIENTED_EDGE('',*,*,#2890,.F.);
#4337=ORIENTED_EDGE('',*,*,#2921,.F.);
#4338=ORIENTED_EDGE('',*,*,#2928,.F.);
#4339=ORIENTED_EDGE('',*,*,#3009,.F.);
#4340=ORIENTED_EDGE('',*,*,#3010,.F.);
#4341=ORIENTED_EDGE('',*,*,#2922,.F.);
#4342=ORIENTED_EDGE('',*,*,#2884,.F.);
#4343=ORIENTED_EDGE('',*,*,#2920,.F.);
#4344=ORIENTED_EDGE('',*,*,#2871,.T.);
#4345=ORIENTED_EDGE('',*,*,#2876,.T.);
#4346=ORIENTED_EDGE('',*,*,#2924,.T.);
#4347=ORIENTED_EDGE('',*,*,#2881,.T.);
#4348=ORIENTED_EDGE('',*,*,#2914,.T.);
#4349=ORIENTED_EDGE('',*,*,#2894,.T.);
#4350=ORIENTED_EDGE('',*,*,#3011,.T.);
#4351=ORIENTED_EDGE('',*,*,#2899,.F.);
#4352=ORIENTED_EDGE('',*,*,#2903,.F.);
#4353=ORIENTED_EDGE('',*,*,#2906,.F.);
#4354=ORIENTED_EDGE('',*,*,#2912,.F.);
#4355=ORIENTED_EDGE('',*,*,#2911,.F.);
#4356=ORIENTED_EDGE('',*,*,#3007,.T.);
#4357=ORIENTED_EDGE('',*,*,#2886,.T.);
#4358=ORIENTED_EDGE('',*,*,#2923,.T.);
#4359=ORIENTED_EDGE('',*,*,#3010,.T.);
#4360=ORIENTED_EDGE('',*,*,#2909,.T.);
#4361=ORIENTED_EDGE('',*,*,#2913,.T.);
#4362=ORIENTED_EDGE('',*,*,#2907,.T.);
#4363=ORIENTED_EDGE('',*,*,#2904,.T.);
#4364=ORIENTED_EDGE('',*,*,#2901,.T.);
#4365=ORIENTED_EDGE('',*,*,#3012,.T.);
#4366=ORIENTED_EDGE('',*,*,#2896,.T.);
#4367=ORIENTED_EDGE('',*,*,#2915,.T.);
#4368=ORIENTED_EDGE('',*,*,#2879,.T.);
#4369=ORIENTED_EDGE('',*,*,#2925,.T.);
#4370=ORIENTED_EDGE('',*,*,#2877,.T.);
#4371=ORIENTED_EDGE('',*,*,#2874,.T.);
#4372=ORIENTED_EDGE('',*,*,#3012,.F.);
#4373=ORIENTED_EDGE('',*,*,#2900,.F.);
#4374=ORIENTED_EDGE('',*,*,#3011,.F.);
#4375=ORIENTED_EDGE('',*,*,#2893,.F.);
#4376=ORIENTED_EDGE('',*,*,#2897,.F.);
#4377=ORIENTED_EDGE('',*,*,#3008,.F.);
#4378=ORIENTED_EDGE('',*,*,#2910,.F.);
#4379=ORIENTED_EDGE('',*,*,#3009,.T.);
#4380=ORIENTED_EDGE('',*,*,#2927,.F.);
#4381=CYLINDRICAL_SURFACE('',#4711,0.043);
#4382=CYLINDRICAL_SURFACE('',#4714,0.043);
#4383=CYLINDRICAL_SURFACE('',#4721,0.0580000000000032);
#4384=CYLINDRICAL_SURFACE('',#4724,0.033);
#4385=CYLINDRICAL_SURFACE('',#4727,0.033);
#4386=CYLINDRICAL_SURFACE('',#4730,0.0580000000000032);
#4387=CYLINDRICAL_SURFACE('',#4752,0.033);
#4388=CYLINDRICAL_SURFACE('',#4755,0.043);
#4389=CYLINDRICAL_SURFACE('',#4758,0.043);
#4390=CYLINDRICAL_SURFACE('',#4765,0.0580000000000032);
#4391=CYLINDRICAL_SURFACE('',#4768,0.033);
#4392=CYLINDRICAL_SURFACE('',#4771,0.033);
#4393=CYLINDRICAL_SURFACE('',#4774,0.0580000000000032);
#4394=CYLINDRICAL_SURFACE('',#4789,0.029025);
#4395=CYLINDRICAL_SURFACE('',#4791,0.029025);
#4396=CYLINDRICAL_SURFACE('',#4792,0.029025);
#4397=CYLINDRICAL_SURFACE('',#4804,0.0429999999999998);
#4398=CYLINDRICAL_SURFACE('',#4806,0.0429999999999998);
#4399=CYLINDRICAL_SURFACE('',#4807,0.0429999999999998);
#4400=CYLINDRICAL_SURFACE('',#4808,0.0429999999999998);
#4401=CYLINDRICAL_SURFACE('',#4809,0.0429999999999998);
#4402=CYLINDRICAL_SURFACE('',#4814,0.029025);
#4403=CYLINDRICAL_SURFACE('',#4816,0.086);
#4404=CYLINDRICAL_SURFACE('',#4821,0.043);
#4405=CYLINDRICAL_SURFACE('',#4849,0.029025);
#4406=CYLINDRICAL_SURFACE('',#4851,0.029025);
#4407=CYLINDRICAL_SURFACE('',#4852,0.029025);
#4408=CYLINDRICAL_SURFACE('',#4864,0.0429999999999998);
#4409=CYLINDRICAL_SURFACE('',#4866,0.0429999999999998);
#4410=CYLINDRICAL_SURFACE('',#4867,0.0429999999999998);
#4411=CYLINDRICAL_SURFACE('',#4868,0.0429999999999998);
#4412=CYLINDRICAL_SURFACE('',#4869,0.0429999999999998);
#4413=CYLINDRICAL_SURFACE('',#4874,0.029025);
#4414=CYLINDRICAL_SURFACE('',#4876,0.086);
#4415=CYLINDRICAL_SURFACE('',#4881,0.043);
#4416=CYLINDRICAL_SURFACE('',#4909,0.029025);
#4417=CYLINDRICAL_SURFACE('',#4911,0.029025);
#4418=CYLINDRICAL_SURFACE('',#4912,0.029025);
#4419=CYLINDRICAL_SURFACE('',#4923,0.0429999999999998);
#4420=CYLINDRICAL_SURFACE('',#4925,0.0429999999999998);
#4421=CYLINDRICAL_SURFACE('',#4926,0.0429999999999998);
#4422=CYLINDRICAL_SURFACE('',#4927,0.0429999999999998);
#4423=CYLINDRICAL_SURFACE('',#4928,0.0429999999999998);
#4424=CYLINDRICAL_SURFACE('',#4934,0.029025);
#4425=CYLINDRICAL_SURFACE('',#4936,0.086);
#4426=CYLINDRICAL_SURFACE('',#4941,0.043);
#4427=CYLINDRICAL_SURFACE('',#4969,0.029025);
#4428=CYLINDRICAL_SURFACE('',#4971,0.029025);
#4429=CYLINDRICAL_SURFACE('',#4972,0.029025);
#4430=CYLINDRICAL_SURFACE('',#4983,0.0429999999999998);
#4431=CYLINDRICAL_SURFACE('',#4985,0.0429999999999998);
#4432=CYLINDRICAL_SURFACE('',#4986,0.0429999999999998);
#4433=CYLINDRICAL_SURFACE('',#4987,0.0429999999999998);
#4434=CYLINDRICAL_SURFACE('',#4988,0.0429999999999998);
#4435=CYLINDRICAL_SURFACE('',#4994,0.029025);
#4436=CYLINDRICAL_SURFACE('',#4996,0.086);
#4437=CYLINDRICAL_SURFACE('',#5001,0.043);
#4438=ADVANCED_FACE('',(#391),#4381,.F.);
#4439=ADVANCED_FACE('',(#392),#4382,.F.);
#4440=ADVANCED_FACE('',(#393),#345,.F.);
#4441=ADVANCED_FACE('',(#394),#346,.F.);
#4442=ADVANCED_FACE('',(#395),#4383,.T.);
#4443=ADVANCED_FACE('',(#396),#4384,.F.);
#4444=ADVANCED_FACE('',(#397),#4385,.F.);
#4445=ADVANCED_FACE('',(#398),#4386,.T.);
#4446=ADVANCED_FACE('',(#399),#215,.F.);
#4447=ADVANCED_FACE('',(#400,#203,#204),#216,.F.);
#4448=ADVANCED_FACE('',(#401),#217,.F.);
#4449=ADVANCED_FACE('',(#402,#205,#206),#218,.F.);
#4450=ADVANCED_FACE('',(#403),#219,.F.);
#4451=ADVANCED_FACE('',(#404),#220,.F.);
#4452=ADVANCED_FACE('',(#405),#221,.T.);
#4453=ADVANCED_FACE('',(#406),#222,.F.);
#4454=ADVANCED_FACE('',(#407),#223,.F.);
#4455=ADVANCED_FACE('',(#408),#224,.F.);
#4456=ADVANCED_FACE('',(#409),#225,.F.);
#4457=ADVANCED_FACE('',(#410),#226,.F.);
#4458=ADVANCED_FACE('',(#411),#347,.T.);
#4459=ADVANCED_FACE('',(#412),#348,.T.);
#4460=ADVANCED_FACE('',(#413),#4387,.T.);
#4461=ADVANCED_FACE('',(#414),#227,.T.);
#4462=ADVANCED_FACE('',(#415),#228,.F.);
#4463=ADVANCED_FACE('',(#416),#4388,.F.);
#4464=ADVANCED_FACE('',(#417),#4389,.F.);
#4465=ADVANCED_FACE('',(#418),#349,.F.);
#4466=ADVANCED_FACE('',(#419),#350,.F.);
#4467=ADVANCED_FACE('',(#420),#4390,.T.);
#4468=ADVANCED_FACE('',(#421),#4391,.F.);
#4469=ADVANCED_FACE('',(#422),#4392,.F.);
#4470=ADVANCED_FACE('',(#423),#4393,.T.);
#4471=ADVANCED_FACE('',(#424),#229,.F.);
#4472=ADVANCED_FACE('',(#425,#207,#208),#230,.F.);
#4473=ADVANCED_FACE('',(#426),#231,.F.);
#4474=ADVANCED_FACE('',(#427,#209,#210),#232,.F.);
#4475=ADVANCED_FACE('',(#428),#233,.F.);
#4476=ADVANCED_FACE('',(#429),#234,.F.);
#4477=ADVANCED_FACE('',(#430),#235,.T.);
#4478=ADVANCED_FACE('',(#431),#236,.F.);
#4479=ADVANCED_FACE('',(#432),#237,.F.);
#4480=ADVANCED_FACE('',(#433),#238,.F.);
#4481=ADVANCED_FACE('',(#434),#239,.F.);
#4482=ADVANCED_FACE('',(#435),#240,.F.);
#4483=ADVANCED_FACE('',(#436),#4394,.T.);
#4484=ADVANCED_FACE('',(#437),#4395,.T.);
#4485=ADVANCED_FACE('',(#438),#4396,.T.);
#4486=ADVANCED_FACE('',(#439),#351,.T.);
#4487=ADVANCED_FACE('',(#440),#352,.T.);
#4488=ADVANCED_FACE('',(#441),#353,.T.);
#4489=ADVANCED_FACE('',(#442),#354,.T.);
#4490=ADVANCED_FACE('',(#443),#4397,.T.);
#4491=ADVANCED_FACE('',(#444),#4398,.T.);
#4492=ADVANCED_FACE('',(#445),#4399,.T.);
#4493=ADVANCED_FACE('',(#446),#4400,.T.);
#4494=ADVANCED_FACE('',(#447),#4401,.T.);
#4495=ADVANCED_FACE('',(#448),#355,.T.);
#4496=ADVANCED_FACE('',(#449),#356,.T.);
#4497=ADVANCED_FACE('',(#450),#357,.T.);
#4498=ADVANCED_FACE('',(#451),#4402,.T.);
#4499=ADVANCED_FACE('',(#452),#358,.T.);
#4500=ADVANCED_FACE('',(#453),#4403,.T.);
#4501=ADVANCED_FACE('',(#454),#359,.T.);
#4502=ADVANCED_FACE('',(#455),#4404,.T.);
#4503=ADVANCED_FACE('',(#456,#211),#241,.F.);
#4504=ADVANCED_FACE('',(#457),#242,.T.);
#4505=ADVANCED_FACE('',(#458),#243,.T.);
#4506=ADVANCED_FACE('',(#459),#244,.T.);
#4507=ADVANCED_FACE('',(#460),#245,.F.);
#4508=ADVANCED_FACE('',(#461),#246,.F.);
#4509=ADVANCED_FACE('',(#462),#247,.T.);
#4510=ADVANCED_FACE('',(#463),#248,.T.);
#4511=ADVANCED_FACE('',(#464),#249,.T.);
#4512=ADVANCED_FACE('',(#465),#250,.F.);
#4513=ADVANCED_FACE('',(#466),#251,.F.);
#4514=ADVANCED_FACE('',(#467),#252,.T.);
#4515=ADVANCED_FACE('',(#468),#253,.T.);
#4516=ADVANCED_FACE('',(#469),#254,.T.);
#4517=ADVANCED_FACE('',(#470),#255,.F.);
#4518=ADVANCED_FACE('',(#471),#256,.F.);
#4519=ADVANCED_FACE('',(#472),#257,.T.);
#4520=ADVANCED_FACE('',(#473),#258,.T.);
#4521=ADVANCED_FACE('',(#474),#259,.T.);
#4522=ADVANCED_FACE('',(#475),#260,.F.);
#4523=ADVANCED_FACE('',(#476),#261,.F.);
#4524=ADVANCED_FACE('',(#477),#262,.T.);
#4525=ADVANCED_FACE('',(#478),#263,.T.);
#4526=ADVANCED_FACE('',(#479),#264,.T.);
#4527=ADVANCED_FACE('',(#480),#265,.T.);
#4528=ADVANCED_FACE('',(#481),#266,.T.);
#4529=ADVANCED_FACE('',(#482),#21,.T.);
#4530=ADVANCED_FACE('',(#483),#22,.T.);
#4531=ADVANCED_FACE('',(#484),#13,.F.);
#4532=ADVANCED_FACE('',(#485),#14,.F.);
#4533=ADVANCED_FACE('',(#486),#360,.T.);
#4534=ADVANCED_FACE('',(#487),#23,.T.);
#4535=ADVANCED_FACE('',(#488),#4405,.T.);
#4536=ADVANCED_FACE('',(#489),#4406,.T.);
#4537=ADVANCED_FACE('',(#490),#4407,.T.);
#4538=ADVANCED_FACE('',(#491),#361,.T.);
#4539=ADVANCED_FACE('',(#492),#362,.T.);
#4540=ADVANCED_FACE('',(#493),#363,.T.);
#4541=ADVANCED_FACE('',(#494),#364,.T.);
#4542=ADVANCED_FACE('',(#495),#4408,.T.);
#4543=ADVANCED_FACE('',(#496),#4409,.T.);
#4544=ADVANCED_FACE('',(#497),#4410,.T.);
#4545=ADVANCED_FACE('',(#498),#4411,.T.);
#4546=ADVANCED_FACE('',(#499),#4412,.T.);
#4547=ADVANCED_FACE('',(#500),#365,.T.);
#4548=ADVANCED_FACE('',(#501),#366,.T.);
#4549=ADVANCED_FACE('',(#502),#367,.T.);
#4550=ADVANCED_FACE('',(#503),#4413,.T.);
#4551=ADVANCED_FACE('',(#504),#368,.T.);
#4552=ADVANCED_FACE('',(#505),#4414,.T.);
#4553=ADVANCED_FACE('',(#506),#369,.T.);
#4554=ADVANCED_FACE('',(#507),#4415,.T.);
#4555=ADVANCED_FACE('',(#508,#212),#267,.F.);
#4556=ADVANCED_FACE('',(#509),#268,.T.);
#4557=ADVANCED_FACE('',(#510),#269,.T.);
#4558=ADVANCED_FACE('',(#511),#270,.T.);
#4559=ADVANCED_FACE('',(#512),#271,.F.);
#4560=ADVANCED_FACE('',(#513),#272,.F.);
#4561=ADVANCED_FACE('',(#514),#273,.T.);
#4562=ADVANCED_FACE('',(#515),#274,.T.);
#4563=ADVANCED_FACE('',(#516),#275,.T.);
#4564=ADVANCED_FACE('',(#517),#276,.F.);
#4565=ADVANCED_FACE('',(#518),#277,.F.);
#4566=ADVANCED_FACE('',(#519),#278,.T.);
#4567=ADVANCED_FACE('',(#520),#279,.T.);
#4568=ADVANCED_FACE('',(#521),#280,.T.);
#4569=ADVANCED_FACE('',(#522),#281,.F.);
#4570=ADVANCED_FACE('',(#523),#282,.F.);
#4571=ADVANCED_FACE('',(#524),#283,.T.);
#4572=ADVANCED_FACE('',(#525),#284,.T.);
#4573=ADVANCED_FACE('',(#526),#285,.T.);
#4574=ADVANCED_FACE('',(#527),#286,.F.);
#4575=ADVANCED_FACE('',(#528),#287,.F.);
#4576=ADVANCED_FACE('',(#529),#288,.T.);
#4577=ADVANCED_FACE('',(#530),#289,.T.);
#4578=ADVANCED_FACE('',(#531),#290,.T.);
#4579=ADVANCED_FACE('',(#532),#291,.T.);
#4580=ADVANCED_FACE('',(#533),#292,.T.);
#4581=ADVANCED_FACE('',(#534),#24,.T.);
#4582=ADVANCED_FACE('',(#535),#25,.T.);
#4583=ADVANCED_FACE('',(#536),#15,.F.);
#4584=ADVANCED_FACE('',(#537),#16,.F.);
#4585=ADVANCED_FACE('',(#538),#370,.T.);
#4586=ADVANCED_FACE('',(#539),#26,.T.);
#4587=ADVANCED_FACE('',(#540),#4416,.T.);
#4588=ADVANCED_FACE('',(#541),#4417,.T.);
#4589=ADVANCED_FACE('',(#542),#4418,.T.);
#4590=ADVANCED_FACE('',(#543),#371,.T.);
#4591=ADVANCED_FACE('',(#544),#372,.T.);
#4592=ADVANCED_FACE('',(#545),#373,.T.);
#4593=ADVANCED_FACE('',(#546),#374,.T.);
#4594=ADVANCED_FACE('',(#547),#4419,.T.);
#4595=ADVANCED_FACE('',(#548),#4420,.T.);
#4596=ADVANCED_FACE('',(#549),#4421,.T.);
#4597=ADVANCED_FACE('',(#550),#4422,.T.);
#4598=ADVANCED_FACE('',(#551),#4423,.T.);
#4599=ADVANCED_FACE('',(#552),#375,.T.);
#4600=ADVANCED_FACE('',(#553),#376,.T.);
#4601=ADVANCED_FACE('',(#554),#377,.T.);
#4602=ADVANCED_FACE('',(#555),#4424,.T.);
#4603=ADVANCED_FACE('',(#556),#378,.T.);
#4604=ADVANCED_FACE('',(#557),#4425,.T.);
#4605=ADVANCED_FACE('',(#558),#379,.T.);
#4606=ADVANCED_FACE('',(#559),#4426,.T.);
#4607=ADVANCED_FACE('',(#560,#213),#293,.T.);
#4608=ADVANCED_FACE('',(#561),#294,.F.);
#4609=ADVANCED_FACE('',(#562),#295,.F.);
#4610=ADVANCED_FACE('',(#563),#296,.F.);
#4611=ADVANCED_FACE('',(#564),#297,.T.);
#4612=ADVANCED_FACE('',(#565),#298,.T.);
#4613=ADVANCED_FACE('',(#566),#299,.F.);
#4614=ADVANCED_FACE('',(#567),#300,.F.);
#4615=ADVANCED_FACE('',(#568),#301,.F.);
#4616=ADVANCED_FACE('',(#569),#302,.T.);
#4617=ADVANCED_FACE('',(#570),#303,.T.);
#4618=ADVANCED_FACE('',(#571),#304,.F.);
#4619=ADVANCED_FACE('',(#572),#305,.F.);
#4620=ADVANCED_FACE('',(#573),#306,.F.);
#4621=ADVANCED_FACE('',(#574),#307,.T.);
#4622=ADVANCED_FACE('',(#575),#308,.T.);
#4623=ADVANCED_FACE('',(#576),#309,.F.);
#4624=ADVANCED_FACE('',(#577),#310,.F.);
#4625=ADVANCED_FACE('',(#578),#311,.F.);
#4626=ADVANCED_FACE('',(#579),#312,.T.);
#4627=ADVANCED_FACE('',(#580),#313,.T.);
#4628=ADVANCED_FACE('',(#581),#314,.F.);
#4629=ADVANCED_FACE('',(#582),#315,.F.);
#4630=ADVANCED_FACE('',(#583),#316,.F.);
#4631=ADVANCED_FACE('',(#584),#317,.F.);
#4632=ADVANCED_FACE('',(#585),#318,.F.);
#4633=ADVANCED_FACE('',(#586),#27,.F.);
#4634=ADVANCED_FACE('',(#587),#28,.F.);
#4635=ADVANCED_FACE('',(#588),#17,.T.);
#4636=ADVANCED_FACE('',(#589),#18,.T.);
#4637=ADVANCED_FACE('',(#590),#380,.T.);
#4638=ADVANCED_FACE('',(#591),#29,.F.);
#4639=ADVANCED_FACE('',(#592),#4427,.T.);
#4640=ADVANCED_FACE('',(#593),#4428,.T.);
#4641=ADVANCED_FACE('',(#594),#4429,.T.);
#4642=ADVANCED_FACE('',(#595),#381,.T.);
#4643=ADVANCED_FACE('',(#596),#382,.T.);
#4644=ADVANCED_FACE('',(#597),#383,.T.);
#4645=ADVANCED_FACE('',(#598),#384,.T.);
#4646=ADVANCED_FACE('',(#599),#4430,.T.);
#4647=ADVANCED_FACE('',(#600),#4431,.T.);
#4648=ADVANCED_FACE('',(#601),#4432,.T.);
#4649=ADVANCED_FACE('',(#602),#4433,.T.);
#4650=ADVANCED_FACE('',(#603),#4434,.T.);
#4651=ADVANCED_FACE('',(#604),#385,.T.);
#4652=ADVANCED_FACE('',(#605),#386,.T.);
#4653=ADVANCED_FACE('',(#606),#387,.T.);
#4654=ADVANCED_FACE('',(#607),#4435,.T.);
#4655=ADVANCED_FACE('',(#608),#388,.T.);
#4656=ADVANCED_FACE('',(#609),#4436,.T.);
#4657=ADVANCED_FACE('',(#610),#389,.T.);
#4658=ADVANCED_FACE('',(#611),#4437,.T.);
#4659=ADVANCED_FACE('',(#612,#214),#319,.T.);
#4660=ADVANCED_FACE('',(#613),#320,.F.);
#4661=ADVANCED_FACE('',(#614),#321,.F.);
#4662=ADVANCED_FACE('',(#615),#322,.F.);
#4663=ADVANCED_FACE('',(#616),#323,.T.);
#4664=ADVANCED_FACE('',(#617),#324,.T.);
#4665=ADVANCED_FACE('',(#618),#325,.F.);
#4666=ADVANCED_FACE('',(#619),#326,.F.);
#4667=ADVANCED_FACE('',(#620),#327,.F.);
#4668=ADVANCED_FACE('',(#621),#328,.T.);
#4669=ADVANCED_FACE('',(#622),#329,.T.);
#4670=ADVANCED_FACE('',(#623),#330,.F.);
#4671=ADVANCED_FACE('',(#624),#331,.F.);
#4672=ADVANCED_FACE('',(#625),#332,.F.);
#4673=ADVANCED_FACE('',(#626),#333,.T.);
#4674=ADVANCED_FACE('',(#627),#334,.T.);
#4675=ADVANCED_FACE('',(#628),#335,.F.);
#4676=ADVANCED_FACE('',(#629),#336,.F.);
#4677=ADVANCED_FACE('',(#630),#337,.F.);
#4678=ADVANCED_FACE('',(#631),#338,.T.);
#4679=ADVANCED_FACE('',(#632),#339,.T.);
#4680=ADVANCED_FACE('',(#633),#340,.F.);
#4681=ADVANCED_FACE('',(#634),#341,.F.);
#4682=ADVANCED_FACE('',(#635),#342,.F.);
#4683=ADVANCED_FACE('',(#636),#343,.F.);
#4684=ADVANCED_FACE('',(#637),#344,.F.);
#4685=ADVANCED_FACE('',(#638),#30,.F.);
#4686=ADVANCED_FACE('',(#639),#31,.F.);
#4687=ADVANCED_FACE('',(#640),#19,.T.);
#4688=ADVANCED_FACE('',(#641),#20,.T.);
#4689=ADVANCED_FACE('',(#642),#390,.T.);
#4690=ADVANCED_FACE('',(#643),#32,.F.);
#4691=CLOSED_SHELL('',(#4438,#4439,#4440,#4441,#4442,#4443,#4444,#4445,
#4446,#4447,#4448,#4449,#4450,#4451,#4452,#4453,#4454,#4455,#4456,#4457));
#4692=CLOSED_SHELL('',(#4458,#4459,#4460,#4461,#4462));
#4693=CLOSED_SHELL('',(#4463,#4464,#4465,#4466,#4467,#4468,#4469,#4470,
#4471,#4472,#4473,#4474,#4475,#4476,#4477,#4478,#4479,#4480,#4481,#4482));
#4694=CLOSED_SHELL('',(#4483,#4484,#4485,#4486,#4487,#4488,#4489,#4490,
#4491,#4492,#4493,#4494,#4495,#4496,#4497,#4498,#4499,#4500,#4501,#4502,
#4503,#4504,#4505,#4506,#4507,#4508,#4509,#4510,#4511,#4512,#4513,#4514,
#4515,#4516,#4517,#4518,#4519,#4520,#4521,#4522,#4523,#4524,#4525,#4526,
#4527,#4528,#4529,#4530,#4531,#4532,#4533,#4534));
#4695=CLOSED_SHELL('',(#4535,#4536,#4537,#4538,#4539,#4540,#4541,#4542,
#4543,#4544,#4545,#4546,#4547,#4548,#4549,#4550,#4551,#4552,#4553,#4554,
#4555,#4556,#4557,#4558,#4559,#4560,#4561,#4562,#4563,#4564,#4565,#4566,
#4567,#4568,#4569,#4570,#4571,#4572,#4573,#4574,#4575,#4576,#4577,#4578,
#4579,#4580,#4581,#4582,#4583,#4584,#4585,#4586));
#4696=CLOSED_SHELL('',(#4587,#4588,#4589,#4590,#4591,#4592,#4593,#4594,
#4595,#4596,#4597,#4598,#4599,#4600,#4601,#4602,#4603,#4604,#4605,#4606,
#4607,#4608,#4609,#4610,#4611,#4612,#4613,#4614,#4615,#4616,#4617,#4618,
#4619,#4620,#4621,#4622,#4623,#4624,#4625,#4626,#4627,#4628,#4629,#4630,
#4631,#4632,#4633,#4634,#4635,#4636,#4637,#4638));
#4697=CLOSED_SHELL('',(#4639,#4640,#4641,#4642,#4643,#4644,#4645,#4646,
#4647,#4648,#4649,#4650,#4651,#4652,#4653,#4654,#4655,#4656,#4657,#4658,
#4659,#4660,#4661,#4662,#4663,#4664,#4665,#4666,#4667,#4668,#4669,#4670,
#4671,#4672,#4673,#4674,#4675,#4676,#4677,#4678,#4679,#4680,#4681,#4682,
#4683,#4684,#4685,#4686,#4687,#4688,#4689,#4690));
#4698=DERIVED_UNIT_ELEMENT(#4700,1.);
#4699=DERIVED_UNIT_ELEMENT(#13232,-3.);
#4700=(
MASS_UNIT()
NAMED_UNIT(*)
SI_UNIT(.KILO.,.GRAM.)
);
#4701=DERIVED_UNIT((#4698,#4699));
#4702=MEASURE_REPRESENTATION_ITEM('density measure',
POSITIVE_RATIO_MEASURE(7850.),#4701);
#4703=PROPERTY_DEFINITION_REPRESENTATION(#4708,#4705);
#4704=PROPERTY_DEFINITION_REPRESENTATION(#4709,#4706);
#4705=REPRESENTATION('material name',(#4707),#13227);
#4706=REPRESENTATION('density',(#4702),#13227);
#4707=DESCRIPTIVE_REPRESENTATION_ITEM('Steel','Steel');
#4708=PROPERTY_DEFINITION('material property','material name',#13240);
#4709=PROPERTY_DEFINITION('material property','density of part',#13240);
#4710=AXIS2_PLACEMENT_3D('',#6110,#5029,#5030);
#4711=AXIS2_PLACEMENT_3D('',#6111,#5031,#5032);
#4712=AXIS2_PLACEMENT_3D('',#6113,#5033,#5034);
#4713=AXIS2_PLACEMENT_3D('',#6116,#5036,#5037);
#4714=AXIS2_PLACEMENT_3D('',#6117,#5038,#5039);
#4715=AXIS2_PLACEMENT_3D('',#6119,#5040,#5041);
#4716=AXIS2_PLACEMENT_3D('',#6122,#5043,#5044);
#4717=AXIS2_PLACEMENT_3D('',#6123,#5045,#5046);
#4718=AXIS2_PLACEMENT_3D('',#6126,#5048,#5049);
#4719=AXIS2_PLACEMENT_3D('',#6127,#5050,#5051);
#4720=AXIS2_PLACEMENT_3D('',#6130,#5053,#5054);
#4721=AXIS2_PLACEMENT_3D('',#6131,#5055,#5056);
#4722=AXIS2_PLACEMENT_3D('',#6134,#5057,#5058);
#4723=AXIS2_PLACEMENT_3D('',#6138,#5060,#5061);
#4724=AXIS2_PLACEMENT_3D('',#6140,#5063,#5064);
#4725=AXIS2_PLACEMENT_3D('',#6143,#5065,#5066);
#4726=AXIS2_PLACEMENT_3D('',#6147,#5068,#5069);
#4727=AXIS2_PLACEMENT_3D('',#6149,#5071,#5072);
#4728=AXIS2_PLACEMENT_3D('',#6152,#5073,#5074);
#4729=AXIS2_PLACEMENT_3D('',#6156,#5076,#5077);
#4730=AXIS2_PLACEMENT_3D('',#6158,#5079,#5080);
#4731=AXIS2_PLACEMENT_3D('',#6161,#5081,#5082);
#4732=AXIS2_PLACEMENT_3D('',#6165,#5084,#5085);
#4733=AXIS2_PLACEMENT_3D('',#6167,#5087,#5088);
#4734=AXIS2_PLACEMENT_3D('',#6170,#5091,#5092);
#4735=AXIS2_PLACEMENT_3D('',#6185,#5101,#5102);
#4736=AXIS2_PLACEMENT_3D('',#6191,#5106,#5107);
#4737=AXIS2_PLACEMENT_3D('',#6203,#5115,#5116);
#4738=AXIS2_PLACEMENT_3D('',#6206,#5119,#5120);
#4739=AXIS2_PLACEMENT_3D('',#6208,#5122,#5123);
#4740=AXIS2_PLACEMENT_3D('',#6209,#5124,#5125);
#4741=AXIS2_PLACEMENT_3D('',#6212,#5128,#5129);
#4742=AXIS2_PLACEMENT_3D('',#6213,#5130,#5131);
#4743=AXIS2_PLACEMENT_3D('',#6214,#5132,#5133);
#4744=AXIS2_PLACEMENT_3D('',#6216,#5135,#5136);
#4745=AXIS2_PLACEMENT_3D('',#6217,#5137,#5138);
#4746=AXIS2_PLACEMENT_3D('',#6219,#5139,#5140);
#4747=AXIS2_PLACEMENT_3D('',#6222,#5142,#5143);
#4748=AXIS2_PLACEMENT_3D('',#6223,#5144,#5145);
#4749=AXIS2_PLACEMENT_3D('',#6226,#5146,#5147);
#4750=AXIS2_PLACEMENT_3D('',#6227,#5148,#5149);
#4751=AXIS2_PLACEMENT_3D('',#6230,#5151,#5152);
#4752=AXIS2_PLACEMENT_3D('',#6231,#5153,#5154);
#4753=AXIS2_PLACEMENT_3D('',#6233,#5156,#5157);
#4754=AXIS2_PLACEMENT_3D('',#6234,#5158,#5159);
#4755=AXIS2_PLACEMENT_3D('',#6235,#5160,#5161);
#4756=AXIS2_PLACEMENT_3D('',#6237,#5162,#5163);
#4757=AXIS2_PLACEMENT_3D('',#6240,#5165,#5166);
#4758=AXIS2_PLACEMENT_3D('',#6241,#5167,#5168);
#4759=AXIS2_PLACEMENT_3D('',#6243,#5169,#5170);
#4760=AXIS2_PLACEMENT_3D('',#6246,#5172,#5173);
#4761=AXIS2_PLACEMENT_3D('',#6247,#5174,#5175);
#4762=AXIS2_PLACEMENT_3D('',#6250,#5177,#5178);
#4763=AXIS2_PLACEMENT_3D('',#6251,#5179,#5180);
#4764=AXIS2_PLACEMENT_3D('',#6254,#5182,#5183);
#4765=AXIS2_PLACEMENT_3D('',#6255,#5184,#5185);
#4766=AXIS2_PLACEMENT_3D('',#6258,#5186,#5187);
#4767=AXIS2_PLACEMENT_3D('',#6262,#5189,#5190);
#4768=AXIS2_PLACEMENT_3D('',#6264,#5192,#5193);
#4769=AXIS2_PLACEMENT_3D('',#6267,#5194,#5195);
#4770=AXIS2_PLACEMENT_3D('',#6271,#5197,#5198);
#4771=AXIS2_PLACEMENT_3D('',#6273,#5200,#5201);
#4772=AXIS2_PLACEMENT_3D('',#6276,#5202,#5203);
#4773=AXIS2_PLACEMENT_3D('',#6280,#5205,#5206);
#4774=AXIS2_PLACEMENT_3D('',#6282,#5208,#5209);
#4775=AXIS2_PLACEMENT_3D('',#6285,#5210,#5211);
#4776=AXIS2_PLACEMENT_3D('',#6289,#5213,#5214);
#4777=AXIS2_PLACEMENT_3D('',#6291,#5216,#5217);
#4778=AXIS2_PLACEMENT_3D('',#6294,#5220,#5221);
#4779=AXIS2_PLACEMENT_3D('',#6309,#5230,#5231);
#4780=AXIS2_PLACEMENT_3D('',#6315,#5235,#5236);
#4781=AXIS2_PLACEMENT_3D('',#6327,#5244,#5245);
#4782=AXIS2_PLACEMENT_3D('',#6330,#5248,#5249);
#4783=AXIS2_PLACEMENT_3D('',#6332,#5251,#5252);
#4784=AXIS2_PLACEMENT_3D('',#6333,#5253,#5254);
#4785=AXIS2_PLACEMENT_3D('',#6336,#5257,#5258);
#4786=AXIS2_PLACEMENT_3D('',#6337,#5259,#5260);
#4787=AXIS2_PLACEMENT_3D('',#6338,#5261,#5262);
#4788=AXIS2_PLACEMENT_3D('',#6340,#5264,#5265);
#4789=AXIS2_PLACEMENT_3D('',#6341,#5266,#5267);
#4790=AXIS2_PLACEMENT_3D('',#6381,#5269,#5270);
#4791=AXIS2_PLACEMENT_3D('',#6403,#5271,#5272);
#4792=AXIS2_PLACEMENT_3D('',#6479,#5274,#5275);
#4793=AXIS2_PLACEMENT_3D('',#6555,#5277,#5278);
#4794=AXIS2_PLACEMENT_3D('',#6576,#5280,#5281);
#4795=AXIS2_PLACEMENT_3D('',#6577,#5282,#5283);
#4796=AXIS2_PLACEMENT_3D('',#6629,#5285,#5286);
#4797=AXIS2_PLACEMENT_3D('',#6658,#5287,#5288);
#4798=AXIS2_PLACEMENT_3D('',#6677,#5290,#5291);
#4799=AXIS2_PLACEMENT_3D('',#6681,#5293,#5294);
#4800=AXIS2_PLACEMENT_3D('',#6690,#5295,#5296);
#4801=AXIS2_PLACEMENT_3D('',#6692,#5297,#5298);
#4802=AXIS2_PLACEMENT_3D('',#6696,#5300,#5301);
#4803=AXIS2_PLACEMENT_3D('',#6749,#5303,#5304);
#4804=AXIS2_PLACEMENT_3D('',#6750,#5305,#5306);
#4805=AXIS2_PLACEMENT_3D('',#6782,#5308,#5309);
#4806=AXIS2_PLACEMENT_3D('',#6805,#5310,#5311);
#4807=AXIS2_PLACEMENT_3D('',#6881,#5313,#5314);
#4808=AXIS2_PLACEMENT_3D('',#6957,#5316,#5317);
#4809=AXIS2_PLACEMENT_3D('',#7033,#5319,#5320);
#4810=AXIS2_PLACEMENT_3D('',#7077,#5322,#5323);
#4811=AXIS2_PLACEMENT_3D('',#7102,#5324,#5325);
#4812=AXIS2_PLACEMENT_3D('',#7107,#5326,#5327);
#4813=AXIS2_PLACEMENT_3D('',#7122,#5328,#5329);
#4814=AXIS2_PLACEMENT_3D('',#7151,#5330,#5331);
#4815=AXIS2_PLACEMENT_3D('',#7206,#5332,#5333);
#4816=AXIS2_PLACEMENT_3D('',#7245,#5334,#5335);
#4817=AXIS2_PLACEMENT_3D('',#7247,#5336,#5337);
#4818=AXIS2_PLACEMENT_3D('',#7250,#5339,#5340);
#4819=AXIS2_PLACEMENT_3D('',#7251,#5341,#5342);
#4820=AXIS2_PLACEMENT_3D('',#7254,#5344,#5345);
#4821=AXIS2_PLACEMENT_3D('',#7255,#5346,#5347);
#4822=AXIS2_PLACEMENT_3D('',#7257,#5349,#5350);
#4823=AXIS2_PLACEMENT_3D('',#7298,#5371,#5372);
#4824=AXIS2_PLACEMENT_3D('',#7304,#5376,#5377);
#4825=AXIS2_PLACEMENT_3D('',#7308,#5380,#5381);
#4826=AXIS2_PLACEMENT_3D('',#7312,#5384,#5385);
#4827=AXIS2_PLACEMENT_3D('',#7318,#5389,#5390);
#4828=AXIS2_PLACEMENT_3D('',#7324,#5394,#5395);
#4829=AXIS2_PLACEMENT_3D('',#7328,#5398,#5399);
#4830=AXIS2_PLACEMENT_3D('',#7332,#5402,#5403);
#4831=AXIS2_PLACEMENT_3D('',#7336,#5406,#5407);
#4832=AXIS2_PLACEMENT_3D('',#7342,#5411,#5412);
#4833=AXIS2_PLACEMENT_3D('',#7348,#5416,#5417);
#4834=AXIS2_PLACEMENT_3D('',#7352,#5420,#5421);
#4835=AXIS2_PLACEMENT_3D('',#7356,#5424,#5425);
#4836=AXIS2_PLACEMENT_3D('',#7360,#5428,#5429);
#4837=AXIS2_PLACEMENT_3D('',#7366,#5433,#5434);
#4838=AXIS2_PLACEMENT_3D('',#7372,#5438,#5439);
#4839=AXIS2_PLACEMENT_3D('',#7376,#5442,#5443);
#4840=AXIS2_PLACEMENT_3D('',#7380,#5446,#5447);
#4841=AXIS2_PLACEMENT_3D('',#7384,#5450,#5451);
#4842=AXIS2_PLACEMENT_3D('',#7390,#5455,#5456);
#4843=AXIS2_PLACEMENT_3D('',#7394,#5459,#5460);
#4844=AXIS2_PLACEMENT_3D('',#7399,#5465,#5466);
#4845=AXIS2_PLACEMENT_3D('',#7400,#5467,#5468);
#4846=AXIS2_PLACEMENT_3D('',#7401,#5469,#5470);
#4847=AXIS2_PLACEMENT_3D('',#7402,#5471,#5472);
#4848=AXIS2_PLACEMENT_3D('',#7985,#5475,#5476);
#4849=AXIS2_PLACEMENT_3D('',#8062,#5477,#5478);
#4850=AXIS2_PLACEMENT_3D('',#8102,#5480,#5481);
#4851=AXIS2_PLACEMENT_3D('',#8124,#5482,#5483);
#4852=AXIS2_PLACEMENT_3D('',#8200,#5485,#5486);
#4853=AXIS2_PLACEMENT_3D('',#8276,#5488,#5489);
#4854=AXIS2_PLACEMENT_3D('',#8297,#5491,#5492);
#4855=AXIS2_PLACEMENT_3D('',#8298,#5493,#5494);
#4856=AXIS2_PLACEMENT_3D('',#8350,#5496,#5497);
#4857=AXIS2_PLACEMENT_3D('',#8379,#5498,#5499);
#4858=AXIS2_PLACEMENT_3D('',#8398,#5501,#5502);
#4859=AXIS2_PLACEMENT_3D('',#8402,#5504,#5505);
#4860=AXIS2_PLACEMENT_3D('',#8411,#5506,#5507);
#4861=AXIS2_PLACEMENT_3D('',#8413,#5508,#5509);
#4862=AXIS2_PLACEMENT_3D('',#8417,#5511,#5512);
#4863=AXIS2_PLACEMENT_3D('',#8470,#5514,#5515);
#4864=AXIS2_PLACEMENT_3D('',#8471,#5516,#5517);
#4865=AXIS2_PLACEMENT_3D('',#8503,#5519,#5520);
#4866=AXIS2_PLACEMENT_3D('',#8526,#5521,#5522);
#4867=AXIS2_PLACEMENT_3D('',#8602,#5524,#5525);
#4868=AXIS2_PLACEMENT_3D('',#8678,#5527,#5528);
#4869=AXIS2_PLACEMENT_3D('',#8754,#5530,#5531);
#4870=AXIS2_PLACEMENT_3D('',#8798,#5533,#5534);
#4871=AXIS2_PLACEMENT_3D('',#8823,#5535,#5536);
#4872=AXIS2_PLACEMENT_3D('',#8828,#5537,#5538);
#4873=AXIS2_PLACEMENT_3D('',#8843,#5539,#5540);
#4874=AXIS2_PLACEMENT_3D('',#8872,#5541,#5542);
#4875=AXIS2_PLACEMENT_3D('',#8927,#5543,#5544);
#4876=AXIS2_PLACEMENT_3D('',#8966,#5545,#5546);
#4877=AXIS2_PLACEMENT_3D('',#8968,#5547,#5548);
#4878=AXIS2_PLACEMENT_3D('',#8971,#5550,#5551);
#4879=AXIS2_PLACEMENT_3D('',#8972,#5552,#5553);
#4880=AXIS2_PLACEMENT_3D('',#8975,#5555,#5556);
#4881=AXIS2_PLACEMENT_3D('',#8976,#5557,#5558);
#4882=AXIS2_PLACEMENT_3D('',#8978,#5560,#5561);
#4883=AXIS2_PLACEMENT_3D('',#9019,#5582,#5583);
#4884=AXIS2_PLACEMENT_3D('',#9025,#5587,#5588);
#4885=AXIS2_PLACEMENT_3D('',#9029,#5591,#5592);
#4886=AXIS2_PLACEMENT_3D('',#9033,#5595,#5596);
#4887=AXIS2_PLACEMENT_3D('',#9039,#5600,#5601);
#4888=AXIS2_PLACEMENT_3D('',#9045,#5605,#5606);
#4889=AXIS2_PLACEMENT_3D('',#9049,#5609,#5610);
#4890=AXIS2_PLACEMENT_3D('',#9053,#5613,#5614);
#4891=AXIS2_PLACEMENT_3D('',#9057,#5617,#5618);
#4892=AXIS2_PLACEMENT_3D('',#9063,#5622,#5623);
#4893=AXIS2_PLACEMENT_3D('',#9069,#5627,#5628);
#4894=AXIS2_PLACEMENT_3D('',#9073,#5631,#5632);
#4895=AXIS2_PLACEMENT_3D('',#9077,#5635,#5636);
#4896=AXIS2_PLACEMENT_3D('',#9081,#5639,#5640);
#4897=AXIS2_PLACEMENT_3D('',#9087,#5644,#5645);
#4898=AXIS2_PLACEMENT_3D('',#9093,#5649,#5650);
#4899=AXIS2_PLACEMENT_3D('',#9097,#5653,#5654);
#4900=AXIS2_PLACEMENT_3D('',#9101,#5657,#5658);
#4901=AXIS2_PLACEMENT_3D('',#9105,#5661,#5662);
#4902=AXIS2_PLACEMENT_3D('',#9111,#5666,#5667);
#4903=AXIS2_PLACEMENT_3D('',#9115,#5670,#5671);
#4904=AXIS2_PLACEMENT_3D('',#9120,#5676,#5677);
#4905=AXIS2_PLACEMENT_3D('',#9121,#5678,#5679);
#4906=AXIS2_PLACEMENT_3D('',#9122,#5680,#5681);
#4907=AXIS2_PLACEMENT_3D('',#9123,#5682,#5683);
#4908=AXIS2_PLACEMENT_3D('',#9706,#5686,#5687);
#4909=AXIS2_PLACEMENT_3D('',#9783,#5688,#5689);
#4910=AXIS2_PLACEMENT_3D('',#9810,#5691,#5692);
#4911=AXIS2_PLACEMENT_3D('',#9845,#5693,#5694);
#4912=AXIS2_PLACEMENT_3D('',#9921,#5696,#5697);
#4913=AXIS2_PLACEMENT_3D('',#9947,#5699,#5700);
#4914=AXIS2_PLACEMENT_3D('',#9982,#5701,#5702);
#4915=AXIS2_PLACEMENT_3D('',#9987,#5704,#5705);
#4916=AXIS2_PLACEMENT_3D('',#10004,#5706,#5707);
#4917=AXIS2_PLACEMENT_3D('',#10036,#5709,#5710);
#4918=AXIS2_PLACEMENT_3D('',#10040,#5712,#5713);
#4919=AXIS2_PLACEMENT_3D('',#10055,#5714,#5715);
#4920=AXIS2_PLACEMENT_3D('',#10057,#5716,#5717);
#4921=AXIS2_PLACEMENT_3D('',#10061,#5719,#5720);
#4922=AXIS2_PLACEMENT_3D('',#10114,#5722,#5723);
#4923=AXIS2_PLACEMENT_3D('',#10115,#5724,#5725);
#4924=AXIS2_PLACEMENT_3D('',#10143,#5727,#5728);
#4925=AXIS2_PLACEMENT_3D('',#10170,#5729,#5730);
#4926=AXIS2_PLACEMENT_3D('',#10246,#5732,#5733);
#4927=AXIS2_PLACEMENT_3D('',#10322,#5735,#5736);
#4928=AXIS2_PLACEMENT_3D('',#10369,#5739,#5740);
#4929=AXIS2_PLACEMENT_3D('',#10442,#5741,#5742);
#4930=AXIS2_PLACEMENT_3D('',#10469,#5743,#5744);
#4931=AXIS2_PLACEMENT_3D('',#10480,#5745,#5746);
#4932=AXIS2_PLACEMENT_3D('',#10484,#5748,#5749);
#4933=AXIS2_PLACEMENT_3D('',#10499,#5750,#5751);
#4934=AXIS2_PLACEMENT_3D('',#10575,#5752,#5753);
#4935=AXIS2_PLACEMENT_3D('',#10648,#5754,#5755);
#4936=AXIS2_PLACEMENT_3D('',#10687,#5756,#5757);
#4937=AXIS2_PLACEMENT_3D('',#10689,#5758,#5759);
#4938=AXIS2_PLACEMENT_3D('',#10692,#5761,#5762);
#4939=AXIS2_PLACEMENT_3D('',#10693,#5763,#5764);
#4940=AXIS2_PLACEMENT_3D('',#10696,#5766,#5767);
#4941=AXIS2_PLACEMENT_3D('',#10697,#5768,#5769);
#4942=AXIS2_PLACEMENT_3D('',#10699,#5771,#5772);
#4943=AXIS2_PLACEMENT_3D('',#10740,#5793,#5794);
#4944=AXIS2_PLACEMENT_3D('',#10746,#5798,#5799);
#4945=AXIS2_PLACEMENT_3D('',#10750,#5802,#5803);
#4946=AXIS2_PLACEMENT_3D('',#10754,#5806,#5807);
#4947=AXIS2_PLACEMENT_3D('',#10760,#5811,#5812);
#4948=AXIS2_PLACEMENT_3D('',#10766,#5816,#5817);
#4949=AXIS2_PLACEMENT_3D('',#10770,#5820,#5821);
#4950=AXIS2_PLACEMENT_3D('',#10774,#5824,#5825);
#4951=AXIS2_PLACEMENT_3D('',#10778,#5828,#5829);
#4952=AXIS2_PLACEMENT_3D('',#10784,#5833,#5834);
#4953=AXIS2_PLACEMENT_3D('',#10790,#5838,#5839);
#4954=AXIS2_PLACEMENT_3D('',#10794,#5842,#5843);
#4955=AXIS2_PLACEMENT_3D('',#10798,#5846,#5847);
#4956=AXIS2_PLACEMENT_3D('',#10802,#5850,#5851);
#4957=AXIS2_PLACEMENT_3D('',#10808,#5855,#5856);
#4958=AXIS2_PLACEMENT_3D('',#10814,#5860,#5861);
#4959=AXIS2_PLACEMENT_3D('',#10818,#5864,#5865);
#4960=AXIS2_PLACEMENT_3D('',#10822,#5868,#5869);
#4961=AXIS2_PLACEMENT_3D('',#10826,#5872,#5873);
#4962=AXIS2_PLACEMENT_3D('',#10832,#5877,#5878);
#4963=AXIS2_PLACEMENT_3D('',#10836,#5881,#5882);
#4964=AXIS2_PLACEMENT_3D('',#10841,#5887,#5888);
#4965=AXIS2_PLACEMENT_3D('',#10842,#5889,#5890);
#4966=AXIS2_PLACEMENT_3D('',#10843,#5891,#5892);
#4967=AXIS2_PLACEMENT_3D('',#10844,#5893,#5894);
#4968=AXIS2_PLACEMENT_3D('',#11427,#5897,#5898);
#4969=AXIS2_PLACEMENT_3D('',#11504,#5899,#5900);
#4970=AXIS2_PLACEMENT_3D('',#11531,#5902,#5903);
#4971=AXIS2_PLACEMENT_3D('',#11566,#5904,#5905);
#4972=AXIS2_PLACEMENT_3D('',#11642,#5907,#5908);
#4973=AXIS2_PLACEMENT_3D('',#11668,#5910,#5911);
#4974=AXIS2_PLACEMENT_3D('',#11703,#5912,#5913);
#4975=AXIS2_PLACEMENT_3D('',#11708,#5915,#5916);
#4976=AXIS2_PLACEMENT_3D('',#11725,#5917,#5918);
#4977=AXIS2_PLACEMENT_3D('',#11757,#5920,#5921);
#4978=AXIS2_PLACEMENT_3D('',#11761,#5923,#5924);
#4979=AXIS2_PLACEMENT_3D('',#11776,#5925,#5926);
#4980=AXIS2_PLACEMENT_3D('',#11778,#5927,#5928);
#4981=AXIS2_PLACEMENT_3D('',#11782,#5930,#5931);
#4982=AXIS2_PLACEMENT_3D('',#11835,#5933,#5934);
#4983=AXIS2_PLACEMENT_3D('',#11836,#5935,#5936);
#4984=AXIS2_PLACEMENT_3D('',#11864,#5938,#5939);
#4985=AXIS2_PLACEMENT_3D('',#11891,#5940,#5941);
#4986=AXIS2_PLACEMENT_3D('',#11967,#5943,#5944);
#4987=AXIS2_PLACEMENT_3D('',#12043,#5946,#5947);
#4988=AXIS2_PLACEMENT_3D('',#12090,#5950,#5951);
#4989=AXIS2_PLACEMENT_3D('',#12163,#5952,#5953);
#4990=AXIS2_PLACEMENT_3D('',#12190,#5954,#5955);
#4991=AXIS2_PLACEMENT_3D('',#12201,#5956,#5957);
#4992=AXIS2_PLACEMENT_3D('',#12205,#5959,#5960);
#4993=AXIS2_PLACEMENT_3D('',#12220,#5961,#5962);
#4994=AXIS2_PLACEMENT_3D('',#12296,#5963,#5964);
#4995=AXIS2_PLACEMENT_3D('',#12369,#5965,#5966);
#4996=AXIS2_PLACEMENT_3D('',#12408,#5967,#5968);
#4997=AXIS2_PLACEMENT_3D('',#12410,#5969,#5970);
#4998=AXIS2_PLACEMENT_3D('',#12413,#5972,#5973);
#4999=AXIS2_PLACEMENT_3D('',#12414,#5974,#5975);
#5000=AXIS2_PLACEMENT_3D('',#12417,#5977,#5978);
#5001=AXIS2_PLACEMENT_3D('',#12418,#5979,#5980);
#5002=AXIS2_PLACEMENT_3D('',#12420,#5982,#5983);
#5003=AXIS2_PLACEMENT_3D('',#12461,#6004,#6005);
#5004=AXIS2_PLACEMENT_3D('',#12467,#6009,#6010);
#5005=AXIS2_PLACEMENT_3D('',#12471,#6013,#6014);
#5006=AXIS2_PLACEMENT_3D('',#12475,#6017,#6018);
#5007=AXIS2_PLACEMENT_3D('',#12481,#6022,#6023);
#5008=AXIS2_PLACEMENT_3D('',#12487,#6027,#6028);
#5009=AXIS2_PLACEMENT_3D('',#12491,#6031,#6032);
#5010=AXIS2_PLACEMENT_3D('',#12495,#6035,#6036);
#5011=AXIS2_PLACEMENT_3D('',#12499,#6039,#6040);
#5012=AXIS2_PLACEMENT_3D('',#12505,#6044,#6045);
#5013=AXIS2_PLACEMENT_3D('',#12511,#6049,#6050);
#5014=AXIS2_PLACEMENT_3D('',#12515,#6053,#6054);
#5015=AXIS2_PLACEMENT_3D('',#12519,#6057,#6058);
#5016=AXIS2_PLACEMENT_3D('',#12523,#6061,#6062);
#5017=AXIS2_PLACEMENT_3D('',#12529,#6066,#6067);
#5018=AXIS2_PLACEMENT_3D('',#12535,#6071,#6072);
#5019=AXIS2_PLACEMENT_3D('',#12539,#6075,#6076);
#5020=AXIS2_PLACEMENT_3D('',#12543,#6079,#6080);
#5021=AXIS2_PLACEMENT_3D('',#12547,#6083,#6084);
#5022=AXIS2_PLACEMENT_3D('',#12553,#6088,#6089);
#5023=AXIS2_PLACEMENT_3D('',#12557,#6092,#6093);
#5024=AXIS2_PLACEMENT_3D('',#12562,#6098,#6099);
#5025=AXIS2_PLACEMENT_3D('',#12563,#6100,#6101);
#5026=AXIS2_PLACEMENT_3D('',#12564,#6102,#6103);
#5027=AXIS2_PLACEMENT_3D('',#12565,#6104,#6105);
#5028=AXIS2_PLACEMENT_3D('',#13148,#6108,#6109);
#5029=DIRECTION('axis',(0.,0.,1.));
#5030=DIRECTION('refdir',(1.,0.,0.));
#5031=DIRECTION('center_axis',(0.,1.,6.12323399573677E-16));
#5032=DIRECTION('ref_axis',(0.,6.12323399573677E-16,-1.));
#5033=DIRECTION('center_axis',(0.,1.,6.12323399573677E-16));
#5034=DIRECTION('ref_axis',(0.,6.12323399573677E-16,-1.));
#5035=DIRECTION('',(0.,1.,6.12323399573677E-16));
#5036=DIRECTION('center_axis',(0.,-1.,-6.12323399573677E-16));
#5037=DIRECTION('ref_axis',(0.,6.12323399573677E-16,-1.));
#5038=DIRECTION('center_axis',(0.,1.,6.12323399573677E-16));
#5039=DIRECTION('ref_axis',(0.,6.12323399573677E-16,-1.));
#5040=DIRECTION('center_axis',(0.,1.,6.12323399573677E-16));
#5041=DIRECTION('ref_axis',(0.,6.12323399573677E-16,-1.));
#5042=DIRECTION('',(0.,1.,6.12323399573677E-16));
#5043=DIRECTION('center_axis',(0.,-1.,-6.12323399573677E-16));
#5044=DIRECTION('ref_axis',(0.,6.12323399573677E-16,-1.));
#5045=DIRECTION('center_axis',(0.,1.,6.12323399573677E-16));
#5046=DIRECTION('ref_axis',(0.,6.12323399573677E-16,-1.));
#5047=DIRECTION('',(8.03440589904947E-17,0.75470958022277,0.656059028990509));
#5048=DIRECTION('center_axis',(0.,1.,6.12323399573677E-16));
#5049=DIRECTION('ref_axis',(0.,6.12323399573677E-16,-1.));
#5050=DIRECTION('center_axis',(0.,1.,6.12323399573677E-16));
#5051=DIRECTION('ref_axis',(0.,6.12323399573677E-16,-1.));
#5052=DIRECTION('',(8.03440589904947E-17,0.75470958022277,0.656059028990509));
#5053=DIRECTION('center_axis',(0.,1.,6.12323399573677E-16));
#5054=DIRECTION('ref_axis',(0.,6.12323399573677E-16,-1.));
#5055=DIRECTION('center_axis',(1.,0.,0.));
#5056=DIRECTION('ref_axis',(0.,0.864443245463535,0.502730420178122));
#5057=DIRECTION('center_axis',(1.,1.80255867521432E-31,-2.94380171731038E-16));
#5058=DIRECTION('ref_axis',(-2.94380171731038E-16,6.12323399573678E-16,
-1.));
#5059=DIRECTION('',(1.,0.,0.));
#5060=DIRECTION('center_axis',(-1.,0.,0.));
#5061=DIRECTION('ref_axis',(0.,6.12323399573678E-16,-1.));
#5062=DIRECTION('',(1.,0.,0.));
#5063=DIRECTION('center_axis',(1.,0.,0.));
#5064=DIRECTION('ref_axis',(0.,0.864443245463535,0.502730420178122));
#5065=DIRECTION('center_axis',(-1.,-1.80255867521432E-31,2.94380171731038E-16));
#5066=DIRECTION('ref_axis',(-2.94380171731038E-16,6.12323399573676E-16,
-1.));
#5067=DIRECTION('',(1.,0.,0.));
#5068=DIRECTION('center_axis',(1.,0.,0.));
#5069=DIRECTION('ref_axis',(0.,6.12323399573676E-16,-1.));
#5070=DIRECTION('',(1.,0.,0.));
#5071=DIRECTION('center_axis',(1.,0.,0.));
#5072=DIRECTION('ref_axis',(0.,0.864443245463535,0.502730420178122));
#5073=DIRECTION('center_axis',(-1.,-1.80255867521432E-31,2.94380171731038E-16));
#5074=DIRECTION('ref_axis',(-2.94380171731038E-16,6.12323399573676E-16,
-1.));
#5075=DIRECTION('',(1.,0.,0.));
#5076=DIRECTION('center_axis',(1.,1.80255867521432E-31,-2.94380171731038E-16));
#5077=DIRECTION('ref_axis',(2.94380171731038E-16,-6.12323399573676E-16,
1.));
#5078=DIRECTION('',(1.,0.,0.));
#5079=DIRECTION('center_axis',(1.,0.,0.));
#5080=DIRECTION('ref_axis',(0.,0.864443245463535,0.502730420178122));
#5081=DIRECTION('center_axis',(1.,1.80255867521432E-31,-2.94380171731038E-16));
#5082=DIRECTION('ref_axis',(-2.94380171731038E-16,6.12323399573678E-16,
-1.));
#5083=DIRECTION('',(1.,0.,0.));
#5084=DIRECTION('center_axis',(-1.,-1.80255867521432E-31,2.94380171731038E-16));
#5085=DIRECTION('ref_axis',(2.94380171731038E-16,-6.12323399573678E-16,
1.));
#5086=DIRECTION('',(1.,0.,0.));
#5087=DIRECTION('center_axis',(0.,0.869163832024044,-0.494524249255059));
#5088=DIRECTION('ref_axis',(0.,-0.494524249255059,-0.869163832024044));
#5089=DIRECTION('',(-2.55864598133645E-16,-0.494524249255059,-0.869163832024044));
#5090=DIRECTION('',(2.55864598133645E-16,0.494524249255059,0.869163832024044));
#5091=DIRECTION('center_axis',(0.,-1.,-6.12323399573677E-16));
#5092=DIRECTION('ref_axis',(0.,-6.12323399573677E-16,1.));
#5093=DIRECTION('',(0.,6.12323399573677E-16,-1.));
#5094=DIRECTION('',(1.,8.36387225299515E-32,-1.36592399683213E-16));
#5095=DIRECTION('',(2.94380171731038E-16,-6.12323399573677E-16,1.));
#5096=DIRECTION('',(-2.94380171731038E-16,6.12323399573677E-16,-1.));
#5097=DIRECTION('',(1.,8.36387225299515E-32,-1.36592399683213E-16));
#5098=DIRECTION('',(2.94380171731038E-16,-6.12323399573677E-16,1.));
#5099=DIRECTION('',(0.,6.12323399573677E-16,-1.));
#5100=DIRECTION('',(1.,0.,0.));
#5101=DIRECTION('center_axis',(0.,-6.12323399573677E-16,1.));
#5102=DIRECTION('ref_axis',(1.,0.,0.));
#5103=DIRECTION('',(0.,-1.,-6.12323399573677E-16));
#5104=DIRECTION('',(1.,0.,0.));
#5105=DIRECTION('',(0.,-1.,-6.12323399573677E-16));
#5106=DIRECTION('center_axis',(0.,1.,4.98496399837666E-16));
#5107=DIRECTION('ref_axis',(0.,4.98496399837666E-16,-1.));
#5108=DIRECTION('',(-2.94380171731038E-16,6.12323399573677E-16,-1.));
#5109=DIRECTION('',(-1.,-8.36387225299515E-32,1.36592399683213E-16));
#5110=DIRECTION('',(0.,-4.98496399837666E-16,1.));
#5111=DIRECTION('',(0.,-4.98496399837666E-16,1.));
#5112=DIRECTION('',(-2.94380171731038E-16,6.12323399573677E-16,-1.));
#5113=DIRECTION('',(-1.,-8.36387225299515E-32,1.36592399683213E-16));
#5114=DIRECTION('',(2.94380171731038E-16,-6.12323399573677E-16,1.));
#5115=DIRECTION('center_axis',(0.,0.869163832024044,-0.494524249255059));
#5116=DIRECTION('ref_axis',(0.,-0.494524249255059,-0.869163832024044));
#5117=DIRECTION('',(-2.55864598133645E-16,-0.494524249255059,-0.869163832024044));
#5118=DIRECTION('',(0.,0.494524249255059,0.869163832024044));
#5119=DIRECTION('center_axis',(1.,0.,0.));
#5120=DIRECTION('ref_axis',(0.,6.12323399573677E-16,-1.));
#5121=DIRECTION('',(0.,1.,6.12323399573677E-16));
#5122=DIRECTION('center_axis',(1.,0.,0.));
#5123=DIRECTION('ref_axis',(0.,6.12323399573677E-16,-1.));
#5124=DIRECTION('center_axis',(-1.36592399683213E-16,6.12323399573677E-16,
-1.));
#5125=DIRECTION('ref_axis',(-1.,-8.36387225299515E-32,1.36592399683213E-16));
#5126=DIRECTION('',(0.,1.,6.12323399573677E-16));
#5127=DIRECTION('',(0.,1.,6.12323399573677E-16));
#5128=DIRECTION('center_axis',(-1.,-1.80255867521432E-31,2.94380171731038E-16));
#5129=DIRECTION('ref_axis',(2.94380171731038E-16,-6.12323399573677E-16,
1.));
#5130=DIRECTION('center_axis',(1.,1.80255867521432E-31,-2.94380171731038E-16));
#5131=DIRECTION('ref_axis',(-2.94380171731038E-16,6.12323399573677E-16,
-1.));
#5132=DIRECTION('center_axis',(1.,1.80255867521432E-31,-2.94380171731038E-16));
#5133=DIRECTION('ref_axis',(-2.94380171731038E-16,6.12323399573677E-16,
-1.));
#5134=DIRECTION('',(0.,1.,6.12323399573677E-16));
#5135=DIRECTION('center_axis',(-1.36592399683213E-16,6.12323399573677E-16,
-1.));
#5136=DIRECTION('ref_axis',(-1.,-8.36387225299515E-32,1.36592399683213E-16));
#5137=DIRECTION('center_axis',(-1.,0.,0.));
#5138=DIRECTION('ref_axis',(0.,0.,1.));
#5139=DIRECTION('center_axis',(-1.,0.,0.));
#5140=DIRECTION('ref_axis',(0.,0.,-1.));
#5141=DIRECTION('',(0.707106781186537,8.65956056235506E-17,0.707106781186558));
#5142=DIRECTION('center_axis',(1.,0.,0.));
#5143=DIRECTION('ref_axis',(0.,0.,-1.));
#5144=DIRECTION('center_axis',(1.,0.,0.));
#5145=DIRECTION('ref_axis',(0.,0.,-1.));
#5146=DIRECTION('center_axis',(1.,0.,0.));
#5147=DIRECTION('ref_axis',(0.,0.,-1.));
#5148=DIRECTION('center_axis',(1.,0.,0.));
#5149=DIRECTION('ref_axis',(0.,0.,-1.));
#5150=DIRECTION('',(-0.707106781186555,8.65956056235483E-17,-0.707106781186539));
#5151=DIRECTION('center_axis',(-1.,0.,0.));
#5152=DIRECTION('ref_axis',(0.,0.,-1.));
#5153=DIRECTION('center_axis',(-1.,0.,0.));
#5154=DIRECTION('ref_axis',(0.,0.,1.));
#5155=DIRECTION('',(1.,0.,0.));
#5156=DIRECTION('center_axis',(1.,0.,0.));
#5157=DIRECTION('ref_axis',(0.,0.,-1.));
#5158=DIRECTION('center_axis',(1.,0.,0.));
#5159=DIRECTION('ref_axis',(0.,0.,-1.));
#5160=DIRECTION('center_axis',(0.,1.,0.));
#5161=DIRECTION('ref_axis',(0.,0.,1.));
#5162=DIRECTION('center_axis',(0.,1.,0.));
#5163=DIRECTION('ref_axis',(0.,0.,1.));
#5164=DIRECTION('',(0.,1.,0.));
#5165=DIRECTION('center_axis',(0.,-1.,0.));
#5166=DIRECTION('ref_axis',(0.,0.,1.));
#5167=DIRECTION('center_axis',(0.,1.,0.));
#5168=DIRECTION('ref_axis',(0.,0.,1.));
#5169=DIRECTION('center_axis',(0.,1.,0.));
#5170=DIRECTION('ref_axis',(0.,0.,1.));
#5171=DIRECTION('',(0.,1.,0.));
#5172=DIRECTION('center_axis',(0.,-1.,0.));
#5173=DIRECTION('ref_axis',(0.,0.,1.));
#5174=DIRECTION('center_axis',(0.,1.,0.));
#5175=DIRECTION('ref_axis',(0.,0.,1.));
#5176=DIRECTION('',(-8.03440589904947E-17,0.754709580222771,-0.656059028990509));
#5177=DIRECTION('center_axis',(0.,1.,0.));
#5178=DIRECTION('ref_axis',(0.,0.,1.));
#5179=DIRECTION('center_axis',(0.,1.,0.));
#5180=DIRECTION('ref_axis',(0.,0.,1.));
#5181=DIRECTION('',(-8.03440589904947E-17,0.754709580222771,-0.656059028990509));
#5182=DIRECTION('center_axis',(0.,1.,0.));
#5183=DIRECTION('ref_axis',(0.,0.,1.));
#5184=DIRECTION('center_axis',(-1.,0.,0.));
#5185=DIRECTION('ref_axis',(0.,0.864443245463535,-0.502730420178121));
#5186=DIRECTION('center_axis',(-1.,0.,2.94380171731038E-16));
#5187=DIRECTION('ref_axis',(2.94380171731038E-16,0.,1.));
#5188=DIRECTION('',(-1.,0.,0.));
#5189=DIRECTION('center_axis',(1.,0.,0.));
#5190=DIRECTION('ref_axis',(0.,0.,1.));
#5191=DIRECTION('',(-1.,0.,0.));
#5192=DIRECTION('center_axis',(-1.,0.,0.));
#5193=DIRECTION('ref_axis',(0.,0.864443245463535,-0.502730420178121));
#5194=DIRECTION('center_axis',(1.,0.,-2.94380171731038E-16));
#5195=DIRECTION('ref_axis',(2.94380171731038E-16,0.,1.));
#5196=DIRECTION('',(-1.,0.,0.));
#5197=DIRECTION('center_axis',(-1.,0.,0.));
#5198=DIRECTION('ref_axis',(0.,0.,1.));
#5199=DIRECTION('',(-1.,0.,0.));
#5200=DIRECTION('center_axis',(-1.,0.,0.));
#5201=DIRECTION('ref_axis',(0.,0.864443245463535,-0.502730420178121));
#5202=DIRECTION('center_axis',(1.,0.,-2.94380171731038E-16));
#5203=DIRECTION('ref_axis',(2.94380171731038E-16,0.,1.));
#5204=DIRECTION('',(-1.,0.,0.));
#5205=DIRECTION('center_axis',(-1.,0.,2.94380171731038E-16));
#5206=DIRECTION('ref_axis',(-2.94380171731038E-16,0.,-1.));
#5207=DIRECTION('',(-1.,0.,0.));
#5208=DIRECTION('center_axis',(-1.,0.,0.));
#5209=DIRECTION('ref_axis',(0.,0.864443245463535,-0.502730420178121));
#5210=DIRECTION('center_axis',(-1.,0.,2.94380171731038E-16));
#5211=DIRECTION('ref_axis',(2.94380171731038E-16,0.,1.));
#5212=DIRECTION('',(-1.,0.,0.));
#5213=DIRECTION('center_axis',(1.,0.,-2.94380171731038E-16));
#5214=DIRECTION('ref_axis',(-2.94380171731038E-16,0.,-1.));
#5215=DIRECTION('',(-1.,0.,0.));
#5216=DIRECTION('center_axis',(0.,0.869163832024044,0.494524249255059));
#5217=DIRECTION('ref_axis',(0.,-0.494524249255059,0.869163832024044));
#5218=DIRECTION('',(2.55864598133645E-16,-0.494524249255059,0.869163832024044));
#5219=DIRECTION('',(-2.55864598133645E-16,0.494524249255059,-0.869163832024044));
#5220=DIRECTION('center_axis',(0.,-1.,0.));
#5221=DIRECTION('ref_axis',(0.,0.,-1.));
#5222=DIRECTION('',(0.,0.,1.));
#5223=DIRECTION('',(-1.,0.,1.36592399683213E-16));
#5224=DIRECTION('',(-2.94380171731038E-16,0.,-1.));
#5225=DIRECTION('',(2.94380171731038E-16,0.,1.));
#5226=DIRECTION('',(-1.,0.,1.36592399683213E-16));
#5227=DIRECTION('',(-2.94380171731038E-16,0.,-1.));
#5228=DIRECTION('',(0.,0.,1.));
#5229=DIRECTION('',(-1.,0.,0.));
#5230=DIRECTION('center_axis',(0.,0.,-1.));
#5231=DIRECTION('ref_axis',(-1.,0.,0.));
#5232=DIRECTION('',(0.,-1.,0.));
#5233=DIRECTION('',(-1.,0.,0.));
#5234=DIRECTION('',(0.,-1.,0.));
#5235=DIRECTION('center_axis',(0.,1.,1.13826999736011E-16));
#5236=DIRECTION('ref_axis',(0.,-1.13826999736011E-16,1.));
#5237=DIRECTION('',(2.94380171731038E-16,0.,1.));
#5238=DIRECTION('',(1.,0.,-1.36592399683213E-16));
#5239=DIRECTION('',(0.,1.13826999736011E-16,-1.));
#5240=DIRECTION('',(0.,1.13826999736011E-16,-1.));
#5241=DIRECTION('',(2.94380171731038E-16,0.,1.));
#5242=DIRECTION('',(1.,0.,-1.36592399683213E-16));
#5243=DIRECTION('',(-2.94380171731038E-16,0.,-1.));
#5244=DIRECTION('center_axis',(0.,0.869163832024044,0.494524249255059));
#5245=DIRECTION('ref_axis',(0.,-0.494524249255059,0.869163832024044));
#5246=DIRECTION('',(2.55864598133645E-16,-0.494524249255059,0.869163832024044));
#5247=DIRECTION('',(0.,0.494524249255059,-0.869163832024044));
#5248=DIRECTION('center_axis',(-1.,0.,0.));
#5249=DIRECTION('ref_axis',(0.,0.,1.));
#5250=DIRECTION('',(0.,1.,0.));
#5251=DIRECTION('center_axis',(-1.,0.,0.));
#5252=DIRECTION('ref_axis',(0.,0.,1.));
#5253=DIRECTION('center_axis',(1.36592399683213E-16,0.,1.));
#5254=DIRECTION('ref_axis',(1.,0.,-1.36592399683213E-16));
#5255=DIRECTION('',(0.,1.,0.));
#5256=DIRECTION('',(0.,1.,0.));
#5257=DIRECTION('center_axis',(1.,0.,-2.94380171731038E-16));
#5258=DIRECTION('ref_axis',(-2.94380171731038E-16,0.,-1.));
#5259=DIRECTION('center_axis',(-1.,0.,2.94380171731038E-16));
#5260=DIRECTION('ref_axis',(2.94380171731038E-16,0.,1.));
#5261=DIRECTION('center_axis',(-1.,0.,2.94380171731038E-16));
#5262=DIRECTION('ref_axis',(2.94380171731038E-16,0.,1.));
#5263=DIRECTION('',(0.,1.,0.));
#5264=DIRECTION('center_axis',(1.36592399683213E-16,0.,1.));
#5265=DIRECTION('ref_axis',(1.,0.,-1.36592399683213E-16));
#5266=DIRECTION('center_axis',(0.,1.,0.));
#5267=DIRECTION('ref_axis',(1.,0.,0.));
#5268=DIRECTION('',(0.,-1.,0.));
#5269=DIRECTION('center_axis',(0.,1.,0.));
#5270=DIRECTION('ref_axis',(1.,0.,0.));
#5271=DIRECTION('center_axis',(0.,1.,0.));
#5272=DIRECTION('ref_axis',(1.,0.,0.));
#5273=DIRECTION('',(0.,-1.,0.));
#5274=DIRECTION('center_axis',(0.,1.,0.));
#5275=DIRECTION('ref_axis',(1.,0.,0.));
#5276=DIRECTION('',(0.,-1.,0.));
#5277=DIRECTION('center_axis',(0.,1.,0.));
#5278=DIRECTION('ref_axis',(1.,0.,0.));
#5279=DIRECTION('',(0.220960005312906,-0.975282869762471,-2.70597963246032E-17));
#5280=DIRECTION('center_axis',(0.,1.,0.));
#5281=DIRECTION('ref_axis',(1.,0.,0.));
#5282=DIRECTION('center_axis',(0.,1.,0.));
#5283=DIRECTION('ref_axis',(1.,0.,0.));
#5284=DIRECTION('',(0.220960005312906,-0.975282869762471,-2.70597963246032E-17));
#5285=DIRECTION('center_axis',(0.,1.,0.));
#5286=DIRECTION('ref_axis',(1.,0.,0.));
#5287=DIRECTION('center_axis',(0.,1.,0.));
#5288=DIRECTION('ref_axis',(1.,0.,0.));
#5289=DIRECTION('',(0.55207146560979,-0.833796795903809,-6.76092553259618E-17));
#5290=DIRECTION('center_axis',(0.,1.,3.4730983223819E-16));
#5291=DIRECTION('ref_axis',(0.,-3.4730983223819E-16,1.));
#5292=DIRECTION('',(0.55207146560979,-0.833796795903809,-6.76092553259618E-17));
#5293=DIRECTION('center_axis',(0.,1.,3.4730983223819E-16));
#5294=DIRECTION('ref_axis',(0.,-3.4730983223819E-16,1.));
#5295=DIRECTION('center_axis',(0.,1.,0.));
#5296=DIRECTION('ref_axis',(1.,0.,0.));
#5297=DIRECTION('center_axis',(0.,1.,0.));
#5298=DIRECTION('ref_axis',(1.,0.,0.));
#5299=DIRECTION('',(0.342020143325669,-0.939692620785908,-4.18853873767699E-17));
#5300=DIRECTION('center_axis',(0.,-1.,0.));
#5301=DIRECTION('ref_axis',(1.,0.,-3.5527136788005E-15));
#5302=DIRECTION('',(0.342020143325669,-0.939692620785908,-4.18853873767699E-17));
#5303=DIRECTION('center_axis',(0.,-1.,0.));
#5304=DIRECTION('ref_axis',(1.,0.,-3.5527136788005E-15));
#5305=DIRECTION('center_axis',(0.,-1.,0.));
#5306=DIRECTION('ref_axis',(-1.24511560960241E-16,0.,-1.));
#5307=DIRECTION('',(0.,1.,0.));
#5308=DIRECTION('center_axis',(0.,1.,3.4730983223819E-16));
#5309=DIRECTION('ref_axis',(0.,-3.4730983223819E-16,1.));
#5310=DIRECTION('center_axis',(0.,-1.,0.));
#5311=DIRECTION('ref_axis',(-1.24511560960241E-16,0.,-1.));
#5312=DIRECTION('',(0.,1.,0.));
#5313=DIRECTION('center_axis',(0.,-1.,0.));
#5314=DIRECTION('ref_axis',(-1.24511560960241E-16,0.,-1.));
#5315=DIRECTION('',(0.,1.,0.));
#5316=DIRECTION('center_axis',(0.,-1.,0.));
#5317=DIRECTION('ref_axis',(-1.24511560960241E-16,0.,-1.));
#5318=DIRECTION('',(0.,1.,0.));
#5319=DIRECTION('center_axis',(0.,-1.,0.));
#5320=DIRECTION('ref_axis',(-1.24511560960241E-16,0.,-1.));
#5321=DIRECTION('',(0.,1.,0.));
#5322=DIRECTION('center_axis',(0.,1.,0.));
#5323=DIRECTION('ref_axis',(1.,0.,0.));
#5324=DIRECTION('center_axis',(0.,1.,0.));
#5325=DIRECTION('ref_axis',(1.,0.,0.));
#5326=DIRECTION('center_axis',(0.,1.,0.));
#5327=DIRECTION('ref_axis',(1.,0.,0.));
#5328=DIRECTION('center_axis',(0.,1.,0.));
#5329=DIRECTION('ref_axis',(1.,0.,0.));
#5330=DIRECTION('center_axis',(0.,1.,0.));
#5331=DIRECTION('ref_axis',(1.,0.,0.));
#5332=DIRECTION('center_axis',(0.,1.,3.4730983223819E-16));
#5333=DIRECTION('ref_axis',(0.,-3.4730983223819E-16,1.));
#5334=DIRECTION('center_axis',(0.,1.,0.));
#5335=DIRECTION('ref_axis',(1.,0.,0.));
#5336=DIRECTION('center_axis',(0.,1.,0.));
#5337=DIRECTION('ref_axis',(1.,0.,0.));
#5338=DIRECTION('',(0.,-1.,0.));
#5339=DIRECTION('center_axis',(0.,1.,0.));
#5340=DIRECTION('ref_axis',(1.,0.,0.));
#5341=DIRECTION('center_axis',(0.,1.,0.));
#5342=DIRECTION('ref_axis',(1.,0.,0.));
#5343=DIRECTION('',(0.656059028990509,-0.754709580222771,-8.03440589904947E-17));
#5344=DIRECTION('center_axis',(0.,1.,0.));
#5345=DIRECTION('ref_axis',(1.,0.,0.));
#5346=DIRECTION('center_axis',(0.,1.,0.));
#5347=DIRECTION('ref_axis',(1.,0.,0.));
#5348=DIRECTION('',(0.,-1.,0.));
#5349=DIRECTION('center_axis',(0.,-1.,0.));
#5350=DIRECTION('ref_axis',(-1.,0.,0.));
#5351=DIRECTION('',(0.,0.,-1.));
#5352=DIRECTION('',(1.,0.,0.));
#5353=DIRECTION('',(0.,0.,1.));
#5354=DIRECTION('',(0.415999623737719,0.,0.909364785468448));
#5355=DIRECTION('',(0.909364785468448,0.,0.415999623737719));
#5356=DIRECTION('',(1.,0.,0.));
#5357=DIRECTION('',(0.,0.,1.));
#5358=DIRECTION('',(-1.,0.,0.));
#5359=DIRECTION('',(-0.909364785468448,0.,0.415999623737719));
#5360=DIRECTION('',(-0.415999623737719,0.,0.909364785468448));
#5361=DIRECTION('',(0.,0.,1.));
#5362=DIRECTION('',(-1.,0.,0.));
#5363=DIRECTION('',(0.,0.,-1.));
#5364=DIRECTION('',(-0.415999623737719,0.,-0.909364785468448));
#5365=DIRECTION('',(-0.909364785468448,0.,-0.415999623737719));
#5366=DIRECTION('',(-1.,0.,0.));
#5367=DIRECTION('',(0.,0.,-1.));
#5368=DIRECTION('',(1.,0.,0.));
#5369=DIRECTION('',(0.909364785468448,0.,-0.415999623737719));
#5370=DIRECTION('',(0.415999623737719,0.,-0.909364785468448));
#5371=DIRECTION('center_axis',(1.,0.,0.));
#5372=DIRECTION('ref_axis',(0.,-1.,0.));
#5373=DIRECTION('',(0.,1.,0.));
#5374=DIRECTION('',(0.,0.992157702009392,-0.124992377141333));
#5375=DIRECTION('',(0.,-0.857167300702112,0.515038074910055));
#5376=DIRECTION('center_axis',(0.,0.,1.));
#5377=DIRECTION('ref_axis',(-1.,0.,0.));
#5378=DIRECTION('',(0.,1.,0.));
#5379=DIRECTION('',(1.,0.,0.));
#5380=DIRECTION('center_axis',(-1.,0.,0.));
#5381=DIRECTION('ref_axis',(0.,1.,0.));
#5382=DIRECTION('',(0.,0.992157702009392,-0.124992377141333));
#5383=DIRECTION('',(0.,0.857167300702112,-0.515038074910055));
#5384=DIRECTION('center_axis',(0.908118532634549,-0.052335956242944,-0.415429510711276));
#5385=DIRECTION('ref_axis',(0.415999623737719,4.03743016686782E-18,0.909364785468448));
#5386=DIRECTION('',(0.415999623737719,0.,0.909364785468448));
#5387=DIRECTION('',(0.0394804830299947,0.998440074776367,-0.0394804830299948));
#5388=DIRECTION('',(-0.183063882989659,0.842682047290724,-0.506334456578517));
#5389=DIRECTION('center_axis',(0.415429510711276,-0.052335956242944,-0.908118532634549));
#5390=DIRECTION('ref_axis',(0.909364785468448,-2.53678419403318E-18,0.415999623737719));
#5391=DIRECTION('',(0.124992377141333,0.992157702009393,0.));
#5392=DIRECTION('',(0.909364785468448,0.,0.415999623737719));
#5393=DIRECTION('',(-0.506334456578517,-0.842682047290724,-0.183063882989658));
#5394=DIRECTION('center_axis',(0.,0.,1.));
#5395=DIRECTION('ref_axis',(-1.,0.,0.));
#5396=DIRECTION('',(0.,1.,0.));
#5397=DIRECTION('',(-0.515038074910055,-0.857167300702112,0.));
#5398=DIRECTION('center_axis',(-1.,0.,0.));
#5399=DIRECTION('ref_axis',(0.,1.,0.));
#5400=DIRECTION('',(0.,1.,0.));
#5401=DIRECTION('',(-3.49148133884313E-15,0.,1.));
#5402=DIRECTION('center_axis',(0.,0.,-1.));
#5403=DIRECTION('ref_axis',(1.,0.,0.));
#5404=DIRECTION('',(0.124992377141333,0.992157702009393,0.));
#5405=DIRECTION('',(0.515038074910055,0.857167300702112,0.));
#5406=DIRECTION('center_axis',(0.415429510711276,-0.052335956242944,0.908118532634549));
#5407=DIRECTION('ref_axis',(-0.909364785468448,2.53678419403318E-18,0.415999623737719));
#5408=DIRECTION('',(-0.909364785468448,0.,0.415999623737719));
#5409=DIRECTION('',(0.0394804830299947,0.998440074776367,0.0394804830299948));
#5410=DIRECTION('',(0.506334456578518,0.842682047290724,-0.183063882989659));
#5411=DIRECTION('center_axis',(0.908118532634549,-0.052335956242944,0.415429510711276));
#5412=DIRECTION('ref_axis',(-0.415999623737719,-4.03743016686782E-18,0.909364785468448));
#5413=DIRECTION('',(0.,0.992157702009392,0.124992377141333));
#5414=DIRECTION('',(-0.415999623737719,0.,0.909364785468448));
#5415=DIRECTION('',(0.183063882989659,-0.842682047290724,-0.506334456578517));
#5416=DIRECTION('center_axis',(-1.,0.,0.));
#5417=DIRECTION('ref_axis',(0.,1.,0.));
#5418=DIRECTION('',(0.,1.,0.));
#5419=DIRECTION('',(0.,-0.857167300702112,-0.515038074910055));
#5420=DIRECTION('center_axis',(0.,0.,-1.));
#5421=DIRECTION('ref_axis',(1.,0.,0.));
#5422=DIRECTION('',(0.,1.,0.));
#5423=DIRECTION('',(-1.,0.,0.));
#5424=DIRECTION('center_axis',(1.,0.,0.));
#5425=DIRECTION('ref_axis',(0.,-1.,0.));
#5426=DIRECTION('',(0.,0.992157702009392,0.124992377141333));
#5427=DIRECTION('',(0.,0.857167300702112,0.515038074910055));
#5428=DIRECTION('center_axis',(-0.908118532634549,-0.052335956242944,0.415429510711276));
#5429=DIRECTION('ref_axis',(-0.415999623737719,4.03743016686782E-18,-0.909364785468448));
#5430=DIRECTION('',(-0.415999623737719,0.,-0.909364785468448));
#5431=DIRECTION('',(-0.0394804830299947,0.998440074776367,0.0394804830299948));
#5432=DIRECTION('',(0.183063882989659,0.842682047290724,0.506334456578517));
#5433=DIRECTION('center_axis',(-0.415429510711276,-0.052335956242944,0.908118532634549));
#5434=DIRECTION('ref_axis',(-0.909364785468448,-2.53678419403318E-18,-0.415999623737719));
#5435=DIRECTION('',(-0.124992377141333,0.992157702009393,0.));
#5436=DIRECTION('',(-0.909364785468448,0.,-0.415999623737719));
#5437=DIRECTION('',(0.506334456578516,-0.842682047290725,0.183063882989658));
#5438=DIRECTION('center_axis',(0.,0.,-1.));
#5439=DIRECTION('ref_axis',(1.,0.,0.));
#5440=DIRECTION('',(0.,1.,0.));
#5441=DIRECTION('',(0.515038074910055,-0.857167300702112,0.));
#5442=DIRECTION('center_axis',(1.,0.,0.));
#5443=DIRECTION('ref_axis',(0.,-1.,0.));
#5444=DIRECTION('',(0.,1.,0.));
#5445=DIRECTION('',(1.04744440165294E-14,0.,-1.));
#5446=DIRECTION('center_axis',(0.,0.,1.));
#5447=DIRECTION('ref_axis',(-1.,0.,0.));
#5448=DIRECTION('',(-0.124992377141333,0.992157702009393,0.));
#5449=DIRECTION('',(-0.515038074910055,0.857167300702112,0.));
#5450=DIRECTION('center_axis',(-0.415429510711276,-0.052335956242944,-0.908118532634549));
#5451=DIRECTION('ref_axis',(0.909364785468448,2.53678419403318E-18,-0.415999623737719));
#5452=DIRECTION('',(0.909364785468448,0.,-0.415999623737719));
#5453=DIRECTION('',(-0.0394804830299947,0.998440074776367,-0.0394804830299948));
#5454=DIRECTION('',(-0.506334456578519,0.842682047290723,0.183063882989659));
#5455=DIRECTION('center_axis',(-0.908118532634549,-0.052335956242944,-0.415429510711276));
#5456=DIRECTION('ref_axis',(0.415999623737719,-4.03743016686782E-18,-0.909364785468448));
#5457=DIRECTION('',(0.415999623737719,0.,-0.909364785468448));
#5458=DIRECTION('',(-0.183063882989659,-0.842682047290724,0.506334456578517));
#5459=DIRECTION('center_axis',(0.,1.,0.));
#5460=DIRECTION('ref_axis',(1.,0.,0.));
#5461=DIRECTION('',(1.,0.,0.));
#5462=DIRECTION('',(1.04744440165294E-14,0.,-1.));
#5463=DIRECTION('',(-1.,0.,0.));
#5464=DIRECTION('',(-3.49148133884313E-15,0.,1.));
#5465=DIRECTION('center_axis',(0.,0.515038074910055,0.857167300702112));
#5466=DIRECTION('ref_axis',(0.,-0.857167300702112,0.515038074910055));
#5467=DIRECTION('center_axis',(0.857167300702112,0.515038074910055,8.9783509040039E-15));
#5468=DIRECTION('ref_axis',(0.515038074910055,-0.857167300702112,6.20576300924315E-31));
#5469=DIRECTION('center_axis',(0.,0.515038074910055,-0.857167300702112));
#5470=DIRECTION('ref_axis',(0.,0.857167300702112,0.515038074910055));
#5471=DIRECTION('center_axis',(-0.857167300702112,0.515038074910055,-2.99278363466796E-15));
#5472=DIRECTION('ref_axis',(0.515038074910055,0.857167300702112,-1.35901709595185E-32));
#5473=DIRECTION('',(0.,0.500000000000007,0.866025403784435));
#5474=DIRECTION('',(0.,0.500000000000007,-0.866025403784435));
#5475=DIRECTION('center_axis',(0.,-1.,-3.4730983223819E-16));
#5476=DIRECTION('ref_axis',(0.,3.4730983223819E-16,-1.));
#5477=DIRECTION('center_axis',(0.,1.,6.12323399573677E-16));
#5478=DIRECTION('ref_axis',(1.,0.,0.));
#5479=DIRECTION('',(0.,-1.,-6.12323399573677E-16));
#5480=DIRECTION('center_axis',(0.,1.,6.12323399573677E-16));
#5481=DIRECTION('ref_axis',(1.,0.,0.));
#5482=DIRECTION('center_axis',(0.,1.,6.12323399573677E-16));
#5483=DIRECTION('ref_axis',(1.,0.,0.));
#5484=DIRECTION('',(0.,-1.,-6.12323399573677E-16));
#5485=DIRECTION('center_axis',(0.,1.,6.12323399573677E-16));
#5486=DIRECTION('ref_axis',(1.,0.,0.));
#5487=DIRECTION('',(0.,-1.,-6.12323399573677E-16));
#5488=DIRECTION('center_axis',(0.,1.,6.12323399573677E-16));
#5489=DIRECTION('ref_axis',(1.,0.,0.));
#5490=DIRECTION('',(0.220960005312906,-0.975282869762471,-6.24248318683531E-16));
#5491=DIRECTION('center_axis',(0.,1.,6.12323399573677E-16));
#5492=DIRECTION('ref_axis',(1.,0.,0.));
#5493=DIRECTION('center_axis',(0.,1.,6.12323399573677E-16));
#5494=DIRECTION('ref_axis',(1.,0.,0.));
#5495=DIRECTION('',(0.220960005312906,-0.975282869762471,-6.24248318683531E-16));
#5496=DIRECTION('center_axis',(0.,1.,6.12323399573677E-16));
#5497=DIRECTION('ref_axis',(1.,0.,0.));
#5498=DIRECTION('center_axis',(0.,1.,6.12323399573677E-16));
#5499=DIRECTION('ref_axis',(1.,0.,0.));
#5500=DIRECTION('',(0.55207146560979,-0.833796795903809,-5.78162543947421E-16));
#5501=DIRECTION('center_axis',(0.,1.,9.59633231811867E-16));
#5502=DIRECTION('ref_axis',(0.,-9.59633231811867E-16,1.));
#5503=DIRECTION('',(0.55207146560979,-0.833796795903809,-5.78162543947421E-16));
#5504=DIRECTION('center_axis',(0.,1.,9.59633231811867E-16));
#5505=DIRECTION('ref_axis',(0.,-9.59633231811867E-16,1.));
#5506=DIRECTION('center_axis',(0.,1.,6.12323399573677E-16));
#5507=DIRECTION('ref_axis',(1.,0.,0.));
#5508=DIRECTION('center_axis',(0.,1.,6.12323399573677E-16));
#5509=DIRECTION('ref_axis',(1.,0.,0.));
#5510=DIRECTION('',(0.342020143325669,-0.939692620785908,-6.17281167490695E-16));
#5511=DIRECTION('center_axis',(0.,-1.,-6.12323399573677E-16));
#5512=DIRECTION('ref_axis',(1.,2.17540971751503E-30,-3.5527136788005E-15));
#5513=DIRECTION('',(0.342020143325669,-0.939692620785908,-6.17281167490695E-16));
#5514=DIRECTION('center_axis',(0.,-1.,-6.12323399573677E-16));
#5515=DIRECTION('ref_axis',(1.,2.17540971751503E-30,-3.5527136788005E-15));
#5516=DIRECTION('center_axis',(0.,-1.,-6.12323399573677E-16));
#5517=DIRECTION('ref_axis',(-1.24511560960241E-16,6.12323399573677E-16,
-1.));
#5518=DIRECTION('',(0.,1.,6.12323399573677E-16));
#5519=DIRECTION('center_axis',(0.,1.,9.59633231811867E-16));
#5520=DIRECTION('ref_axis',(0.,-9.59633231811867E-16,1.));
#5521=DIRECTION('center_axis',(0.,-1.,-6.12323399573677E-16));
#5522=DIRECTION('ref_axis',(-1.24511560960241E-16,6.12323399573677E-16,
-1.));
#5523=DIRECTION('',(0.,1.,6.12323399573677E-16));
#5524=DIRECTION('center_axis',(0.,-1.,-6.12323399573677E-16));
#5525=DIRECTION('ref_axis',(-1.24511560960241E-16,6.12323399573677E-16,
-1.));
#5526=DIRECTION('',(0.,1.,6.12323399573677E-16));
#5527=DIRECTION('center_axis',(0.,-1.,-6.12323399573677E-16));
#5528=DIRECTION('ref_axis',(-1.24511560960241E-16,6.12323399573677E-16,
-1.));
#5529=DIRECTION('',(0.,1.,6.12323399573677E-16));
#5530=DIRECTION('center_axis',(0.,-1.,-6.12323399573677E-16));
#5531=DIRECTION('ref_axis',(-1.24511560960241E-16,6.12323399573677E-16,
-1.));
#5532=DIRECTION('',(0.,1.,6.12323399573677E-16));
#5533=DIRECTION('center_axis',(0.,1.,6.12323399573677E-16));
#5534=DIRECTION('ref_axis',(1.,0.,0.));
#5535=DIRECTION('center_axis',(0.,1.,6.12323399573677E-16));
#5536=DIRECTION('ref_axis',(1.,0.,0.));
#5537=DIRECTION('center_axis',(0.,1.,6.12323399573677E-16));
#5538=DIRECTION('ref_axis',(1.,0.,0.));
#5539=DIRECTION('center_axis',(0.,1.,6.12323399573677E-16));
#5540=DIRECTION('ref_axis',(1.,0.,0.));
#5541=DIRECTION('center_axis',(0.,1.,6.12323399573677E-16));
#5542=DIRECTION('ref_axis',(1.,0.,0.));
#5543=DIRECTION('center_axis',(0.,1.,9.59633231811867E-16));
#5544=DIRECTION('ref_axis',(0.,-9.59633231811867E-16,1.));
#5545=DIRECTION('center_axis',(0.,1.,6.12323399573677E-16));
#5546=DIRECTION('ref_axis',(1.,0.,0.));
#5547=DIRECTION('center_axis',(0.,1.,6.12323399573677E-16));
#5548=DIRECTION('ref_axis',(1.,0.,0.));
#5549=DIRECTION('',(0.,-1.,-6.12323399573677E-16));
#5550=DIRECTION('center_axis',(0.,1.,6.12323399573677E-16));
#5551=DIRECTION('ref_axis',(1.,0.,0.));
#5552=DIRECTION('center_axis',(0.,1.,6.12323399573677E-16));
#5553=DIRECTION('ref_axis',(1.,0.,0.));
#5554=DIRECTION('',(0.656059028990509,-0.754709580222771,-5.42470394843324E-16));
#5555=DIRECTION('center_axis',(0.,1.,6.12323399573677E-16));
#5556=DIRECTION('ref_axis',(1.,0.,0.));
#5557=DIRECTION('center_axis',(0.,1.,6.12323399573677E-16));
#5558=DIRECTION('ref_axis',(1.,0.,0.));
#5559=DIRECTION('',(0.,-1.,-6.12323399573677E-16));
#5560=DIRECTION('center_axis',(0.,-1.,-6.12323399573677E-16));
#5561=DIRECTION('ref_axis',(-1.,0.,0.));
#5562=DIRECTION('',(0.,6.12323399573677E-16,-1.));
#5563=DIRECTION('',(1.,0.,0.));
#5564=DIRECTION('',(0.,-6.12323399573677E-16,1.));
#5565=DIRECTION('',(0.415999623737719,-5.56825336890628E-16,0.909364785468448));
#5566=DIRECTION('',(0.909364785468448,-2.54726303828451E-16,0.415999623737719));
#5567=DIRECTION('',(1.,0.,0.));
#5568=DIRECTION('',(0.,-6.12323399573677E-16,1.));
#5569=DIRECTION('',(-1.,0.,0.));
#5570=DIRECTION('',(-0.909364785468448,-2.54726303828451E-16,0.415999623737719));
#5571=DIRECTION('',(-0.415999623737719,-5.56825336890628E-16,0.909364785468448));
#5572=DIRECTION('',(0.,-6.12323399573677E-16,1.));
#5573=DIRECTION('',(-1.,0.,0.));
#5574=DIRECTION('',(0.,6.12323399573677E-16,-1.));
#5575=DIRECTION('',(-0.415999623737719,5.56825336890628E-16,-0.909364785468448));
#5576=DIRECTION('',(-0.909364785468448,2.54726303828451E-16,-0.415999623737719));
#5577=DIRECTION('',(-1.,0.,0.));
#5578=DIRECTION('',(0.,6.12323399573677E-16,-1.));
#5579=DIRECTION('',(1.,0.,0.));
#5580=DIRECTION('',(0.909364785468448,2.54726303828451E-16,-0.415999623737719));
#5581=DIRECTION('',(0.415999623737719,5.56825336890628E-16,-0.909364785468448));
#5582=DIRECTION('center_axis',(1.,0.,0.));
#5583=DIRECTION('ref_axis',(0.,-1.,-6.12323399573677E-16));
#5584=DIRECTION('',(0.,1.,6.12323399573677E-16));
#5585=DIRECTION('',(0.,0.992157702009393,-0.124992377141332));
#5586=DIRECTION('',(0.,-0.857167300702112,0.515038074910054));
#5587=DIRECTION('center_axis',(0.,-6.12323399573677E-16,1.));
#5588=DIRECTION('ref_axis',(-1.,0.,0.));
#5589=DIRECTION('',(0.,1.,6.12323399573677E-16));
#5590=DIRECTION('',(1.,0.,0.));
#5591=DIRECTION('center_axis',(-1.,0.,0.));
#5592=DIRECTION('ref_axis',(0.,1.,6.12323399573677E-16));
#5593=DIRECTION('',(0.,0.992157702009393,-0.124992377141332));
#5594=DIRECTION('',(0.,0.857167300702112,-0.515038074910054));
#5595=DIRECTION('center_axis',(0.908118532634549,-0.0523359562429437,-0.415429510711276));
#5596=DIRECTION('ref_axis',(0.415999623737719,-5.5278790672376E-16,0.909364785468448));
#5597=DIRECTION('',(0.415999623737719,-5.56825336890628E-16,0.909364785468448));
#5598=DIRECTION('',(0.0394804830299947,0.998440074776367,-0.0394804830299942));
#5599=DIRECTION('',(-0.183063882989659,0.842682047290724,-0.506334456578517));
#5600=DIRECTION('center_axis',(0.415429510711276,-0.0523359562429435,-0.908118532634549));
#5601=DIRECTION('ref_axis',(0.909364785468448,-2.57263088022484E-16,0.415999623737719));
#5602=DIRECTION('',(0.124992377141333,0.992157702009393,6.07521377007599E-16));
#5603=DIRECTION('',(0.909364785468448,-2.54726303828451E-16,0.415999623737719));
#5604=DIRECTION('',(-0.506334456578517,-0.842682047290724,-0.183063882989659));
#5605=DIRECTION('center_axis',(0.,-6.12323399573677E-16,1.));
#5606=DIRECTION('ref_axis',(-1.,0.,0.));
#5607=DIRECTION('',(0.,1.,6.12323399573677E-16));
#5608=DIRECTION('',(-0.515038074910055,-0.857167300702112,-5.24863595569309E-16));
#5609=DIRECTION('center_axis',(-1.,0.,0.));
#5610=DIRECTION('ref_axis',(0.,1.,6.12323399573677E-16));
#5611=DIRECTION('',(0.,1.,6.12323399573677E-16));
#5612=DIRECTION('',(-3.49148133884313E-15,-6.12323399573677E-16,1.));
#5613=DIRECTION('center_axis',(0.,6.12323399573677E-16,-1.));
#5614=DIRECTION('ref_axis',(1.,0.,0.));
#5615=DIRECTION('',(0.124992377141333,0.992157702009393,6.07521377007599E-16));
#5616=DIRECTION('',(0.515038074910055,0.857167300702112,5.24863595569309E-16));
#5617=DIRECTION('center_axis',(0.415429510711276,-0.0523359562429446,0.908118532634549));
#5618=DIRECTION('ref_axis',(-0.909364785468448,-2.52189519634417E-16,0.415999623737719));
#5619=DIRECTION('',(-0.909364785468448,-2.54726303828451E-16,0.415999623737719));
#5620=DIRECTION('',(0.0394804830299947,0.998440074776367,0.0394804830299954));
#5621=DIRECTION('',(0.506334456578518,0.842682047290724,-0.183063882989658));
#5622=DIRECTION('center_axis',(0.908118532634549,-0.0523359562429443,0.415429510711276));
#5623=DIRECTION('ref_axis',(-0.415999623737719,-5.60862767057495E-16,0.909364785468448));
#5624=DIRECTION('',(0.,0.992157702009392,0.124992377141334));
#5625=DIRECTION('',(-0.415999623737719,-5.56825336890628E-16,0.909364785468448));
#5626=DIRECTION('',(0.183063882989659,-0.842682047290724,-0.506334456578517));
#5627=DIRECTION('center_axis',(-1.,0.,0.));
#5628=DIRECTION('ref_axis',(0.,1.,6.12323399573677E-16));
#5629=DIRECTION('',(0.,1.,6.12323399573677E-16));
#5630=DIRECTION('',(0.,-0.857167300702112,-0.515038074910055));
#5631=DIRECTION('center_axis',(0.,6.12323399573677E-16,-1.));
#5632=DIRECTION('ref_axis',(1.,0.,0.));
#5633=DIRECTION('',(0.,1.,6.12323399573677E-16));
#5634=DIRECTION('',(-1.,0.,0.));
#5635=DIRECTION('center_axis',(1.,0.,0.));
#5636=DIRECTION('ref_axis',(0.,-1.,-6.12323399573677E-16));
#5637=DIRECTION('',(0.,0.992157702009392,0.124992377141334));
#5638=DIRECTION('',(0.,0.857167300702112,0.515038074910055));
#5639=DIRECTION('center_axis',(-0.908118532634549,-0.0523359562429443,0.415429510711276));
#5640=DIRECTION('ref_axis',(-0.415999623737719,5.60862767057495E-16,-0.909364785468448));
#5641=DIRECTION('',(-0.415999623737719,5.56825336890628E-16,-0.909364785468448));
#5642=DIRECTION('',(-0.0394804830299947,0.998440074776367,0.0394804830299954));
#5643=DIRECTION('',(0.183063882989659,0.842682047290724,0.506334456578517));
#5644=DIRECTION('center_axis',(-0.415429510711276,-0.0523359562429446,0.908118532634549));
#5645=DIRECTION('ref_axis',(-0.909364785468448,2.52189519634417E-16,-0.415999623737719));
#5646=DIRECTION('',(-0.124992377141333,0.992157702009393,6.07521377007599E-16));
#5647=DIRECTION('',(-0.909364785468448,2.54726303828451E-16,-0.415999623737719));
#5648=DIRECTION('',(0.506334456578516,-0.842682047290725,0.183063882989657));
#5649=DIRECTION('center_axis',(0.,6.12323399573677E-16,-1.));
#5650=DIRECTION('ref_axis',(1.,0.,0.));
#5651=DIRECTION('',(0.,1.,6.12323399573677E-16));
#5652=DIRECTION('',(0.515038074910055,-0.857167300702112,-5.24863595569309E-16));
#5653=DIRECTION('center_axis',(1.,0.,0.));
#5654=DIRECTION('ref_axis',(0.,-1.,-6.12323399573677E-16));
#5655=DIRECTION('',(0.,1.,6.12323399573677E-16));
#5656=DIRECTION('',(1.04744440165294E-14,6.12323399573677E-16,-1.));
#5657=DIRECTION('center_axis',(0.,-6.12323399573677E-16,1.));
#5658=DIRECTION('ref_axis',(-1.,0.,0.));
#5659=DIRECTION('',(-0.124992377141333,0.992157702009393,6.07521377007599E-16));
#5660=DIRECTION('',(-0.515038074910055,0.857167300702112,5.24863595569309E-16));
#5661=DIRECTION('center_axis',(-0.415429510711276,-0.0523359562429435,-0.908118532634549));
#5662=DIRECTION('ref_axis',(0.909364785468448,2.57263088022484E-16,-0.415999623737719));
#5663=DIRECTION('',(0.909364785468448,2.54726303828451E-16,-0.415999623737719));
#5664=DIRECTION('',(-0.0394804830299947,0.998440074776367,-0.0394804830299942));
#5665=DIRECTION('',(-0.506334456578519,0.842682047290723,0.183063882989659));
#5666=DIRECTION('center_axis',(-0.908118532634549,-0.0523359562429437,-0.415429510711276));
#5667=DIRECTION('ref_axis',(0.415999623737719,5.5278790672376E-16,-0.909364785468448));
#5668=DIRECTION('',(0.415999623737719,5.56825336890628E-16,-0.909364785468448));
#5669=DIRECTION('',(-0.183063882989659,-0.842682047290724,0.506334456578517));
#5670=DIRECTION('center_axis',(0.,1.,6.12323399573677E-16));
#5671=DIRECTION('ref_axis',(1.,0.,0.));
#5672=DIRECTION('',(1.,0.,0.));
#5673=DIRECTION('',(1.04744440165294E-14,6.12323399573677E-16,-1.));
#5674=DIRECTION('',(-1.,0.,0.));
#5675=DIRECTION('',(-3.49148133884313E-15,-6.12323399573677E-16,1.));
#5676=DIRECTION('center_axis',(0.,0.515038074910054,0.857167300702112));
#5677=DIRECTION('ref_axis',(0.,-0.857167300702112,0.515038074910054));
#5678=DIRECTION('center_axis',(0.857167300702112,0.515038074910055,9.29372076894271E-15));
#5679=DIRECTION('ref_axis',(0.515038074910055,-0.857167300702112,-5.24863595569309E-16));
#5680=DIRECTION('center_axis',(0.,0.515038074910056,-0.857167300702112));
#5681=DIRECTION('ref_axis',(0.,0.857167300702112,0.515038074910055));
#5682=DIRECTION('center_axis',(-0.857167300702112,0.515038074910055,-2.67741376972915E-15));
#5683=DIRECTION('ref_axis',(0.515038074910055,0.857167300702112,5.24863595569309E-16));
#5684=DIRECTION('',(0.,0.500000000000006,0.866025403784435));
#5685=DIRECTION('',(0.,0.500000000000007,-0.866025403784434));
#5686=DIRECTION('center_axis',(0.,-1.,-9.59633231811867E-16));
#5687=DIRECTION('ref_axis',(0.,9.59633231811867E-16,-1.));
#5688=DIRECTION('center_axis',(0.,-1.,0.));
#5689=DIRECTION('ref_axis',(-1.,0.,0.));
#5690=DIRECTION('',(0.,-1.,0.));
#5691=DIRECTION('center_axis',(0.,-1.,0.));
#5692=DIRECTION('ref_axis',(-1.,0.,0.));
#5693=DIRECTION('center_axis',(0.,-1.,0.));
#5694=DIRECTION('ref_axis',(-1.,0.,0.));
#5695=DIRECTION('',(0.,-1.,0.));
#5696=DIRECTION('center_axis',(0.,-1.,0.));
#5697=DIRECTION('ref_axis',(-1.,0.,0.));
#5698=DIRECTION('',(0.,-1.,0.));
#5699=DIRECTION('center_axis',(0.,-1.,0.));
#5700=DIRECTION('ref_axis',(-1.,0.,0.));
#5701=DIRECTION('center_axis',(0.,1.,0.));
#5702=DIRECTION('ref_axis',(-1.,0.,0.));
#5703=DIRECTION('',(-0.220960005312906,-0.975282869762471,-2.70597963246032E-17));
#5704=DIRECTION('center_axis',(0.,-1.,0.));
#5705=DIRECTION('ref_axis',(-1.,0.,0.));
#5706=DIRECTION('center_axis',(0.,1.,0.));
#5707=DIRECTION('ref_axis',(-1.,0.,0.));
#5708=DIRECTION('',(-0.220960005312906,-0.975282869762471,-2.70597963246032E-17));
#5709=DIRECTION('center_axis',(0.,1.,0.));
#5710=DIRECTION('ref_axis',(-1.,0.,0.));
#5711=DIRECTION('',(-0.55207146560979,-0.833796795903809,-6.76092553259618E-17));
#5712=DIRECTION('center_axis',(0.,-1.,0.));
#5713=DIRECTION('ref_axis',(-1.,0.,0.));
#5714=DIRECTION('center_axis',(0.,1.,0.));
#5715=DIRECTION('ref_axis',(-1.,0.,0.));
#5716=DIRECTION('center_axis',(0.,-1.,0.));
#5717=DIRECTION('ref_axis',(-1.,0.,0.));
#5718=DIRECTION('',(-0.342020143325669,-0.939692620785908,-4.18853873767699E-17));
#5719=DIRECTION('center_axis',(0.,1.,0.));
#5720=DIRECTION('ref_axis',(-1.,0.,-3.5527136788005E-15));
#5721=DIRECTION('',(-0.342020143325669,-0.939692620785908,-4.18853873767699E-17));
#5722=DIRECTION('center_axis',(0.,1.,0.));
#5723=DIRECTION('ref_axis',(-1.,0.,-3.5527136788005E-15));
#5724=DIRECTION('center_axis',(0.,1.,0.));
#5725=DIRECTION('ref_axis',(1.24511560960241E-16,0.,-1.));
#5726=DIRECTION('',(0.,1.,0.));
#5727=DIRECTION('center_axis',(0.,-1.,-3.4730983223819E-16));
#5728=DIRECTION('ref_axis',(0.,-3.4730983223819E-16,1.));
#5729=DIRECTION('center_axis',(0.,1.,0.));
#5730=DIRECTION('ref_axis',(1.24511560960241E-16,0.,-1.));
#5731=DIRECTION('',(0.,1.,0.));
#5732=DIRECTION('center_axis',(0.,1.,0.));
#5733=DIRECTION('ref_axis',(1.24511560960241E-16,0.,-1.));
#5734=DIRECTION('',(0.,1.,0.));
#5735=DIRECTION('center_axis',(0.,1.,0.));
#5736=DIRECTION('ref_axis',(1.24511560960241E-16,0.,-1.));
#5737=DIRECTION('',(0.,1.,0.));
#5738=DIRECTION('',(0.,1.,0.));
#5739=DIRECTION('center_axis',(0.,1.,0.));
#5740=DIRECTION('ref_axis',(1.24511560960241E-16,0.,-1.));
#5741=DIRECTION('center_axis',(0.,1.,0.));
#5742=DIRECTION('ref_axis',(-1.,0.,0.));
#5743=DIRECTION('center_axis',(0.,1.,0.));
#5744=DIRECTION('ref_axis',(-1.,0.,0.));
#5745=DIRECTION('center_axis',(0.,-1.,-3.4730983223819E-16));
#5746=DIRECTION('ref_axis',(0.,-3.4730983223819E-16,1.));
#5747=DIRECTION('',(-0.55207146560979,-0.833796795903809,-6.76092553259618E-17));
#5748=DIRECTION('center_axis',(0.,-1.,-3.4730983223819E-16));
#5749=DIRECTION('ref_axis',(0.,-3.4730983223819E-16,1.));
#5750=DIRECTION('center_axis',(0.,1.,0.));
#5751=DIRECTION('ref_axis',(-1.,0.,0.));
#5752=DIRECTION('center_axis',(0.,-1.,0.));
#5753=DIRECTION('ref_axis',(-1.,0.,0.));
#5754=DIRECTION('center_axis',(0.,1.,3.4730983223819E-16));
#5755=DIRECTION('ref_axis',(0.,-3.4730983223819E-16,1.));
#5756=DIRECTION('center_axis',(0.,-1.,0.));
#5757=DIRECTION('ref_axis',(-1.,0.,0.));
#5758=DIRECTION('center_axis',(0.,-1.,0.));
#5759=DIRECTION('ref_axis',(-1.,0.,0.));
#5760=DIRECTION('',(0.,-1.,0.));
#5761=DIRECTION('center_axis',(0.,-1.,0.));
#5762=DIRECTION('ref_axis',(-1.,0.,0.));
#5763=DIRECTION('center_axis',(0.,1.,0.));
#5764=DIRECTION('ref_axis',(-1.,0.,0.));
#5765=DIRECTION('',(-0.656059028990509,-0.754709580222771,-8.03440589904947E-17));
#5766=DIRECTION('center_axis',(0.,-1.,0.));
#5767=DIRECTION('ref_axis',(-1.,0.,0.));
#5768=DIRECTION('center_axis',(0.,-1.,0.));
#5769=DIRECTION('ref_axis',(-1.,0.,0.));
#5770=DIRECTION('',(0.,-1.,0.));
#5771=DIRECTION('center_axis',(0.,1.,0.));
#5772=DIRECTION('ref_axis',(1.,0.,0.));
#5773=DIRECTION('',(0.,0.,-1.));
#5774=DIRECTION('',(-0.415999623737719,0.,-0.909364785468448));
#5775=DIRECTION('',(-0.909364785468448,0.,-0.415999623737719));
#5776=DIRECTION('',(-1.,0.,0.));
#5777=DIRECTION('',(0.,0.,-1.));
#5778=DIRECTION('',(1.,0.,0.));
#5779=DIRECTION('',(0.909364785468448,0.,-0.415999623737719));
#5780=DIRECTION('',(0.415999623737719,0.,-0.909364785468448));
#5781=DIRECTION('',(0.,0.,-1.));
#5782=DIRECTION('',(1.,0.,0.));
#5783=DIRECTION('',(0.,0.,1.));
#5784=DIRECTION('',(0.415999623737719,0.,0.909364785468448));
#5785=DIRECTION('',(0.909364785468448,0.,0.415999623737719));
#5786=DIRECTION('',(1.,0.,0.));
#5787=DIRECTION('',(0.,0.,1.));
#5788=DIRECTION('',(-1.,0.,0.));
#5789=DIRECTION('',(-0.909364785468448,0.,0.415999623737719));
#5790=DIRECTION('',(-0.415999623737719,0.,0.909364785468448));
#5791=DIRECTION('',(0.,0.,1.));
#5792=DIRECTION('',(-1.,0.,0.));
#5793=DIRECTION('center_axis',(1.,0.,0.));
#5794=DIRECTION('ref_axis',(0.,-1.,0.));
#5795=DIRECTION('',(0.,1.,0.));
#5796=DIRECTION('',(0.,-0.857167300702112,0.515038074910055));
#5797=DIRECTION('',(0.,0.992157702009392,-0.124992377141333));
#5798=DIRECTION('center_axis',(0.,0.,-1.));
#5799=DIRECTION('ref_axis',(1.,0.,0.));
#5800=DIRECTION('',(0.,1.,0.));
#5801=DIRECTION('',(-1.,0.,0.));
#5802=DIRECTION('center_axis',(-1.,0.,0.));
#5803=DIRECTION('ref_axis',(0.,1.,0.));
#5804=DIRECTION('',(0.,0.992157702009392,-0.124992377141333));
#5805=DIRECTION('',(0.,0.857167300702112,-0.515038074910055));
#5806=DIRECTION('center_axis',(0.908118532634549,0.052335956242944,0.415429510711276));
#5807=DIRECTION('ref_axis',(-0.415999623737719,4.03743016686782E-18,0.909364785468448));
#5808=DIRECTION('',(-0.415999623737719,0.,0.909364785468448));
#5809=DIRECTION('',(0.183063882989659,0.842682047290724,-0.506334456578517));
#5810=DIRECTION('',(-0.0394804830299947,0.998440074776367,-0.0394804830299948));
#5811=DIRECTION('center_axis',(0.415429510711276,0.052335956242944,0.908118532634549));
#5812=DIRECTION('ref_axis',(-0.909364785468448,-2.53678419403318E-18,0.415999623737719));
#5813=DIRECTION('',(-0.124992377141333,0.992157702009393,0.));
#5814=DIRECTION('',(0.506334456578517,-0.842682047290724,-0.183063882989658));
#5815=DIRECTION('',(-0.909364785468448,0.,0.415999623737719));
#5816=DIRECTION('center_axis',(0.,0.,-1.));
#5817=DIRECTION('ref_axis',(1.,0.,0.));
#5818=DIRECTION('',(0.,1.,0.));
#5819=DIRECTION('',(0.515038074910055,-0.857167300702112,0.));
#5820=DIRECTION('center_axis',(-1.,0.,0.));
#5821=DIRECTION('ref_axis',(0.,1.,0.));
#5822=DIRECTION('',(0.,1.,0.));
#5823=DIRECTION('',(3.49148133884313E-15,0.,1.));
#5824=DIRECTION('center_axis',(0.,0.,1.));
#5825=DIRECTION('ref_axis',(-1.,0.,0.));
#5826=DIRECTION('',(-0.124992377141333,0.992157702009393,0.));
#5827=DIRECTION('',(-0.515038074910055,0.857167300702112,0.));
#5828=DIRECTION('center_axis',(0.415429510711276,0.052335956242944,-0.908118532634549));
#5829=DIRECTION('ref_axis',(0.909364785468448,2.53678419403318E-18,0.415999623737719));
#5830=DIRECTION('',(0.909364785468448,0.,0.415999623737719));
#5831=DIRECTION('',(-0.506334456578518,0.842682047290724,-0.183063882989659));
#5832=DIRECTION('',(-0.0394804830299947,0.998440074776367,0.0394804830299948));
#5833=DIRECTION('center_axis',(0.908118532634549,0.052335956242944,-0.415429510711276));
#5834=DIRECTION('ref_axis',(0.415999623737719,-4.03743016686782E-18,0.909364785468448));
#5835=DIRECTION('',(0.,0.992157702009392,0.124992377141333));
#5836=DIRECTION('',(-0.183063882989659,-0.842682047290724,-0.506334456578517));
#5837=DIRECTION('',(0.415999623737719,0.,0.909364785468448));
#5838=DIRECTION('center_axis',(-1.,0.,0.));
#5839=DIRECTION('ref_axis',(0.,1.,0.));
#5840=DIRECTION('',(0.,1.,0.));
#5841=DIRECTION('',(0.,-0.857167300702112,-0.515038074910055));
#5842=DIRECTION('center_axis',(0.,0.,1.));
#5843=DIRECTION('ref_axis',(-1.,0.,0.));
#5844=DIRECTION('',(0.,1.,0.));
#5845=DIRECTION('',(1.,0.,0.));
#5846=DIRECTION('center_axis',(1.,0.,0.));
#5847=DIRECTION('ref_axis',(0.,-1.,0.));
#5848=DIRECTION('',(0.,0.992157702009392,0.124992377141333));
#5849=DIRECTION('',(0.,0.857167300702112,0.515038074910055));
#5850=DIRECTION('center_axis',(-0.908118532634549,0.052335956242944,-0.415429510711276));
#5851=DIRECTION('ref_axis',(0.415999623737719,4.03743016686782E-18,-0.909364785468448));
#5852=DIRECTION('',(0.415999623737719,0.,-0.909364785468448));
#5853=DIRECTION('',(-0.183063882989659,0.842682047290724,0.506334456578517));
#5854=DIRECTION('',(0.0394804830299947,0.998440074776367,0.0394804830299948));
#5855=DIRECTION('center_axis',(-0.415429510711276,0.052335956242944,-0.908118532634549));
#5856=DIRECTION('ref_axis',(0.909364785468448,-2.53678419403318E-18,-0.415999623737719));
#5857=DIRECTION('',(0.124992377141333,0.992157702009393,0.));
#5858=DIRECTION('',(-0.506334456578516,-0.842682047290725,0.183063882989658));
#5859=DIRECTION('',(0.909364785468448,0.,-0.415999623737719));
#5860=DIRECTION('center_axis',(0.,0.,1.));
#5861=DIRECTION('ref_axis',(-1.,0.,0.));
#5862=DIRECTION('',(0.,1.,0.));
#5863=DIRECTION('',(-0.515038074910055,-0.857167300702112,0.));
#5864=DIRECTION('center_axis',(1.,0.,0.));
#5865=DIRECTION('ref_axis',(0.,-1.,0.));
#5866=DIRECTION('',(0.,1.,0.));
#5867=DIRECTION('',(-1.04744440165294E-14,0.,-1.));
#5868=DIRECTION('center_axis',(0.,0.,-1.));
#5869=DIRECTION('ref_axis',(1.,0.,0.));
#5870=DIRECTION('',(0.124992377141333,0.992157702009393,0.));
#5871=DIRECTION('',(0.515038074910055,0.857167300702112,0.));
#5872=DIRECTION('center_axis',(-0.415429510711276,0.052335956242944,0.908118532634549));
#5873=DIRECTION('ref_axis',(-0.909364785468448,2.53678419403318E-18,-0.415999623737719));
#5874=DIRECTION('',(-0.909364785468448,0.,-0.415999623737719));
#5875=DIRECTION('',(0.506334456578519,0.842682047290723,0.183063882989659));
#5876=DIRECTION('',(0.0394804830299947,0.998440074776367,-0.0394804830299948));
#5877=DIRECTION('center_axis',(-0.908118532634549,0.052335956242944,0.415429510711276));
#5878=DIRECTION('ref_axis',(-0.415999623737719,-4.03743016686782E-18,-0.909364785468448));
#5879=DIRECTION('',(0.183063882989659,-0.842682047290724,0.506334456578517));
#5880=DIRECTION('',(-0.415999623737719,0.,-0.909364785468448));
#5881=DIRECTION('center_axis',(0.,-1.,0.));
#5882=DIRECTION('ref_axis',(-1.,0.,0.));
#5883=DIRECTION('',(3.49148133884313E-15,0.,1.));
#5884=DIRECTION('',(1.,0.,0.));
#5885=DIRECTION('',(-1.04744440165294E-14,0.,-1.));
#5886=DIRECTION('',(-1.,0.,0.));
#5887=DIRECTION('center_axis',(0.,-0.515038074910055,-0.857167300702112));
#5888=DIRECTION('ref_axis',(0.,-0.857167300702112,0.515038074910055));
#5889=DIRECTION('center_axis',(0.857167300702112,-0.515038074910055,-8.9783509040039E-15));
#5890=DIRECTION('ref_axis',(-0.515038074910055,-0.857167300702112,6.20576300924315E-31));
#5891=DIRECTION('center_axis',(0.,-0.515038074910055,0.857167300702112));
#5892=DIRECTION('ref_axis',(0.,0.857167300702112,0.515038074910055));
#5893=DIRECTION('center_axis',(-0.857167300702112,-0.515038074910055,2.99278363466796E-15));
#5894=DIRECTION('ref_axis',(-0.515038074910055,0.857167300702112,-1.35901709595185E-32));
#5895=DIRECTION('',(0.,0.500000000000007,0.866025403784435));
#5896=DIRECTION('',(0.,0.500000000000007,-0.866025403784435));
#5897=DIRECTION('center_axis',(0.,-1.,-3.4730983223819E-16));
#5898=DIRECTION('ref_axis',(0.,3.4730983223819E-16,-1.));
#5899=DIRECTION('center_axis',(0.,-1.,-6.12323399573677E-16));
#5900=DIRECTION('ref_axis',(-1.,0.,0.));
#5901=DIRECTION('',(0.,-1.,-6.12323399573677E-16));
#5902=DIRECTION('center_axis',(0.,-1.,-6.12323399573677E-16));
#5903=DIRECTION('ref_axis',(-1.,0.,0.));
#5904=DIRECTION('center_axis',(0.,-1.,-6.12323399573677E-16));
#5905=DIRECTION('ref_axis',(-1.,0.,0.));
#5906=DIRECTION('',(0.,-1.,-6.12323399573677E-16));
#5907=DIRECTION('center_axis',(0.,-1.,-6.12323399573677E-16));
#5908=DIRECTION('ref_axis',(-1.,0.,0.));
#5909=DIRECTION('',(0.,-1.,-6.12323399573677E-16));
#5910=DIRECTION('center_axis',(0.,-1.,-6.12323399573677E-16));
#5911=DIRECTION('ref_axis',(-1.,0.,0.));
#5912=DIRECTION('center_axis',(0.,1.,6.12323399573677E-16));
#5913=DIRECTION('ref_axis',(-1.,0.,0.));
#5914=DIRECTION('',(-0.220960005312906,-0.975282869762471,-6.24248318683531E-16));
#5915=DIRECTION('center_axis',(0.,-1.,-6.12323399573677E-16));
#5916=DIRECTION('ref_axis',(-1.,0.,0.));
#5917=DIRECTION('center_axis',(0.,1.,6.12323399573677E-16));
#5918=DIRECTION('ref_axis',(-1.,0.,0.));
#5919=DIRECTION('',(-0.220960005312906,-0.975282869762471,-6.24248318683531E-16));
#5920=DIRECTION('center_axis',(0.,1.,6.12323399573677E-16));
#5921=DIRECTION('ref_axis',(-1.,0.,0.));
#5922=DIRECTION('',(-0.55207146560979,-0.833796795903809,-5.78162543947421E-16));
#5923=DIRECTION('center_axis',(0.,-1.,-6.12323399573677E-16));
#5924=DIRECTION('ref_axis',(-1.,0.,0.));
#5925=DIRECTION('center_axis',(0.,1.,6.12323399573677E-16));
#5926=DIRECTION('ref_axis',(-1.,0.,0.));
#5927=DIRECTION('center_axis',(0.,-1.,-6.12323399573677E-16));
#5928=DIRECTION('ref_axis',(-1.,0.,0.));
#5929=DIRECTION('',(-0.342020143325669,-0.939692620785908,-6.17281167490695E-16));
#5930=DIRECTION('center_axis',(0.,1.,6.12323399573677E-16));
#5931=DIRECTION('ref_axis',(-1.,2.17540971751503E-30,-3.5527136788005E-15));
#5932=DIRECTION('',(-0.342020143325669,-0.939692620785908,-6.17281167490695E-16));
#5933=DIRECTION('center_axis',(0.,1.,6.12323399573677E-16));
#5934=DIRECTION('ref_axis',(-1.,2.17540971751503E-30,-3.5527136788005E-15));
#5935=DIRECTION('center_axis',(0.,1.,6.12323399573677E-16));
#5936=DIRECTION('ref_axis',(1.24511560960241E-16,6.12323399573677E-16,-1.));
#5937=DIRECTION('',(0.,1.,6.12323399573677E-16));
#5938=DIRECTION('center_axis',(0.,-1.,-9.59633231811867E-16));
#5939=DIRECTION('ref_axis',(0.,-9.59633231811867E-16,1.));
#5940=DIRECTION('center_axis',(0.,1.,6.12323399573677E-16));
#5941=DIRECTION('ref_axis',(1.24511560960241E-16,6.12323399573677E-16,-1.));
#5942=DIRECTION('',(0.,1.,6.12323399573677E-16));
#5943=DIRECTION('center_axis',(0.,1.,6.12323399573677E-16));
#5944=DIRECTION('ref_axis',(1.24511560960241E-16,6.12323399573677E-16,-1.));
#5945=DIRECTION('',(0.,1.,6.12323399573677E-16));
#5946=DIRECTION('center_axis',(0.,1.,6.12323399573677E-16));
#5947=DIRECTION('ref_axis',(1.24511560960241E-16,6.12323399573677E-16,-1.));
#5948=DIRECTION('',(0.,1.,6.12323399573677E-16));
#5949=DIRECTION('',(0.,1.,6.12323399573677E-16));
#5950=DIRECTION('center_axis',(0.,1.,6.12323399573677E-16));
#5951=DIRECTION('ref_axis',(1.24511560960241E-16,6.12323399573677E-16,-1.));
#5952=DIRECTION('center_axis',(0.,1.,6.12323399573677E-16));
#5953=DIRECTION('ref_axis',(-1.,0.,0.));
#5954=DIRECTION('center_axis',(0.,1.,6.12323399573677E-16));
#5955=DIRECTION('ref_axis',(-1.,0.,0.));
#5956=DIRECTION('center_axis',(0.,-1.,-9.59633231811867E-16));
#5957=DIRECTION('ref_axis',(0.,-9.59633231811867E-16,1.));
#5958=DIRECTION('',(-0.55207146560979,-0.833796795903809,-5.78162543947421E-16));
#5959=DIRECTION('center_axis',(0.,-1.,-9.59633231811867E-16));
#5960=DIRECTION('ref_axis',(0.,-9.59633231811867E-16,1.));
#5961=DIRECTION('center_axis',(0.,1.,6.12323399573677E-16));
#5962=DIRECTION('ref_axis',(-1.,0.,0.));
#5963=DIRECTION('center_axis',(0.,-1.,-6.12323399573677E-16));
#5964=DIRECTION('ref_axis',(-1.,0.,0.));
#5965=DIRECTION('center_axis',(0.,1.,9.59633231811867E-16));
#5966=DIRECTION('ref_axis',(0.,-9.59633231811867E-16,1.));
#5967=DIRECTION('center_axis',(0.,-1.,-6.12323399573677E-16));
#5968=DIRECTION('ref_axis',(-1.,0.,0.));
#5969=DIRECTION('center_axis',(0.,-1.,-6.12323399573677E-16));
#5970=DIRECTION('ref_axis',(-1.,0.,0.));
#5971=DIRECTION('',(0.,-1.,-6.12323399573677E-16));
#5972=DIRECTION('center_axis',(0.,-1.,-6.12323399573677E-16));
#5973=DIRECTION('ref_axis',(-1.,0.,0.));
#5974=DIRECTION('center_axis',(0.,1.,6.12323399573677E-16));
#5975=DIRECTION('ref_axis',(-1.,0.,0.));
#5976=DIRECTION('',(-0.656059028990509,-0.754709580222771,-5.42470394843324E-16));
#5977=DIRECTION('center_axis',(0.,-1.,-6.12323399573677E-16));
#5978=DIRECTION('ref_axis',(-1.,0.,0.));
#5979=DIRECTION('center_axis',(0.,-1.,-6.12323399573677E-16));
#5980=DIRECTION('ref_axis',(-1.,0.,0.));
#5981=DIRECTION('',(0.,-1.,-6.12323399573677E-16));
#5982=DIRECTION('center_axis',(0.,1.,6.12323399573677E-16));
#5983=DIRECTION('ref_axis',(1.,0.,0.));
#5984=DIRECTION('',(0.,6.12323399573677E-16,-1.));
#5985=DIRECTION('',(-0.415999623737719,5.56825336890628E-16,-0.909364785468448));
#5986=DIRECTION('',(-0.909364785468448,2.54726303828451E-16,-0.415999623737719));
#5987=DIRECTION('',(-1.,0.,0.));
#5988=DIRECTION('',(0.,6.12323399573677E-16,-1.));
#5989=DIRECTION('',(1.,0.,0.));
#5990=DIRECTION('',(0.909364785468448,2.54726303828451E-16,-0.415999623737719));
#5991=DIRECTION('',(0.415999623737719,5.56825336890628E-16,-0.909364785468448));
#5992=DIRECTION('',(0.,6.12323399573677E-16,-1.));
#5993=DIRECTION('',(1.,0.,0.));
#5994=DIRECTION('',(0.,-6.12323399573677E-16,1.));
#5995=DIRECTION('',(0.415999623737719,-5.56825336890628E-16,0.909364785468448));
#5996=DIRECTION('',(0.909364785468448,-2.54726303828451E-16,0.415999623737719));
#5997=DIRECTION('',(1.,0.,0.));
#5998=DIRECTION('',(0.,-6.12323399573677E-16,1.));
#5999=DIRECTION('',(-1.,0.,0.));
#6000=DIRECTION('',(-0.909364785468448,-2.54726303828451E-16,0.415999623737719));
#6001=DIRECTION('',(-0.415999623737719,-5.56825336890628E-16,0.909364785468448));
#6002=DIRECTION('',(0.,-6.12323399573677E-16,1.));
#6003=DIRECTION('',(-1.,0.,0.));
#6004=DIRECTION('center_axis',(1.,0.,0.));
#6005=DIRECTION('ref_axis',(0.,-1.,-6.12323399573677E-16));
#6006=DIRECTION('',(0.,1.,6.12323399573677E-16));
#6007=DIRECTION('',(0.,-0.857167300702112,0.515038074910054));
#6008=DIRECTION('',(0.,0.992157702009393,-0.124992377141332));
#6009=DIRECTION('center_axis',(0.,6.12323399573677E-16,-1.));
#6010=DIRECTION('ref_axis',(1.,0.,0.));
#6011=DIRECTION('',(0.,1.,6.12323399573677E-16));
#6012=DIRECTION('',(-1.,0.,0.));
#6013=DIRECTION('center_axis',(-1.,0.,0.));
#6014=DIRECTION('ref_axis',(0.,1.,6.12323399573677E-16));
#6015=DIRECTION('',(0.,0.992157702009393,-0.124992377141332));
#6016=DIRECTION('',(0.,0.857167300702112,-0.515038074910054));
#6017=DIRECTION('center_axis',(0.908118532634549,0.0523359562429437,0.415429510711276));
#6018=DIRECTION('ref_axis',(-0.415999623737719,-5.5278790672376E-16,0.909364785468448));
#6019=DIRECTION('',(-0.415999623737719,-5.56825336890628E-16,0.909364785468448));
#6020=DIRECTION('',(0.183063882989659,0.842682047290724,-0.506334456578517));
#6021=DIRECTION('',(-0.0394804830299947,0.998440074776367,-0.0394804830299942));
#6022=DIRECTION('center_axis',(0.415429510711276,0.0523359562429435,0.908118532634549));
#6023=DIRECTION('ref_axis',(-0.909364785468448,-2.57263088022484E-16,0.415999623737719));
#6024=DIRECTION('',(-0.124992377141333,0.992157702009393,6.07521377007599E-16));
#6025=DIRECTION('',(0.506334456578517,-0.842682047290724,-0.183063882989659));
#6026=DIRECTION('',(-0.909364785468448,-2.54726303828451E-16,0.415999623737719));
#6027=DIRECTION('center_axis',(0.,6.12323399573677E-16,-1.));
#6028=DIRECTION('ref_axis',(1.,0.,0.));
#6029=DIRECTION('',(0.,1.,6.12323399573677E-16));
#6030=DIRECTION('',(0.515038074910055,-0.857167300702112,-5.24863595569309E-16));
#6031=DIRECTION('center_axis',(-1.,0.,0.));
#6032=DIRECTION('ref_axis',(0.,1.,6.12323399573677E-16));
#6033=DIRECTION('',(0.,1.,6.12323399573677E-16));
#6034=DIRECTION('',(3.49148133884313E-15,-6.12323399573677E-16,1.));
#6035=DIRECTION('center_axis',(0.,-6.12323399573677E-16,1.));
#6036=DIRECTION('ref_axis',(-1.,0.,0.));
#6037=DIRECTION('',(-0.124992377141333,0.992157702009393,6.07521377007599E-16));
#6038=DIRECTION('',(-0.515038074910055,0.857167300702112,5.24863595569309E-16));
#6039=DIRECTION('center_axis',(0.415429510711276,0.0523359562429446,-0.908118532634549));
#6040=DIRECTION('ref_axis',(0.909364785468448,-2.52189519634417E-16,0.415999623737719));
#6041=DIRECTION('',(0.909364785468448,-2.54726303828451E-16,0.415999623737719));
#6042=DIRECTION('',(-0.506334456578518,0.842682047290724,-0.183063882989658));
#6043=DIRECTION('',(-0.0394804830299947,0.998440074776367,0.0394804830299954));
#6044=DIRECTION('center_axis',(0.908118532634549,0.0523359562429443,-0.415429510711276));
#6045=DIRECTION('ref_axis',(0.415999623737719,-5.60862767057495E-16,0.909364785468448));
#6046=DIRECTION('',(0.,0.992157702009392,0.124992377141334));
#6047=DIRECTION('',(-0.183063882989659,-0.842682047290724,-0.506334456578517));
#6048=DIRECTION('',(0.415999623737719,-5.56825336890628E-16,0.909364785468448));
#6049=DIRECTION('center_axis',(-1.,0.,0.));
#6050=DIRECTION('ref_axis',(0.,1.,6.12323399573677E-16));
#6051=DIRECTION('',(0.,1.,6.12323399573677E-16));
#6052=DIRECTION('',(0.,-0.857167300702112,-0.515038074910055));
#6053=DIRECTION('center_axis',(0.,-6.12323399573677E-16,1.));
#6054=DIRECTION('ref_axis',(-1.,0.,0.));
#6055=DIRECTION('',(0.,1.,6.12323399573677E-16));
#6056=DIRECTION('',(1.,0.,0.));
#6057=DIRECTION('center_axis',(1.,0.,0.));
#6058=DIRECTION('ref_axis',(0.,-1.,-6.12323399573677E-16));
#6059=DIRECTION('',(0.,0.992157702009392,0.124992377141334));
#6060=DIRECTION('',(0.,0.857167300702112,0.515038074910055));
#6061=DIRECTION('center_axis',(-0.908118532634549,0.0523359562429443,-0.415429510711276));
#6062=DIRECTION('ref_axis',(0.415999623737719,5.60862767057495E-16,-0.909364785468448));
#6063=DIRECTION('',(0.415999623737719,5.56825336890628E-16,-0.909364785468448));
#6064=DIRECTION('',(-0.183063882989659,0.842682047290724,0.506334456578517));
#6065=DIRECTION('',(0.0394804830299947,0.998440074776367,0.0394804830299954));
#6066=DIRECTION('center_axis',(-0.415429510711276,0.0523359562429446,-0.908118532634549));
#6067=DIRECTION('ref_axis',(0.909364785468448,2.52189519634417E-16,-0.415999623737719));
#6068=DIRECTION('',(0.124992377141333,0.992157702009393,6.07521377007599E-16));
#6069=DIRECTION('',(-0.506334456578516,-0.842682047290725,0.183063882989657));
#6070=DIRECTION('',(0.909364785468448,2.54726303828451E-16,-0.415999623737719));
#6071=DIRECTION('center_axis',(0.,-6.12323399573677E-16,1.));
#6072=DIRECTION('ref_axis',(-1.,0.,0.));
#6073=DIRECTION('',(0.,1.,6.12323399573677E-16));
#6074=DIRECTION('',(-0.515038074910055,-0.857167300702112,-5.24863595569309E-16));
#6075=DIRECTION('center_axis',(1.,0.,0.));
#6076=DIRECTION('ref_axis',(0.,-1.,-6.12323399573677E-16));
#6077=DIRECTION('',(0.,1.,6.12323399573677E-16));
#6078=DIRECTION('',(-1.04744440165294E-14,6.12323399573677E-16,-1.));
#6079=DIRECTION('center_axis',(0.,6.12323399573677E-16,-1.));
#6080=DIRECTION('ref_axis',(1.,0.,0.));
#6081=DIRECTION('',(0.124992377141333,0.992157702009393,6.07521377007599E-16));
#6082=DIRECTION('',(0.515038074910055,0.857167300702112,5.24863595569309E-16));
#6083=DIRECTION('center_axis',(-0.415429510711276,0.0523359562429435,0.908118532634549));
#6084=DIRECTION('ref_axis',(-0.909364785468448,2.57263088022484E-16,-0.415999623737719));
#6085=DIRECTION('',(-0.909364785468448,2.54726303828451E-16,-0.415999623737719));
#6086=DIRECTION('',(0.506334456578519,0.842682047290723,0.183063882989659));
#6087=DIRECTION('',(0.0394804830299947,0.998440074776367,-0.0394804830299942));
#6088=DIRECTION('center_axis',(-0.908118532634549,0.0523359562429437,0.415429510711276));
#6089=DIRECTION('ref_axis',(-0.415999623737719,5.5278790672376E-16,-0.909364785468448));
#6090=DIRECTION('',(0.183063882989659,-0.842682047290724,0.506334456578517));
#6091=DIRECTION('',(-0.415999623737719,5.56825336890628E-16,-0.909364785468448));
#6092=DIRECTION('center_axis',(0.,-1.,-6.12323399573677E-16));
#6093=DIRECTION('ref_axis',(-1.,0.,0.));
#6094=DIRECTION('',(3.49148133884313E-15,-6.12323399573677E-16,1.));
#6095=DIRECTION('',(1.,0.,0.));
#6096=DIRECTION('',(-1.04744440165294E-14,6.12323399573677E-16,-1.));
#6097=DIRECTION('',(-1.,0.,0.));
#6098=DIRECTION('center_axis',(0.,-0.515038074910054,-0.857167300702112));
#6099=DIRECTION('ref_axis',(0.,-0.857167300702112,0.515038074910054));
#6100=DIRECTION('center_axis',(0.857167300702112,-0.515038074910055,-9.29372076894271E-15));
#6101=DIRECTION('ref_axis',(-0.515038074910055,-0.857167300702112,-5.24863595569309E-16));
#6102=DIRECTION('center_axis',(0.,-0.515038074910056,0.857167300702112));
#6103=DIRECTION('ref_axis',(0.,0.857167300702112,0.515038074910055));
#6104=DIRECTION('center_axis',(-0.857167300702112,-0.515038074910055,2.67741376972915E-15));
#6105=DIRECTION('ref_axis',(-0.515038074910055,0.857167300702112,5.24863595569309E-16));
#6106=DIRECTION('',(0.,0.500000000000006,0.866025403784435));
#6107=DIRECTION('',(0.,0.500000000000007,-0.866025403784434));
#6108=DIRECTION('center_axis',(0.,-1.,-9.59633231811867E-16));
#6109=DIRECTION('ref_axis',(0.,9.59633231811867E-16,-1.));
#6110=CARTESIAN_POINT('',(0.,0.,0.));
#6111=CARTESIAN_POINT('Origin',(0.312,-0.0579999999999999,-0.234));
#6112=CARTESIAN_POINT('',(0.312,-0.0579999999999999,-0.191));
#6113=CARTESIAN_POINT('Origin',(0.312,-0.0579999999999999,-0.234));
#6114=CARTESIAN_POINT('',(0.312,-0.0502555261083149,-0.191));
#6115=CARTESIAN_POINT('',(0.312,-0.0579999999999999,-0.191));
#6116=CARTESIAN_POINT('Origin',(0.312,-0.0502555261083149,-0.234));
#6117=CARTESIAN_POINT('Origin',(-0.313,-0.0579999999999999,-0.234));
#6118=CARTESIAN_POINT('',(-0.313,-0.0579999999999999,-0.191));
#6119=CARTESIAN_POINT('Origin',(-0.313,-0.0579999999999999,-0.234));
#6120=CARTESIAN_POINT('',(-0.313,-0.0502555261083149,-0.191));
#6121=CARTESIAN_POINT('',(-0.313,-0.0579999999999999,-0.191));
#6122=CARTESIAN_POINT('Origin',(-0.313,-0.0502555261083149,-0.234));
#6123=CARTESIAN_POINT('Origin',(-0.313,-0.0329999999999998,-0.234));
#6124=CARTESIAN_POINT('',(-0.313,-0.0329999999999999,-0.176));
#6125=CARTESIAN_POINT('',(-0.313,-0.0329999999999998,-0.176));
#6126=CARTESIAN_POINT('Origin',(-0.313,-0.0329999999999998,-0.234));
#6127=CARTESIAN_POINT('Origin',(0.312,-0.0329999999999998,-0.234));
#6128=CARTESIAN_POINT('',(0.312,-0.0329999999999999,-0.176));
#6129=CARTESIAN_POINT('',(0.312,-0.0329999999999998,-0.176));
#6130=CARTESIAN_POINT('Origin',(0.312,-0.0329999999999998,-0.234));
#6131=CARTESIAN_POINT('Origin',(-0.5,3.1586992426743E-15,1.88668252062438E-15));
#6132=CARTESIAN_POINT('',(0.25,-0.0286824064567934,-0.0504115022573945));
#6133=CARTESIAN_POINT('',(0.25,-0.058,1.85116776344911E-15));
#6134=CARTESIAN_POINT('Origin',(0.25,3.1586992426743E-15,1.88668252062438E-15));
#6135=CARTESIAN_POINT('',(0.5,-0.058,7.30565026772833E-18));
#6136=CARTESIAN_POINT('',(-0.5,-0.058,7.30565026772833E-18));
#6137=CARTESIAN_POINT('',(0.5,-0.0286824064567934,-0.0504115022573945));
#6138=CARTESIAN_POINT('Origin',(0.5,3.1586992426743E-15,1.88668252062438E-15));
#6139=CARTESIAN_POINT('',(-0.5,-0.0286824064567934,-0.0504115022573945));
#6140=CARTESIAN_POINT('Origin',(-0.5,0.,0.));
#6141=CARTESIAN_POINT('',(0.25,-0.033,-4.77612251667467E-18));
#6142=CARTESIAN_POINT('',(0.25,-0.0163193002254169,-0.0286824064567934));
#6143=CARTESIAN_POINT('Origin',(0.25,0.,0.));
#6144=CARTESIAN_POINT('',(0.5,-0.0163193002254169,-0.0286824064567934));
#6145=CARTESIAN_POINT('',(-0.5,-0.0163193002254169,-0.0286824064567934));
#6146=CARTESIAN_POINT('',(0.5,-0.033,-4.77612251667467E-18));
#6147=CARTESIAN_POINT('Origin',(0.5,0.,0.));
#6148=CARTESIAN_POINT('',(-0.5,-0.033,-4.77612251667467E-18));
#6149=CARTESIAN_POINT('Origin',(-0.5,0.,0.));
#6150=CARTESIAN_POINT('',(-0.25,-0.033,-2.02066721859313E-17));
#6151=CARTESIAN_POINT('',(-0.25,-0.0163193002254169,-0.0286824064567934));
#6152=CARTESIAN_POINT('Origin',(-0.25,0.,0.));
#6153=CARTESIAN_POINT('',(-6.82961998416066E-17,-0.0163193002254169,-0.0286824064567934));
#6154=CARTESIAN_POINT('',(-0.5,-0.0163193002254169,-0.0286824064567934));
#6155=CARTESIAN_POINT('',(-6.82961998416066E-17,-0.033,-4.77612251667467E-18));
#6156=CARTESIAN_POINT('Origin',(-6.82961998416066E-17,0.,0.));
#6157=CARTESIAN_POINT('',(-0.5,-0.033,-4.77612251667467E-18));
#6158=CARTESIAN_POINT('Origin',(-0.5,3.1586992426743E-15,1.88668252062438E-15));
#6159=CARTESIAN_POINT('',(-0.25,-0.0286824064567934,-0.0504115022573945));
#6160=CARTESIAN_POINT('',(-0.25,-0.058,7.17036772573084E-18));
#6161=CARTESIAN_POINT('Origin',(-0.25,3.1586992426743E-15,1.88668252062438E-15));
#6162=CARTESIAN_POINT('',(-8.53702498020077E-17,-0.058,1.85116776344911E-15));
#6163=CARTESIAN_POINT('',(-0.5,-0.058,7.30565026772833E-18));
#6164=CARTESIAN_POINT('',(-7.46928147949477E-17,-0.0286824064567934,-0.0504115022573945));
#6165=CARTESIAN_POINT('Origin',(-6.82961998416066E-17,3.1586992426743E-15,
1.88668252062438E-15));
#6166=CARTESIAN_POINT('',(-0.5,-0.0286824064567934,-0.0504115022573945));
#6167=CARTESIAN_POINT('Origin',(-0.5,-0.0163193002254169,-0.0286824064567934));
#6168=CARTESIAN_POINT('',(-0.25,-0.016319300225417,-0.0286824064567935));
#6169=CARTESIAN_POINT('',(-6.82961998416066E-17,-0.016319300225417,-0.0286824064567936));
#6170=CARTESIAN_POINT('Origin',(-0.5,-0.0329999999999998,-0.375));
#6171=CARTESIAN_POINT('',(-0.5,-0.033,-0.058000000000005));
#6172=CARTESIAN_POINT('',(-0.5,-0.0329999999999998,-0.375));
#6173=CARTESIAN_POINT('',(-0.5,-0.0329999999999998,-0.375));
#6174=CARTESIAN_POINT('',(-0.25,-0.033,-0.0580000000000049));
#6175=CARTESIAN_POINT('',(-0.5,-0.033,-0.0580000000000048));
#6176=CARTESIAN_POINT('',(-0.25,-0.0329999999999998,-0.375));
#6177=CARTESIAN_POINT('',(-1.0244429976241E-16,-0.033,-0.0580000000000048));
#6178=CARTESIAN_POINT('',(-2.0488859952482E-16,-0.0329999999999998,-0.375));
#6179=CARTESIAN_POINT('',(0.25,-0.033,-0.0580000000000049));
#6180=CARTESIAN_POINT('',(-0.5,-0.033,-0.0580000000000048));
#6181=CARTESIAN_POINT('',(0.25,-0.0329999999999998,-0.375));
#6182=CARTESIAN_POINT('',(0.5,-0.0329999999999998,-0.375));
#6183=CARTESIAN_POINT('',(0.5,-0.0329999999999998,-0.375));
#6184=CARTESIAN_POINT('',(-0.5,-0.0329999999999998,-0.375));
#6185=CARTESIAN_POINT('Origin',(-0.5,-0.0579999999999998,-0.375));
#6186=CARTESIAN_POINT('',(0.5,-0.0579999999999998,-0.375));
#6187=CARTESIAN_POINT('',(0.5,-0.0579999999999998,-0.375));
#6188=CARTESIAN_POINT('',(-0.5,-0.0579999999999998,-0.375));
#6189=CARTESIAN_POINT('',(-0.5,-0.0579999999999998,-0.375));
#6190=CARTESIAN_POINT('',(-0.5,-0.0579999999999998,-0.375));
#6191=CARTESIAN_POINT('Origin',(-0.5,-0.058,-2.00842075060166E-17));
#6192=CARTESIAN_POINT('',(-0.25,-0.058,-0.0580000000000049));
#6193=CARTESIAN_POINT('',(-0.25,-0.058,-0.0580000000000049));
#6194=CARTESIAN_POINT('',(-0.5,-0.058,-0.0580000000000049));
#6195=CARTESIAN_POINT('',(-0.5,-0.058,-0.0580000000000049));
#6196=CARTESIAN_POINT('',(-0.5,-0.058,-2.00842075060166E-17));
#6197=CARTESIAN_POINT('',(0.5,-0.058,-2.00842075060166E-17));
#6198=CARTESIAN_POINT('',(0.25,-0.058,-0.0580000000000049));
#6199=CARTESIAN_POINT('',(0.25,-0.058,-0.0580000000000049));
#6200=CARTESIAN_POINT('',(-1.0244429976241E-16,-0.058,-0.0580000000000049));
#6201=CARTESIAN_POINT('',(-1.0244429976241E-16,-0.058,-0.0580000000000049));
#6202=CARTESIAN_POINT('',(-6.82961998416066E-17,-0.0580000000000001,0.0580000000000049));
#6203=CARTESIAN_POINT('Origin',(-0.5,-0.0163193002254169,-0.0286824064567934));
#6204=CARTESIAN_POINT('',(0.25,-0.016319300225417,-0.0286824064567936));
#6205=CARTESIAN_POINT('',(0.5,-0.0163193002254169,-0.0286824064567934));
#6206=CARTESIAN_POINT('Origin',(-0.5,0.,0.));
#6207=CARTESIAN_POINT('',(-0.5,-0.058,-0.0580000000000049));
#6208=CARTESIAN_POINT('Origin',(0.5,0.,0.));
#6209=CARTESIAN_POINT('Origin',(-1.0244429976241E-16,-0.058,-0.0580000000000049));
#6210=CARTESIAN_POINT('',(-1.0244429976241E-16,-0.058,-0.0580000000000049));
#6211=CARTESIAN_POINT('',(0.25,-0.058,-0.0580000000000049));
#6212=CARTESIAN_POINT('Origin',(-6.82961998416066E-17,-0.0580000000000001,
0.0580000000000049));
#6213=CARTESIAN_POINT('Origin',(0.25,-0.058,-0.0580000000000049));
#6214=CARTESIAN_POINT('Origin',(-0.25,-0.058,-0.0580000000000049));
#6215=CARTESIAN_POINT('',(-0.25,-0.058,-0.0580000000000049));
#6216=CARTESIAN_POINT('Origin',(-0.5,-0.058,-0.0580000000000049));
#6217=CARTESIAN_POINT('Origin',(0.5,0.,0.));
#6218=CARTESIAN_POINT('',(0.49868,-4.04133443718627E-18,-0.033));
#6219=CARTESIAN_POINT('Origin',(0.49868,0.,0.));
#6220=CARTESIAN_POINT('',(0.5,-3.87968105969881E-18,-0.03168));
#6221=CARTESIAN_POINT('',(0.5,-3.87968105969881E-18,-0.03168));
#6222=CARTESIAN_POINT('Origin',(0.5,0.,0.));
#6223=CARTESIAN_POINT('Origin',(-0.49868,0.,0.));
#6224=CARTESIAN_POINT('',(-0.49868,4.04133443718627E-18,-0.033));
#6225=CARTESIAN_POINT('',(-0.49868,-4.04133443718627E-18,0.033));
#6226=CARTESIAN_POINT('Origin',(-0.49868,0.,0.));
#6227=CARTESIAN_POINT('Origin',(-0.49868,0.,0.));
#6228=CARTESIAN_POINT('',(-0.5,-3.87968105969879E-18,0.0316799999999998));
#6229=CARTESIAN_POINT('',(-0.49868,-4.04133443718627E-18,0.033));
#6230=CARTESIAN_POINT('Origin',(-0.5,0.,0.));
#6231=CARTESIAN_POINT('Origin',(0.5,0.,0.));
#6232=CARTESIAN_POINT('',(0.5,-4.04133443718627E-18,-0.033));
#6233=CARTESIAN_POINT('Origin',(0.5,0.,0.));
#6234=CARTESIAN_POINT('Origin',(-0.5,0.,0.));
#6235=CARTESIAN_POINT('Origin',(-0.312,-0.058,0.234));
#6236=CARTESIAN_POINT('',(-0.312,-0.058,0.191));
#6237=CARTESIAN_POINT('Origin',(-0.312,-0.058,0.234));
#6238=CARTESIAN_POINT('',(-0.312,-0.050255526108315,0.191));
#6239=CARTESIAN_POINT('',(-0.312,-0.058,0.191));
#6240=CARTESIAN_POINT('Origin',(-0.312,-0.050255526108315,0.234));
#6241=CARTESIAN_POINT('Origin',(0.313,-0.058,0.234));
#6242=CARTESIAN_POINT('',(0.313,-0.058,0.191));
#6243=CARTESIAN_POINT('Origin',(0.313,-0.058,0.234));
#6244=CARTESIAN_POINT('',(0.313,-0.0502555261083151,0.191));
#6245=CARTESIAN_POINT('',(0.313,-0.058,0.191));
#6246=CARTESIAN_POINT('Origin',(0.313,-0.0502555261083151,0.234));
#6247=CARTESIAN_POINT('Origin',(0.313,-0.033,0.234));
#6248=CARTESIAN_POINT('',(0.313,-0.033,0.176));
#6249=CARTESIAN_POINT('',(0.313,-0.033,0.176));
#6250=CARTESIAN_POINT('Origin',(0.313,-0.033,0.234));
#6251=CARTESIAN_POINT('Origin',(-0.312,-0.033,0.234));
#6252=CARTESIAN_POINT('',(-0.312,-0.033,0.176));
#6253=CARTESIAN_POINT('',(-0.312,-0.033,0.176));
#6254=CARTESIAN_POINT('Origin',(-0.312,-0.033,0.234));
#6255=CARTESIAN_POINT('Origin',(0.5,3.1586992426743E-15,-1.88668252062438E-15));
#6256=CARTESIAN_POINT('',(-0.25,-0.0286824064567934,0.0504115022573945));
#6257=CARTESIAN_POINT('',(-0.25,-0.058,-1.88668252062438E-15));
#6258=CARTESIAN_POINT('Origin',(-0.25,3.1586992426743E-15,-1.88668252062438E-15));
#6259=CARTESIAN_POINT('',(-0.5,-0.058,-4.28204074430016E-17));
#6260=CARTESIAN_POINT('',(0.5,-0.058,-4.28204074430016E-17));
#6261=CARTESIAN_POINT('',(-0.5,-0.0286824064567934,0.0504115022573945));
#6262=CARTESIAN_POINT('Origin',(-0.5,3.1586992426743E-15,-1.88668252062438E-15));
#6263=CARTESIAN_POINT('',(0.5,-0.0286824064567934,0.0504115022573945));
#6264=CARTESIAN_POINT('Origin',(0.5,0.,0.));
#6265=CARTESIAN_POINT('',(-0.25,-0.033,-1.54305496692566E-17));
#6266=CARTESIAN_POINT('',(-0.25,-0.016319300225417,0.0286824064567934));
#6267=CARTESIAN_POINT('Origin',(-0.25,0.,0.));
#6268=CARTESIAN_POINT('',(-0.5,-0.016319300225417,0.0286824064567934));
#6269=CARTESIAN_POINT('',(0.5,-0.016319300225417,0.0286824064567934));
#6270=CARTESIAN_POINT('',(-0.5,-0.033,-1.54305496692566E-17));
#6271=CARTESIAN_POINT('Origin',(-0.5,0.,0.));
#6272=CARTESIAN_POINT('',(0.5,-0.033,-1.54305496692566E-17));
#6273=CARTESIAN_POINT('Origin',(0.5,0.,0.));
#6274=CARTESIAN_POINT('',(0.25,-0.033,0.));
#6275=CARTESIAN_POINT('',(0.25,-0.016319300225417,0.0286824064567934));
#6276=CARTESIAN_POINT('Origin',(0.25,0.,0.));
#6277=CARTESIAN_POINT('',(6.82961998416066E-17,-0.016319300225417,0.0286824064567934));
#6278=CARTESIAN_POINT('',(0.5,-0.016319300225417,0.0286824064567934));
#6279=CARTESIAN_POINT('',(6.82961998416066E-17,-0.033,-1.54305496692567E-17));
#6280=CARTESIAN_POINT('Origin',(6.82961998416066E-17,0.,0.));
#6281=CARTESIAN_POINT('',(0.5,-0.033,-1.54305496692566E-17));
#6282=CARTESIAN_POINT('Origin',(0.5,3.1586992426743E-15,-1.88668252062438E-15));
#6283=CARTESIAN_POINT('',(0.25,-0.0286824064567934,0.0504115022573945));
#6284=CARTESIAN_POINT('',(0.25,-0.058,-4.26851249010041E-17));
#6285=CARTESIAN_POINT('Origin',(0.25,3.1586992426743E-15,-1.88668252062438E-15));
#6286=CARTESIAN_POINT('',(8.53702498020077E-17,-0.058,-1.88668252062438E-15));
#6287=CARTESIAN_POINT('',(0.5,-0.058,-4.28204074430016E-17));
#6288=CARTESIAN_POINT('',(7.46928147949477E-17,-0.0286824064567934,0.0504115022573945));
#6289=CARTESIAN_POINT('Origin',(6.82961998416066E-17,3.1586992426743E-15,
-1.88668252062438E-15));
#6290=CARTESIAN_POINT('',(0.5,-0.0286824064567934,0.0504115022573945));
#6291=CARTESIAN_POINT('Origin',(0.5,-0.016319300225417,0.0286824064567934));
#6292=CARTESIAN_POINT('',(0.25,-0.016319300225417,0.0286824064567935));
#6293=CARTESIAN_POINT('',(6.82961998416066E-17,-0.016319300225417,0.0286824064567935));
#6294=CARTESIAN_POINT('Origin',(0.5,-0.033,0.375));
#6295=CARTESIAN_POINT('',(0.5,-0.033,0.058000000000005));
#6296=CARTESIAN_POINT('',(0.5,-0.033,0.375));
#6297=CARTESIAN_POINT('',(0.5,-0.033,0.375));
#6298=CARTESIAN_POINT('',(0.25,-0.033,0.0580000000000049));
#6299=CARTESIAN_POINT('',(0.5,-0.033,0.0580000000000048));
#6300=CARTESIAN_POINT('',(0.25,-0.033,0.375));
#6301=CARTESIAN_POINT('',(1.0244429976241E-16,-0.033,0.0580000000000048));
#6302=CARTESIAN_POINT('',(2.0488859952482E-16,-0.033,0.375));
#6303=CARTESIAN_POINT('',(-0.25,-0.033,0.0580000000000049));
#6304=CARTESIAN_POINT('',(0.5,-0.033,0.0580000000000047));
#6305=CARTESIAN_POINT('',(-0.25,-0.033,0.375));
#6306=CARTESIAN_POINT('',(-0.5,-0.033,0.375));
#6307=CARTESIAN_POINT('',(-0.5,-0.033,0.375));
#6308=CARTESIAN_POINT('',(0.5,-0.033,0.375));
#6309=CARTESIAN_POINT('Origin',(0.5,-0.058,0.375));
#6310=CARTESIAN_POINT('',(-0.5,-0.058,0.375));
#6311=CARTESIAN_POINT('',(-0.5,-0.058,0.375));
#6312=CARTESIAN_POINT('',(0.5,-0.058,0.375));
#6313=CARTESIAN_POINT('',(0.5,-0.058,0.375));
#6314=CARTESIAN_POINT('',(0.5,-0.058,0.375));
#6315=CARTESIAN_POINT('Origin',(0.5,-0.058,-1.54305496692566E-17));
#6316=CARTESIAN_POINT('',(0.25,-0.058,0.0580000000000049));
#6317=CARTESIAN_POINT('',(0.25,-0.058,0.0580000000000049));
#6318=CARTESIAN_POINT('',(0.5,-0.058,0.0580000000000048));
#6319=CARTESIAN_POINT('',(0.5,-0.058,0.0580000000000048));
#6320=CARTESIAN_POINT('',(0.5,-0.058,-1.54305496692566E-17));
#6321=CARTESIAN_POINT('',(-0.5,-0.058,-1.54305496692566E-17));
#6322=CARTESIAN_POINT('',(-0.25,-0.058,0.0580000000000049));
#6323=CARTESIAN_POINT('',(-0.25,-0.058,0.0580000000000049));
#6324=CARTESIAN_POINT('',(1.0244429976241E-16,-0.058,0.0580000000000048));
#6325=CARTESIAN_POINT('',(1.0244429976241E-16,-0.058,0.0580000000000048));
#6326=CARTESIAN_POINT('',(6.82961998416066E-17,-0.058,-0.058000000000005));
#6327=CARTESIAN_POINT('Origin',(0.5,-0.016319300225417,0.0286824064567934));
#6328=CARTESIAN_POINT('',(-0.25,-0.016319300225417,0.0286824064567936));
#6329=CARTESIAN_POINT('',(-0.5,-0.016319300225417,0.0286824064567934));
#6330=CARTESIAN_POINT('Origin',(0.5,0.,0.));
#6331=CARTESIAN_POINT('',(0.5,-0.058,0.0580000000000048));
#6332=CARTESIAN_POINT('Origin',(-0.5,0.,0.));
#6333=CARTESIAN_POINT('Origin',(1.0244429976241E-16,-0.058,0.0580000000000048));
#6334=CARTESIAN_POINT('',(1.0244429976241E-16,-0.058,0.0580000000000048));
#6335=CARTESIAN_POINT('',(-0.25,-0.058,0.0580000000000049));
#6336=CARTESIAN_POINT('Origin',(6.82961998416066E-17,-0.058,-0.058000000000005));
#6337=CARTESIAN_POINT('Origin',(-0.25,-0.058,0.0580000000000049));
#6338=CARTESIAN_POINT('Origin',(0.25,-0.058,0.0580000000000049));
#6339=CARTESIAN_POINT('',(0.25,-0.058,0.0580000000000049));
#6340=CARTESIAN_POINT('Origin',(0.5,-0.058,0.0580000000000048));
#6341=CARTESIAN_POINT('Origin',(-0.312,-0.031465841510503,0.234));
#6342=CARTESIAN_POINT('',(-0.341025,-0.291461234599111,0.234000000000603));
#6343=CARTESIAN_POINT('',(-0.341025,-0.308978140729347,0.234));
#6344=CARTESIAN_POINT('',(-0.341025,-0.031465841510503,0.234));
#6345=CARTESIAN_POINT('',(-0.340725103147295,-0.329065841510495,0.238161619177347));
#6346=CARTESIAN_POINT('Ctrl Pts',(-0.341025,-0.291461234599111,0.234000000001205));
#6347=CARTESIAN_POINT('Ctrl Pts',(-0.341025000000121,-0.292043597746626,
0.231087380464112));
#6348=CARTESIAN_POINT('Ctrl Pts',(-0.340587982108935,-0.29265844119702,
0.228193333319667));
#6349=CARTESIAN_POINT('Ctrl Pts',(-0.338582771573124,-0.29411726453525,
0.221727788505158));
#6350=CARTESIAN_POINT('Ctrl Pts',(-0.336722923547883,-0.294954052624348,
0.218313067369357));
#6351=CARTESIAN_POINT('Ctrl Pts',(-0.331764993724267,-0.296547792600449,
0.212395809523381));
#6352=CARTESIAN_POINT('Ctrl Pts',(-0.328715747264169,-0.297321680711995,
0.209958245707121));
#6353=CARTESIAN_POINT('Ctrl Pts',(-0.321856927602711,-0.298985213027624,
0.206430746563846));
#6354=CARTESIAN_POINT('Ctrl Pts',(-0.318120381323162,-0.299820373855455,
0.205367501368803));
#6355=CARTESIAN_POINT('Ctrl Pts',(-0.310421489721295,-0.301410003392357,
0.204760447008896));
#6356=CARTESIAN_POINT('Ctrl Pts',(-0.306538750678444,-0.302189771990288,
0.205231029693547));
#6357=CARTESIAN_POINT('Ctrl Pts',(-0.299215110098173,-0.303855350258299,
0.207661055517987));
#6358=CARTESIAN_POINT('Ctrl Pts',(-0.295842973682599,-0.304688741426383,
0.209582696369252));
#6359=CARTESIAN_POINT('Ctrl Pts',(-0.290015890776763,-0.306274001384858,
0.214655936631524));
#6360=CARTESIAN_POINT('Ctrl Pts',(-0.287628998062613,-0.307060329948511,
0.217764367136213));
#6361=CARTESIAN_POINT('Ctrl Pts',(-0.284238830805035,-0.308727952194939,
0.224700526826341));
#6362=CARTESIAN_POINT('Ctrl Pts',(-0.283252311327647,-0.309559413994012,
0.228450353689394));
#6363=CARTESIAN_POINT('Ctrl Pts',(-0.282796333585839,-0.31114001145934,
0.236166650451163));
#6364=CARTESIAN_POINT('Ctrl Pts',(-0.283347925427195,-0.31193366196676,
0.240055533696654));
#6365=CARTESIAN_POINT('Ctrl Pts',(-0.285936018768471,-0.313603327805739,
0.247334144064336));
#6366=CARTESIAN_POINT('Ctrl Pts',(-0.287923386994783,-0.314432680213456,
0.250658855933462));
#6367=CARTESIAN_POINT('Ctrl Pts',(-0.292994514490355,-0.315970215921555,
0.256248126853238));
#6368=CARTESIAN_POINT('Ctrl Pts',(-0.296128542533258,-0.316770977559034,
0.258642048263255));
#6369=CARTESIAN_POINT('Ctrl Pts',(-0.303311897789951,-0.318481825025828,
0.261957351232258));
#6370=CARTESIAN_POINT('Ctrl Pts',(-0.307074277194219,-0.319308864083937,
0.262860164250919));
#6371=CARTESIAN_POINT('Ctrl Pts',(-0.314590121603535,-0.32083504515694,
0.26314303149313));
#6372=CARTESIAN_POINT('Ctrl Pts',(-0.318505966363278,-0.321644614065866,
0.262585595200063));
#6373=CARTESIAN_POINT('Ctrl Pts',(-0.325929625494393,-0.323363837930837,
0.259749297121621));
#6374=CARTESIAN_POINT('Ctrl Pts',(-0.329200757292816,-0.324188331343068,
0.257691244617041));
#6375=CARTESIAN_POINT('Ctrl Pts',(-0.334307683123633,-0.325610854481097,
0.252844340842011));
#6376=CARTESIAN_POINT('Ctrl Pts',(-0.336256942623596,-0.326276529352487,
0.250261257192886));
#6377=CARTESIAN_POINT('Ctrl Pts',(-0.339249263463947,-0.327673486407976,
0.244514003657947));
#6378=CARTESIAN_POINT('Ctrl Pts',(-0.340257399635781,-0.328381630496711,
0.241389889482336));
#6379=CARTESIAN_POINT('Ctrl Pts',(-0.340725103147308,-0.329065841510513,
0.238161619177258));
#6380=CARTESIAN_POINT('',(-0.283283146588137,-0.329065841510503,0.229781830358843));
#6381=CARTESIAN_POINT('Origin',(-0.312,-0.329065841510503,0.234));
#6382=CARTESIAN_POINT('',(-0.312,-0.318593525344732,0.204975));
#6383=CARTESIAN_POINT('Ctrl Pts',(-0.312,-0.318593525344732,0.204975));
#6384=CARTESIAN_POINT('Ctrl Pts',(-0.308603538027781,-0.319453531392475,
0.204975));
#6385=CARTESIAN_POINT('Ctrl Pts',(-0.305233863778875,-0.320320421226997,
0.205571042889012));
#6386=CARTESIAN_POINT('Ctrl Pts',(-0.298742448247443,-0.322074534238784,
0.207941634510013));
#6387=CARTESIAN_POINT('Ctrl Pts',(-0.295687104896534,-0.322946394540063,
0.209736853102493));
#6388=CARTESIAN_POINT('Ctrl Pts',(-0.290408475080024,-0.324701400272332,
0.214296562057463));
#6389=CARTESIAN_POINT('Ctrl Pts',(-0.288216160583795,-0.325575504256818,
0.217007626094453));
#6390=CARTESIAN_POINT('Ctrl Pts',(-0.284892070194872,-0.327323287172622,
0.223066931045883));
#6391=CARTESIAN_POINT('Ctrl Pts',(-0.28378491767019,-0.32819229914351,0.226365825827152));
#6392=CARTESIAN_POINT('Ctrl Pts',(-0.283283146588137,-0.329065841510504,
0.229781830358843));
#6393=CARTESIAN_POINT('Ctrl Pts',(-0.312,-0.318593525344732,0.204975));
#6394=CARTESIAN_POINT('Ctrl Pts',(-0.3155905224611,-0.317875619028758,0.204975));
#6395=CARTESIAN_POINT('Ctrl Pts',(-0.319143983128542,-0.317109953467646,
0.205641139314307));
#6396=CARTESIAN_POINT('Ctrl Pts',(-0.32615242144565,-0.31548387288217,0.208355219899354));
#6397=CARTESIAN_POINT('Ctrl Pts',(-0.329501420307581,-0.314635726291028,
0.210510882626591));
#6398=CARTESIAN_POINT('Ctrl Pts',(-0.334783768444705,-0.31315060288569,
0.215690140158177));
#6399=CARTESIAN_POINT('Ctrl Pts',(-0.33708158592495,-0.312341057361606,
0.218814190806906));
#6400=CARTESIAN_POINT('Ctrl Pts',(-0.340373997831762,-0.310521353517503,
0.226551459986214));
#6401=CARTESIAN_POINT('Ctrl Pts',(-0.341025,-0.309683688740319,0.230471286121309));
#6402=CARTESIAN_POINT('Ctrl Pts',(-0.341025,-0.308978140729347,0.234));
#6403=CARTESIAN_POINT('Origin',(-0.312,-0.031465841510503,0.234));
#6404=CARTESIAN_POINT('',(-0.341025,-0.252999696137756,0.234000000000146));
#6405=CARTESIAN_POINT('',(-0.341025,-0.270516602267582,0.234000000000569));
#6406=CARTESIAN_POINT('',(-0.341025,-0.031465841510503,0.234));
#6407=CARTESIAN_POINT('Ctrl Pts',(-0.341025,-0.252999696137756,0.234000000000291));
#6408=CARTESIAN_POINT('Ctrl Pts',(-0.341025000000023,-0.253449049685266,
0.231752612048105));
#6409=CARTESIAN_POINT('Ctrl Pts',(-0.340764693645374,-0.253918511153358,
0.22951247916177));
#6410=CARTESIAN_POINT('Ctrl Pts',(-0.339347126349929,-0.255233635088808,
0.223522219900476));
#6411=CARTESIAN_POINT('Ctrl Pts',(-0.337693834224803,-0.256085477570108,
0.219946647769815));
#6412=CARTESIAN_POINT('Ctrl Pts',(-0.333129890529324,-0.257704289310542,
0.213740802099519));
#6413=CARTESIAN_POINT('Ctrl Pts',(-0.330301020774396,-0.258444212900368,
0.211153154243369));
#6414=CARTESIAN_POINT('Ctrl Pts',(-0.323714617437778,-0.260091918388553,
0.207159083359347));
#6415=CARTESIAN_POINT('Ctrl Pts',(-0.320004015247936,-0.260944024140319,
0.205828603801509));
#6416=CARTESIAN_POINT('Ctrl Pts',(-0.31237785927955,-0.262559851834187,
0.204729623062322));
#6417=CARTESIAN_POINT('Ctrl Pts',(-0.30855037078735,-0.263301185974798,
0.204931167257368));
#6418=CARTESIAN_POINT('Ctrl Pts',(-0.30108271314752,-0.264951125793378,
0.206824680249599));
#6419=CARTESIAN_POINT('Ctrl Pts',(-0.297529584634759,-0.265803439654789,
0.20853784769346));
#6420=CARTESIAN_POINT('Ctrl Pts',(-0.291397181356007,-0.267416152227708,
0.213205453218413));
#6421=CARTESIAN_POINT('Ctrl Pts',(-0.288857397559665,-0.268159251004127,
0.216074877783405));
#6422=CARTESIAN_POINT('Ctrl Pts',(-0.284990823495534,-0.269802436058773,
0.222691483625013));
#6423=CARTESIAN_POINT('Ctrl Pts',(-0.283725982440214,-0.270645675430704,
0.226384930035925));
#6424=CARTESIAN_POINT('Ctrl Pts',(-0.282721983259742,-0.27225697997609,
0.234027806668681));
#6425=CARTESIAN_POINT('Ctrl Pts',(-0.282981996477546,-0.273009547117869,
0.23789358602841));
#6426=CARTESIAN_POINT('Ctrl Pts',(-0.284998774624493,-0.274662734816046,
0.245326429450219));
#6427=CARTESIAN_POINT('Ctrl Pts',(-0.286743554908348,-0.275504874402404,
0.248815578077726));
#6428=CARTESIAN_POINT('Ctrl Pts',(-0.291488523544402,-0.277112994502475,
0.25489296780369));
#6429=CARTESIAN_POINT('Ctrl Pts',(-0.294430843542235,-0.277868905554971,
0.257421477986345));
#6430=CARTESIAN_POINT('Ctrl Pts',(-0.301146735335607,-0.279524187303012,
0.261194414873901));
#6431=CARTESIAN_POINT('Ctrl Pts',(-0.304855053942531,-0.280365140645492,
0.26239574883791));
#6432=CARTESIAN_POINT('Ctrl Pts',(-0.312517163929067,-0.281969930385559,
0.263274652229484));
#6433=CARTESIAN_POINT('Ctrl Pts',(-0.316388361553959,-0.28272960572995,
0.262948621600846));
#6434=CARTESIAN_POINT('Ctrl Pts',(-0.32378824506396,-0.284386965720105,
0.260801893265537));
#6435=CARTESIAN_POINT('Ctrl Pts',(-0.327241711343665,-0.28522663825497,
0.259000756340226));
#6436=CARTESIAN_POINT('Ctrl Pts',(-0.333241883565529,-0.286827934589754,
0.254151761030108));
#6437=CARTESIAN_POINT('Ctrl Pts',(-0.335726366914166,-0.287591831008199,
0.251157592965573));
#6438=CARTESIAN_POINT('Ctrl Pts',(-0.339380701085425,-0.289251256820085,
0.244371848279555));
#6439=CARTESIAN_POINT('Ctrl Pts',(-0.340515158810038,-0.290089544577716,
0.240649160230658));
#6440=CARTESIAN_POINT('Ctrl Pts',(-0.340979612922476,-0.291082564008126,
0.235875075668406));
#6441=CARTESIAN_POINT('Ctrl Pts',(-0.341024999999961,-0.291273826380308,
0.234937299763059));
#6442=CARTESIAN_POINT('Ctrl Pts',(-0.341025,-0.291461234599111,0.234000000001205));
#6443=CARTESIAN_POINT('Ctrl Pts',(-0.341025,-0.308978140729347,0.234));
#6444=CARTESIAN_POINT('Ctrl Pts',(-0.341025,-0.308971072726898,0.234035349767767));
#6445=CARTESIAN_POINT('Ctrl Pts',(-0.341024935420676,-0.308964007636368,
0.234070658222259));
#6446=CARTESIAN_POINT('Ctrl Pts',(-0.341010848072962,-0.308191030969156,
0.23793077327923));
#6447=CARTESIAN_POINT('Ctrl Pts',(-0.340241133770164,-0.307371849072948,
0.241708987322486));
#6448=CARTESIAN_POINT('Ctrl Pts',(-0.337130428300995,-0.305631156847796,
0.249126354623079));
#6449=CARTESIAN_POINT('Ctrl Pts',(-0.334775936625782,-0.304800833317594,
0.25234945571011));
#6450=CARTESIAN_POINT('Ctrl Pts',(-0.329433896060997,-0.303304525097979,
0.257519652894779));
#6451=CARTESIAN_POINT('Ctrl Pts',(-0.326186598786661,-0.302482286829222,
0.259608017526295));
#6452=CARTESIAN_POINT('Ctrl Pts',(-0.31876154422183,-0.300755557026801,
0.262531576420858));
#6453=CARTESIAN_POINT('Ctrl Pts',(-0.314839377442644,-0.299938109175529,
0.263117179475925));
#6454=CARTESIAN_POINT('Ctrl Pts',(-0.307345243685899,-0.29842209662559,
0.262904676896721));
#6455=CARTESIAN_POINT('Ctrl Pts',(-0.303578045495408,-0.297597100123356,
0.262038160093778));
#6456=CARTESIAN_POINT('Ctrl Pts',(-0.296337226925977,-0.295879539986132,
0.258780534365893));
#6457=CARTESIAN_POINT('Ctrl Pts',(-0.293179746653351,-0.295071719554705,
0.256402144681211));
#6458=CARTESIAN_POINT('Ctrl Pts',(-0.288073431754502,-0.293543283608327,
0.250872960229536));
#6459=CARTESIAN_POINT('Ctrl Pts',(-0.286058099098971,-0.292715788017242,
0.24756911825227));
#6460=CARTESIAN_POINT('Ctrl Pts',(-0.283341455856725,-0.291006431507371,
0.240145246859998));
#6461=CARTESIAN_POINT('Ctrl Pts',(-0.282824521213426,-0.290207237911116,
0.236237636433345));
#6462=CARTESIAN_POINT('Ctrl Pts',(-0.283206379338974,-0.28866768093218,
0.228695897398872));
#6463=CARTESIAN_POINT('Ctrl Pts',(-0.284159934794336,-0.28783791278241,
0.224940886974978));
#6464=CARTESIAN_POINT('Ctrl Pts',(-0.287490867902513,-0.286168635297899,
0.21797191322178));
#6465=CARTESIAN_POINT('Ctrl Pts',(-0.289855933512845,-0.285376439066473,
0.214838107802486));
#6466=CARTESIAN_POINT('Ctrl Pts',(-0.295643994405415,-0.283794931339251,
0.209715966007611));
#6467=CARTESIAN_POINT('Ctrl Pts',(-0.298997573463331,-0.282963089728218,
0.207768233703467));
#6468=CARTESIAN_POINT('Ctrl Pts',(-0.306303637784887,-0.281295855813467,
0.205275784095873));
#6469=CARTESIAN_POINT('Ctrl Pts',(-0.310188835377831,-0.280510829721765,
0.204773238224415));
#6470=CARTESIAN_POINT('Ctrl Pts',(-0.317894869699429,-0.278924718003469,
0.205320572984477));
#6471=CARTESIAN_POINT('Ctrl Pts',(-0.321636870288887,-0.27809097883566,
0.206353484618794));
#6472=CARTESIAN_POINT('Ctrl Pts',(-0.328526432406473,-0.27642578913603,
0.209826776824906));
#6473=CARTESIAN_POINT('Ctrl Pts',(-0.331599097404004,-0.275647187960181,
0.212244326804117));
#6474=CARTESIAN_POINT('Ctrl Pts',(-0.336602866882307,-0.274056758353062,
0.218126040829421));
#6475=CARTESIAN_POINT('Ctrl Pts',(-0.338487324120616,-0.27322127783395,
0.221524028840717));
#6476=CARTESIAN_POINT('Ctrl Pts',(-0.340564923425835,-0.271745744729884,
0.228043161137791));
#6477=CARTESIAN_POINT('Ctrl Pts',(-0.341025000000117,-0.271114112679438,
0.231011623235519));
#6478=CARTESIAN_POINT('Ctrl Pts',(-0.341025,-0.270516602267582,0.234000000001138));
#6479=CARTESIAN_POINT('Origin',(-0.312,-0.031465841510503,0.234));
#6480=CARTESIAN_POINT('',(-0.341025,-0.214538157676302,0.233999999999935));
#6481=CARTESIAN_POINT('',(-0.341025,-0.232055063806209,0.234000000000156));
#6482=CARTESIAN_POINT('',(-0.341025,-0.031465841510503,0.234));
#6483=CARTESIAN_POINT('Ctrl Pts',(-0.341025,-0.214538157676302,0.233999999999869));
#6484=CARTESIAN_POINT('Ctrl Pts',(-0.341025,-0.214869839015507,0.232341135504798));
#6485=CARTESIAN_POINT('Ctrl Pts',(-0.340883004134828,-0.215213056854052,
0.230683389203099));
#6486=CARTESIAN_POINT('Ctrl Pts',(-0.339935370094468,-0.21638431602635,
0.22521799959744));
#6487=CARTESIAN_POINT('Ctrl Pts',(-0.338512523478891,-0.217232189886308,
0.221566822395682));
#6488=CARTESIAN_POINT('Ctrl Pts',(-0.334349897172759,-0.218871547045524,
0.215091990168438));
#6489=CARTESIAN_POINT('Ctrl Pts',(-0.3316750220631,-0.219611127513068,0.212322227897887));
#6490=CARTESIAN_POINT('Ctrl Pts',(-0.325345900605231,-0.221239997993082,
0.207934445035491));
#6491=CARTESIAN_POINT('Ctrl Pts',(-0.321743698141807,-0.222088551784091,
0.206385153182947));
#6492=CARTESIAN_POINT('Ctrl Pts',(-0.314209320323258,-0.223725568673196,
0.204808753570719));
#6493=CARTESIAN_POINT('Ctrl Pts',(-0.310361749892794,-0.224464217149798,
0.204771126879739));
#6494=CARTESIAN_POINT('Ctrl Pts',(-0.302794791814723,-0.226095577853308,
0.206200575740221));
#6495=CARTESIAN_POINT('Ctrl Pts',(-0.299160871449254,-0.226944757448249,
0.207680850010482));
#6496=CARTESIAN_POINT('Ctrl Pts',(-0.292751273712584,-0.228579377795815,
0.21194377214991));
#6497=CARTESIAN_POINT('Ctrl Pts',(-0.29002645554195,-0.229317380849198,
0.214656934039841));
#6498=CARTESIAN_POINT('Ctrl Pts',(-0.285734627160808,-0.230951174161902,
0.22105042210334));
#6499=CARTESIAN_POINT('Ctrl Pts',(-0.284238327531648,-0.231800926465085,
0.224680568879497));
#6500=CARTESIAN_POINT('Ctrl Pts',(-0.282778893939836,-0.233433107551694,
0.232239209923001));
#6501=CARTESIAN_POINT('Ctrl Pts',(-0.282800027530796,-0.234170710421518,
0.236081948098842));
#6502=CARTESIAN_POINT('Ctrl Pts',(-0.284342872165822,-0.235806906394648,
0.243626119131101));
#6503=CARTESIAN_POINT('Ctrl Pts',(-0.285880316716567,-0.23665717779738,
0.247241819336936));
#6504=CARTESIAN_POINT('Ctrl Pts',(-0.290242945757622,-0.238286858468987,
0.253585411924966));
#6505=CARTESIAN_POINT('Ctrl Pts',(-0.292994134028774,-0.239024331511038,
0.256265076742861));
#6506=CARTESIAN_POINT('Ctrl Pts',(-0.29945159365641,-0.240662893505918,
0.26046004308233));
#6507=CARTESIAN_POINT('Ctrl Pts',(-0.303108947917217,-0.241513633553178,
0.261902584450119));
#6508=CARTESIAN_POINT('Ctrl Pts',(-0.310690944535908,-0.243140736008415,
0.263244311268931));
#6509=CARTESIAN_POINT('Ctrl Pts',(-0.314528605496521,-0.243878368443502,
0.263164152795768));
#6510=CARTESIAN_POINT('Ctrl Pts',(-0.322048894390916,-0.245519258441663,
0.261506974043784));
#6511=CARTESIAN_POINT('Ctrl Pts',(-0.325645222571564,-0.246370416870474,
0.259912050979407));
#6512=CARTESIAN_POINT('Ctrl Pts',(-0.331921168602101,-0.247994854874085,
0.255449410772247));
#6513=CARTESIAN_POINT('Ctrl Pts',(-0.334555261148753,-0.248732942102951,
0.252659805731104));
#6514=CARTESIAN_POINT('Ctrl Pts',(-0.338651343771317,-0.250376128181061,
0.246138260328344));
#6515=CARTESIAN_POINT('Ctrl Pts',(-0.340038815648235,-0.251227654387923,
0.242454163654446));
#6516=CARTESIAN_POINT('Ctrl Pts',(-0.340902678453221,-0.25237404610346,
0.237078446473759));
#6517=CARTESIAN_POINT('Ctrl Pts',(-0.341024999999984,-0.252691884023807,
0.235539485423855));
#6518=CARTESIAN_POINT('Ctrl Pts',(-0.341025,-0.252999696137756,0.234000000000291));
#6519=CARTESIAN_POINT('Ctrl Pts',(-0.341025,-0.270516602267582,0.234000000001138));
#6520=CARTESIAN_POINT('Ctrl Pts',(-0.341024999999966,-0.270343216996496,
0.234867165669407));
#6521=CARTESIAN_POINT('Ctrl Pts',(-0.340986148280169,-0.270166526059197,
0.235734771322067));
#6522=CARTESIAN_POINT('Ctrl Pts',(-0.340562925314649,-0.269190798900025,
0.240439449160931));
#6523=CARTESIAN_POINT('Ctrl Pts',(-0.33945672445104,-0.26835371643531,0.244167813456715));
#6524=CARTESIAN_POINT('Ctrl Pts',(-0.335852648744046,-0.266692624317179,
0.250982709711369));
#6525=CARTESIAN_POINT('Ctrl Pts',(-0.333386774539021,-0.26592494487347,
0.253998749189654));
#6526=CARTESIAN_POINT('Ctrl Pts',(-0.327419415091982,-0.26432661088571,
0.258891192982854));
#6527=CARTESIAN_POINT('Ctrl Pts',(-0.323981231489163,-0.263488051503477,
0.260715784903836));
#6528=CARTESIAN_POINT('Ctrl Pts',(-0.316595565188922,-0.261829017437033,
0.262917050086485));
#6529=CARTESIAN_POINT('Ctrl Pts',(-0.312722109071013,-0.261065960165755,
0.263270841490279));
#6530=CARTESIAN_POINT('Ctrl Pts',(-0.304996696008921,-0.259452358695351,
0.262438368885479));
#6531=CARTESIAN_POINT('Ctrl Pts',(-0.301230918227531,-0.258599787419496,
0.261235474065013));
#6532=CARTESIAN_POINT('Ctrl Pts',(-0.294504188614664,-0.256942847107766,
0.25746867582687));
#6533=CARTESIAN_POINT('Ctrl Pts',(-0.291589136713032,-0.256194628551894,
0.254982660623363));
#6534=CARTESIAN_POINT('Ctrl Pts',(-0.286806076639711,-0.254589133271512,
0.248934176608653));
#6535=CARTESIAN_POINT('Ctrl Pts',(-0.285026054019408,-0.253736573365772,
0.245407509855448));
#6536=CARTESIAN_POINT('Ctrl Pts',(-0.282998092474391,-0.252081854116846,
0.23797163888115));
#6537=CARTESIAN_POINT('Ctrl Pts',(-0.282727851328804,-0.251336253328568,
0.23414979871812));
#6538=CARTESIAN_POINT('Ctrl Pts',(-0.283689125962742,-0.249727307814211,
0.226501023409916));
#6539=CARTESIAN_POINT('Ctrl Pts',(-0.284955366725024,-0.248874826503157,
0.222761934324927));
#6540=CARTESIAN_POINT('Ctrl Pts',(-0.288834826864451,-0.247222326929116,
0.216104080617249));
#6541=CARTESIAN_POINT('Ctrl Pts',(-0.291370923996513,-0.2464789295502,0.213231529471732));
#6542=CARTESIAN_POINT('Ctrl Pts',(-0.297497620753449,-0.244866699466119,
0.208555972947657));
#6543=CARTESIAN_POINT('Ctrl Pts',(-0.301048976798824,-0.244014359153285,
0.206838207003931));
#6544=CARTESIAN_POINT('Ctrl Pts',(-0.308514494402929,-0.242364083064711,
0.204935467250037));
#6545=CARTESIAN_POINT('Ctrl Pts',(-0.312341592715376,-0.241622505817059,
0.204729200418599));
#6546=CARTESIAN_POINT('Ctrl Pts',(-0.319969359269844,-0.240007139576989,
0.205818721081279));
#6547=CARTESIAN_POINT('Ctrl Pts',(-0.323681958322325,-0.239154998816062,
0.207144802500859));
#6548=CARTESIAN_POINT('Ctrl Pts',(-0.330273307928456,-0.237506955239066,
0.211131014253464));
#6549=CARTESIAN_POINT('Ctrl Pts',(-0.333105187525855,-0.236766840574776,
0.213715106524612));
#6550=CARTESIAN_POINT('Ctrl Pts',(-0.337676858488898,-0.235148471389429,
0.219915538069614));
#6551=CARTESIAN_POINT('Ctrl Pts',(-0.33933460883526,-0.234296585728181,
0.223489479503912));
#6552=CARTESIAN_POINT('Ctrl Pts',(-0.340762023337208,-0.232978673118118,
0.229489607140816));
#6553=CARTESIAN_POINT('Ctrl Pts',(-0.341025000000024,-0.232506720930925,
0.231741090982612));
#6554=CARTESIAN_POINT('Ctrl Pts',(-0.341025,-0.232055063806209,0.234000000000312));
#6555=CARTESIAN_POINT('Origin',(-0.312,-0.380087556717821,0.234));
#6556=CARTESIAN_POINT('',(-0.332283824216033,-0.367648022894927,0.234));
#6557=CARTESIAN_POINT('',(-0.329465524474644,-0.380087556717794,0.234));
#6558=CARTESIAN_POINT('',(-0.32946552447468,-0.380087556717821,0.234));
#6559=CARTESIAN_POINT('',(-0.301578012078371,-0.380087556717821,0.21998476853787));
#6560=CARTESIAN_POINT('Ctrl Pts',(-0.301578012078371,-0.380087556717821,
0.21998476853787));
#6561=CARTESIAN_POINT('Ctrl Pts',(-0.302851295828838,-0.379542802378384,
0.218884127841023));
#6562=CARTESIAN_POINT('Ctrl Pts',(-0.304278017150745,-0.37900915819073,
0.217973632583526));
#6563=CARTESIAN_POINT('Ctrl Pts',(-0.307339562580682,-0.377955161222817,
0.21658681709357));
#6564=CARTESIAN_POINT('Ctrl Pts',(-0.308954827765612,-0.377439697443324,
0.216114798452924));
#6565=CARTESIAN_POINT('Ctrl Pts',(-0.313094812113658,-0.376149159640959,
0.215504724863241));
#6566=CARTESIAN_POINT('Ctrl Pts',(-0.315629617288502,-0.375380529829576,
0.215653251271749));
#6567=CARTESIAN_POINT('Ctrl Pts',(-0.320520846638322,-0.373859966835172,
0.216966606557521));
#6568=CARTESIAN_POINT('Ctrl Pts',(-0.32281520504879,-0.373123160167907,
0.218121265094164));
#6569=CARTESIAN_POINT('Ctrl Pts',(-0.3269057043531,-0.37160548758618,0.221324287407263));
#6570=CARTESIAN_POINT('Ctrl Pts',(-0.328635892722749,-0.370835933441523,
0.223370996355418));
#6571=CARTESIAN_POINT('Ctrl Pts',(-0.33117791798118,-0.369322033290931,
0.228047489915875));
#6572=CARTESIAN_POINT('Ctrl Pts',(-0.331960709801066,-0.368591320448126,
0.230617530363114));
#6573=CARTESIAN_POINT('Ctrl Pts',(-0.332248559537824,-0.367784172884433,
0.233511223554621));
#6574=CARTESIAN_POINT('Ctrl Pts',(-0.332268398897817,-0.367716107834532,
0.233755563145346));
#6575=CARTESIAN_POINT('Ctrl Pts',(-0.332283824216033,-0.367648022894927,
0.234));
#6576=CARTESIAN_POINT('Origin',(-0.312,-0.380087556717821,0.234));
#6577=CARTESIAN_POINT('Origin',(-0.312,-0.380087556717821,0.234));
#6578=CARTESIAN_POINT('',(-0.340801636747272,-0.330051731938099,0.233999999892999));
#6579=CARTESIAN_POINT('',(-0.336185094425309,-0.350428426977406,0.234));
#6580=CARTESIAN_POINT('',(-0.32946552447468,-0.380087556717821,0.234));
#6581=CARTESIAN_POINT('',(-0.312,-0.341114126742166,0.207704658493282));
#6582=CARTESIAN_POINT('Ctrl Pts',(-0.340801636747272,-0.330051731938099,
0.233999999785999));
#6583=CARTESIAN_POINT('Ctrl Pts',(-0.340685606421425,-0.330563871558128,
0.231790771005829));
#6584=CARTESIAN_POINT('Ctrl Pts',(-0.340338876599101,-0.331018386735747,
0.229957613891795));
#6585=CARTESIAN_POINT('Ctrl Pts',(-0.339022357370965,-0.332325338147532,
0.224862845133406));
#6586=CARTESIAN_POINT('Ctrl Pts',(-0.337406524282872,-0.333277957509261,
0.221509944479105));
#6587=CARTESIAN_POINT('Ctrl Pts',(-0.333420586451566,-0.334963074431872,
0.216209721506336));
#6588=CARTESIAN_POINT('Ctrl Pts',(-0.330726847463967,-0.335862021555451,
0.213388894454157));
#6589=CARTESIAN_POINT('Ctrl Pts',(-0.324590481377627,-0.337701409210298,
0.209900865295323));
#6590=CARTESIAN_POINT('Ctrl Pts',(-0.322187580942938,-0.338390370679771,
0.208959037809766));
#6591=CARTESIAN_POINT('Ctrl Pts',(-0.317176399087901,-0.339771048579537,
0.207781919535685));
#6592=CARTESIAN_POINT('Ctrl Pts',(-0.314586815342599,-0.340457299038092,
0.207555847663644));
#6593=CARTESIAN_POINT('Ctrl Pts',(-0.312000000000003,-0.341114126742166,
0.207704658493282));
#6594=CARTESIAN_POINT('Ctrl Pts',(-0.332283824216033,-0.367648022894927,
0.234));
#6595=CARTESIAN_POINT('Ctrl Pts',(-0.332443813224302,-0.366941856460442,
0.236535261147486));
#6596=CARTESIAN_POINT('Ctrl Pts',(-0.332128350584066,-0.366240950982333,
0.239083085292093));
#6597=CARTESIAN_POINT('Ctrl Pts',(-0.330504124525764,-0.364799556273018,
0.244163812734361));
#6598=CARTESIAN_POINT('Ctrl Pts',(-0.329136974810001,-0.364075398183736,
0.246609018860062));
#6599=CARTESIAN_POINT('Ctrl Pts',(-0.325427559143421,-0.362562073770655,
0.250964196931638));
#6600=CARTESIAN_POINT('Ctrl Pts',(-0.323088458389719,-0.361791365374828,
0.252779866818127));
#6601=CARTESIAN_POINT('Ctrl Pts',(-0.317851510243114,-0.36028937275937,
0.255353184951867));
#6602=CARTESIAN_POINT('Ctrl Pts',(-0.315025627743357,-0.359569790969015,
0.256096949490093));
#6603=CARTESIAN_POINT('Ctrl Pts',(-0.309086220465535,-0.358065416389617,
0.256472032986322));
#6604=CARTESIAN_POINT('Ctrl Pts',(-0.306040485685791,-0.357300533881529,
0.256041252589835));
#6605=CARTESIAN_POINT('Ctrl Pts',(-0.300310429468932,-0.355804917536526,
0.253999536439825));
#6606=CARTESIAN_POINT('Ctrl Pts',(-0.29768617456648,-0.355083065423501,
0.252419204229533));
#6607=CARTESIAN_POINT('Ctrl Pts',(-0.294282861365114,-0.353974418706053,
0.249337820855604));
#6608=CARTESIAN_POINT('Ctrl Pts',(-0.293231803906988,-0.353599094142227,
0.248173484500217));
#6609=CARTESIAN_POINT('Ctrl Pts',(-0.291370088156716,-0.352849511903183,
0.245643411582856));
#6610=CARTESIAN_POINT('Ctrl Pts',(-0.290566130750928,-0.352477107773065,
0.244283370882672));
#6611=CARTESIAN_POINT('Ctrl Pts',(-0.289230350981335,-0.35172739334591,
0.241406394021595));
#6612=CARTESIAN_POINT('Ctrl Pts',(-0.288705525896575,-0.3513526170114,0.239894638616349));
#6613=CARTESIAN_POINT('Ctrl Pts',(-0.287961193951698,-0.35060391143156,
0.236776914563021));
#6614=CARTESIAN_POINT('Ctrl Pts',(-0.287745841512534,-0.350231788476001,
0.235178817348428));
#6615=CARTESIAN_POINT('Ctrl Pts',(-0.287633077179027,-0.349482825441932,
0.231944805231349));
#6616=CARTESIAN_POINT('Ctrl Pts',(-0.28773996029316,-0.349108554484866,
0.230316298760968));
#6617=CARTESIAN_POINT('Ctrl Pts',(-0.288277605958976,-0.348360665168706,
0.227091305121704));
#6618=CARTESIAN_POINT('Ctrl Pts',(-0.288709294167752,-0.347988807411653,
0.225503785681251));
#6619=CARTESIAN_POINT('Ctrl Pts',(-0.289885753475581,-0.347240542425361,
0.222420553129334));
#6620=CARTESIAN_POINT('Ctrl Pts',(-0.290631503431717,-0.346866737715002,
0.220933243625547));
#6621=CARTESIAN_POINT('Ctrl Pts',(-0.292415092879834,-0.346119340940204,
0.218115391379993));
#6622=CARTESIAN_POINT('Ctrl Pts',(-0.293449612021095,-0.345748678720175,
0.216795213613863));
#6623=CARTESIAN_POINT('Ctrl Pts',(-0.296864055550588,-0.344647880390253,
0.213227017275176));
#6624=CARTESIAN_POINT('Ctrl Pts',(-0.299552319632579,-0.343926524227605,
0.211327104447116));
#6625=CARTESIAN_POINT('Ctrl Pts',(-0.305514228127769,-0.342505160135532,
0.208630788857475));
#6626=CARTESIAN_POINT('Ctrl Pts',(-0.308727517586216,-0.34181493968089,
0.207863434613983));
#6627=CARTESIAN_POINT('Ctrl Pts',(-0.312000000000139,-0.341114126742137,
0.207704658493276));
#6628=CARTESIAN_POINT('',(-0.309400177088272,-0.380087556717821,0.251270942823231));
#6629=CARTESIAN_POINT('Origin',(-0.312,-0.380087556717821,0.234));
#6630=CARTESIAN_POINT('Ctrl Pts',(-0.309400177088391,-0.380087556717865,
0.251270942823239));
#6631=CARTESIAN_POINT('Ctrl Pts',(-0.307804714007979,-0.379498881005375,
0.251165648115287));
#6632=CARTESIAN_POINT('Ctrl Pts',(-0.306229314830033,-0.378916850839113,
0.250841214257591));
#6633=CARTESIAN_POINT('Ctrl Pts',(-0.303203010066431,-0.377749733757647,
0.249779725561615));
#6634=CARTESIAN_POINT('Ctrl Pts',(-0.301763544827563,-0.377169149380644,
0.249045502723109));
#6635=CARTESIAN_POINT('Ctrl Pts',(-0.298328026218688,-0.375681800565598,
0.246670120552049));
#6636=CARTESIAN_POINT('Ctrl Pts',(-0.296548507742757,-0.374807768164183,
0.24477456683301));
#6637=CARTESIAN_POINT('Ctrl Pts',(-0.293856623090683,-0.373041982840468,
0.240384858368842));
#6638=CARTESIAN_POINT('Ctrl Pts',(-0.292969384240847,-0.372165137763499,
0.237929506177929));
#6639=CARTESIAN_POINT('Ctrl Pts',(-0.29219520887046,-0.370392764460271,
0.232675235679844));
#6640=CARTESIAN_POINT('Ctrl Pts',(-0.292374002259436,-0.369520423053648,
0.229918417874668));
#6641=CARTESIAN_POINT('Ctrl Pts',(-0.29381667398626,-0.367762781180888,
0.224670225087457));
#6642=CARTESIAN_POINT('Ctrl Pts',(-0.295057543184451,-0.36689338666276,
0.222223124632149));
#6643=CARTESIAN_POINT('Ctrl Pts',(-0.298526735891227,-0.365134612923173,
0.217825713180636));
#6644=CARTESIAN_POINT('Ctrl Pts',(-0.300776483829176,-0.3642634002046,0.215958367141868));
#6645=CARTESIAN_POINT('Ctrl Pts',(-0.305840702554418,-0.362512117472333,
0.213261155853407));
#6646=CARTESIAN_POINT('Ctrl Pts',(-0.308597061632801,-0.361649436833139,
0.212437442986382));
#6647=CARTESIAN_POINT('Ctrl Pts',(-0.314469525377543,-0.359900269850042,
0.21189010466329));
#6648=CARTESIAN_POINT('Ctrl Pts',(-0.317532420851892,-0.359030003247514,
0.212248652569782));
#6649=CARTESIAN_POINT('Ctrl Pts',(-0.323263853152341,-0.357282771259181,
0.214145198255413));
#6650=CARTESIAN_POINT('Ctrl Pts',(-0.325887083009791,-0.356423904887649,
0.215638024368952));
#6651=CARTESIAN_POINT('Ctrl Pts',(-0.329327611749415,-0.355144296239329,
0.218620076109084));
#6652=CARTESIAN_POINT('Ctrl Pts',(-0.330396620863406,-0.354714372996934,
0.219756672305731));
#6653=CARTESIAN_POINT('Ctrl Pts',(-0.333302874077135,-0.353396794562659,
0.223543664729421));
#6654=CARTESIAN_POINT('Ctrl Pts',(-0.334715519452653,-0.352517664436199,
0.226477888905088));
#6655=CARTESIAN_POINT('Ctrl Pts',(-0.335866676659514,-0.351229829135085,
0.23104157702957));
#6656=CARTESIAN_POINT('Ctrl Pts',(-0.336094820800964,-0.350826880621946,
0.232512887391952));
#6657=CARTESIAN_POINT('Ctrl Pts',(-0.336185094425309,-0.350428426977406,
0.234));
#6658=CARTESIAN_POINT('Origin',(-0.312,38.963612898647,0.234));
#6659=CARTESIAN_POINT('',(-0.323413758700158,-0.38922757431816,0.23400000000022));
#6660=CARTESIAN_POINT('',(-26.3796188467376,38.963612898647,0.234000000000003));
#6661=CARTESIAN_POINT('',(-0.303995761175653,-0.392042764587426,0.23920867586527));
#6662=CARTESIAN_POINT('Ctrl Pts',(-0.30157801207844,-0.380087556717851,
0.219984768537905));
#6663=CARTESIAN_POINT('Ctrl Pts',(-0.300946634937817,-0.380551268059211,
0.220836889278458));
#6664=CARTESIAN_POINT('Ctrl Pts',(-0.300401005098542,-0.381023380235138,
0.221742183979032));
#6665=CARTESIAN_POINT('Ctrl Pts',(-0.299495384598813,-0.381984079834148,
0.223637129259983));
#6666=CARTESIAN_POINT('Ctrl Pts',(-0.299143313363555,-0.382464194727036,
0.224607873858837));
#6667=CARTESIAN_POINT('Ctrl Pts',(-0.298425094621685,-0.383883714654929,
0.227472454855357));
#6668=CARTESIAN_POINT('Ctrl Pts',(-0.298328057842045,-0.384833794911341,
0.229387396218941));
#6669=CARTESIAN_POINT('Ctrl Pts',(-0.298782951382764,-0.386347741440545,
0.232136149611597));
#6670=CARTESIAN_POINT('Ctrl Pts',(-0.299026601840333,-0.386855305332286,
0.233011410980312));
#6671=CARTESIAN_POINT('Ctrl Pts',(-0.299845647824247,-0.388129691235084,
0.235047645295824));
#6672=CARTESIAN_POINT('Ctrl Pts',(-0.300514702272486,-0.388901917116477,
0.236151573468454));
#6673=CARTESIAN_POINT('Ctrl Pts',(-0.30211802764715,-0.390462926512357,
0.237964569131821));
#6674=CARTESIAN_POINT('Ctrl Pts',(-0.303013088252309,-0.391231827778877,
0.238683026430766));
#6675=CARTESIAN_POINT('Ctrl Pts',(-0.303995761175678,-0.392042764587437,
0.239208675865206));
#6676=CARTESIAN_POINT('',(-0.32154977190443,-0.392042764587425,0.234));
#6677=CARTESIAN_POINT('Origin',(-0.312,-0.392042764587426,0.234));
#6678=CARTESIAN_POINT('',(-0.312,-0.406465841510503,0.234));
#6679=CARTESIAN_POINT('',(-26.3796188467376,38.963612898647,0.234000000000003));
#6680=CARTESIAN_POINT('',(-0.320248507106362,-0.392042764587426,0.229187487772178));
#6681=CARTESIAN_POINT('Origin',(-0.312,-0.392042764587426,0.234));
#6682=CARTESIAN_POINT('Ctrl Pts',(-0.32024850710626,-0.392042764587451,
0.22918748777214));
#6683=CARTESIAN_POINT('Ctrl Pts',(-0.320808647157425,-0.391664219555878,
0.229650188305814));
#6684=CARTESIAN_POINT('Ctrl Pts',(-0.321316397393248,-0.391295377053849,
0.230181200618695));
#6685=CARTESIAN_POINT('Ctrl Pts',(-0.322232821474679,-0.390552494042344,
0.231383530779373));
#6686=CARTESIAN_POINT('Ctrl Pts',(-0.322632657885317,-0.390180932141931,
0.232058517360183));
#6687=CARTESIAN_POINT('Ctrl Pts',(-0.323132370326291,-0.3896179705339,0.233173596791645));
#6688=CARTESIAN_POINT('Ctrl Pts',(-0.323285575050119,-0.38942117084209,
0.233582645395014));
#6689=CARTESIAN_POINT('Ctrl Pts',(-0.323413758700158,-0.38922757431816,
0.234000000000439));
#6690=CARTESIAN_POINT('Origin',(-0.312,-0.194861838447381,0.234));
#6691=CARTESIAN_POINT('',(-0.355,-0.156465841510503,0.234));
#6692=CARTESIAN_POINT('Origin',(-0.312,-0.156465841510503,0.234));
#6693=CARTESIAN_POINT('',(-0.352298218829189,-0.163888924269613,0.234));
#6694=CARTESIAN_POINT('',(-0.341025,-0.194861838447381,0.234));
#6695=CARTESIAN_POINT('',(-0.336038263964453,-0.163888924269613,0.266343597610354));
#6696=CARTESIAN_POINT('Origin',(-0.312,-0.163888924269613,0.234));
#6697=CARTESIAN_POINT('',(-0.349681275834026,-0.171078916056824,0.233999999918706));
#6698=CARTESIAN_POINT('Ctrl Pts',(-0.336038263964535,-0.163888924269402,
0.266343597610389));
#6699=CARTESIAN_POINT('Ctrl Pts',(-0.338823836467515,-0.164589418569649,
0.263955652873115));
#6700=CARTESIAN_POINT('Ctrl Pts',(-0.342741455335947,-0.165565899715982,
0.259983597186387));
#6701=CARTESIAN_POINT('Ctrl Pts',(-0.347257500167,-0.167598855987036,0.250895750588143));
#6702=CARTESIAN_POINT('Ctrl Pts',(-0.348365452862361,-0.16829949720479,
0.247648777984414));
#6703=CARTESIAN_POINT('Ctrl Pts',(-0.349876473551304,-0.169883208684852,
0.240064905839964));
#6704=CARTESIAN_POINT('Ctrl Pts',(-0.349858680545635,-0.170591500633003,
0.236499732478468));
#6705=CARTESIAN_POINT('Ctrl Pts',(-0.349681275839557,-0.171078916041627,
0.23399999991535));
#6706=CARTESIAN_POINT('',(-0.341406467318434,-0.193813765603724,0.233999999999986));
#6707=CARTESIAN_POINT('',(-0.341025,-0.194861838447381,0.234));
#6708=CARTESIAN_POINT('',(-0.349601059619632,-0.163888924269613,0.219504940280009));
#6709=CARTESIAN_POINT('Ctrl Pts',(-0.341406467318434,-0.193813765603724,
0.233999999999972));
#6710=CARTESIAN_POINT('Ctrl Pts',(-0.34149365759479,-0.19357421228824,0.235468918487236));
#6711=CARTESIAN_POINT('Ctrl Pts',(-0.341472270380282,-0.193331674985058,
0.236923818722845));
#6712=CARTESIAN_POINT('Ctrl Pts',(-0.341050466318041,-0.192498090261662,
0.241826807625993));
#6713=CARTESIAN_POINT('Ctrl Pts',(-0.340153281152643,-0.191894338512968,
0.245214362888736));
#6714=CARTESIAN_POINT('Ctrl Pts',(-0.336818120316879,-0.190540105253558,
0.252448872781544));
#6715=CARTESIAN_POINT('Ctrl Pts',(-0.334224262839632,-0.189910363427723,
0.255684123971459));
#6716=CARTESIAN_POINT('Ctrl Pts',(-0.328408863871622,-0.188653385775697,
0.260952588481225));
#6717=CARTESIAN_POINT('Ctrl Pts',(-0.324838239811377,-0.187968986765896,
0.263094848529084));
#6718=CARTESIAN_POINT('Ctrl Pts',(-0.316479789411482,-0.186529073880858,
0.266096533065543));
#6719=CARTESIAN_POINT('Ctrl Pts',(-0.31214258266845,-0.18589923003062,0.266512430312838));
#6720=CARTESIAN_POINT('Ctrl Pts',(-0.306167080567439,-0.184981731422335,
0.266167439586816));
#6721=CARTESIAN_POINT('Ctrl Pts',(-0.304032854769924,-0.184644648374782,
0.26583245417762));
#6722=CARTESIAN_POINT('Ctrl Pts',(-0.297908753366347,-0.183650465817223,
0.26424508937365));
#6723=CARTESIAN_POINT('Ctrl Pts',(-0.294103040086512,-0.182997774618015,
0.262440586758288));
#6724=CARTESIAN_POINT('Ctrl Pts',(-0.288885108365518,-0.182041658392356,
0.25861766797785));
#6725=CARTESIAN_POINT('Ctrl Pts',(-0.28718651020933,-0.181722432357614,
0.257071676451015));
#6726=CARTESIAN_POINT('Ctrl Pts',(-0.28264961739016,-0.180732801797161,
0.252061036342839));
#6727=CARTESIAN_POINT('Ctrl Pts',(-0.280311905211493,-0.18004854525411,
0.248162532090734));
#6728=CARTESIAN_POINT('Ctrl Pts',(-0.277091399139835,-0.178630331354684,
0.239189374251413));
#6729=CARTESIAN_POINT('Ctrl Pts',(-0.276581334068439,-0.178002561431969,
0.234508947028547));
#6730=CARTESIAN_POINT('Ctrl Pts',(-0.277080837398214,-0.176746167542027,
0.225585902972447));
#6731=CARTESIAN_POINT('Ctrl Pts',(-0.278236011122657,-0.176069883218741,
0.22104933966372));
#6732=CARTESIAN_POINT('Ctrl Pts',(-0.28245242325863,-0.174664017333811,
0.212154875128115));
#6733=CARTESIAN_POINT('Ctrl Pts',(-0.285514629055215,-0.174036671752403,
0.20833662474521));
#6734=CARTESIAN_POINT('Ctrl Pts',(-0.292468605685765,-0.172778358469666,
0.202135491755846));
#6735=CARTESIAN_POINT('Ctrl Pts',(-0.296652842250491,-0.172102953777105,
0.199655356266123));
#6736=CARTESIAN_POINT('Ctrl Pts',(-0.303508841063419,-0.171103294088977,
0.197214943258863));
#6737=CARTESIAN_POINT('Ctrl Pts',(-0.30590198686542,-0.170771258347823,
0.196621045252317));
#6738=CARTESIAN_POINT('Ctrl Pts',(-0.310809617264258,-0.170122481923221,
0.195907410721074));
#6739=CARTESIAN_POINT('Ctrl Pts',(-0.313311481462974,-0.169813783411599,
0.195801414510247));
#6740=CARTESIAN_POINT('Ctrl Pts',(-0.320761121871123,-0.168846175912995,
0.19618568674525));
#6741=CARTESIAN_POINT('Ctrl Pts',(-0.325652107378548,-0.16817261405016,
0.197404710281552));
#6742=CARTESIAN_POINT('Ctrl Pts',(-0.332282751952092,-0.16720339183768,
0.200501150805502));
#6743=CARTESIAN_POINT('Ctrl Pts',(-0.334296746666325,-0.166899954476289,
0.201672407052161));
#6744=CARTESIAN_POINT('Ctrl Pts',(-0.339930482008631,-0.166022100586059,
0.20566641053622));
#6745=CARTESIAN_POINT('Ctrl Pts',(-0.342487795286876,-0.165575814567384,
0.208467805169749));
#6746=CARTESIAN_POINT('Ctrl Pts',(-0.346322837329869,-0.164802878151013,
0.213222013382417));
#6747=CARTESIAN_POINT('Ctrl Pts',(-0.348173128507541,-0.164344705265566,
0.216261999345871));
#6748=CARTESIAN_POINT('Ctrl Pts',(-0.349601059619674,-0.163888924269543,
0.219504940280046));
#6749=CARTESIAN_POINT('Origin',(-0.312,-0.163888924269613,0.234));
#6750=CARTESIAN_POINT('Origin',(-0.312,-0.329065841510503,0.234));
#6751=CARTESIAN_POINT('',(-0.312,-0.196854303048966,0.277));
#6752=CARTESIAN_POINT('',(-0.312000000000001,-0.192046610741274,0.277));
#6753=CARTESIAN_POINT('',(-0.312,-0.329065841510503,0.277));
#6754=CARTESIAN_POINT('',(-0.354806743477192,-0.16856854652839,0.229927812273741));
#6755=CARTESIAN_POINT('Ctrl Pts',(-0.312,-0.196854303048966,0.277));
#6756=CARTESIAN_POINT('Ctrl Pts',(-0.30636678364842,-0.196094028713335,
0.277));
#6757=CARTESIAN_POINT('Ctrl Pts',(-0.300780193343818,-0.195278169553566,
0.275893133430844));
#6758=CARTESIAN_POINT('Ctrl Pts',(-0.290400507406482,-0.193637206385605,
0.271598362845451));
#6759=CARTESIAN_POINT('Ctrl Pts',(-0.285702356024093,-0.192828664630316,
0.268477508712281));
#6760=CARTESIAN_POINT('Ctrl Pts',(-0.277628195095277,-0.191291606370776,
0.260475359384762));
#6761=CARTESIAN_POINT('Ctrl Pts',(-0.274380226130248,-0.190457230720533,
0.255617368435063));
#6762=CARTESIAN_POINT('Ctrl Pts',(-0.270076323813724,-0.188793983899766,
0.245076355324212));
#6763=CARTESIAN_POINT('Ctrl Pts',(-0.268995792752492,-0.187987291596111,
0.239543292479336));
#6764=CARTESIAN_POINT('Ctrl Pts',(-0.269004398494696,-0.18645203517893,
0.228171448050903));
#6765=CARTESIAN_POINT('Ctrl Pts',(-0.2701805088657,-0.185612798136047,0.22244032216058));
#6766=CARTESIAN_POINT('Ctrl Pts',(-0.274647207893972,-0.183950950519382,
0.211977108991566));
#6767=CARTESIAN_POINT('Ctrl Pts',(-0.277819850957203,-0.18314896559976,
0.207320744325547));
#6768=CARTESIAN_POINT('Ctrl Pts',(-0.285907538678523,-0.181610933716328,
0.199333835379761));
#6769=CARTESIAN_POINT('Ctrl Pts',(-0.290806589234765,-0.180771254079769,
0.196141000336628));
#6770=CARTESIAN_POINT('Ctrl Pts',(-0.301380473355956,-0.179110397301963,
0.191959208747577));
#6771=CARTESIAN_POINT('Ctrl Pts',(-0.306919090207065,-0.178312663387558,
0.190939251594565));
#6772=CARTESIAN_POINT('Ctrl Pts',(-0.318280341577735,-0.176772073571157,
0.191068835085755));
#6773=CARTESIAN_POINT('Ctrl Pts',(-0.323993361700789,-0.175932004307003,
0.192303543419748));
#6774=CARTESIAN_POINT('Ctrl Pts',(-0.334399746106648,-0.174272087822494,
0.196872895126747));
#6775=CARTESIAN_POINT('Ctrl Pts',(-0.339019873099054,-0.173478204896337,
0.200089069077906));
#6776=CARTESIAN_POINT('Ctrl Pts',(-0.346254532689211,-0.172065195034555,
0.207562003990779));
#6777=CARTESIAN_POINT('Ctrl Pts',(-0.349003658134939,-0.17137028438455,
0.21157218619357));
#6778=CARTESIAN_POINT('Ctrl Pts',(-0.353068155440994,-0.16995686163196,
0.22036130461415));
#6779=CARTESIAN_POINT('Ctrl Pts',(-0.354346216614915,-0.16924765263379,
0.225086764516772));
#6780=CARTESIAN_POINT('Ctrl Pts',(-0.354806743477198,-0.168568546528388,
0.229927812273811));
#6781=CARTESIAN_POINT('',(-0.339389467037733,-0.168568546528398,0.200851589851263));
#6782=CARTESIAN_POINT('Origin',(-0.312,-0.16856854652839,0.234));
#6783=CARTESIAN_POINT('Ctrl Pts',(-0.339389467037788,-0.168568546528388,
0.200851589851308));
#6784=CARTESIAN_POINT('Ctrl Pts',(-0.335562299673625,-0.16926185292784,
0.197689324333939));
#6785=CARTESIAN_POINT('Ctrl Pts',(-0.331218337140747,-0.16998643811329,
0.19521519779794));
#6786=CARTESIAN_POINT('Ctrl Pts',(-0.321921981115342,-0.171427982831293,
0.191872234679483));
#6787=CARTESIAN_POINT('Ctrl Pts',(-0.317038565725233,-0.172135092752074,
0.19101306008205));
#6788=CARTESIAN_POINT('Ctrl Pts',(-0.30653766555427,-0.173553861876049,
0.190985533602254));
#6789=CARTESIAN_POINT('Ctrl Pts',(-0.301003626440632,-0.174358945199414,
0.192055444603255));
#6790=CARTESIAN_POINT('Ctrl Pts',(-0.290452626060648,-0.176022436935717,
0.196339616568275));
#6791=CARTESIAN_POINT('Ctrl Pts',(-0.285586281689898,-0.176858628464182,
0.199580366800254));
#6792=CARTESIAN_POINT('Ctrl Pts',(-0.277568934534354,-0.178394815504209,
0.207641777323249));
#6793=CARTESIAN_POINT('Ctrl Pts',(-0.274440324774906,-0.179202931612246,
0.212333562407076));
#6794=CARTESIAN_POINT('Ctrl Pts',(-0.270074390900848,-0.180863835972975,
0.222831524859802));
#6795=CARTESIAN_POINT('Ctrl Pts',(-0.268956585814816,-0.181694842739095,
0.228561785236229));
#6796=CARTESIAN_POINT('Ctrl Pts',(-0.26904461373021,-0.183233529221729,
0.239926146829403));
#6797=CARTESIAN_POINT('Ctrl Pts',(-0.270178688952156,-0.184042863802896,
0.245453123387707));
#6798=CARTESIAN_POINT('Ctrl Pts',(-0.274567270961219,-0.185703000490197,
0.255936016636185));
#6799=CARTESIAN_POINT('Ctrl Pts',(-0.277848091991917,-0.18652927470214,
0.260755892425992));
#6800=CARTESIAN_POINT('Ctrl Pts',(-0.285980298768976,-0.188070275993942,
0.26868843964056));
#6801=CARTESIAN_POINT('Ctrl Pts',(-0.290707382695884,-0.188880731564914,
0.271773678767288));
#6802=CARTESIAN_POINT('Ctrl Pts',(-0.301015537840837,-0.190504832958322,
0.27593951653858));
#6803=CARTESIAN_POINT('Ctrl Pts',(-0.306485515067339,-0.191302360723724,
0.277));
#6804=CARTESIAN_POINT('Ctrl Pts',(-0.312000000000003,-0.192046610741274,
0.277));
#6805=CARTESIAN_POINT('Origin',(-0.312,-0.329065841510503,0.234));
#6806=CARTESIAN_POINT('',(-0.312000000000024,-0.235315841510511,0.277));
#6807=CARTESIAN_POINT('',(-0.312000000000034,-0.230508149202821,0.277));
#6808=CARTESIAN_POINT('',(-0.312,-0.329065841510503,0.277));
#6809=CARTESIAN_POINT('Ctrl Pts',(-0.312000000000048,-0.235315841510511,
0.277));
#6810=CARTESIAN_POINT('Ctrl Pts',(-0.306840521804136,-0.234619504176246,
0.277000000000006));
#6811=CARTESIAN_POINT('Ctrl Pts',(-0.30171888611392,-0.233876403498055,
0.27607213741338));
#6812=CARTESIAN_POINT('Ctrl Pts',(-0.291632050323147,-0.232303185620325,
0.272282191784069));
#6813=CARTESIAN_POINT('Ctrl Pts',(-0.286820230965872,-0.231487327652637,
0.269304884010095));
#6814=CARTESIAN_POINT('Ctrl Pts',(-0.278516977870418,-0.229934932081106,
0.261581458261407));
#6815=CARTESIAN_POINT('Ctrl Pts',(-0.275139413294656,-0.229130904794703,
0.256874711497689));
#6816=CARTESIAN_POINT('Ctrl Pts',(-0.270487321768746,-0.227474986711837,
0.246532225012838));
#6817=CARTESIAN_POINT('Ctrl Pts',(-0.26920833250443,-0.226659823757018,
0.241022088760264));
#6818=CARTESIAN_POINT('Ctrl Pts',(-0.268834209995408,-0.225108918802124,
0.229685699241669));
#6819=CARTESIAN_POINT('Ctrl Pts',(-0.269793800339599,-0.224302086173146,
0.223967641838917));
#6820=CARTESIAN_POINT('Ctrl Pts',(-0.273855572082269,-0.222645572809565,
0.213376226189703));
#6821=CARTESIAN_POINT('Ctrl Pts',(-0.276862832342514,-0.221831155479769,
0.208587487896073));
#6822=CARTESIAN_POINT('Ctrl Pts',(-0.284644028947043,-0.220281840916576,
0.200330992856639));
#6823=CARTESIAN_POINT('Ctrl Pts',(-0.289381820616561,-0.219471978892179,
0.196979870059715));
#6824=CARTESIAN_POINT('Ctrl Pts',(-0.299763158591101,-0.217814845242492,
0.192399830267832));
#6825=CARTESIAN_POINT('Ctrl Pts',(-0.305278304039265,-0.217001229239584,
0.191160606147216));
#6826=CARTESIAN_POINT('Ctrl Pts',(-0.316622795241107,-0.215453614203508,
0.1908648928996));
#6827=CARTESIAN_POINT('Ctrl Pts',(-0.322344278276376,-0.214640474463564,
0.191867668827887));
#6828=CARTESIAN_POINT('Ctrl Pts',(-0.332910600495598,-0.212982694600495,
0.196012676612414));
#6829=CARTESIAN_POINT('Ctrl Pts',(-0.337673132648423,-0.212169941388457,
0.199053436354753));
#6830=CARTESIAN_POINT('Ctrl Pts',(-0.345876694665542,-0.210624145557065,
0.206899481505204));
#6831=CARTESIAN_POINT('Ctrl Pts',(-0.349197881399824,-0.209807452128928,
0.211672309947097));
#6832=CARTESIAN_POINT('Ctrl Pts',(-0.353696370682813,-0.208148999245839,
0.222097202045273));
#6833=CARTESIAN_POINT('Ctrl Pts',(-0.354890714073092,-0.20733717683417,
0.22761764817207));
#6834=CARTESIAN_POINT('Ctrl Pts',(-0.355097846480189,-0.20579333179914,
0.238970897116866));
#6835=CARTESIAN_POINT('Ctrl Pts',(-0.354046123828341,-0.204972777090073,
0.244696178906245));
#6836=CARTESIAN_POINT('Ctrl Pts',(-0.349806969361873,-0.203313623572755,
0.255233682318452));
#6837=CARTESIAN_POINT('Ctrl Pts',(-0.346728581871517,-0.202502807432933,
0.259966275903734));
#6838=CARTESIAN_POINT('Ctrl Pts',(-0.338809389761126,-0.200961058299662,
0.268109555641687));
#6839=CARTESIAN_POINT('Ctrl Pts',(-0.333996800936262,-0.200136298426978,
0.27139664182726));
#6840=CARTESIAN_POINT('Ctrl Pts',(-0.32352285524415,-0.198476415964501,
0.275802277574604));
#6841=CARTESIAN_POINT('Ctrl Pts',(-0.317996846133494,-0.197666690106828,
0.276945687575907));
#6842=CARTESIAN_POINT('Ctrl Pts',(-0.312268629676363,-0.196890593223741,
0.276999370761556));
#6843=CARTESIAN_POINT('Ctrl Pts',(-0.312134306220691,-0.19687242938503,
0.277));
#6844=CARTESIAN_POINT('Ctrl Pts',(-0.312,-0.196854303048966,0.277));
#6845=CARTESIAN_POINT('Ctrl Pts',(-0.312000000000003,-0.192046610741274,
0.277));
#6846=CARTESIAN_POINT('Ctrl Pts',(-0.312240949685955,-0.192079129972026,
0.277));
#6847=CARTESIAN_POINT('Ctrl Pts',(-0.312481954598547,-0.192111769873932,
0.276997974763267));
#6848=CARTESIAN_POINT('Ctrl Pts',(-0.318320336569817,-0.19290522244525,
0.276899796104887));
#6849=CARTESIAN_POINT('Ctrl Pts',(-0.323841710475954,-0.193716711815969,
0.275713650008604));
#6850=CARTESIAN_POINT('Ctrl Pts',(-0.334274524057126,-0.195375399624693,
0.271230082527521));
#6851=CARTESIAN_POINT('Ctrl Pts',(-0.339053751673503,-0.196193368819843,
0.267914374618779));
#6852=CARTESIAN_POINT('Ctrl Pts',(-0.346911601079369,-0.197738517213244,
0.259720499245197));
#6853=CARTESIAN_POINT('Ctrl Pts',(-0.349958444539072,-0.198550962140657,
0.254962771270811));
#6854=CARTESIAN_POINT('Ctrl Pts',(-0.354118626676677,-0.200208967632591,
0.244401062688137));
#6855=CARTESIAN_POINT('Ctrl Pts',(-0.355129284503602,-0.201023282390739,
0.238678961798083));
#6856=CARTESIAN_POINT('Ctrl Pts',(-0.354847856171825,-0.202570293289552,
0.22733302991654));
#6857=CARTESIAN_POINT('Ctrl Pts',(-0.353615872868763,-0.203383623338942,
0.221817003982472));
#6858=CARTESIAN_POINT('Ctrl Pts',(-0.349048973331538,-0.205040973604898,
0.211428618128346));
#6859=CARTESIAN_POINT('Ctrl Pts',(-0.345702673450092,-0.205851920165071,
0.206685173695666));
#6860=CARTESIAN_POINT('Ctrl Pts',(-0.337454706774902,-0.207400670007999,
0.198893489514616));
#6861=CARTESIAN_POINT('Ctrl Pts',(-0.332670185299947,-0.208214821585387,
0.195880802732607));
#6862=CARTESIAN_POINT('Ctrl Pts',(-0.322082799039644,-0.20987154285749,
0.191805584116935));
#6863=CARTESIAN_POINT('Ctrl Pts',(-0.316364184129688,-0.210679378528899,
0.190839022699619));
#6864=CARTESIAN_POINT('Ctrl Pts',(-0.305026462963603,-0.212229754739914,
0.191200472156699));
#6865=CARTESIAN_POINT('Ctrl Pts',(-0.299515496865839,-0.21304467026616,
0.192473031995181));
#6866=CARTESIAN_POINT('Ctrl Pts',(-0.289166711874808,-0.214700787866319,
0.197113486547399));
#6867=CARTESIAN_POINT('Ctrl Pts',(-0.284454945483264,-0.215505744599531,
0.200486780904045));
#6868=CARTESIAN_POINT('Ctrl Pts',(-0.276722158865362,-0.217057644345199,
0.208782482802486));
#6869=CARTESIAN_POINT('Ctrl Pts',(-0.273739990847072,-0.217873271548088,
0.213590579139899));
#6870=CARTESIAN_POINT('Ctrl Pts',(-0.269740218002027,-0.219528809860607,
0.224200450979122));
#6871=CARTESIAN_POINT('Ctrl Pts',(-0.26881274109676,-0.220331097302756,
0.229915918277224));
#6872=CARTESIAN_POINT('Ctrl Pts',(-0.269245324225561,-0.221884426418887,
0.241246054321053));
#6873=CARTESIAN_POINT('Ctrl Pts',(-0.270553983358589,-0.222700717723901,
0.246752261368455));
#6874=CARTESIAN_POINT('Ctrl Pts',(-0.275259713608525,-0.224355700186054,
0.257065597529398));
#6875=CARTESIAN_POINT('Ctrl Pts',(-0.278656959819586,-0.22515550830486,
0.261749179431741));
#6876=CARTESIAN_POINT('Ctrl Pts',(-0.286995015661649,-0.226710180365743,
0.269429305759083));
#6877=CARTESIAN_POINT('Ctrl Pts',(-0.291823971224897,-0.227527092369767,
0.272384097674174));
#6878=CARTESIAN_POINT('Ctrl Pts',(-0.301863810773079,-0.229089735761585,
0.27609834586575));
#6879=CARTESIAN_POINT('Ctrl Pts',(-0.306913690517679,-0.229821686918899,
0.277000000000008));
#6880=CARTESIAN_POINT('Ctrl Pts',(-0.312000000000067,-0.230508149202821,
0.277));
#6881=CARTESIAN_POINT('Origin',(-0.312,-0.329065841510503,0.234));
#6882=CARTESIAN_POINT('',(-0.312000000000068,-0.273777379972061,0.277));
#6883=CARTESIAN_POINT('',(-0.312000000000055,-0.268969687664365,0.277));
#6884=CARTESIAN_POINT('',(-0.312,-0.329065841510503,0.277));
#6885=CARTESIAN_POINT('Ctrl Pts',(-0.312000000000137,-0.273777379972061,
0.277));
#6886=CARTESIAN_POINT('Ctrl Pts',(-0.307298819825251,-0.273142895796225,
0.277000000000015));
#6887=CARTESIAN_POINT('Ctrl Pts',(-0.302626709661435,-0.272469285211146,
0.276229925576508));
#6888=CARTESIAN_POINT('Ctrl Pts',(-0.292709625710791,-0.270942427483785,
0.272859453122314));
#6889=CARTESIAN_POINT('Ctrl Pts',(-0.287680875045361,-0.270099858291191,
0.26992805346347));
#6890=CARTESIAN_POINT('Ctrl Pts',(-0.279228751640292,-0.268537698828026,
0.262389375941745));
#6891=CARTESIAN_POINT('Ctrl Pts',(-0.275834755763035,-0.26777205700392,
0.257917530695357));
#6892=CARTESIAN_POINT('Ctrl Pts',(-0.270851224785711,-0.266120753060201,
0.24774651916985));
#6893=CARTESIAN_POINT('Ctrl Pts',(-0.269380384953191,-0.265278267090486,
0.242113401451646));
#6894=CARTESIAN_POINT('Ctrl Pts',(-0.268760020624158,-0.263717129114508,
0.2308031875539));
#6895=CARTESIAN_POINT('Ctrl Pts',(-0.269534905825767,-0.262950135375102,
0.225242346636679));
#6896=CARTESIAN_POINT('Ctrl Pts',(-0.273228290432557,-0.261298325848537,
0.214533192895122));
#6897=CARTESIAN_POINT('Ctrl Pts',(-0.276183865722653,-0.260455932215391,
0.209515756903374));
#6898=CARTESIAN_POINT('Ctrl Pts',(-0.283763989500066,-0.258895876403132,
0.20109638800036));
#6899=CARTESIAN_POINT('Ctrl Pts',(-0.288252660497847,-0.258127430556685,
0.197722555761704));
#6900=CARTESIAN_POINT('Ctrl Pts',(-0.298450613708585,-0.256475091690059,
0.192785555065325));
#6901=CARTESIAN_POINT('Ctrl Pts',(-0.304093260380664,-0.255632800605735,
0.191341206272348));
#6902=CARTESIAN_POINT('Ctrl Pts',(-0.315409877328438,-0.254073892555349,
0.190776189182533));
#6903=CARTESIAN_POINT('Ctrl Pts',(-0.320968227528418,-0.253303884564958,
0.19157866931238));
#6904=CARTESIAN_POINT('Ctrl Pts',(-0.3316626993212,-0.251650991219516,0.195326886631083));
#6905=CARTESIAN_POINT('Ctrl Pts',(-0.336667406287881,-0.25080881414786,
0.198309318654343));
#6906=CARTESIAN_POINT('Ctrl Pts',(-0.345165111760344,-0.249229766306887,
0.206040050632726));
#6907=CARTESIAN_POINT('Ctrl Pts',(-0.348587111770875,-0.24843511179292,
0.210694431901286));
#6908=CARTESIAN_POINT('Ctrl Pts',(-0.35336030822904,-0.246781343628566,
0.220970825362274));
#6909=CARTESIAN_POINT('Ctrl Pts',(-0.354706365168687,-0.245963661632296,
0.226471845991352));
#6910=CARTESIAN_POINT('Ctrl Pts',(-0.355212587502089,-0.244407313802938,
0.237793846689293));
#6911=CARTESIAN_POINT('Ctrl Pts',(-0.354325459689876,-0.243610559771229,
0.243506010487106));
#6912=CARTESIAN_POINT('Ctrl Pts',(-0.350403710114132,-0.241956286934075,
0.254138824143425));
#6913=CARTESIAN_POINT('Ctrl Pts',(-0.347453287455343,-0.241139173237214,
0.258971083945321));
#6914=CARTESIAN_POINT('Ctrl Pts',(-0.339781550969174,-0.239584063292385,
0.267315859453558));
#6915=CARTESIAN_POINT('Ctrl Pts',(-0.335102447346087,-0.238785057507614,
0.270716905950635));
#6916=CARTESIAN_POINT('Ctrl Pts',(-0.324794762496958,-0.237130258744699,
0.275432993662214));
#6917=CARTESIAN_POINT('Ctrl Pts',(-0.319289333943187,-0.236313751866026,
0.276747388426739));
#6918=CARTESIAN_POINT('Ctrl Pts',(-0.313122258846046,-0.235467918351965,
0.276989021986569));
#6919=CARTESIAN_POINT('Ctrl Pts',(-0.312560986237684,-0.235391553752416,
0.276999999999999));
#6920=CARTESIAN_POINT('Ctrl Pts',(-0.312000000000048,-0.235315841510511,
0.277));
#6921=CARTESIAN_POINT('Ctrl Pts',(-0.312000000000067,-0.230508149202821,
0.277));
#6922=CARTESIAN_POINT('Ctrl Pts',(-0.312627188222802,-0.230592796246285,
0.276999999999999));
#6923=CARTESIAN_POINT('Ctrl Pts',(-0.313254728997934,-0.230678257970099,
0.276986278134684));
#6924=CARTESIAN_POINT('Ctrl Pts',(-0.319489409250271,-0.231534978329753,
0.276713113963442));
#6925=CARTESIAN_POINT('Ctrl Pts',(-0.324991157913728,-0.23235247134476,
0.275372195151087));
#6926=CARTESIAN_POINT('Ctrl Pts',(-0.33527264026798,-0.234006408658828,
0.270608258617976));
#6927=CARTESIAN_POINT('Ctrl Pts',(-0.339931033605294,-0.234801760321734,
0.267189656109486));
#6928=CARTESIAN_POINT('Ctrl Pts',(-0.347563889358343,-0.236358886000668,
0.258813840188774));
#6929=CARTESIAN_POINT('Ctrl Pts',(-0.350494036398805,-0.237176923656716,
0.253966335919337));
#6930=CARTESIAN_POINT('Ctrl Pts',(-0.354366189161965,-0.238830369834307,
0.243319103685125));
#6931=CARTESIAN_POINT('Ctrl Pts',(-0.355227705414914,-0.23962371514274,
0.237609063915245));
#6932=CARTESIAN_POINT('Ctrl Pts',(-0.354674633454492,-0.241181963316041,
0.226292388460591));
#6933=CARTESIAN_POINT('Ctrl Pts',(-0.353304770515818,-0.242000512214729,
0.220794805327142));
#6934=CARTESIAN_POINT('Ctrl Pts',(-0.348488709124209,-0.243653487027461,
0.210542045403861));
#6935=CARTESIAN_POINT('Ctrl Pts',(-0.345050981592221,-0.244444957027752,
0.205906253617792));
#6936=CARTESIAN_POINT('Ctrl Pts',(-0.336641356550297,-0.246004265074117,
0.198315982115087));
#6937=CARTESIAN_POINT('Ctrl Pts',(-0.331777284326104,-0.246823294485115,
0.195408093143168));
#6938=CARTESIAN_POINT('Ctrl Pts',(-0.321251298899656,-0.248454605069477,
0.191639186183968));
#6939=CARTESIAN_POINT('Ctrl Pts',(-0.315696303459119,-0.249228850323355,
0.190799567585927));
#6940=CARTESIAN_POINT('Ctrl Pts',(-0.304371331995449,-0.250784723359272,
0.191290124751327));
#6941=CARTESIAN_POINT('Ctrl Pts',(-0.29871607356899,-0.251626720954481,
0.192698776142558));
#6942=CARTESIAN_POINT('Ctrl Pts',(-0.288482037369668,-0.253280426264074,
0.19757310773033));
#6943=CARTESIAN_POINT('Ctrl Pts',(-0.28397077218125,-0.254052799609185,
0.200919860531707));
#6944=CARTESIAN_POINT('Ctrl Pts',(-0.276335173460972,-0.255609999994363,
0.20929509381054));
#6945=CARTESIAN_POINT('Ctrl Pts',(-0.273347237825321,-0.256452129876927,
0.214297171460942));
#6946=CARTESIAN_POINT('Ctrl Pts',(-0.269587770681466,-0.258105243438211,
0.224988615102336));
#6947=CARTESIAN_POINT('Ctrl Pts',(-0.268779631654293,-0.258875883712524,
0.230546454350808));
#6948=CARTESIAN_POINT('Ctrl Pts',(-0.26933330085417,-0.260434331815264,
0.241864363788394));
#6949=CARTESIAN_POINT('Ctrl Pts',(-0.270772213555417,-0.261276580488595,
0.247508947921166));
#6950=CARTESIAN_POINT('Ctrl Pts',(-0.275699668569954,-0.262929129516221,
0.257712412260682));
#6951=CARTESIAN_POINT('Ctrl Pts',(-0.279069370377862,-0.263698162458565,
0.262204529770164));
#6952=CARTESIAN_POINT('Ctrl Pts',(-0.287482018076132,-0.265257784968667,
0.269793129062245));
#6953=CARTESIAN_POINT('Ctrl Pts',(-0.292497123477067,-0.266100140441792,
0.272753648289834));
#6954=CARTESIAN_POINT('Ctrl Pts',(-0.302472134219883,-0.267639287373749,
0.276204102388564));
#6955=CARTESIAN_POINT('Ctrl Pts',(-0.307220822155028,-0.268324676708943,
0.277000000000012));
#6956=CARTESIAN_POINT('Ctrl Pts',(-0.312000000000109,-0.268969687664365,
0.277));
#6957=CARTESIAN_POINT('Origin',(-0.312,-0.329065841510503,0.234));
#6958=CARTESIAN_POINT('',(-0.312000000000102,-0.312238918433608,0.277));
#6959=CARTESIAN_POINT('',(-0.312000000000094,-0.307431226125913,0.277));
#6960=CARTESIAN_POINT('',(-0.312,-0.329065841510503,0.277));
#6961=CARTESIAN_POINT('Ctrl Pts',(-0.312000000000205,-0.312238918433608,
0.277));
#6962=CARTESIAN_POINT('Ctrl Pts',(-0.307501496898255,-0.311631788111655,
0.277000000000021));
#6963=CARTESIAN_POINT('Ctrl Pts',(-0.303028364123063,-0.310988669943773,
0.276295000025107));
#6964=CARTESIAN_POINT('Ctrl Pts',(-0.293264311142001,-0.309493888107912,
0.273128851675838));
#6965=CARTESIAN_POINT('Ctrl Pts',(-0.28820090249805,-0.308650885822787,
0.270273376619576));
#6966=CARTESIAN_POINT('Ctrl Pts',(-0.279647100777748,-0.307082281467639,
0.262864886037689));
#6967=CARTESIAN_POINT('Ctrl Pts',(-0.276190130725709,-0.306324730900483,
0.258445593215973));
#6968=CARTESIAN_POINT('Ctrl Pts',(-0.271062030932809,-0.304676755028464,
0.248359123242768));
#6969=CARTESIAN_POINT('Ctrl Pts',(-0.269508967931869,-0.303833789917791,
0.242756513304033));
#6970=CARTESIAN_POINT('Ctrl Pts',(-0.26871630045958,-0.302265852131372,
0.231467286834614));
#6971=CARTESIAN_POINT('Ctrl Pts',(-0.269405327656836,-0.301507501009879,
0.225898700461652));
#6972=CARTESIAN_POINT('Ctrl Pts',(-0.272928386865292,-0.299859169496263,
0.215144765800795));
#6973=CARTESIAN_POINT('Ctrl Pts',(-0.275800214806174,-0.299016245428019,
0.210088710287682));
#6974=CARTESIAN_POINT('Ctrl Pts',(-0.283236749301006,-0.297449008680204,
0.201556657957637));
#6975=CARTESIAN_POINT('Ctrl Pts',(-0.287667324702902,-0.296689806341559,
0.198113208186843));
#6976=CARTESIAN_POINT('Ctrl Pts',(-0.297771995649183,-0.295041103712968,
0.193016049208436));
#6977=CARTESIAN_POINT('Ctrl Pts',(-0.303381249953781,-0.294198224973527,
0.191480572134289));
#6978=CARTESIAN_POINT('Ctrl Pts',(-0.314675107768182,-0.292631726074496,
0.190724824535449));
#6979=CARTESIAN_POINT('Ctrl Pts',(-0.32024203498664,-0.291871617672615,
0.191432243365856));
#6980=CARTESIAN_POINT('Ctrl Pts',(-0.330986492149052,-0.290222527639556,
0.194991751675376));
#6981=CARTESIAN_POINT('Ctrl Pts',(-0.33603440076885,-0.289379698984235,
0.197881541210216));
#6982=CARTESIAN_POINT('Ctrl Pts',(-0.344542469559942,-0.287813977294329,
0.205348875734206));
#6983=CARTESIAN_POINT('Ctrl Pts',(-0.347971042112612,-0.287052903362384,
0.209791866374242));
#6984=CARTESIAN_POINT('Ctrl Pts',(-0.353034092933373,-0.285403408765845,
0.21991653343066));
#6985=CARTESIAN_POINT('Ctrl Pts',(-0.354550176257164,-0.284560635476449,
0.225533039562621));
#6986=CARTESIAN_POINT('Ctrl Pts',(-0.355265251929353,-0.282995733139972,
0.236831914586707));
#6987=CARTESIAN_POINT('Ctrl Pts',(-0.354537569220985,-0.282233629097062,
0.242397013913174));
#6988=CARTESIAN_POINT('Ctrl Pts',(-0.35093787821176,-0.280583711850939,
0.253130956052062));
#6989=CARTESIAN_POINT('Ctrl Pts',(-0.348028312044228,-0.279740999801431,
0.258169808937185));
#6990=CARTESIAN_POINT('Ctrl Pts',(-0.340527067952287,-0.278176962007721,
0.266651355176956));
#6991=CARTESIAN_POINT('Ctrl Pts',(-0.33607037957781,-0.277413757601228,
0.270063513797341));
#6992=CARTESIAN_POINT('Ctrl Pts',(-0.325923689635641,-0.275763398630223,
0.275088858599099));
#6993=CARTESIAN_POINT('Ctrl Pts',(-0.320299255300078,-0.274920754361845,
0.276583493618255));
#6994=CARTESIAN_POINT('Ctrl Pts',(-0.31369658662521,-0.274007758257702,
0.276974915666444));
#6995=CARTESIAN_POINT('Ctrl Pts',(-0.312848005100252,-0.273891829067189,
0.276999999999997));
#6996=CARTESIAN_POINT('Ctrl Pts',(-0.312000000000137,-0.273777379972061,
0.277));
#6997=CARTESIAN_POINT('Ctrl Pts',(-0.312000000000109,-0.268969687664365,
0.277));
#6998=CARTESIAN_POINT('Ctrl Pts',(-0.31277185130218,-0.269073858833953,
0.276999999999998));
#6999=CARTESIAN_POINT('Ctrl Pts',(-0.313544192183884,-0.269179257836947,
0.276979218465818));
#7000=CARTESIAN_POINT('Ctrl Pts',(-0.320075373569124,-0.270080419670789,
0.276626902260621));
#7001=CARTESIAN_POINT('Ctrl Pts',(-0.325710254712135,-0.27092287126956,
0.275160934539629));
#7002=CARTESIAN_POINT('Ctrl Pts',(-0.335886231871496,-0.272574366898477,
0.270185962798087));
#7003=CARTESIAN_POINT('Ctrl Pts',(-0.340361175428333,-0.273340517301004,
0.266795679769954));
#7004=CARTESIAN_POINT('Ctrl Pts',(-0.347907493513944,-0.274902290857382,
0.258349580547962));
#7005=CARTESIAN_POINT('Ctrl Pts',(-0.350843349806123,-0.275744829062365,
0.253322905481724));
#7006=CARTESIAN_POINT('Ctrl Pts',(-0.354496541600512,-0.277395833083098,
0.242603071689121));
#7007=CARTESIAN_POINT('Ctrl Pts',(-0.355251185708903,-0.278160688810948,
0.237040404500721));
#7008=CARTESIAN_POINT('Ctrl Pts',(-0.354590213219127,-0.279723448750149,
0.22573499319493));
#7009=CARTESIAN_POINT('Ctrl Pts',(-0.35309996105717,-0.280566065056981,
0.220108950600217));
#7010=CARTESIAN_POINT('Ctrl Pts',(-0.348082319370769,-0.282216599183893,
0.209957772113872));
#7011=CARTESIAN_POINT('Ctrl Pts',(-0.344673509856886,-0.282980246726791,
0.205498288864226));
#7012=CARTESIAN_POINT('Ctrl Pts',(-0.336197383168773,-0.284543939351829,
0.197990135194375));
#7013=CARTESIAN_POINT('Ctrl Pts',(-0.331160386646637,-0.285386626150556,
0.195076539056125));
#7014=CARTESIAN_POINT('Ctrl Pts',(-0.320428597493169,-0.287036710940215,
0.191468653261534));
#7015=CARTESIAN_POINT('Ctrl Pts',(-0.314863870807262,-0.287799229464377,
0.190736839462672));
#7016=CARTESIAN_POINT('Ctrl Pts',(-0.303563983966733,-0.289363804880187,
0.19144362443699));
#7017=CARTESIAN_POINT('Ctrl Pts',(-0.297946008319344,-0.290206555350708,
0.192955751852661));
#7018=CARTESIAN_POINT('Ctrl Pts',(-0.287817272179677,-0.29185621027634,
0.198011847004276));
#7019=CARTESIAN_POINT('Ctrl Pts',(-0.283371752566355,-0.292617672379137,
0.201437389102289));
#7020=CARTESIAN_POINT('Ctrl Pts',(-0.275898151718432,-0.294183084149522,
0.209940565963144));
#7021=CARTESIAN_POINT('Ctrl Pts',(-0.273004707680501,-0.295025892170738,
0.214986807950785));
#7022=CARTESIAN_POINT('Ctrl Pts',(-0.269437778062675,-0.296675135691215,
0.225729328364334));
#7023=CARTESIAN_POINT('Ctrl Pts',(-0.268726615797493,-0.297435608064691,
0.231295917901409));
#7024=CARTESIAN_POINT('Ctrl Pts',(-0.269474849374141,-0.299001812906941,
0.242590709326044));
#7025=CARTESIAN_POINT('Ctrl Pts',(-0.271006745126926,-0.299844672977599,
0.248201308737071));
#7026=CARTESIAN_POINT('Ctrl Pts',(-0.276097604531284,-0.301493522601377,
0.258309678206172));
#7027=CARTESIAN_POINT('Ctrl Pts',(-0.2795383044397,-0.302253066617192,0.26274254838774));
#7028=CARTESIAN_POINT('Ctrl Pts',(-0.288065927755039,-0.303820024129521,
0.270184780505594));
#7029=CARTESIAN_POINT('Ctrl Pts',(-0.293120481811318,-0.304662931299081,
0.273059931000256));
#7030=CARTESIAN_POINT('Ctrl Pts',(-0.302924466505991,-0.306166029980095,
0.276278447391072));
#7031=CARTESIAN_POINT('Ctrl Pts',(-0.307449070434007,-0.306817020184497,
0.27700000000002));
#7032=CARTESIAN_POINT('Ctrl Pts',(-0.312000000000188,-0.307431226125913,
0.277));
#7033=CARTESIAN_POINT('Origin',(-0.312,-0.329065841510503,0.234));
#7034=CARTESIAN_POINT('',(-0.312,-0.326661995356657,0.191));
#7035=CARTESIAN_POINT('Ctrl Pts',(-0.312000000000188,-0.307431226125913,
0.277));
#7036=CARTESIAN_POINT('Ctrl Pts',(-0.312995076115083,-0.307565524328741,
0.276999999999995));
#7037=CARTESIAN_POINT('Ctrl Pts',(-0.313990900876567,-0.307701854404557,
0.27696546124871));
#7038=CARTESIAN_POINT('Ctrl Pts',(-0.320731036555669,-0.308637748287566,
0.27649631843818));
#7039=CARTESIAN_POINT('Ctrl Pts',(-0.32633487974449,-0.30948069809567,0.274946506498667));
#7040=CARTESIAN_POINT('Ctrl Pts',(-0.336424719449209,-0.311128808941804,
0.26982412754034));
#7041=CARTESIAN_POINT('Ctrl Pts',(-0.340846099830565,-0.311886661601695,
0.26636965911272));
#7042=CARTESIAN_POINT('Ctrl Pts',(-0.348259783097075,-0.313455013578376,
0.257819878259003));
#7043=CARTESIAN_POINT('Ctrl Pts',(-0.351118285985863,-0.314298002001739,
0.252757826492422));
#7044=CARTESIAN_POINT('Ctrl Pts',(-0.354614332518223,-0.315945766345569,
0.241996905232192));
#7045=CARTESIAN_POINT('Ctrl Pts',(-0.355289722973502,-0.316702847723228,
0.236427088466658));
#7046=CARTESIAN_POINT('Ctrl Pts',(-0.354469677502354,-0.31827184613432,
0.225141343687852));
#7047=CARTESIAN_POINT('Ctrl Pts',(-0.352903585283873,-0.319114869540007,
0.21954369869361));
#7048=CARTESIAN_POINT('Ctrl Pts',(-0.347752554049064,-0.320762301639657,
0.209470756290031));
#7049=CARTESIAN_POINT('Ctrl Pts',(-0.344285548305389,-0.321518656442814,
0.205059837903314));
#7050=CARTESIAN_POINT('Ctrl Pts',(-0.336188939737434,-0.323001581983134,
0.19808020805205));
#7051=CARTESIAN_POINT('Ctrl Pts',(-0.331735367522641,-0.323749466649717,
0.195453921578161));
#7052=CARTESIAN_POINT('Ctrl Pts',(-0.322152799600552,-0.325241054375448,
0.191906765780159));
#7053=CARTESIAN_POINT('Ctrl Pts',(-0.317098600732956,-0.325973874211832,
0.191));
#7054=CARTESIAN_POINT('Ctrl Pts',(-0.312,-0.326661995356657,0.191));
#7055=CARTESIAN_POINT('',(-0.312,-0.331469687664349,0.191));
#7056=CARTESIAN_POINT('',(-0.312,-0.331469687664349,0.191));
#7057=CARTESIAN_POINT('Ctrl Pts',(-0.312000000000005,-0.331469687664348,
0.191));
#7058=CARTESIAN_POINT('Ctrl Pts',(-0.317075427193271,-0.330784694084025,
0.191000000000001));
#7059=CARTESIAN_POINT('Ctrl Pts',(-0.322106642845265,-0.330055440957519,
0.191898450864682));
#7060=CARTESIAN_POINT('Ctrl Pts',(-0.331652609425328,-0.328570527988489,
0.195414572071127));
#7061=CARTESIAN_POINT('Ctrl Pts',(-0.336092956002854,-0.327825655937573,
0.198018898388812));
#7062=CARTESIAN_POINT('Ctrl Pts',(-0.34419448133557,-0.326344298604613,
0.204958606026663));
#7063=CARTESIAN_POINT('Ctrl Pts',(-0.347675013134464,-0.325589514537458,
0.209358237909099));
#7064=CARTESIAN_POINT('Ctrl Pts',(-0.352856903743568,-0.323942821158173,
0.21941292442808));
#7065=CARTESIAN_POINT('Ctrl Pts',(-0.354440523554146,-0.323099727010077,
0.225003833418461));
#7066=CARTESIAN_POINT('Ctrl Pts',(-0.355297432739027,-0.32152930908754,
0.236284826549279));
#7067=CARTESIAN_POINT('Ctrl Pts',(-0.354640401818796,-0.320773892455867,
0.241856300206301));
#7068=CARTESIAN_POINT('Ctrl Pts',(-0.351180705503277,-0.319126898107092,
0.252626572977781));
#7069=CARTESIAN_POINT('Ctrl Pts',(-0.348340151739691,-0.318283831620588,
0.257696637920573));
#7070=CARTESIAN_POINT('Ctrl Pts',(-0.34095725228412,-0.316713989101791,
0.26627021394685));
#7071=CARTESIAN_POINT('Ctrl Pts',(-0.336548237329688,-0.315957902486145,
0.269739500761406));
#7072=CARTESIAN_POINT('Ctrl Pts',(-0.32647837176163,-0.31431059449739,0.274895740038568));
#7073=CARTESIAN_POINT('Ctrl Pts',(-0.32088185918881,-0.313467558531878,
0.276464790834354));
#7074=CARTESIAN_POINT('Ctrl Pts',(-0.314093836411991,-0.312523643928628,
0.276961798607792));
#7075=CARTESIAN_POINT('Ctrl Pts',(-0.313046513963892,-0.312380158829647,
0.276999999999995));
#7076=CARTESIAN_POINT('Ctrl Pts',(-0.312000000000205,-0.312238918433608,
0.277));
#7077=CARTESIAN_POINT('Origin',(-0.312,-0.194861838447381,0.234));
#7078=CARTESIAN_POINT('',(-0.283058038695644,-0.194861838447381,0.231806030798487));
#7079=CARTESIAN_POINT('Ctrl Pts',(-0.349681275839557,-0.171078916041627,
0.23399999991535));
#7080=CARTESIAN_POINT('Ctrl Pts',(-0.349585954929559,-0.171340808081159,
0.232656874428469));
#7081=CARTESIAN_POINT('Ctrl Pts',(-0.349365865141455,-0.171757383585749,
0.230557203924802));
#7082=CARTESIAN_POINT('Ctrl Pts',(-0.348304364669973,-0.172696075973908,
0.226154498790847));
#7083=CARTESIAN_POINT('Ctrl Pts',(-0.347705396637061,-0.173104128272463,
0.22432142900643));
#7084=CARTESIAN_POINT('Ctrl Pts',(-0.345516195645161,-0.174326876141399,
0.219068385112036));
#7085=CARTESIAN_POINT('Ctrl Pts',(-0.343537297194821,-0.17515077176626,
0.21583722953008));
#7086=CARTESIAN_POINT('Ctrl Pts',(-0.33864062987717,-0.17677574062603,0.210072616145553));
#7087=CARTESIAN_POINT('Ctrl Pts',(-0.335034541168409,-0.177746888373117,
0.206714097717029));
#7088=CARTESIAN_POINT('Ctrl Pts',(-0.325848537004819,-0.180056068501758,
0.202170746139737));
#7089=CARTESIAN_POINT('Ctrl Pts',(-0.321410288233529,-0.181118220956566,
0.20098730271157));
#7090=CARTESIAN_POINT('Ctrl Pts',(-0.31330613641169,-0.182972389349715,
0.200483583275026));
#7091=CARTESIAN_POINT('Ctrl Pts',(-0.30872317226621,-0.18394005303372,0.200740757897321));
#7092=CARTESIAN_POINT('Ctrl Pts',(-0.299771729115594,-0.186234718535991,
0.203956121083826));
#7093=CARTESIAN_POINT('Ctrl Pts',(-0.296131951879083,-0.187284748019802,
0.206144958813247));
#7094=CARTESIAN_POINT('Ctrl Pts',(-0.29053824271671,-0.189128996936179,
0.211229808765677));
#7095=CARTESIAN_POINT('Ctrl Pts',(-0.287734526432462,-0.190098243176223,
0.214467375440724));
#7096=CARTESIAN_POINT('Ctrl Pts',(-0.284788437185582,-0.191952665728144,
0.220984670165653));
#7097=CARTESIAN_POINT('Ctrl Pts',(-0.284106207133673,-0.192536581717527,
0.223089240712528));
#7098=CARTESIAN_POINT('Ctrl Pts',(-0.283219605778438,-0.193706993856337,
0.227403563949355));
#7099=CARTESIAN_POINT('Ctrl Pts',(-0.283016579357569,-0.194290635789133,
0.229602533524112));
#7100=CARTESIAN_POINT('Ctrl Pts',(-0.283058038695644,-0.194861838447381,
0.231806030798487));
#7101=CARTESIAN_POINT('',(-0.340381725790302,-0.194861838447381,0.227923136815418));
#7102=CARTESIAN_POINT('Origin',(-0.312,-0.194861838447381,0.234));
#7103=CARTESIAN_POINT('Ctrl Pts',(-0.340381725790302,-0.194861838447381,
0.227923136815418));
#7104=CARTESIAN_POINT('Ctrl Pts',(-0.340956820564511,-0.194489902318301,
0.229962504947567));
#7105=CARTESIAN_POINT('Ctrl Pts',(-0.341287261840283,-0.194141279963218,
0.231991712631739));
#7106=CARTESIAN_POINT('Ctrl Pts',(-0.341406467318434,-0.193813765603724,
0.233999999999972));
#7107=CARTESIAN_POINT('Origin',(-0.312,38.963612898647,0.234));
#7108=CARTESIAN_POINT('Ctrl Pts',(-0.323413758700158,-0.38922757431816,
0.234000000000439));
#7109=CARTESIAN_POINT('Ctrl Pts',(-0.323753789574052,-0.388714023680503,
0.235107110393717));
#7110=CARTESIAN_POINT('Ctrl Pts',(-0.323918003655748,-0.388221492719759,
0.236271886272236));
#7111=CARTESIAN_POINT('Ctrl Pts',(-0.323901727420888,-0.387024557415986,
0.239179865811938));
#7112=CARTESIAN_POINT('Ctrl Pts',(-0.32352068158436,-0.386339407523894,
0.240910960919977));
#7113=CARTESIAN_POINT('Ctrl Pts',(-0.322046523837897,-0.384970127933696,
0.244245840360227));
#7114=CARTESIAN_POINT('Ctrl Pts',(-0.320917514116669,-0.384308451980022,
0.245795412327158));
#7115=CARTESIAN_POINT('Ctrl Pts',(-0.318207094123381,-0.383042155863279,
0.248321412683863));
#7116=CARTESIAN_POINT('Ctrl Pts',(-0.316664240388425,-0.382443129090671,
0.249310200568737));
#7117=CARTESIAN_POINT('Ctrl Pts',(-0.31411213382317,-0.381554306465245,
0.250384872022809));
#7118=CARTESIAN_POINT('Ctrl Pts',(-0.313206390123705,-0.381256337122763,
0.250674300074071));
#7119=CARTESIAN_POINT('Ctrl Pts',(-0.311330442979865,-0.380665529465475,
0.251095927925305));
#7120=CARTESIAN_POINT('Ctrl Pts',(-0.310368760898521,-0.380374927036128,
0.251224328691897));
#7121=CARTESIAN_POINT('Ctrl Pts',(-0.309400177088276,-0.3800875567178,0.251270942823194));
#7122=CARTESIAN_POINT('Origin',(-0.312,-0.380087556717821,0.234));
#7123=CARTESIAN_POINT('Ctrl Pts',(-0.336185094425309,-0.350428426977406,
0.234));
#7124=CARTESIAN_POINT('Ctrl Pts',(-0.33619391240642,-0.350389505789333,
0.234145262040633));
#7125=CARTESIAN_POINT('Ctrl Pts',(-0.336201414116382,-0.350350617990204,
0.234290672361976));
#7126=CARTESIAN_POINT('Ctrl Pts',(-0.336345821201717,-0.349443015859911,
0.237689855146249));
#7127=CARTESIAN_POINT('Ctrl Pts',(-0.335822653276062,-0.348600219292992,
0.24094349353715));
#7128=CARTESIAN_POINT('Ctrl Pts',(-0.333519204746221,-0.346865195535771,
0.247142764047135));
#7129=CARTESIAN_POINT('Ctrl Pts',(-0.33173015812272,-0.345991863724775,
0.250017834831722));
#7130=CARTESIAN_POINT('Ctrl Pts',(-0.327083637084359,-0.3442710005226,0.254936601194508));
#7131=CARTESIAN_POINT('Ctrl Pts',(-0.324270837168066,-0.343431398949924,
0.256914805973673));
#7132=CARTESIAN_POINT('Ctrl Pts',(-0.317960586334306,-0.341701186166816,
0.259712625412637));
#7133=CARTESIAN_POINT('Ctrl Pts',(-0.314509077804551,-0.340829685483452,
0.260473778243013));
#7134=CARTESIAN_POINT('Ctrl Pts',(-0.307453213927085,-0.339114488231611,
0.26059528560094));
#7135=CARTESIAN_POINT('Ctrl Pts',(-0.303930332288146,-0.338277732148719,
0.259943690516366));
#7136=CARTESIAN_POINT('Ctrl Pts',(-0.297243728157701,-0.336551349325803,
0.257289409582861));
#7137=CARTESIAN_POINT('Ctrl Pts',(-0.294160375601828,-0.335684667918389,
0.255278832740424));
#7138=CARTESIAN_POINT('Ctrl Pts',(-0.288890586182657,-0.333956602082965,
0.250098144760597));
#7139=CARTESIAN_POINT('Ctrl Pts',(-0.286785132051843,-0.333099504556201,
0.24697563649765));
#7140=CARTESIAN_POINT('Ctrl Pts',(-0.284450981676499,-0.331711097225487,
0.241380355555997));
#7141=CARTESIAN_POINT('Ctrl Pts',(-0.283823158027149,-0.331182905779662,
0.239129136313707));
#7142=CARTESIAN_POINT('Ctrl Pts',(-0.283122010506272,-0.330120558608145,
0.234495517389699));
#7143=CARTESIAN_POINT('Ctrl Pts',(-0.283058924431257,-0.329592934378066,
0.232130020798929));
#7144=CARTESIAN_POINT('Ctrl Pts',(-0.283283146588137,-0.329065841510503,
0.229781830358843));
#7145=CARTESIAN_POINT('Ctrl Pts',(-0.340725103147297,-0.329065841510494,
0.238161619177346));
#7146=CARTESIAN_POINT('Ctrl Pts',(-0.340848309041043,-0.329398890106754,
0.236784944246511));
#7147=CARTESIAN_POINT('Ctrl Pts',(-0.3408743686584,-0.329727071342087,0.235400241478264));
#7148=CARTESIAN_POINT('Ctrl Pts',(-0.340802231416185,-0.330049099584101,
0.234011354626861));
#7149=CARTESIAN_POINT('Ctrl Pts',(-0.340801934866001,-0.330050416088893,
0.234005675995813));
#7150=CARTESIAN_POINT('Ctrl Pts',(-0.340801636747272,-0.330051731938099,
0.233999999785999));
#7151=CARTESIAN_POINT('Origin',(-0.312,-0.031465841510503,0.234));
#7152=CARTESIAN_POINT('Ctrl Pts',(-0.341025,-0.232055063806209,0.234000000000312));
#7153=CARTESIAN_POINT('Ctrl Pts',(-0.341024999999984,-0.23174958564562,
0.235527812435668));
#7154=CARTESIAN_POINT('Ctrl Pts',(-0.340904523661561,-0.231434224148938,
0.237055152259493));
#7155=CARTESIAN_POINT('Ctrl Pts',(-0.340048937240571,-0.230290548017471,
0.242420715962174));
#7156=CARTESIAN_POINT('Ctrl Pts',(-0.338665691396467,-0.229438970741755,
0.246106818530933));
#7157=CARTESIAN_POINT('Ctrl Pts',(-0.334577184154862,-0.227795440499114,
0.252633223056903));
#7158=CARTESIAN_POINT('Ctrl Pts',(-0.331946559848767,-0.227057258427763,
0.255425756571759));
#7159=CARTESIAN_POINT('Ctrl Pts',(-0.325675808383171,-0.225433230660355,
0.259895984212036));
#7160=CARTESIAN_POINT('Ctrl Pts',(-0.322080994995038,-0.224582013460591,
0.261495273933024));
#7161=CARTESIAN_POINT('Ctrl Pts',(-0.314562566563718,-0.22294077499034,
0.263161151831587));
#7162=CARTESIAN_POINT('Ctrl Pts',(-0.310725287198037,-0.222203093029508,
0.263245792987758));
#7163=CARTESIAN_POINT('Ctrl Pts',(-0.303141566481626,-0.220576387003681,
0.261913015156335));
#7164=CARTESIAN_POINT('Ctrl Pts',(-0.299482180689486,-0.219725580582541,
0.260474576914261));
#7165=CARTESIAN_POINT('Ctrl Pts',(-0.293019895876634,-0.218086664914134,
0.256286989206757));
#7166=CARTESIAN_POINT('Ctrl Pts',(-0.290265828609708,-0.217349186463705,
0.253610744775515));
#7167=CARTESIAN_POINT('Ctrl Pts',(-0.285895673947785,-0.215719889767576,
0.247272189809082));
#7168=CARTESIAN_POINT('Ctrl Pts',(-0.28435390945877,-0.214869544404788,
0.243657909077909));
#7169=CARTESIAN_POINT('Ctrl Pts',(-0.282802482346158,-0.21323298861607,
0.2361154934497));
#7170=CARTESIAN_POINT('Ctrl Pts',(-0.282776910952623,-0.212495423715598,
0.232273140610632));
#7171=CARTESIAN_POINT('Ctrl Pts',(-0.284227503320779,-0.210863615367187,
0.22471270161784));
#7172=CARTESIAN_POINT('Ctrl Pts',(-0.285719778855106,-0.210013781455373,
0.221080479851241));
#7173=CARTESIAN_POINT('Ctrl Pts',(-0.290004336097038,-0.208379625393368,
0.214682165736083));
#7174=CARTESIAN_POINT('Ctrl Pts',(-0.292725772156064,-0.207641694971044,
0.211966117070913));
#7175=CARTESIAN_POINT('Ctrl Pts',(-0.299130416108529,-0.206007441670807,
0.207695667314753));
#7176=CARTESIAN_POINT('Ctrl Pts',(-0.302762997854229,-0.205158172201906,
0.206211076156354));
#7177=CARTESIAN_POINT('Ctrl Pts',(-0.310328267731263,-0.203526440826823,
0.204773075981212));
#7178=CARTESIAN_POINT('Ctrl Pts',(-0.314175483305323,-0.202787908076132,
0.20480626384749));
#7179=CARTESIAN_POINT('Ctrl Pts',(-0.321711727787664,-0.201151249153756,
0.206373834701197));
#7180=CARTESIAN_POINT('Ctrl Pts',(-0.325316070286527,-0.200302597484099,
0.207919141877105));
#7181=CARTESIAN_POINT('Ctrl Pts',(-0.331650085211564,-0.198673347135257,
0.212299697552856));
#7182=CARTESIAN_POINT('Ctrl Pts',(-0.334327857103885,-0.197933925827015,
0.215066054221693));
#7183=CARTESIAN_POINT('Ctrl Pts',(-0.338296952832496,-0.196373974440948,
0.221223910974303));
#7184=CARTESIAN_POINT('Ctrl Pts',(-0.339647212748472,-0.195608583620329,
0.224492625528636));
#7185=CARTESIAN_POINT('Ctrl Pts',(-0.340381725790321,-0.19486183844736,
0.227923136815512));
#7186=CARTESIAN_POINT('Ctrl Pts',(-0.283058038695644,-0.194861838447381,
0.231806030798487));
#7187=CARTESIAN_POINT('Ctrl Pts',(-0.282835076069956,-0.195468388536841,
0.234747264285514));
#7188=CARTESIAN_POINT('Ctrl Pts',(-0.283061091438187,-0.196054945745363,
0.237703158064621));
#7189=CARTESIAN_POINT('Ctrl Pts',(-0.284413973557121,-0.197329176704957,
0.243515689482013));
#7190=CARTESIAN_POINT('Ctrl Pts',(-0.285550486471142,-0.197985437311736,
0.246327139248621));
#7191=CARTESIAN_POINT('Ctrl Pts',(-0.289067705899914,-0.199450986057886,
0.252200025795499));
#7192=CARTESIAN_POINT('Ctrl Pts',(-0.291664486198929,-0.200197282140971,
0.25506180565291));
#7193=CARTESIAN_POINT('Ctrl Pts',(-0.297860327328985,-0.20181545739167,
0.259642217213456));
#7194=CARTESIAN_POINT('Ctrl Pts',(-0.301403353927648,-0.202660940850003,
0.261297299816418));
#7195=CARTESIAN_POINT('Ctrl Pts',(-0.308885222988443,-0.204307042275412,
0.263110157108911));
#7196=CARTESIAN_POINT('Ctrl Pts',(-0.312742486328365,-0.205051191591015,
0.263266943863664));
#7197=CARTESIAN_POINT('Ctrl Pts',(-0.320352246317244,-0.206672168118721,
0.262066210649085));
#7198=CARTESIAN_POINT('Ctrl Pts',(-0.324019889164395,-0.207518509985485,
0.26070161351656));
#7199=CARTESIAN_POINT('Ctrl Pts',(-0.33055967327895,-0.209162403786764,
0.256641017706745));
#7200=CARTESIAN_POINT('Ctrl Pts',(-0.333374933697277,-0.20990472637907,
0.25400479050609));
#7201=CARTESIAN_POINT('Ctrl Pts',(-0.33785859372172,-0.211528413015734,
0.247741309040749));
#7202=CARTESIAN_POINT('Ctrl Pts',(-0.339460642659562,-0.212375550522965,
0.244168042651265));
#7203=CARTESIAN_POINT('Ctrl Pts',(-0.340787774129393,-0.213661812153366,
0.238284675006556));
#7204=CARTESIAN_POINT('Ctrl Pts',(-0.341025,-0.214109232493136,0.236145217934359));
#7205=CARTESIAN_POINT('Ctrl Pts',(-0.341025,-0.214538157676302,0.233999999999869));
#7206=CARTESIAN_POINT('Origin',(-0.312,-0.367299245512014,0.234));
#7207=CARTESIAN_POINT('',(-0.285747669608678,-0.37968287719136,0.234584491913708));
#7208=CARTESIAN_POINT('Ctrl Pts',(-0.285747669608743,-0.379682877191394,
0.2345844919136));
#7209=CARTESIAN_POINT('Ctrl Pts',(-0.288362814165928,-0.381581143175937,
0.236753152123693));
#7210=CARTESIAN_POINT('Ctrl Pts',(-0.291310857834374,-0.383518203182331,
0.238355046579751));
#7211=CARTESIAN_POINT('Ctrl Pts',(-0.296092129609315,-0.386643748598289,
0.239618518940697));
#7212=CARTESIAN_POINT('Ctrl Pts',(-0.297736716409805,-0.387717812800894,
0.239838033575163));
#7213=CARTESIAN_POINT('Ctrl Pts',(-0.300950136195099,-0.38987723881233,
0.239832376749649));
#7214=CARTESIAN_POINT('Ctrl Pts',(-0.302503264919578,-0.390949771261564,
0.239624211315721));
#7215=CARTESIAN_POINT('Ctrl Pts',(-0.303995761175654,-0.392042764587426,
0.239208675865272));
#7216=CARTESIAN_POINT('',(-0.300720945773973,-0.38136034617654,0.255174416688897));
#7217=CARTESIAN_POINT('Ctrl Pts',(-0.300720945773973,-0.381360346176541,
0.255174416688897));
#7218=CARTESIAN_POINT('Ctrl Pts',(-0.298681504943657,-0.381210294831919,
0.254317895306854));
#7219=CARTESIAN_POINT('Ctrl Pts',(-0.296757153262688,-0.381058682395673,
0.253180630809774));
#7220=CARTESIAN_POINT('Ctrl Pts',(-0.293290123884145,-0.380780095584704,
0.250390969733373));
#7221=CARTESIAN_POINT('Ctrl Pts',(-0.291757159938781,-0.380650540164457,
0.248753683790207));
#7222=CARTESIAN_POINT('Ctrl Pts',(-0.289175679376608,-0.380382551040433,
0.245162589934767));
#7223=CARTESIAN_POINT('Ctrl Pts',(-0.288121229117268,-0.380244466685103,
0.243210969191303));
#7224=CARTESIAN_POINT('Ctrl Pts',(-0.286516240235867,-0.379961005715499,
0.239054456383548));
#7225=CARTESIAN_POINT('Ctrl Pts',(-0.285978155545039,-0.379816147983171,
0.236842600283151));
#7226=CARTESIAN_POINT('Ctrl Pts',(-0.285747669608671,-0.379682877191338,
0.23458449191371));
#7227=CARTESIAN_POINT('Ctrl Pts',(-0.300720945773973,-0.38136034617654,
0.255174416688897));
#7228=CARTESIAN_POINT('Ctrl Pts',(-0.303071947507965,-0.381770731209383,
0.255798142815972));
#7229=CARTESIAN_POINT('Ctrl Pts',(-0.305511215748355,-0.382189662190608,
0.256056110947202));
#7230=CARTESIAN_POINT('Ctrl Pts',(-0.310172296222066,-0.383022608193106,
0.255776144286767));
#7231=CARTESIAN_POINT('Ctrl Pts',(-0.312384329709666,-0.38343303912153,
0.255296559756398));
#7232=CARTESIAN_POINT('Ctrl Pts',(-0.316830130416925,-0.38436538138602,
0.253490205695639));
#7233=CARTESIAN_POINT('Ctrl Pts',(-0.318988316870618,-0.38488174576964,
0.252079321407477));
#7234=CARTESIAN_POINT('Ctrl Pts',(-0.322382922851469,-0.385905888702482,
0.248677081627118));
#7235=CARTESIAN_POINT('Ctrl Pts',(-0.323675880946405,-0.386403953589268,
0.246773243783995));
#7236=CARTESIAN_POINT('Ctrl Pts',(-0.325235379437235,-0.387407349878669,
0.242855173260985));
#7237=CARTESIAN_POINT('Ctrl Pts',(-0.325606100769554,-0.387896727291895,
0.240914385346073));
#7238=CARTESIAN_POINT('Ctrl Pts',(-0.325542681199236,-0.388881366993573,
0.237220445870688));
#7239=CARTESIAN_POINT('Ctrl Pts',(-0.325179886647391,-0.389366076501881,
0.235483393421124));
#7240=CARTESIAN_POINT('Ctrl Pts',(-0.323988725478918,-0.390232569605035,
0.232865838303298));
#7241=CARTESIAN_POINT('Ctrl Pts',(-0.323370604883464,-0.390588086253556,
0.231917862255896));
#7242=CARTESIAN_POINT('Ctrl Pts',(-0.321924412440407,-0.391309449235803,
0.230332270038207));
#7243=CARTESIAN_POINT('Ctrl Pts',(-0.321127073132935,-0.391666827688163,
0.229684829649094));
#7244=CARTESIAN_POINT('Ctrl Pts',(-0.320248507106366,-0.392042764587424,
0.22918748777218));
#7245=CARTESIAN_POINT('Origin',(-0.312,-0.031465841510503,0.234));
#7246=CARTESIAN_POINT('',(-0.398,-0.031465841510503,0.234));
#7247=CARTESIAN_POINT('Origin',(-0.312,-0.031465841510503,0.234));
#7248=CARTESIAN_POINT('',(-0.398,-0.033,0.234));
#7249=CARTESIAN_POINT('',(-0.398,-0.031465841510503,0.234));
#7250=CARTESIAN_POINT('Origin',(-0.312,-0.033,0.234));
#7251=CARTESIAN_POINT('Origin',(-0.312,-0.082465841510503,0.234));
#7252=CARTESIAN_POINT('',(-0.355,-0.082465841510503,0.234));
#7253=CARTESIAN_POINT('',(-0.355,-0.082465841510503,0.234));
#7254=CARTESIAN_POINT('Origin',(-0.312,-0.082465841510503,0.234));
#7255=CARTESIAN_POINT('Origin',(-0.312,-0.031465841510503,0.234));
#7256=CARTESIAN_POINT('',(-0.355,-0.031465841510503,0.234));
#7257=CARTESIAN_POINT('Origin',(-0.312,-0.031465841510503,0.234));
#7258=CARTESIAN_POINT('',(-0.321,-0.031465841510503,0.203291694934432));
#7259=CARTESIAN_POINT('',(-0.321,-0.031465841510503,0.17));
#7260=CARTESIAN_POINT('',(-0.321,-0.031465841510503,0.17));
#7261=CARTESIAN_POINT('',(-0.303,-0.031465841510503,0.17));
#7262=CARTESIAN_POINT('',(-0.321,-0.031465841510503,0.17));
#7263=CARTESIAN_POINT('',(-0.303,-0.031465841510503,0.203291694934432));
#7264=CARTESIAN_POINT('',(-0.303,-0.031465841510503,0.17));
#7265=CARTESIAN_POINT('',(-0.296186291501015,-0.031465841510503,0.218186291501015));
#7266=CARTESIAN_POINT('',(-0.296186291501015,-0.031465841510503,0.218186291501015));
#7267=CARTESIAN_POINT('',(-0.281291694934432,-0.031465841510503,0.225));
#7268=CARTESIAN_POINT('',(-0.281291694934432,-0.031465841510503,0.225));
#7269=CARTESIAN_POINT('',(-0.248,-0.031465841510503,0.225));
#7270=CARTESIAN_POINT('',(-0.281291694934432,-0.031465841510503,0.225));
#7271=CARTESIAN_POINT('',(-0.248,-0.031465841510503,0.243));
#7272=CARTESIAN_POINT('',(-0.248,-0.031465841510503,0.225));
#7273=CARTESIAN_POINT('',(-0.281291694934432,-0.031465841510503,0.243));
#7274=CARTESIAN_POINT('',(-0.281291694934432,-0.031465841510503,0.243));
#7275=CARTESIAN_POINT('',(-0.296186291501015,-0.031465841510503,0.249813708498985));
#7276=CARTESIAN_POINT('',(-0.281291694934432,-0.031465841510503,0.243));
#7277=CARTESIAN_POINT('',(-0.303,-0.031465841510503,0.264708305065568));
#7278=CARTESIAN_POINT('',(-0.296186291501015,-0.031465841510503,0.249813708498985));
#7279=CARTESIAN_POINT('',(-0.303,-0.031465841510503,0.298));
#7280=CARTESIAN_POINT('',(-0.303,-0.031465841510503,0.264708305065568));
#7281=CARTESIAN_POINT('',(-0.321,-0.031465841510503,0.298));
#7282=CARTESIAN_POINT('',(-0.321,-0.031465841510503,0.298));
#7283=CARTESIAN_POINT('',(-0.321,-0.031465841510503,0.264708305065568));
#7284=CARTESIAN_POINT('',(-0.321,-0.031465841510503,0.264708305065568));
#7285=CARTESIAN_POINT('',(-0.327813708498985,-0.031465841510503,0.249813708498985));
#7286=CARTESIAN_POINT('',(-0.327813708498985,-0.031465841510503,0.249813708498985));
#7287=CARTESIAN_POINT('',(-0.342708305065568,-0.031465841510503,0.243));
#7288=CARTESIAN_POINT('',(-0.342708305065568,-0.031465841510503,0.243));
#7289=CARTESIAN_POINT('',(-0.376,-0.031465841510503,0.243));
#7290=CARTESIAN_POINT('',(-0.376,-0.031465841510503,0.243));
#7291=CARTESIAN_POINT('',(-0.376,-0.031465841510503,0.225));
#7292=CARTESIAN_POINT('',(-0.376,-0.031465841510503,0.225));
#7293=CARTESIAN_POINT('',(-0.342708305065568,-0.031465841510503,0.225));
#7294=CARTESIAN_POINT('',(-0.376,-0.031465841510503,0.225));
#7295=CARTESIAN_POINT('',(-0.327813708498985,-0.031465841510503,0.218186291501015));
#7296=CARTESIAN_POINT('',(-0.342708305065568,-0.031465841510503,0.225));
#7297=CARTESIAN_POINT('',(-0.327813708498985,-0.031465841510503,0.218186291501015));
#7298=CARTESIAN_POINT('Origin',(-0.321,-0.120465841510503,0.17));
#7299=CARTESIAN_POINT('',(-0.321,-0.040365841510503,0.17));
#7300=CARTESIAN_POINT('',(-0.321,-0.120465841510503,0.17));
#7301=CARTESIAN_POINT('',(-0.321,-0.112832360980894,0.213542277747752));
#7302=CARTESIAN_POINT('',(-0.321,-0.033312952449241,0.203524394621799));
#7303=CARTESIAN_POINT('',(-0.321,-0.099218177600078,0.205362051094));
#7304=CARTESIAN_POINT('Origin',(-0.321,-0.120465841510503,0.17));
#7305=CARTESIAN_POINT('',(-0.303,-0.040365841510503,0.17));
#7306=CARTESIAN_POINT('',(-0.303,-0.120465841510503,0.17));
#7307=CARTESIAN_POINT('',(-0.398,-0.040365841510503,0.17));
#7308=CARTESIAN_POINT('Origin',(-0.303,-0.120465841510503,0.17));
#7309=CARTESIAN_POINT('',(-0.303,-0.112832360980894,0.213542277747752));
#7310=CARTESIAN_POINT('',(-0.303,-0.114946811458852,0.213808656964536));
#7311=CARTESIAN_POINT('',(-0.303,-0.099218177600078,0.205362051094));
#7312=CARTESIAN_POINT('Origin',(-0.296186291501015,-0.031465841510503,0.218186291501015));
#7313=CARTESIAN_POINT('',(-0.301341705995792,-0.120465841510503,0.218128935584108));
#7314=CARTESIAN_POINT('',(-0.299705544261835,-0.120465841510503,0.221705544261835));
#7315=CARTESIAN_POINT('',(-0.297182233588353,-0.120465841510503,0.227221438359631));
#7316=CARTESIAN_POINT('',(-0.296186291501015,-0.031465841510503,0.218186291501015));
#7317=CARTESIAN_POINT('',(-0.314893172995696,-0.058085552352554,0.180647076425544));
#7318=CARTESIAN_POINT('Origin',(-0.281291694934432,-0.031465841510503,0.225));
#7319=CARTESIAN_POINT('',(-0.291542277747752,-0.112832360980894,0.225));
#7320=CARTESIAN_POINT('',(-0.281291694934432,-0.031465841510503,0.225));
#7321=CARTESIAN_POINT('',(-0.296128935584108,-0.120465841510503,0.223341705995792));
#7322=CARTESIAN_POINT('',(-0.305221438359631,-0.120465841510503,0.219182233588353));
#7323=CARTESIAN_POINT('',(-0.25419690724425,-0.050679227091138,0.238502119887822));
#7324=CARTESIAN_POINT('Origin',(-0.281291694934432,-0.120465841510503,0.225));
#7325=CARTESIAN_POINT('',(-0.248,-0.040365841510503,0.225));
#7326=CARTESIAN_POINT('',(-0.248,-0.120465841510503,0.225));
#7327=CARTESIAN_POINT('',(-0.292193146536886,-0.113915588552353,0.225));
#7328=CARTESIAN_POINT('Origin',(-0.248,-0.120465841510503,0.225));
#7329=CARTESIAN_POINT('',(-0.248,-0.040365841510503,0.243));
#7330=CARTESIAN_POINT('',(-0.248,-0.120465841510503,0.243));
#7331=CARTESIAN_POINT('',(-0.248,-0.040365841510503,0.17));
#7332=CARTESIAN_POINT('Origin',(-0.281291694934432,-0.120465841510503,0.243));
#7333=CARTESIAN_POINT('',(-0.291542277747752,-0.112832360980894,0.243));
#7334=CARTESIAN_POINT('',(-0.29232877625535,-0.119075386113937,0.243));
#7335=CARTESIAN_POINT('',(-0.292193146536887,-0.113915588552353,0.243));
#7336=CARTESIAN_POINT('Origin',(-0.281291694934432,-0.031465841510503,0.243));
#7337=CARTESIAN_POINT('',(-0.296128935584108,-0.120465841510503,0.244658294004208));
#7338=CARTESIAN_POINT('',(-0.299705544261835,-0.120465841510503,0.246294455738165));
#7339=CARTESIAN_POINT('',(-0.305221438359631,-0.120465841510503,0.248817766411647));
#7340=CARTESIAN_POINT('',(-0.296173695751771,-0.031147301820715,0.249826304248229));
#7341=CARTESIAN_POINT('',(-0.25419690724425,-0.050679227091138,0.229497880112178));
#7342=CARTESIAN_POINT('Origin',(-0.296186291501015,-0.031465841510503,0.249813708498985));
#7343=CARTESIAN_POINT('',(-0.303,-0.112832360980894,0.254457722252248));
#7344=CARTESIAN_POINT('',(-0.303,-0.033312952449241,0.264475605378201));
#7345=CARTESIAN_POINT('',(-0.301341705995792,-0.120465841510503,0.249871064415892));
#7346=CARTESIAN_POINT('',(-0.297182233588353,-0.120465841510503,0.240778561640369));
#7347=CARTESIAN_POINT('',(-0.314893172995696,-0.058085552352554,0.287352923574456));
#7348=CARTESIAN_POINT('Origin',(-0.303,-0.120465841510503,0.264708305065568));
#7349=CARTESIAN_POINT('',(-0.303,-0.040365841510503,0.298));
#7350=CARTESIAN_POINT('',(-0.303,-0.120465841510503,0.298));
#7351=CARTESIAN_POINT('',(-0.303,-0.113915588552353,0.253806853463113));
#7352=CARTESIAN_POINT('Origin',(-0.321,-0.120465841510503,0.298));
#7353=CARTESIAN_POINT('',(-0.321,-0.040365841510503,0.298));
#7354=CARTESIAN_POINT('',(-0.321,-0.120465841510503,0.298));
#7355=CARTESIAN_POINT('',(-0.248,-0.040365841510503,0.298));
#7356=CARTESIAN_POINT('Origin',(-0.321,-0.120465841510503,0.264708305065568));
#7357=CARTESIAN_POINT('',(-0.321,-0.112832360980894,0.254457722252248));
#7358=CARTESIAN_POINT('',(-0.321,-0.119075386113937,0.25367122374465));
#7359=CARTESIAN_POINT('',(-0.321,-0.113915588552353,0.253806853463113));
#7360=CARTESIAN_POINT('Origin',(-0.327813708498985,-0.031465841510503,0.249813708498985));
#7361=CARTESIAN_POINT('',(-0.322658294004208,-0.120465841510503,0.249871064415892));
#7362=CARTESIAN_POINT('',(-0.324294455738165,-0.120465841510503,0.246294455738165));
#7363=CARTESIAN_POINT('',(-0.326817766411647,-0.120465841510503,0.240778561640369));
#7364=CARTESIAN_POINT('',(-0.327813708498985,-0.031465841510503,0.249813708498985));
#7365=CARTESIAN_POINT('',(-0.309106827004304,-0.058085552352554,0.287352923574456));
#7366=CARTESIAN_POINT('Origin',(-0.342708305065568,-0.031465841510503,0.243));
#7367=CARTESIAN_POINT('',(-0.332457722252248,-0.112832360980894,0.243));
#7368=CARTESIAN_POINT('',(-0.342708305065568,-0.031465841510503,0.243));
#7369=CARTESIAN_POINT('',(-0.327871064415892,-0.120465841510503,0.244658294004208));
#7370=CARTESIAN_POINT('',(-0.318778561640368,-0.120465841510503,0.248817766411647));
#7371=CARTESIAN_POINT('',(-0.36980309275575,-0.050679227091138,0.229497880112178));
#7372=CARTESIAN_POINT('Origin',(-0.376,-0.120465841510503,0.243));
#7373=CARTESIAN_POINT('',(-0.376,-0.040365841510503,0.243));
#7374=CARTESIAN_POINT('',(-0.376,-0.120465841510503,0.243));
#7375=CARTESIAN_POINT('',(-0.340637948906,-0.099218177600078,0.243));
#7376=CARTESIAN_POINT('Origin',(-0.376,-0.120465841510503,0.225));
#7377=CARTESIAN_POINT('',(-0.376,-0.040365841510503,0.225));
#7378=CARTESIAN_POINT('',(-0.376,-0.120465841510503,0.225));
#7379=CARTESIAN_POINT('',(-0.376000000000001,-0.040365841510503,0.298));
#7380=CARTESIAN_POINT('Origin',(-0.376,-0.120465841510503,0.225));
#7381=CARTESIAN_POINT('',(-0.332457722252248,-0.112832360980894,0.225));
#7382=CARTESIAN_POINT('',(-0.332191343035464,-0.114946811458852,0.225));
#7383=CARTESIAN_POINT('',(-0.340637948906,-0.099218177600078,0.225));
#7384=CARTESIAN_POINT('Origin',(-0.342708305065568,-0.031465841510503,0.225));
#7385=CARTESIAN_POINT('',(-0.327871064415892,-0.120465841510503,0.223341705995792));
#7386=CARTESIAN_POINT('',(-0.324294455738165,-0.120465841510503,0.221705544261835));
#7387=CARTESIAN_POINT('',(-0.318778561640368,-0.120465841510503,0.219182233588353));
#7388=CARTESIAN_POINT('',(-0.327826304248229,-0.031147301820715,0.218173695751771));
#7389=CARTESIAN_POINT('',(-0.36980309275575,-0.050679227091138,0.238502119887822));
#7390=CARTESIAN_POINT('Origin',(-0.327813708498985,-0.031465841510503,0.218186291501015));
#7391=CARTESIAN_POINT('',(-0.322658294004208,-0.120465841510503,0.218128935584108));
#7392=CARTESIAN_POINT('',(-0.326817766411647,-0.120465841510503,0.227221438359631));
#7393=CARTESIAN_POINT('',(-0.309106827004304,-0.058085552352554,0.180647076425544));
#7394=CARTESIAN_POINT('Origin',(-0.312,-0.120465841510503,0.234));
#7395=CARTESIAN_POINT('',(-0.312,-0.120465841510503,0.218128935584108));
#7396=CARTESIAN_POINT('',(-0.327871064415892,-0.120465841510503,0.234));
#7397=CARTESIAN_POINT('',(-0.312,-0.120465841510503,0.249871064415892));
#7398=CARTESIAN_POINT('',(-0.296128935584108,-0.120465841510503,0.234));
#7399=CARTESIAN_POINT('Origin',(-0.398,-0.040365841510503,0.17));
#7400=CARTESIAN_POINT('Origin',(-0.376000000000001,-0.040365841510503,0.298));
#7401=CARTESIAN_POINT('Origin',(-0.248,-0.040365841510503,0.298));
#7402=CARTESIAN_POINT('Origin',(-0.248,-0.040365841510503,0.17));
#7403=CARTESIAN_POINT('Ctrl Pts',(-0.31201586738867,-0.326659859087703,
0.190999006566015));
#7404=CARTESIAN_POINT('Ctrl Pts',(-0.300639572758121,-0.328279270413053,
0.191556949192369));
#7405=CARTESIAN_POINT('Ctrl Pts',(-0.289904711018568,-0.329886367795091,
0.196792772436048));
#7406=CARTESIAN_POINT('Ctrl Pts',(-0.279009404578334,-0.33230586785587,
0.208988621719165));
#7407=CARTESIAN_POINT('Ctrl Pts',(-0.276233503696556,-0.33311211785587,
0.213736380573703));
#7408=CARTESIAN_POINT('Ctrl Pts',(-0.272743645480743,-0.33472461785587,
0.22382821295626));
#7409=CARTESIAN_POINT('Ctrl Pts',(-0.272030260616873,-0.33553086785587,
0.229167883223445));
#7410=CARTESIAN_POINT('Ctrl Pts',(-0.272691824814139,-0.337143367855869,
0.239604223820769));
#7411=CARTESIAN_POINT('Ctrl Pts',(-0.274065608180855,-0.33794961785587,
0.244696699129222));
#7412=CARTESIAN_POINT('Ctrl Pts',(-0.278606329479717,-0.33956211785587,
0.253870863513668));
#7413=CARTESIAN_POINT('Ctrl Pts',(-0.281770611956245,-0.340368367855869,
0.257949211609871));
#7414=CARTESIAN_POINT('Ctrl Pts',(-0.293115949743896,-0.342787117855872,
0.267797083814256));
#7415=CARTESIAN_POINT('Ctrl Pts',(-0.303162005629405,-0.344399617855867,
0.271020514488959));
#7416=CARTESIAN_POINT('Ctrl Pts',(-0.322251276533395,-0.347624617855873,
0.269528645559326));
#7417=CARTESIAN_POINT('Ctrl Pts',(-0.331174596722691,-0.349237117855865,
0.264850592030011));
#7418=CARTESIAN_POINT('Ctrl Pts',(-0.342936501522015,-0.352462117855874,
0.250877901297443));
#7419=CARTESIAN_POINT('Ctrl Pts',(-0.34572103751547,-0.354074617855867,
0.241690619136536));
#7420=CARTESIAN_POINT('Ctrl Pts',(-0.344095035812622,-0.357299617855873,
0.224385897703238));
#7421=CARTESIAN_POINT('Ctrl Pts',(-0.339722583423933,-0.358912117855872,
0.216376821426212));
#7422=CARTESIAN_POINT('Ctrl Pts',(-0.326929419607317,-0.362137117855868,
0.205959661547641));
#7423=CARTESIAN_POINT('Ctrl Pts',(-0.318608422490544,-0.363749617855868,
0.203596955366161));
#7424=CARTESIAN_POINT('Ctrl Pts',(-0.303088884836428,-0.366974617855871,
0.205322477515808));
#7425=CARTESIAN_POINT('Ctrl Pts',(-0.295987171372128,-0.368587117855871,
0.209372002489357));
#7426=CARTESIAN_POINT('Ctrl Pts',(-0.286890551956502,-0.371812117855869,
0.220960894868697));
#7427=CARTESIAN_POINT('Ctrl Pts',(-0.284932506878993,-0.373424617855867,
0.228408346885165));
#7428=CARTESIAN_POINT('Ctrl Pts',(-0.286722939126391,-0.376649617855873,
0.242142571283351));
#7429=CARTESIAN_POINT('Ctrl Pts',(-0.290432316282804,-0.378262117855871,
0.248344053435684));
#7430=CARTESIAN_POINT('Ctrl Pts',(-0.300792553347096,-0.381487117855869,
0.256144690071377));
#7431=CARTESIAN_POINT('Ctrl Pts',(-0.307359452781731,-0.383099617855874,
0.257715343303036));
#7432=CARTESIAN_POINT('Ctrl Pts',(-0.319308739158211,-0.386324617855866,
0.255894602796006));
#7433=CARTESIAN_POINT('Ctrl Pts',(-0.324617370481077,-0.387937117855873,
0.252542484738038));
#7434=CARTESIAN_POINT('Ctrl Pts',(-0.331146930516141,-0.391162117855867,
0.243434921721637));
#7435=CARTESIAN_POINT('Ctrl Pts',(-0.33234755839596,-0.392774617855868,
0.237755328500698));
#7436=CARTESIAN_POINT('Ctrl Pts',(-0.330531096439101,-0.395999617855872,
0.227590100401154));
#7437=CARTESIAN_POINT('Ctrl Pts',(-0.327553236396295,-0.397612117855869,
0.223166691909881));
#7438=CARTESIAN_POINT('Ctrl Pts',(-0.319721996585317,-0.400837117855871,
0.217882958567727));
#7439=CARTESIAN_POINT('Ctrl Pts',(-0.314937990401363,-0.402448936303751,
0.217034514854975));
#7440=CARTESIAN_POINT('Ctrl Pts',(-0.310744931220165,-0.40406211785587,
0.217923704716504));
#7441=CARTESIAN_POINT('Ctrl Pts',(-0.312008191386441,-0.314640504194959,
0.211817135061762));
#7442=CARTESIAN_POINT('Ctrl Pts',(-0.306135176002929,-0.316261081131931,
0.21237759790479));
#7443=CARTESIAN_POINT('Ctrl Pts',(-0.300836244509255,-0.317867014526647,
0.215339955003805));
#7444=CARTESIAN_POINT('Ctrl Pts',(-0.295730962607499,-0.320286514587426,
0.221689114686306));
#7445=CARTESIAN_POINT('Ctrl Pts',(-0.294493845791549,-0.321092764587426,
0.224103295785776));
#7446=CARTESIAN_POINT('Ctrl Pts',(-0.293065547208146,-0.322705264587426,
0.229113412538329));
#7447=CARTESIAN_POINT('Ctrl Pts',(-0.292874107460773,-0.323511514587427,
0.231706991943511));
#7448=CARTESIAN_POINT('Ctrl Pts',(-0.293482264520864,-0.325124014587426,
0.236659628577737));
#7449=CARTESIAN_POINT('Ctrl Pts',(-0.294280717132445,-0.325930264587426,
0.239016699629464));
#7450=CARTESIAN_POINT('Ctrl Pts',(-0.296661295119669,-0.327542764587426,
0.243150264650636));
#7451=CARTESIAN_POINT('Ctrl Pts',(-0.29824163509205,-0.328349014587425,
0.244925447906827));
#7452=CARTESIAN_POINT('Ctrl Pts',(-0.303686002815686,-0.330767764587428,
0.249042287156691));
#7453=CARTESIAN_POINT('Ctrl Pts',(-0.308239461959752,-0.332380264587423,
0.250099523693583));
#7454=CARTESIAN_POINT('Ctrl Pts',(-0.316362885615951,-0.335605264587429,
0.248821273175312));
#7455=CARTESIAN_POINT('Ctrl Pts',(-0.319882140426812,-0.337217764587422,
0.246521684578784));
#7456=CARTESIAN_POINT('Ctrl Pts',(-0.324079654947842,-0.340442764587431,
0.240490998254281));
#7457=CARTESIAN_POINT('Ctrl Pts',(-0.324751590617281,-0.342055264587423,
0.23681714880488));
#7458=CARTESIAN_POINT('Ctrl Pts',(-0.323445991192577,-0.345280264587429,
0.2304756737721));
#7459=CARTESIAN_POINT('Ctrl Pts',(-0.321504520151466,-0.346892764587428,
0.227847243625603));
#7460=CARTESIAN_POINT('Ctrl Pts',(-0.316726651703971,-0.350117764587424,
0.224916769500658));
#7461=CARTESIAN_POINT('Ctrl Pts',(-0.313939400460029,-0.351730264587425,
0.224612869488869));
#7462=CARTESIAN_POINT('Ctrl Pts',(-0.309379468392343,-0.354955264587428,
0.225911235896547));
#7463=CARTESIAN_POINT('Ctrl Pts',(-0.307634471605941,-0.356567764587427,
0.22747749360134));
#7464=CARTESIAN_POINT('Ctrl Pts',(-0.305946123223406,-0.359792764587425,
0.230978560007573));
#7465=CARTESIAN_POINT('Ctrl Pts',(-0.305992894936809,-0.361405264587423,
0.232872477667328));
#7466=CARTESIAN_POINT('Ctrl Pts',(-0.307249458514282,-0.364630264587429,
0.235651776986458));
#7467=CARTESIAN_POINT('Ctrl Pts',(-0.308423517893299,-0.366242764587427,
0.236520979783597));
#7468=CARTESIAN_POINT('Ctrl Pts',(-0.310624165689449,-0.369467764587425,
0.236992462923552));
#7469=CARTESIAN_POINT('Ctrl Pts',(-0.311618268741087,-0.37108026458743,
0.236612478824419));
#7470=CARTESIAN_POINT('Ctrl Pts',(-0.312618349916027,-0.374305264587422,
0.235432269244659));
#7471=CARTESIAN_POINT('Ctrl Pts',(-0.312619644648246,-0.375917764587429,
0.234667279192913));
#7472=CARTESIAN_POINT('Ctrl Pts',(-0.311899864137849,-0.379142764587423,
0.233790294498674));
#7473=CARTESIAN_POINT('Ctrl Pts',(-0.31120421905184,-0.380755264587424,
0.233702231572166));
#7474=CARTESIAN_POINT('Ctrl Pts',(-0.310134889467954,-0.383980264587428,
0.234479449755252));
#7475=CARTESIAN_POINT('Ctrl Pts',(-0.309795722593297,-0.385592764587425,
0.235337932211548));
#7476=CARTESIAN_POINT('Ctrl Pts',(-0.310265268955135,-0.388817764587427,
0.237223038440187));
#7477=CARTESIAN_POINT('Ctrl Pts',(-0.311082703708549,-0.390422040741986,
0.238214344281441));
#7478=CARTESIAN_POINT('Ctrl Pts',(-0.312365262500508,-0.392042764587426,
0.238678682083798));
#7479=CARTESIAN_POINT('Ctrl Pts',(-0.312,-0.326661995356657,0.191));
#7480=CARTESIAN_POINT('Ctrl Pts',(-0.30062964748609,-0.328280642327357,
0.191562030660643));
#7481=CARTESIAN_POINT('Ctrl Pts',(-0.289901444833231,-0.329886995356657,
0.196796742240042));
#7482=CARTESIAN_POINT('Ctrl Pts',(-0.279009575001622,-0.332305745356657,
0.208988751160439));
#7483=CARTESIAN_POINT('Ctrl Pts',(-0.27623368980287,-0.333111995356657,
0.213736486231547));
#7484=CARTESIAN_POINT('Ctrl Pts',(-0.272743852598125,-0.334724495356657,
0.223828266822119));
#7485=CARTESIAN_POINT('Ctrl Pts',(-0.272030473053831,-0.335530745356657,
0.229167909101611));
#7486=CARTESIAN_POINT('Ctrl Pts',(-0.27269203670678,-0.337143245356656,
0.239604193809953));
#7487=CARTESIAN_POINT('Ctrl Pts',(-0.274065814209822,-0.337949495356657,
0.244696641239629));
#7488=CARTESIAN_POINT('Ctrl Pts',(-0.278606513492869,-0.339561995356657,
0.25387075425114));
#7489=CARTESIAN_POINT('Ctrl Pts',(-0.281770779826124,-0.340368245356656,
0.257949078873876));
#7490=CARTESIAN_POINT('Ctrl Pts',(-0.293116057472087,-0.342786995356659,
0.267796892668544));
#7491=CARTESIAN_POINT('Ctrl Pts',(-0.30316205737798,-0.344399495356654,
0.271020301265764));
#7492=CARTESIAN_POINT('Ctrl Pts',(-0.322251216519912,-0.34762449535666,
0.269528434513293));
#7493=CARTESIAN_POINT('Ctrl Pts',(-0.331174481631889,-0.349236995356652,
0.264850405224889));
#7494=CARTESIAN_POINT('Ctrl Pts',(-0.342936309336228,-0.352461995356661,
0.250877795435886));
#7495=CARTESIAN_POINT('Ctrl Pts',(-0.345720823798418,-0.354074495356654,
0.241690569466952));
#7496=CARTESIAN_POINT('Ctrl Pts',(-0.344094825361056,-0.35729949535666,
0.224385959769204));
#7497=CARTESIAN_POINT('Ctrl Pts',(-0.339722397748517,-0.358911995356659,
0.216376938330813));
#7498=CARTESIAN_POINT('Ctrl Pts',(-0.326929315622434,-0.362136995356655,
0.205959854755275));
#7499=CARTESIAN_POINT('Ctrl Pts',(-0.318608374904662,-0.363749495356655,
0.203597169556799));
#7500=CARTESIAN_POINT('Ctrl Pts',(-0.30308894894899,-0.366974495356658,
0.205322687352947));
#7501=CARTESIAN_POINT('Ctrl Pts',(-0.29598729007944,-0.368586995356658,
0.209372187017456));
#7502=CARTESIAN_POINT('Ctrl Pts',(-0.286890746167658,-0.371811995356656,
0.220960996967044));
#7503=CARTESIAN_POINT('Ctrl Pts',(-0.284932721522902,-0.373424495356654,
0.22840839238283));
#7504=CARTESIAN_POINT('Ctrl Pts',(-0.286723148329201,-0.37664949535666,
0.242142505130274));
#7505=CARTESIAN_POINT('Ctrl Pts',(-0.290432499646084,-0.378261995356658,
0.24834393293692));
#7506=CARTESIAN_POINT('Ctrl Pts',(-0.297203650827225,-0.380369778963284,
0.253442195441051));
#7507=CARTESIAN_POINT('Ctrl Pts',(-0.298925556323858,-0.380865062569912,
0.254420391649161));
#7508=CARTESIAN_POINT('Ctrl Pts',(-0.300720945773973,-0.38136034617654,
0.255174416688897));
#7509=CARTESIAN_POINT('',(-0.312,-0.326661995356657,0.191));
#7510=CARTESIAN_POINT('Ctrl Pts',(-0.312037230342498,-0.343478646314433,
0.211814383887503));
#7511=CARTESIAN_POINT('Ctrl Pts',(-0.306152645282155,-0.345101942188383,
0.212367838067348));
#7512=CARTESIAN_POINT('Ctrl Pts',(-0.300841854014064,-0.346710509910939,
0.215332978769689));
#7513=CARTESIAN_POINT('Ctrl Pts',(-0.295730962607499,-0.34913266843358,
0.221689114686306));
#7514=CARTESIAN_POINT('Ctrl Pts',(-0.294493845791549,-0.34993891843358,
0.224103295785776));
#7515=CARTESIAN_POINT('Ctrl Pts',(-0.293065547208146,-0.35155141843358,
0.229113412538329));
#7516=CARTESIAN_POINT('Ctrl Pts',(-0.292874107460773,-0.35235766843358,
0.231706991943511));
#7517=CARTESIAN_POINT('Ctrl Pts',(-0.293482264520864,-0.353970168433579,
0.236659628577737));
#7518=CARTESIAN_POINT('Ctrl Pts',(-0.294280717132445,-0.35477641843358,
0.239016699629464));
#7519=CARTESIAN_POINT('Ctrl Pts',(-0.296661295119669,-0.35638891843358,
0.243150264650636));
#7520=CARTESIAN_POINT('Ctrl Pts',(-0.298241635092051,-0.357195168433579,
0.244925447906827));
#7521=CARTESIAN_POINT('Ctrl Pts',(-0.303686002815685,-0.359613918433581,
0.249042287156691));
#7522=CARTESIAN_POINT('Ctrl Pts',(-0.308239461959752,-0.361226418433577,
0.250099523693583));
#7523=CARTESIAN_POINT('Ctrl Pts',(-0.316362885615951,-0.364451418433583,
0.248821273175312));
#7524=CARTESIAN_POINT('Ctrl Pts',(-0.319882140426812,-0.366063918433575,
0.246521684578784));
#7525=CARTESIAN_POINT('Ctrl Pts',(-0.324079654947842,-0.369288918433584,
0.240490998254281));
#7526=CARTESIAN_POINT('Ctrl Pts',(-0.324751590617281,-0.370901418433577,
0.23681714880488));
#7527=CARTESIAN_POINT('Ctrl Pts',(-0.323445991192577,-0.374126418433583,
0.2304756737721));
#7528=CARTESIAN_POINT('Ctrl Pts',(-0.321504520151466,-0.375738918433582,
0.227847243625604));
#7529=CARTESIAN_POINT('Ctrl Pts',(-0.316726651703971,-0.378963918433578,
0.224916769500658));
#7530=CARTESIAN_POINT('Ctrl Pts',(-0.313939400460029,-0.380576418433578,
0.224612869488869));
#7531=CARTESIAN_POINT('Ctrl Pts',(-0.309379468392343,-0.383801418433581,
0.225911235896547));
#7532=CARTESIAN_POINT('Ctrl Pts',(-0.307634471605941,-0.385413918433582,
0.22747749360134));
#7533=CARTESIAN_POINT('Ctrl Pts',(-0.305946123223406,-0.388638918433577,
0.230978560007573));
#7534=CARTESIAN_POINT('Ctrl Pts',(-0.305992894936809,-0.390251418433577,
0.232872477667328));
#7535=CARTESIAN_POINT('Ctrl Pts',(-0.307249458514282,-0.393476418433583,
0.235651776986458));
#7536=CARTESIAN_POINT('Ctrl Pts',(-0.308423517893299,-0.395088918433581,
0.236520979783597));
#7537=CARTESIAN_POINT('Ctrl Pts',(-0.310624165689449,-0.398313918433578,
0.236992462923552));
#7538=CARTESIAN_POINT('Ctrl Pts',(-0.311618268741087,-0.399926418433584,
0.236612478824419));
#7539=CARTESIAN_POINT('Ctrl Pts',(-0.312618349916027,-0.403151418433575,
0.235432269244659));
#7540=CARTESIAN_POINT('Ctrl Pts',(-0.312619644648246,-0.404763918433583,
0.234667279192913));
#7541=CARTESIAN_POINT('Ctrl Pts',(-0.311899864137849,-0.407988918433576,
0.233790294498674));
#7542=CARTESIAN_POINT('Ctrl Pts',(-0.31120421905184,-0.409601418433578,
0.233702231572166));
#7543=CARTESIAN_POINT('Ctrl Pts',(-0.310134889467954,-0.412826418433581,
0.234479449755252));
#7544=CARTESIAN_POINT('Ctrl Pts',(-0.309795722593297,-0.414438918433579,
0.235337932211548));
#7545=CARTESIAN_POINT('Ctrl Pts',(-0.310265268955135,-0.417663918433581,
0.237223038440187));
#7546=CARTESIAN_POINT('Ctrl Pts',(-0.311082703708548,-0.41926819458814,
0.238214344281441));
#7547=CARTESIAN_POINT('Ctrl Pts',(-0.312365262500508,-0.42088891843358,
0.238678682083798));
#7548=CARTESIAN_POINT('Ctrl Pts',(-0.312072112960578,-0.331459422950827,
0.190996498569979));
#7549=CARTESIAN_POINT('Ctrl Pts',(-0.300675017794688,-0.33308154360432,
0.191539913191031));
#7550=CARTESIAN_POINT('Ctrl Pts',(-0.289916793746893,-0.334691279141708,
0.19677956115955));
#7551=CARTESIAN_POINT('Ctrl Pts',(-0.279009575001622,-0.337113437664349,
0.208988751160439));
#7552=CARTESIAN_POINT('Ctrl Pts',(-0.27623368980287,-0.337919687664349,
0.213736486231547));
#7553=CARTESIAN_POINT('Ctrl Pts',(-0.272743852598125,-0.339532187664349,
0.223828266822119));
#7554=CARTESIAN_POINT('Ctrl Pts',(-0.272030473053831,-0.34033843766435,
0.229167909101611));
#7555=CARTESIAN_POINT('Ctrl Pts',(-0.27269203670678,-0.341950937664349,
0.239604193809953));
#7556=CARTESIAN_POINT('Ctrl Pts',(-0.274065814209822,-0.342757187664349,
0.244696641239629));
#7557=CARTESIAN_POINT('Ctrl Pts',(-0.278606513492869,-0.344369687664349,
0.25387075425114));
#7558=CARTESIAN_POINT('Ctrl Pts',(-0.281770779826124,-0.345175937664348,
0.257949078873876));
#7559=CARTESIAN_POINT('Ctrl Pts',(-0.293116057472087,-0.347594687664351,
0.267796892668544));
#7560=CARTESIAN_POINT('Ctrl Pts',(-0.30316205737798,-0.349207187664346,
0.271020301265764));
#7561=CARTESIAN_POINT('Ctrl Pts',(-0.322251216519912,-0.352432187664352,
0.269528434513293));
#7562=CARTESIAN_POINT('Ctrl Pts',(-0.331174481631889,-0.354044687664345,
0.264850405224889));
#7563=CARTESIAN_POINT('Ctrl Pts',(-0.342936309336228,-0.357269687664354,
0.250877795435886));
#7564=CARTESIAN_POINT('Ctrl Pts',(-0.345720823798418,-0.358882187664346,
0.241690569466952));
#7565=CARTESIAN_POINT('Ctrl Pts',(-0.344094825361056,-0.362107187664352,
0.224385959769204));
#7566=CARTESIAN_POINT('Ctrl Pts',(-0.339722397748517,-0.363719687664351,
0.216376938330813));
#7567=CARTESIAN_POINT('Ctrl Pts',(-0.326929315622434,-0.366944687664347,
0.205959854755275));
#7568=CARTESIAN_POINT('Ctrl Pts',(-0.318608374904662,-0.368557187664348,
0.203597169556799));
#7569=CARTESIAN_POINT('Ctrl Pts',(-0.30308894894899,-0.37178218766435,0.205322687352947));
#7570=CARTESIAN_POINT('Ctrl Pts',(-0.29598729007944,-0.373394687664352,
0.209372187017456));
#7571=CARTESIAN_POINT('Ctrl Pts',(-0.286890746167658,-0.376619687664346,
0.220960996967044));
#7572=CARTESIAN_POINT('Ctrl Pts',(-0.284932721522902,-0.378232187664346,
0.22840839238283));
#7573=CARTESIAN_POINT('Ctrl Pts',(-0.286723148329201,-0.381457187664352,
0.242142505130274));
#7574=CARTESIAN_POINT('Ctrl Pts',(-0.290432499646084,-0.38306968766435,
0.24834393293692));
#7575=CARTESIAN_POINT('Ctrl Pts',(-0.300792653549224,-0.386294687664348,
0.256144494875121));
#7576=CARTESIAN_POINT('Ctrl Pts',(-0.307359496186862,-0.387907187664353,
0.257715128226214));
#7577=CARTESIAN_POINT('Ctrl Pts',(-0.319308670970897,-0.391132187664345,
0.255894394247367));
#7578=CARTESIAN_POINT('Ctrl Pts',(-0.324617248202287,-0.392744687664352,
0.25254230255697));
#7579=CARTESIAN_POINT('Ctrl Pts',(-0.331146734353299,-0.395969687664346,
0.24343482342523));
#7580=CARTESIAN_POINT('Ctrl Pts',(-0.332347342906625,-0.397582187664347,
0.23775528719222));
#7581=CARTESIAN_POINT('Ctrl Pts',(-0.330530888564414,-0.400807187664351,
0.227590170616236));
#7582=CARTESIAN_POINT('Ctrl Pts',(-0.327553055414721,-0.402419687664348,
0.223166815957101));
#7583=CARTESIAN_POINT('Ctrl Pts',(-0.31972190020395,-0.40564468766435,0.217883155678546));
#7584=CARTESIAN_POINT('Ctrl Pts',(-0.314937951108934,-0.40725650603536,
0.21703473071621));
#7585=CARTESIAN_POINT('Ctrl Pts',(-0.310744947734307,-0.408869687664349,
0.217923916247719));
#7586=CARTESIAN_POINT('',(-0.312,-0.341114126742166,0.207704658493282));
#7587=CARTESIAN_POINT('Ctrl Pts',(-0.312,-0.331469687664349,0.191));
#7588=CARTESIAN_POINT('Ctrl Pts',(-0.30062964748609,-0.333088334635049,
0.191562030660643));
#7589=CARTESIAN_POINT('Ctrl Pts',(-0.289901444833231,-0.334694687664349,
0.196796742240042));
#7590=CARTESIAN_POINT('Ctrl Pts',(-0.279009575001622,-0.337113437664349,
0.208988751160439));
#7591=CARTESIAN_POINT('Ctrl Pts',(-0.27623368980287,-0.337919687664349,
0.213736486231547));
#7592=CARTESIAN_POINT('Ctrl Pts',(-0.272743852598125,-0.339532187664349,
0.223828266822119));
#7593=CARTESIAN_POINT('Ctrl Pts',(-0.272030473053831,-0.34033843766435,
0.229167909101611));
#7594=CARTESIAN_POINT('Ctrl Pts',(-0.27269203670678,-0.341950937664349,
0.239604193809953));
#7595=CARTESIAN_POINT('Ctrl Pts',(-0.274065814209822,-0.342757187664349,
0.244696641239629));
#7596=CARTESIAN_POINT('Ctrl Pts',(-0.278606513492869,-0.344369687664349,
0.25387075425114));
#7597=CARTESIAN_POINT('Ctrl Pts',(-0.281770779826124,-0.345175937664348,
0.257949078873876));
#7598=CARTESIAN_POINT('Ctrl Pts',(-0.293116057472087,-0.347594687664351,
0.267796892668544));
#7599=CARTESIAN_POINT('Ctrl Pts',(-0.30316205737798,-0.349207187664346,
0.271020301265764));
#7600=CARTESIAN_POINT('Ctrl Pts',(-0.322251216519912,-0.352432187664352,
0.269528434513293));
#7601=CARTESIAN_POINT('Ctrl Pts',(-0.331174481631889,-0.354044687664345,
0.264850405224889));
#7602=CARTESIAN_POINT('Ctrl Pts',(-0.342936309336228,-0.357269687664354,
0.250877795435886));
#7603=CARTESIAN_POINT('Ctrl Pts',(-0.345720823798418,-0.358882187664346,
0.241690569466952));
#7604=CARTESIAN_POINT('Ctrl Pts',(-0.344094825361056,-0.362107187664352,
0.224385959769204));
#7605=CARTESIAN_POINT('Ctrl Pts',(-0.339722397748517,-0.363719687664351,
0.216376938330813));
#7606=CARTESIAN_POINT('Ctrl Pts',(-0.326929315622434,-0.366944687664347,
0.205959854755275));
#7607=CARTESIAN_POINT('Ctrl Pts',(-0.318608374904662,-0.368557187664348,
0.203597169556799));
#7608=CARTESIAN_POINT('Ctrl Pts',(-0.30308894894899,-0.37178218766435,0.205322687352947));
#7609=CARTESIAN_POINT('Ctrl Pts',(-0.29598729007944,-0.373394687664352,
0.209372187017456));
#7610=CARTESIAN_POINT('Ctrl Pts',(-0.287042882195899,-0.376565750840006,
0.220767178794465));
#7611=CARTESIAN_POINT('Ctrl Pts',(-0.285066608307328,-0.378124314015665,
0.227912023089747));
#7612=CARTESIAN_POINT('Ctrl Pts',(-0.285747669608678,-0.37968287719136,
0.234584491913708));
#7613=CARTESIAN_POINT('Ctrl Pts',(-0.312,-0.326661995356657,0.191));
#7614=CARTESIAN_POINT('Ctrl Pts',(-0.329811183182043,-0.324258149202811,
0.191));
#7615=CARTESIAN_POINT('Ctrl Pts',(-0.342405591591021,-0.321854303048965,
0.203594408408979));
#7616=CARTESIAN_POINT('Ctrl Pts',(-0.355,-0.319450456895119,0.216188816817957));
#7617=CARTESIAN_POINT('Ctrl Pts',(-0.355,-0.317046610741272,0.234));
#7618=CARTESIAN_POINT('Ctrl Pts',(-0.355,-0.314642764587426,0.251811183182043));
#7619=CARTESIAN_POINT('Ctrl Pts',(-0.342405591591021,-0.31223891843358,
0.264405591591021));
#7620=CARTESIAN_POINT('Ctrl Pts',(-0.329811183182043,-0.309835072279734,
0.277));
#7621=CARTESIAN_POINT('Ctrl Pts',(-0.312,-0.307431226125888,0.277));
#7622=CARTESIAN_POINT('Ctrl Pts',(-0.294188816817957,-0.305027379972042,
0.277));
#7623=CARTESIAN_POINT('Ctrl Pts',(-0.281594408408979,-0.302623533818196,
0.264405591591021));
#7624=CARTESIAN_POINT('Ctrl Pts',(-0.269,-0.30021968766435,0.251811183182043));
#7625=CARTESIAN_POINT('Ctrl Pts',(-0.269,-0.297815841510503,0.234));
#7626=CARTESIAN_POINT('Ctrl Pts',(-0.269,-0.295411995356657,0.216188816817957));
#7627=CARTESIAN_POINT('Ctrl Pts',(-0.281594408408979,-0.293008149202811,
0.203594408408979));
#7628=CARTESIAN_POINT('Ctrl Pts',(-0.294188816817957,-0.290604303048965,
0.191));
#7629=CARTESIAN_POINT('Ctrl Pts',(-0.312,-0.288200456895119,0.191));
#7630=CARTESIAN_POINT('Ctrl Pts',(-0.329811183182043,-0.285796610741273,
0.191));
#7631=CARTESIAN_POINT('Ctrl Pts',(-0.342405591591021,-0.283392764587427,
0.203594408408979));
#7632=CARTESIAN_POINT('Ctrl Pts',(-0.355,-0.280988918433581,0.216188816817957));
#7633=CARTESIAN_POINT('Ctrl Pts',(-0.355,-0.278585072279734,0.234));
#7634=CARTESIAN_POINT('Ctrl Pts',(-0.355,-0.276181226125888,0.251811183182043));
#7635=CARTESIAN_POINT('Ctrl Pts',(-0.342405591591021,-0.273777379972042,
0.264405591591021));
#7636=CARTESIAN_POINT('Ctrl Pts',(-0.329811183182043,-0.271373533818196,
0.277));
#7637=CARTESIAN_POINT('Ctrl Pts',(-0.312,-0.26896968766435,0.277));
#7638=CARTESIAN_POINT('Ctrl Pts',(-0.294188816817957,-0.266565841510504,
0.277));
#7639=CARTESIAN_POINT('Ctrl Pts',(-0.281594408408979,-0.264161995356658,
0.264405591591021));
#7640=CARTESIAN_POINT('Ctrl Pts',(-0.269,-0.261758149202812,0.251811183182043));
#7641=CARTESIAN_POINT('Ctrl Pts',(-0.269,-0.259354303048965,0.234));
#7642=CARTESIAN_POINT('Ctrl Pts',(-0.269,-0.256950456895119,0.216188816817957));
#7643=CARTESIAN_POINT('Ctrl Pts',(-0.281594408408979,-0.254546610741273,
0.203594408408979));
#7644=CARTESIAN_POINT('Ctrl Pts',(-0.294188816817957,-0.252142764587427,
0.191));
#7645=CARTESIAN_POINT('Ctrl Pts',(-0.312,-0.249738918433581,0.191));
#7646=CARTESIAN_POINT('Ctrl Pts',(-0.329811183182043,-0.247335072279735,
0.191));
#7647=CARTESIAN_POINT('Ctrl Pts',(-0.342405591591021,-0.244931226125889,
0.203594408408979));
#7648=CARTESIAN_POINT('Ctrl Pts',(-0.355,-0.242527379972043,0.216188816817957));
#7649=CARTESIAN_POINT('Ctrl Pts',(-0.355,-0.240123533818197,0.234));
#7650=CARTESIAN_POINT('Ctrl Pts',(-0.355,-0.23771968766435,0.251811183182043));
#7651=CARTESIAN_POINT('Ctrl Pts',(-0.342405591591021,-0.235315841510504,
0.264405591591021));
#7652=CARTESIAN_POINT('Ctrl Pts',(-0.329811183182043,-0.232911995356658,
0.277));
#7653=CARTESIAN_POINT('Ctrl Pts',(-0.312,-0.230508149202812,0.277));
#7654=CARTESIAN_POINT('Ctrl Pts',(-0.294188816817957,-0.228104303048966,
0.277));
#7655=CARTESIAN_POINT('Ctrl Pts',(-0.281594408408979,-0.22570045689512,
0.264405591591021));
#7656=CARTESIAN_POINT('Ctrl Pts',(-0.269,-0.223296610741274,0.251811183182043));
#7657=CARTESIAN_POINT('Ctrl Pts',(-0.269,-0.220892764587427,0.234));
#7658=CARTESIAN_POINT('Ctrl Pts',(-0.269,-0.218488918433581,0.216188816817957));
#7659=CARTESIAN_POINT('Ctrl Pts',(-0.281594408408979,-0.216085072279735,
0.203594408408979));
#7660=CARTESIAN_POINT('Ctrl Pts',(-0.294188816817957,-0.213681226125889,
0.191));
#7661=CARTESIAN_POINT('Ctrl Pts',(-0.312,-0.211277379972043,0.191));
#7662=CARTESIAN_POINT('Ctrl Pts',(-0.329811183182043,-0.208873533818197,
0.191));
#7663=CARTESIAN_POINT('Ctrl Pts',(-0.342405591591021,-0.206469687664351,
0.203594408408979));
#7664=CARTESIAN_POINT('Ctrl Pts',(-0.355,-0.204065841510505,0.216188816817957));
#7665=CARTESIAN_POINT('Ctrl Pts',(-0.355,-0.201661995356658,0.234));
#7666=CARTESIAN_POINT('Ctrl Pts',(-0.355,-0.199258149202812,0.251811183182043));
#7667=CARTESIAN_POINT('Ctrl Pts',(-0.342405591591021,-0.196854303048966,
0.264405591591021));
#7668=CARTESIAN_POINT('Ctrl Pts',(-0.329811183182043,-0.19445045689512,
0.277));
#7669=CARTESIAN_POINT('Ctrl Pts',(-0.312,-0.192046610741274,0.277));
#7670=CARTESIAN_POINT('Ctrl Pts',(-0.294188816817957,-0.189642764587428,
0.277));
#7671=CARTESIAN_POINT('Ctrl Pts',(-0.281594408408979,-0.187238918433582,
0.264405591591021));
#7672=CARTESIAN_POINT('Ctrl Pts',(-0.269,-0.184835072279736,0.251811183182043));
#7673=CARTESIAN_POINT('Ctrl Pts',(-0.269,-0.182431226125889,0.234));
#7674=CARTESIAN_POINT('Ctrl Pts',(-0.269,-0.180027379972043,0.216188816817957));
#7675=CARTESIAN_POINT('Ctrl Pts',(-0.281594408408979,-0.177623533818197,
0.203594408408979));
#7676=CARTESIAN_POINT('Ctrl Pts',(-0.294188816817957,-0.175219687664351,
0.191));
#7677=CARTESIAN_POINT('Ctrl Pts',(-0.312,-0.172815841510505,0.191));
#7678=CARTESIAN_POINT('Ctrl Pts',(-0.329811183182043,-0.170411995356659,
0.191));
#7679=CARTESIAN_POINT('Ctrl Pts',(-0.342405591591021,-0.168008149202813,
0.203594408408979));
#7680=CARTESIAN_POINT('Ctrl Pts',(-0.355,-0.165604303048967,0.216188816817957));
#7681=CARTESIAN_POINT('Ctrl Pts',(-0.355,-0.16320045689512,0.234));
#7682=CARTESIAN_POINT('Ctrl Pts',(-0.355,-0.160796610741274,0.251811183182043));
#7683=CARTESIAN_POINT('Ctrl Pts',(-0.342405591591021,-0.158392764587428,
0.264405591591021));
#7684=CARTESIAN_POINT('Ctrl Pts',(-0.329811183182043,-0.155988918433582,
0.277));
#7685=CARTESIAN_POINT('Ctrl Pts',(-0.312,-0.153585072279736,0.277));
#7686=CARTESIAN_POINT('Ctrl Pts',(-0.294188816817957,-0.15118122612589,
0.277));
#7687=CARTESIAN_POINT('Ctrl Pts',(-0.281594408408979,-0.148777379972044,
0.264405591591021));
#7688=CARTESIAN_POINT('Ctrl Pts',(-0.269,-0.146373533818198,0.251811183182043));
#7689=CARTESIAN_POINT('Ctrl Pts',(-0.269,-0.143969687664352,0.234));
#7690=CARTESIAN_POINT('Ctrl Pts',(-0.269,-0.141565841510505,0.216188816817957));
#7691=CARTESIAN_POINT('Ctrl Pts',(-0.281594408408979,-0.139161995356659,
0.203594408408979));
#7692=CARTESIAN_POINT('Ctrl Pts',(-0.294188816817957,-0.136758149202813,
0.191));
#7693=CARTESIAN_POINT('Ctrl Pts',(-0.312,-0.134354303048967,0.191));
#7694=CARTESIAN_POINT('Ctrl Pts',(-0.329811183182043,-0.131950456895121,
0.191));
#7695=CARTESIAN_POINT('Ctrl Pts',(-0.342405591591021,-0.129546610741275,
0.203594408408979));
#7696=CARTESIAN_POINT('Ctrl Pts',(-0.355,-0.127142764587429,0.216188816817957));
#7697=CARTESIAN_POINT('Ctrl Pts',(-0.355,-0.124738918433583,0.234));
#7698=CARTESIAN_POINT('Ctrl Pts',(-0.355,-0.122335072279736,0.251811183182043));
#7699=CARTESIAN_POINT('Ctrl Pts',(-0.342405591591021,-0.11993122612589,
0.264405591591021));
#7700=CARTESIAN_POINT('Ctrl Pts',(-0.331178505163005,-0.117788355444513,
0.275632678019038));
#7701=CARTESIAN_POINT('Ctrl Pts',(-0.315349242978996,-0.115582859705443,
0.276869366352532));
#7702=CARTESIAN_POINT('Ctrl Pts',(-0.312,-0.314642764587426,0.211817918360203));
#7703=CARTESIAN_POINT('Ctrl Pts',(-0.321188119056871,-0.31223891843358,
0.211817918360203));
#7704=CARTESIAN_POINT('Ctrl Pts',(-0.327685100348334,-0.309835072279734,
0.218314899651666));
#7705=CARTESIAN_POINT('Ctrl Pts',(-0.334182081639797,-0.307431226125888,
0.224811880943129));
#7706=CARTESIAN_POINT('Ctrl Pts',(-0.334182081639797,-0.305027379972042,
0.234));
#7707=CARTESIAN_POINT('Ctrl Pts',(-0.334182081639797,-0.302623533818196,
0.243188119056871));
#7708=CARTESIAN_POINT('Ctrl Pts',(-0.327685100348334,-0.300219687664349,
0.249685100348334));
#7709=CARTESIAN_POINT('Ctrl Pts',(-0.321188119056871,-0.297815841510503,
0.256182081639797));
#7710=CARTESIAN_POINT('Ctrl Pts',(-0.312,-0.295411995356657,0.256182081639797));
#7711=CARTESIAN_POINT('Ctrl Pts',(-0.302811880943129,-0.293008149202811,
0.256182081639797));
#7712=CARTESIAN_POINT('Ctrl Pts',(-0.296314899651666,-0.290604303048965,
0.249685100348334));
#7713=CARTESIAN_POINT('Ctrl Pts',(-0.289817918360203,-0.288200456895119,
0.243188119056871));
#7714=CARTESIAN_POINT('Ctrl Pts',(-0.289817918360203,-0.285796610741273,
0.234));
#7715=CARTESIAN_POINT('Ctrl Pts',(-0.289817918360203,-0.283392764587427,
0.224811880943129));
#7716=CARTESIAN_POINT('Ctrl Pts',(-0.296314899651666,-0.28098891843358,
0.218314899651666));
#7717=CARTESIAN_POINT('Ctrl Pts',(-0.302811880943129,-0.278585072279734,
0.211817918360203));
#7718=CARTESIAN_POINT('Ctrl Pts',(-0.312,-0.276181226125888,0.211817918360203));
#7719=CARTESIAN_POINT('Ctrl Pts',(-0.321188119056871,-0.273777379972042,
0.211817918360203));
#7720=CARTESIAN_POINT('Ctrl Pts',(-0.327685100348334,-0.271373533818196,
0.218314899651666));
#7721=CARTESIAN_POINT('Ctrl Pts',(-0.334182081639797,-0.26896968766435,
0.224811880943129));
#7722=CARTESIAN_POINT('Ctrl Pts',(-0.334182081639797,-0.266565841510504,
0.234));
#7723=CARTESIAN_POINT('Ctrl Pts',(-0.334182081639797,-0.264161995356658,
0.243188119056871));
#7724=CARTESIAN_POINT('Ctrl Pts',(-0.327685100348334,-0.261758149202811,
0.249685100348334));
#7725=CARTESIAN_POINT('Ctrl Pts',(-0.321188119056871,-0.259354303048965,
0.256182081639797));
#7726=CARTESIAN_POINT('Ctrl Pts',(-0.312,-0.256950456895119,0.256182081639797));
#7727=CARTESIAN_POINT('Ctrl Pts',(-0.302811880943129,-0.254546610741273,
0.256182081639797));
#7728=CARTESIAN_POINT('Ctrl Pts',(-0.296314899651666,-0.252142764587427,
0.249685100348334));
#7729=CARTESIAN_POINT('Ctrl Pts',(-0.289817918360203,-0.249738918433581,
0.243188119056871));
#7730=CARTESIAN_POINT('Ctrl Pts',(-0.289817918360203,-0.247335072279735,
0.234));
#7731=CARTESIAN_POINT('Ctrl Pts',(-0.289817918360203,-0.244931226125889,
0.224811880943129));
#7732=CARTESIAN_POINT('Ctrl Pts',(-0.296314899651666,-0.242527379972042,
0.218314899651666));
#7733=CARTESIAN_POINT('Ctrl Pts',(-0.302811880943129,-0.240123533818196,
0.211817918360203));
#7734=CARTESIAN_POINT('Ctrl Pts',(-0.312,-0.23771968766435,0.211817918360203));
#7735=CARTESIAN_POINT('Ctrl Pts',(-0.321188119056871,-0.235315841510504,
0.211817918360203));
#7736=CARTESIAN_POINT('Ctrl Pts',(-0.327685100348334,-0.232911995356658,
0.218314899651666));
#7737=CARTESIAN_POINT('Ctrl Pts',(-0.334182081639797,-0.230508149202812,
0.224811880943129));
#7738=CARTESIAN_POINT('Ctrl Pts',(-0.334182081639797,-0.228104303048966,
0.234));
#7739=CARTESIAN_POINT('Ctrl Pts',(-0.334182081639797,-0.22570045689512,
0.243188119056871));
#7740=CARTESIAN_POINT('Ctrl Pts',(-0.327685100348334,-0.223296610741273,
0.249685100348334));
#7741=CARTESIAN_POINT('Ctrl Pts',(-0.321188119056871,-0.220892764587427,
0.256182081639797));
#7742=CARTESIAN_POINT('Ctrl Pts',(-0.312,-0.218488918433581,0.256182081639797));
#7743=CARTESIAN_POINT('Ctrl Pts',(-0.302811880943129,-0.216085072279735,
0.256182081639797));
#7744=CARTESIAN_POINT('Ctrl Pts',(-0.296314899651666,-0.213681226125889,
0.249685100348334));
#7745=CARTESIAN_POINT('Ctrl Pts',(-0.289817918360203,-0.211277379972043,
0.243188119056871));
#7746=CARTESIAN_POINT('Ctrl Pts',(-0.289817918360203,-0.208873533818197,
0.234));
#7747=CARTESIAN_POINT('Ctrl Pts',(-0.289817918360203,-0.206469687664351,
0.224811880943129));
#7748=CARTESIAN_POINT('Ctrl Pts',(-0.296314899651666,-0.204065841510504,
0.218314899651666));
#7749=CARTESIAN_POINT('Ctrl Pts',(-0.302811880943129,-0.201661995356658,
0.211817918360203));
#7750=CARTESIAN_POINT('Ctrl Pts',(-0.312,-0.199258149202812,0.211817918360203));
#7751=CARTESIAN_POINT('Ctrl Pts',(-0.321188119056871,-0.196854303048966,
0.211817918360203));
#7752=CARTESIAN_POINT('Ctrl Pts',(-0.327685100348334,-0.19445045689512,
0.218314899651666));
#7753=CARTESIAN_POINT('Ctrl Pts',(-0.334182081639797,-0.192046610741274,
0.224811880943129));
#7754=CARTESIAN_POINT('Ctrl Pts',(-0.334182081639797,-0.189642764587428,
0.234));
#7755=CARTESIAN_POINT('Ctrl Pts',(-0.334182081639797,-0.187238918433582,
0.243188119056871));
#7756=CARTESIAN_POINT('Ctrl Pts',(-0.327685100348334,-0.184835072279736,
0.249685100348334));
#7757=CARTESIAN_POINT('Ctrl Pts',(-0.321188119056871,-0.182431226125889,
0.256182081639797));
#7758=CARTESIAN_POINT('Ctrl Pts',(-0.312,-0.180027379972043,0.256182081639797));
#7759=CARTESIAN_POINT('Ctrl Pts',(-0.302811880943129,-0.177623533818197,
0.256182081639797));
#7760=CARTESIAN_POINT('Ctrl Pts',(-0.296314899651666,-0.175219687664351,
0.249685100348334));
#7761=CARTESIAN_POINT('Ctrl Pts',(-0.289817918360203,-0.172815841510505,
0.243188119056871));
#7762=CARTESIAN_POINT('Ctrl Pts',(-0.289817918360203,-0.170411995356659,
0.234));
#7763=CARTESIAN_POINT('Ctrl Pts',(-0.289817918360203,-0.168008149202813,
0.224811880943129));
#7764=CARTESIAN_POINT('Ctrl Pts',(-0.296314899651666,-0.165604303048967,
0.218314899651666));
#7765=CARTESIAN_POINT('Ctrl Pts',(-0.302811880943129,-0.16320045689512,
0.211817918360203));
#7766=CARTESIAN_POINT('Ctrl Pts',(-0.312,-0.160796610741274,0.211817918360203));
#7767=CARTESIAN_POINT('Ctrl Pts',(-0.321188119056871,-0.158392764587428,
0.211817918360203));
#7768=CARTESIAN_POINT('Ctrl Pts',(-0.327685100348334,-0.155988918433582,
0.218314899651666));
#7769=CARTESIAN_POINT('Ctrl Pts',(-0.334182081639797,-0.153585072279736,
0.224811880943129));
#7770=CARTESIAN_POINT('Ctrl Pts',(-0.334182081639797,-0.15118122612589,
0.234));
#7771=CARTESIAN_POINT('Ctrl Pts',(-0.334182081639797,-0.148777379972044,
0.243188119056871));
#7772=CARTESIAN_POINT('Ctrl Pts',(-0.327685100348334,-0.146373533818197,
0.249685100348334));
#7773=CARTESIAN_POINT('Ctrl Pts',(-0.321188119056871,-0.143969687664351,
0.256182081639797));
#7774=CARTESIAN_POINT('Ctrl Pts',(-0.312,-0.141565841510505,0.256182081639797));
#7775=CARTESIAN_POINT('Ctrl Pts',(-0.302811880943129,-0.139161995356659,
0.256182081639797));
#7776=CARTESIAN_POINT('Ctrl Pts',(-0.296314899651666,-0.136758149202813,
0.249685100348334));
#7777=CARTESIAN_POINT('Ctrl Pts',(-0.289817918360203,-0.134354303048967,
0.243188119056871));
#7778=CARTESIAN_POINT('Ctrl Pts',(-0.289817918360203,-0.131950456895121,
0.234));
#7779=CARTESIAN_POINT('Ctrl Pts',(-0.289817918360203,-0.129546610741275,
0.224811880943129));
#7780=CARTESIAN_POINT('Ctrl Pts',(-0.296314899651666,-0.127142764587429,
0.218314899651666));
#7781=CARTESIAN_POINT('Ctrl Pts',(-0.302811880943129,-0.124738918433582,
0.211817918360203));
#7782=CARTESIAN_POINT('Ctrl Pts',(-0.312,-0.122335072279736,0.211817918360203));
#7783=CARTESIAN_POINT('Ctrl Pts',(-0.321188119056871,-0.11993122612589,
0.211817918360203));
#7784=CARTESIAN_POINT('Ctrl Pts',(-0.327685100348334,-0.117527379972044,
0.218314899651666));
#7785=CARTESIAN_POINT('Ctrl Pts',(-0.334182081639797,-0.115123533818198,
0.224811880943129));
#7786=CARTESIAN_POINT('Ctrl Pts',(-0.334182081639797,-0.112719687664352,
0.234));
#7787=CARTESIAN_POINT('Ctrl Pts',(-0.334182081639797,-0.110315841510506,
0.243188119056871));
#7788=CARTESIAN_POINT('Ctrl Pts',(-0.327685100348334,-0.107911995356659,
0.249685100348334));
#7789=CARTESIAN_POINT('Ctrl Pts',(-0.321893469005931,-0.105769124675283,
0.255476731690737));
#7790=CARTESIAN_POINT('Ctrl Pts',(-0.313727748399805,-0.103563628936212,
0.256114692657634));
#7791=CARTESIAN_POINT('Ctrl Pts',(-0.349601059619562,-0.163888924269506,
0.21950494028));
#7792=CARTESIAN_POINT('Ctrl Pts',(-0.348785855474357,-0.164704016980091,
0.21608193682574));
#7793=CARTESIAN_POINT('Ctrl Pts',(-0.347522546820929,-0.165504698479238,
0.212777254697399));
#7794=CARTESIAN_POINT('Ctrl Pts',(-0.34393261130351,-0.167149223145128,
0.206156212936718));
#7795=CARTESIAN_POINT('Ctrl Pts',(-0.341671701420601,-0.167879540999375,
0.203253348389113));
#7796=CARTESIAN_POINT('Ctrl Pts',(-0.33938946703774,-0.168568546528401,
0.20085158985126));
#7797=CARTESIAN_POINT('Ctrl Pts',(-0.311959763989775,-0.343499441244889,
0.211817954852221));
#7798=CARTESIAN_POINT('Ctrl Pts',(-0.321171446478633,-0.341091241038928,
0.211801245781964));
#7799=CARTESIAN_POINT('Ctrl Pts',(-0.327685100348334,-0.338681226125888,
0.218314899651666));
#7800=CARTESIAN_POINT('Ctrl Pts',(-0.334182081639797,-0.336277379972041,
0.224811880943129));
#7801=CARTESIAN_POINT('Ctrl Pts',(-0.334182081639797,-0.333873533818195,
0.234));
#7802=CARTESIAN_POINT('Ctrl Pts',(-0.334182081639797,-0.331469687664349,
0.243188119056871));
#7803=CARTESIAN_POINT('Ctrl Pts',(-0.327685100348334,-0.329065841510503,
0.249685100348334));
#7804=CARTESIAN_POINT('Ctrl Pts',(-0.321188119056871,-0.326661995356657,
0.256182081639797));
#7805=CARTESIAN_POINT('Ctrl Pts',(-0.312,-0.324258149202811,0.256182081639797));
#7806=CARTESIAN_POINT('Ctrl Pts',(-0.302811880943129,-0.321854303048965,
0.256182081639797));
#7807=CARTESIAN_POINT('Ctrl Pts',(-0.296314899651666,-0.319450456895119,
0.249685100348334));
#7808=CARTESIAN_POINT('Ctrl Pts',(-0.289817918360203,-0.317046610741272,
0.243188119056871));
#7809=CARTESIAN_POINT('Ctrl Pts',(-0.289817918360203,-0.314642764587426,
0.234));
#7810=CARTESIAN_POINT('Ctrl Pts',(-0.289817918360203,-0.31223891843358,
0.224811880943129));
#7811=CARTESIAN_POINT('Ctrl Pts',(-0.296314899651666,-0.309835072279734,
0.218314899651666));
#7812=CARTESIAN_POINT('Ctrl Pts',(-0.302811880943129,-0.307431226125888,
0.211817918360203));
#7813=CARTESIAN_POINT('Ctrl Pts',(-0.312,-0.305027379972042,0.211817918360203));
#7814=CARTESIAN_POINT('Ctrl Pts',(-0.321188119056871,-0.302623533818196,
0.211817918360203));
#7815=CARTESIAN_POINT('Ctrl Pts',(-0.327685100348334,-0.30021968766435,
0.218314899651666));
#7816=CARTESIAN_POINT('Ctrl Pts',(-0.334182081639797,-0.297815841510503,
0.224811880943129));
#7817=CARTESIAN_POINT('Ctrl Pts',(-0.334182081639797,-0.295411995356657,
0.234));
#7818=CARTESIAN_POINT('Ctrl Pts',(-0.334182081639797,-0.293008149202811,
0.243188119056871));
#7819=CARTESIAN_POINT('Ctrl Pts',(-0.327685100348334,-0.290604303048965,
0.249685100348334));
#7820=CARTESIAN_POINT('Ctrl Pts',(-0.321188119056871,-0.288200456895119,
0.256182081639797));
#7821=CARTESIAN_POINT('Ctrl Pts',(-0.312,-0.285796610741273,0.256182081639797));
#7822=CARTESIAN_POINT('Ctrl Pts',(-0.302811880943129,-0.283392764587427,
0.256182081639797));
#7823=CARTESIAN_POINT('Ctrl Pts',(-0.296314899651666,-0.280988918433581,
0.249685100348334));
#7824=CARTESIAN_POINT('Ctrl Pts',(-0.289817918360203,-0.278585072279735,
0.243188119056871));
#7825=CARTESIAN_POINT('Ctrl Pts',(-0.289817918360203,-0.276181226125888,
0.234));
#7826=CARTESIAN_POINT('Ctrl Pts',(-0.289817918360203,-0.273777379972042,
0.224811880943129));
#7827=CARTESIAN_POINT('Ctrl Pts',(-0.296314899651666,-0.271373533818196,
0.218314899651666));
#7828=CARTESIAN_POINT('Ctrl Pts',(-0.302811880943129,-0.26896968766435,
0.211817918360203));
#7829=CARTESIAN_POINT('Ctrl Pts',(-0.312,-0.266565841510504,0.211817918360203));
#7830=CARTESIAN_POINT('Ctrl Pts',(-0.321188119056871,-0.264161995356658,
0.211817918360203));
#7831=CARTESIAN_POINT('Ctrl Pts',(-0.327685100348334,-0.261758149202812,
0.218314899651666));
#7832=CARTESIAN_POINT('Ctrl Pts',(-0.334182081639797,-0.259354303048965,
0.224811880943129));
#7833=CARTESIAN_POINT('Ctrl Pts',(-0.334182081639797,-0.256950456895119,
0.234));
#7834=CARTESIAN_POINT('Ctrl Pts',(-0.334182081639797,-0.254546610741273,
0.243188119056871));
#7835=CARTESIAN_POINT('Ctrl Pts',(-0.327685100348334,-0.252142764587427,
0.249685100348334));
#7836=CARTESIAN_POINT('Ctrl Pts',(-0.321188119056871,-0.249738918433581,
0.256182081639797));
#7837=CARTESIAN_POINT('Ctrl Pts',(-0.312,-0.247335072279735,0.256182081639797));
#7838=CARTESIAN_POINT('Ctrl Pts',(-0.302811880943129,-0.244931226125889,
0.256182081639797));
#7839=CARTESIAN_POINT('Ctrl Pts',(-0.296314899651666,-0.242527379972043,
0.249685100348334));
#7840=CARTESIAN_POINT('Ctrl Pts',(-0.289817918360203,-0.240123533818196,
0.243188119056871));
#7841=CARTESIAN_POINT('Ctrl Pts',(-0.289817918360203,-0.23771968766435,
0.234));
#7842=CARTESIAN_POINT('Ctrl Pts',(-0.289817918360203,-0.235315841510504,
0.224811880943129));
#7843=CARTESIAN_POINT('Ctrl Pts',(-0.296314899651666,-0.232911995356658,
0.218314899651666));
#7844=CARTESIAN_POINT('Ctrl Pts',(-0.302811880943129,-0.230508149202812,
0.211817918360203));
#7845=CARTESIAN_POINT('Ctrl Pts',(-0.312,-0.228104303048966,0.211817918360203));
#7846=CARTESIAN_POINT('Ctrl Pts',(-0.321188119056871,-0.22570045689512,
0.211817918360203));
#7847=CARTESIAN_POINT('Ctrl Pts',(-0.327685100348334,-0.223296610741274,
0.218314899651666));
#7848=CARTESIAN_POINT('Ctrl Pts',(-0.334182081639797,-0.220892764587427,
0.224811880943129));
#7849=CARTESIAN_POINT('Ctrl Pts',(-0.334182081639797,-0.218488918433581,
0.234));
#7850=CARTESIAN_POINT('Ctrl Pts',(-0.334182081639797,-0.216085072279735,
0.243188119056871));
#7851=CARTESIAN_POINT('Ctrl Pts',(-0.327685100348334,-0.213681226125889,
0.249685100348334));
#7852=CARTESIAN_POINT('Ctrl Pts',(-0.321188119056871,-0.211277379972043,
0.256182081639797));
#7853=CARTESIAN_POINT('Ctrl Pts',(-0.312,-0.208873533818197,0.256182081639797));
#7854=CARTESIAN_POINT('Ctrl Pts',(-0.302811880943129,-0.206469687664351,
0.256182081639797));
#7855=CARTESIAN_POINT('Ctrl Pts',(-0.296314899651666,-0.204065841510505,
0.249685100348334));
#7856=CARTESIAN_POINT('Ctrl Pts',(-0.289817918360203,-0.201661995356658,
0.243188119056871));
#7857=CARTESIAN_POINT('Ctrl Pts',(-0.289817918360203,-0.199258149202812,
0.234));
#7858=CARTESIAN_POINT('Ctrl Pts',(-0.289817918360203,-0.196854303048966,
0.224811880943129));
#7859=CARTESIAN_POINT('Ctrl Pts',(-0.296314899651666,-0.19445045689512,
0.218314899651666));
#7860=CARTESIAN_POINT('Ctrl Pts',(-0.302811880943129,-0.192046610741274,
0.211817918360203));
#7861=CARTESIAN_POINT('Ctrl Pts',(-0.312,-0.189642764587428,0.211817918360203));
#7862=CARTESIAN_POINT('Ctrl Pts',(-0.321188119056871,-0.187238918433582,
0.211817918360203));
#7863=CARTESIAN_POINT('Ctrl Pts',(-0.327685100348334,-0.184835072279736,
0.218314899651666));
#7864=CARTESIAN_POINT('Ctrl Pts',(-0.334182081639797,-0.182431226125889,
0.224811880943129));
#7865=CARTESIAN_POINT('Ctrl Pts',(-0.334182081639797,-0.180027379972043,
0.234));
#7866=CARTESIAN_POINT('Ctrl Pts',(-0.334182081639797,-0.177623533818197,
0.243188119056871));
#7867=CARTESIAN_POINT('Ctrl Pts',(-0.327685100348334,-0.175219687664351,
0.249685100348334));
#7868=CARTESIAN_POINT('Ctrl Pts',(-0.321188119056871,-0.172815841510505,
0.256182081639797));
#7869=CARTESIAN_POINT('Ctrl Pts',(-0.312,-0.170411995356659,0.256182081639797));
#7870=CARTESIAN_POINT('Ctrl Pts',(-0.302811880943129,-0.168008149202813,
0.256182081639797));
#7871=CARTESIAN_POINT('Ctrl Pts',(-0.296314899651666,-0.165604303048967,
0.249685100348334));
#7872=CARTESIAN_POINT('Ctrl Pts',(-0.289817918360203,-0.16320045689512,
0.243188119056871));
#7873=CARTESIAN_POINT('Ctrl Pts',(-0.289817918360203,-0.160796610741274,
0.234));
#7874=CARTESIAN_POINT('Ctrl Pts',(-0.289817918360203,-0.158392764587428,
0.224811880943129));
#7875=CARTESIAN_POINT('Ctrl Pts',(-0.296314899651666,-0.155988918433582,
0.218314899651666));
#7876=CARTESIAN_POINT('Ctrl Pts',(-0.302811880943129,-0.153585072279736,
0.211817918360203));
#7877=CARTESIAN_POINT('Ctrl Pts',(-0.312,-0.15118122612589,0.211817918360203));
#7878=CARTESIAN_POINT('Ctrl Pts',(-0.321188119056871,-0.148777379972044,
0.211817918360203));
#7879=CARTESIAN_POINT('Ctrl Pts',(-0.327685100348334,-0.146373533818198,
0.218314899651666));
#7880=CARTESIAN_POINT('Ctrl Pts',(-0.334182081639797,-0.143969687664352,
0.224811880943129));
#7881=CARTESIAN_POINT('Ctrl Pts',(-0.334182081639797,-0.141565841510505,
0.234));
#7882=CARTESIAN_POINT('Ctrl Pts',(-0.334182081639797,-0.139161995356659,
0.243188119056871));
#7883=CARTESIAN_POINT('Ctrl Pts',(-0.327685100348334,-0.136758149202813,
0.249685100348334));
#7884=CARTESIAN_POINT('Ctrl Pts',(-0.321894771690453,-0.134615760507306,
0.255475429006216));
#7885=CARTESIAN_POINT('Ctrl Pts',(-0.313730981084357,-0.132410655930335,
0.256114439860875));
#7886=CARTESIAN_POINT('Ctrl Pts',(-0.311922002431161,-0.331480210475658,
0.191000070739834));
#7887=CARTESIAN_POINT('Ctrl Pts',(-0.329778863363015,-0.329072010269697,
0.190967680180972));
#7888=CARTESIAN_POINT('Ctrl Pts',(-0.342405591591021,-0.326661995356657,
0.203594408408979));
#7889=CARTESIAN_POINT('Ctrl Pts',(-0.355,-0.324258149202811,0.216188816817957));
#7890=CARTESIAN_POINT('Ctrl Pts',(-0.355,-0.321854303048965,0.234));
#7891=CARTESIAN_POINT('Ctrl Pts',(-0.355,-0.319450456895118,0.251811183182043));
#7892=CARTESIAN_POINT('Ctrl Pts',(-0.342405591591021,-0.317046610741272,
0.264405591591021));
#7893=CARTESIAN_POINT('Ctrl Pts',(-0.329811183182043,-0.314642764587426,
0.277));
#7894=CARTESIAN_POINT('Ctrl Pts',(-0.312,-0.31223891843358,0.277));
#7895=CARTESIAN_POINT('Ctrl Pts',(-0.294188816817957,-0.309835072279734,
0.277));
#7896=CARTESIAN_POINT('Ctrl Pts',(-0.281594408408979,-0.307431226125888,
0.264405591591021));
#7897=CARTESIAN_POINT('Ctrl Pts',(-0.269,-0.305027379972042,0.251811183182043));
#7898=CARTESIAN_POINT('Ctrl Pts',(-0.269,-0.302623533818196,0.234));
#7899=CARTESIAN_POINT('Ctrl Pts',(-0.269,-0.300219687664349,0.216188816817957));
#7900=CARTESIAN_POINT('Ctrl Pts',(-0.281594408408979,-0.297815841510503,
0.203594408408979));
#7901=CARTESIAN_POINT('Ctrl Pts',(-0.294188816817957,-0.295411995356657,
0.191));
#7902=CARTESIAN_POINT('Ctrl Pts',(-0.312,-0.293008149202811,0.191));
#7903=CARTESIAN_POINT('Ctrl Pts',(-0.329811183182043,-0.290604303048965,
0.191));
#7904=CARTESIAN_POINT('Ctrl Pts',(-0.342405591591021,-0.288200456895119,
0.203594408408979));
#7905=CARTESIAN_POINT('Ctrl Pts',(-0.355,-0.285796610741273,0.216188816817957));
#7906=CARTESIAN_POINT('Ctrl Pts',(-0.355,-0.283392764587427,0.234));
#7907=CARTESIAN_POINT('Ctrl Pts',(-0.355,-0.280988918433581,0.251811183182043));
#7908=CARTESIAN_POINT('Ctrl Pts',(-0.342405591591021,-0.278585072279734,
0.264405591591021));
#7909=CARTESIAN_POINT('Ctrl Pts',(-0.329811183182043,-0.276181226125888,
0.277));
#7910=CARTESIAN_POINT('Ctrl Pts',(-0.312,-0.273777379972042,0.277));
#7911=CARTESIAN_POINT('Ctrl Pts',(-0.294188816817957,-0.271373533818196,
0.277));
#7912=CARTESIAN_POINT('Ctrl Pts',(-0.281594408408979,-0.26896968766435,
0.264405591591021));
#7913=CARTESIAN_POINT('Ctrl Pts',(-0.269,-0.266565841510504,0.251811183182043));
#7914=CARTESIAN_POINT('Ctrl Pts',(-0.269,-0.264161995356658,0.234));
#7915=CARTESIAN_POINT('Ctrl Pts',(-0.269,-0.261758149202811,0.216188816817957));
#7916=CARTESIAN_POINT('Ctrl Pts',(-0.281594408408979,-0.259354303048965,
0.203594408408979));
#7917=CARTESIAN_POINT('Ctrl Pts',(-0.294188816817957,-0.256950456895119,
0.191));
#7918=CARTESIAN_POINT('Ctrl Pts',(-0.312,-0.254546610741273,0.191));
#7919=CARTESIAN_POINT('Ctrl Pts',(-0.329811183182043,-0.252142764587427,
0.191));
#7920=CARTESIAN_POINT('Ctrl Pts',(-0.342405591591021,-0.249738918433581,
0.203594408408979));
#7921=CARTESIAN_POINT('Ctrl Pts',(-0.355,-0.247335072279735,0.216188816817957));
#7922=CARTESIAN_POINT('Ctrl Pts',(-0.355,-0.244931226125889,0.234));
#7923=CARTESIAN_POINT('Ctrl Pts',(-0.355,-0.242527379972043,0.251811183182043));
#7924=CARTESIAN_POINT('Ctrl Pts',(-0.342405591591021,-0.240123533818196,
0.264405591591021));
#7925=CARTESIAN_POINT('Ctrl Pts',(-0.329811183182043,-0.23771968766435,
0.277));
#7926=CARTESIAN_POINT('Ctrl Pts',(-0.312,-0.235315841510504,0.277));
#7927=CARTESIAN_POINT('Ctrl Pts',(-0.294188816817957,-0.232911995356658,
0.277));
#7928=CARTESIAN_POINT('Ctrl Pts',(-0.281594408408979,-0.230508149202812,
0.264405591591021));
#7929=CARTESIAN_POINT('Ctrl Pts',(-0.269,-0.228104303048966,0.251811183182043));
#7930=CARTESIAN_POINT('Ctrl Pts',(-0.269,-0.22570045689512,0.234));
#7931=CARTESIAN_POINT('Ctrl Pts',(-0.269,-0.223296610741273,0.216188816817957));
#7932=CARTESIAN_POINT('Ctrl Pts',(-0.281594408408979,-0.220892764587427,
0.203594408408979));
#7933=CARTESIAN_POINT('Ctrl Pts',(-0.294188816817957,-0.218488918433581,
0.191));
#7934=CARTESIAN_POINT('Ctrl Pts',(-0.312,-0.216085072279735,0.191));
#7935=CARTESIAN_POINT('Ctrl Pts',(-0.329811183182043,-0.213681226125889,
0.191));
#7936=CARTESIAN_POINT('Ctrl Pts',(-0.342405591591021,-0.211277379972043,
0.203594408408979));
#7937=CARTESIAN_POINT('Ctrl Pts',(-0.355,-0.208873533818197,0.216188816817957));
#7938=CARTESIAN_POINT('Ctrl Pts',(-0.355,-0.206469687664351,0.234));
#7939=CARTESIAN_POINT('Ctrl Pts',(-0.355,-0.204065841510505,0.251811183182043));
#7940=CARTESIAN_POINT('Ctrl Pts',(-0.342405591591021,-0.201661995356658,
0.264405591591021));
#7941=CARTESIAN_POINT('Ctrl Pts',(-0.329811183182043,-0.199258149202812,
0.277));
#7942=CARTESIAN_POINT('Ctrl Pts',(-0.312,-0.196854303048966,0.277));
#7943=CARTESIAN_POINT('Ctrl Pts',(-0.294188816817957,-0.19445045689512,
0.277));
#7944=CARTESIAN_POINT('Ctrl Pts',(-0.281594408408979,-0.192046610741274,
0.264405591591021));
#7945=CARTESIAN_POINT('Ctrl Pts',(-0.269,-0.189642764587428,0.251811183182043));
#7946=CARTESIAN_POINT('Ctrl Pts',(-0.269,-0.187238918433582,0.234));
#7947=CARTESIAN_POINT('Ctrl Pts',(-0.269,-0.184835072279736,0.216188816817957));
#7948=CARTESIAN_POINT('Ctrl Pts',(-0.281594408408979,-0.182431226125889,
0.203594408408979));
#7949=CARTESIAN_POINT('Ctrl Pts',(-0.294188816817957,-0.180027379972043,
0.191));
#7950=CARTESIAN_POINT('Ctrl Pts',(-0.312,-0.177623533818197,0.191));
#7951=CARTESIAN_POINT('Ctrl Pts',(-0.329811183182043,-0.175219687664351,
0.191));
#7952=CARTESIAN_POINT('Ctrl Pts',(-0.342405591591021,-0.172815841510505,
0.203594408408979));
#7953=CARTESIAN_POINT('Ctrl Pts',(-0.355,-0.170411995356659,0.216188816817957));
#7954=CARTESIAN_POINT('Ctrl Pts',(-0.355,-0.168008149202813,0.234));
#7955=CARTESIAN_POINT('Ctrl Pts',(-0.355,-0.165604303048967,0.251811183182043));
#7956=CARTESIAN_POINT('Ctrl Pts',(-0.342405591591021,-0.16320045689512,
0.264405591591021));
#7957=CARTESIAN_POINT('Ctrl Pts',(-0.329811183182043,-0.160796610741274,
0.277));
#7958=CARTESIAN_POINT('Ctrl Pts',(-0.312,-0.158392764587428,0.277));
#7959=CARTESIAN_POINT('Ctrl Pts',(-0.294188816817957,-0.155988918433582,
0.277));
#7960=CARTESIAN_POINT('Ctrl Pts',(-0.281594408408979,-0.153585072279736,
0.264405591591021));
#7961=CARTESIAN_POINT('Ctrl Pts',(-0.269,-0.15118122612589,0.251811183182043));
#7962=CARTESIAN_POINT('Ctrl Pts',(-0.269,-0.148777379972044,0.234));
#7963=CARTESIAN_POINT('Ctrl Pts',(-0.269,-0.146373533818197,0.216188816817957));
#7964=CARTESIAN_POINT('Ctrl Pts',(-0.281594408408979,-0.143969687664351,
0.203594408408979));
#7965=CARTESIAN_POINT('Ctrl Pts',(-0.294188816817957,-0.141565841510505,
0.191));
#7966=CARTESIAN_POINT('Ctrl Pts',(-0.312,-0.139161995356659,0.191));
#7967=CARTESIAN_POINT('Ctrl Pts',(-0.329811183182043,-0.136758149202813,
0.191));
#7968=CARTESIAN_POINT('Ctrl Pts',(-0.342405591591021,-0.134354303048967,
0.203594408408979));
#7969=CARTESIAN_POINT('Ctrl Pts',(-0.355,-0.131950456895121,0.216188816817957));
#7970=CARTESIAN_POINT('Ctrl Pts',(-0.355,-0.129546610741275,0.234));
#7971=CARTESIAN_POINT('Ctrl Pts',(-0.355,-0.127142764587429,0.251811183182043));
#7972=CARTESIAN_POINT('Ctrl Pts',(-0.342405591591021,-0.124738918433582,
0.264405591591021));
#7973=CARTESIAN_POINT('Ctrl Pts',(-0.33118103041899,-0.122596529738075,
0.275630152763052));
#7974=CARTESIAN_POINT('Ctrl Pts',(-0.315355509543063,-0.120391425161105,
0.276868876305618));
#7975=CARTESIAN_POINT('Ctrl Pts',(-0.354806743477195,-0.168568546528396,
0.229927812273741));
#7976=CARTESIAN_POINT('Ctrl Pts',(-0.354933736204893,-0.168183050695779,
0.233612929317533));
#7977=CARTESIAN_POINT('Ctrl Pts',(-0.354606454735371,-0.167833228184388,
0.237113400747402));
#7978=CARTESIAN_POINT('Ctrl Pts',(-0.353119372603168,-0.167089936539165,
0.243839943259319));
#7979=CARTESIAN_POINT('Ctrl Pts',(-0.35199533011912,-0.166714541914785,
0.247029310476087));
#7980=CARTESIAN_POINT('Ctrl Pts',(-0.348883963320876,-0.165924696833289,
0.253308512063599));
#7981=CARTESIAN_POINT('Ctrl Pts',(-0.346847432820269,-0.165512777110461,
0.256343669475972));
#7982=CARTESIAN_POINT('Ctrl Pts',(-0.342338935701867,-0.164757887861888,
0.261463926389709));
#7983=CARTESIAN_POINT('Ctrl Pts',(-0.339593617581974,-0.164367850272839,
0.264045716358676));
#7984=CARTESIAN_POINT('Ctrl Pts',(-0.336038263964424,-0.163888924269485,
0.266343597610284));
#7985=CARTESIAN_POINT('Origin',(-0.312,-0.156465841510503,0.234));
#7986=CARTESIAN_POINT('Ctrl Pts',(-0.312,-0.331469687664349,0.191));
#7987=CARTESIAN_POINT('Ctrl Pts',(-0.30062964748609,-0.333088334635049,
0.191562030660643));
#7988=CARTESIAN_POINT('Ctrl Pts',(-0.289901444833231,-0.334694687664349,
0.196796742240042));
#7989=CARTESIAN_POINT('Ctrl Pts',(-0.279009575001622,-0.337113437664349,
0.208988751160439));
#7990=CARTESIAN_POINT('Ctrl Pts',(-0.27623368980287,-0.337919687664349,
0.213736486231547));
#7991=CARTESIAN_POINT('Ctrl Pts',(-0.272743852598125,-0.339532187664349,
0.223828266822119));
#7992=CARTESIAN_POINT('Ctrl Pts',(-0.272030473053831,-0.34033843766435,
0.229167909101611));
#7993=CARTESIAN_POINT('Ctrl Pts',(-0.27269203670678,-0.341950937664349,
0.239604193809953));
#7994=CARTESIAN_POINT('Ctrl Pts',(-0.274065814209822,-0.342757187664349,
0.244696641239629));
#7995=CARTESIAN_POINT('Ctrl Pts',(-0.278606513492869,-0.344369687664349,
0.25387075425114));
#7996=CARTESIAN_POINT('Ctrl Pts',(-0.281770779826124,-0.345175937664348,
0.257949078873876));
#7997=CARTESIAN_POINT('Ctrl Pts',(-0.293116057472087,-0.347594687664351,
0.267796892668544));
#7998=CARTESIAN_POINT('Ctrl Pts',(-0.30316205737798,-0.349207187664346,
0.271020301265764));
#7999=CARTESIAN_POINT('Ctrl Pts',(-0.322251216519912,-0.352432187664352,
0.269528434513293));
#8000=CARTESIAN_POINT('Ctrl Pts',(-0.331174481631889,-0.354044687664345,
0.264850405224889));
#8001=CARTESIAN_POINT('Ctrl Pts',(-0.342936309336228,-0.357269687664354,
0.250877795435886));
#8002=CARTESIAN_POINT('Ctrl Pts',(-0.345720823798418,-0.358882187664346,
0.241690569466952));
#8003=CARTESIAN_POINT('Ctrl Pts',(-0.344094825361056,-0.362107187664352,
0.224385959769204));
#8004=CARTESIAN_POINT('Ctrl Pts',(-0.339722397748517,-0.363719687664351,
0.216376938330813));
#8005=CARTESIAN_POINT('Ctrl Pts',(-0.326929315622434,-0.366944687664347,
0.205959854755275));
#8006=CARTESIAN_POINT('Ctrl Pts',(-0.318608374904662,-0.368557187664348,
0.203597169556799));
#8007=CARTESIAN_POINT('Ctrl Pts',(-0.30308894894899,-0.37178218766435,0.205322687352947));
#8008=CARTESIAN_POINT('Ctrl Pts',(-0.29598729007944,-0.373394687664352,
0.209372187017456));
#8009=CARTESIAN_POINT('Ctrl Pts',(-0.286890746167658,-0.376619687664346,
0.220960996967044));
#8010=CARTESIAN_POINT('Ctrl Pts',(-0.284932721522902,-0.378232187664346,
0.22840839238283));
#8011=CARTESIAN_POINT('Ctrl Pts',(-0.286723148329201,-0.381457187664352,
0.242142505130274));
#8012=CARTESIAN_POINT('Ctrl Pts',(-0.290432499646084,-0.38306968766435,
0.24834393293692));
#8013=CARTESIAN_POINT('Ctrl Pts',(-0.300792653549224,-0.386294687664348,
0.256144494875121));
#8014=CARTESIAN_POINT('Ctrl Pts',(-0.307359496186862,-0.387907187664353,
0.257715128226214));
#8015=CARTESIAN_POINT('Ctrl Pts',(-0.319308670970897,-0.391132187664345,
0.255894394247367));
#8016=CARTESIAN_POINT('Ctrl Pts',(-0.324617248202287,-0.392744687664352,
0.25254230255697));
#8017=CARTESIAN_POINT('Ctrl Pts',(-0.331146734353299,-0.395969687664346,
0.24343482342523));
#8018=CARTESIAN_POINT('Ctrl Pts',(-0.332347342906625,-0.397582187664347,
0.23775528719222));
#8019=CARTESIAN_POINT('Ctrl Pts',(-0.330530888564414,-0.400807187664351,
0.227590170616236));
#8020=CARTESIAN_POINT('Ctrl Pts',(-0.327553055414721,-0.402419687664348,
0.223166815957101));
#8021=CARTESIAN_POINT('Ctrl Pts',(-0.31972190020395,-0.40564468766435,0.217883155678546));
#8022=CARTESIAN_POINT('Ctrl Pts',(-0.314937951108934,-0.40725650603536,
0.21703473071621));
#8023=CARTESIAN_POINT('Ctrl Pts',(-0.310744947734307,-0.408869687664349,
0.217923916247719));
#8024=CARTESIAN_POINT('Ctrl Pts',(-0.312,-0.326661995356657,0.191));
#8025=CARTESIAN_POINT('Ctrl Pts',(-0.30062964748609,-0.328280642327357,
0.191562030660643));
#8026=CARTESIAN_POINT('Ctrl Pts',(-0.289901444833231,-0.329886995356657,
0.196796742240042));
#8027=CARTESIAN_POINT('Ctrl Pts',(-0.279009575001622,-0.332305745356657,
0.208988751160439));
#8028=CARTESIAN_POINT('Ctrl Pts',(-0.27623368980287,-0.333111995356657,
0.213736486231547));
#8029=CARTESIAN_POINT('Ctrl Pts',(-0.272743852598125,-0.334724495356657,
0.223828266822119));
#8030=CARTESIAN_POINT('Ctrl Pts',(-0.272030473053831,-0.335530745356657,
0.229167909101611));
#8031=CARTESIAN_POINT('Ctrl Pts',(-0.27269203670678,-0.337143245356656,
0.239604193809953));
#8032=CARTESIAN_POINT('Ctrl Pts',(-0.274065814209822,-0.337949495356657,
0.244696641239629));
#8033=CARTESIAN_POINT('Ctrl Pts',(-0.278606513492869,-0.339561995356657,
0.25387075425114));
#8034=CARTESIAN_POINT('Ctrl Pts',(-0.281770779826124,-0.340368245356656,
0.257949078873876));
#8035=CARTESIAN_POINT('Ctrl Pts',(-0.293116057472087,-0.342786995356659,
0.267796892668544));
#8036=CARTESIAN_POINT('Ctrl Pts',(-0.30316205737798,-0.344399495356654,
0.271020301265764));
#8037=CARTESIAN_POINT('Ctrl Pts',(-0.322251216519912,-0.34762449535666,
0.269528434513293));
#8038=CARTESIAN_POINT('Ctrl Pts',(-0.331174481631889,-0.349236995356652,
0.264850405224889));
#8039=CARTESIAN_POINT('Ctrl Pts',(-0.342936309336228,-0.352461995356661,
0.250877795435886));
#8040=CARTESIAN_POINT('Ctrl Pts',(-0.345720823798418,-0.354074495356654,
0.241690569466952));
#8041=CARTESIAN_POINT('Ctrl Pts',(-0.344094825361056,-0.35729949535666,
0.224385959769204));
#8042=CARTESIAN_POINT('Ctrl Pts',(-0.339722397748517,-0.358911995356659,
0.216376938330813));
#8043=CARTESIAN_POINT('Ctrl Pts',(-0.326929315622434,-0.362136995356655,
0.205959854755275));
#8044=CARTESIAN_POINT('Ctrl Pts',(-0.318608374904662,-0.363749495356655,
0.203597169556799));
#8045=CARTESIAN_POINT('Ctrl Pts',(-0.30308894894899,-0.366974495356658,
0.205322687352947));
#8046=CARTESIAN_POINT('Ctrl Pts',(-0.29598729007944,-0.368586995356658,
0.209372187017456));
#8047=CARTESIAN_POINT('Ctrl Pts',(-0.286890746167658,-0.371811995356656,
0.220960996967044));
#8048=CARTESIAN_POINT('Ctrl Pts',(-0.284932721522902,-0.373424495356654,
0.22840839238283));
#8049=CARTESIAN_POINT('Ctrl Pts',(-0.286723148329201,-0.37664949535666,
0.242142505130274));
#8050=CARTESIAN_POINT('Ctrl Pts',(-0.290432499646084,-0.378261995356658,
0.24834393293692));
#8051=CARTESIAN_POINT('Ctrl Pts',(-0.300792653549224,-0.381486995356656,
0.256144494875121));
#8052=CARTESIAN_POINT('Ctrl Pts',(-0.307359496186862,-0.383099495356661,
0.257715128226214));
#8053=CARTESIAN_POINT('Ctrl Pts',(-0.319308670970897,-0.386324495356653,
0.255894394247367));
#8054=CARTESIAN_POINT('Ctrl Pts',(-0.324617248202287,-0.38793699535666,
0.25254230255697));
#8055=CARTESIAN_POINT('Ctrl Pts',(-0.331146734353299,-0.391161995356654,
0.24343482342523));
#8056=CARTESIAN_POINT('Ctrl Pts',(-0.332347342906625,-0.392774495356655,
0.23775528719222));
#8057=CARTESIAN_POINT('Ctrl Pts',(-0.330530888564414,-0.395999495356659,
0.227590170616236));
#8058=CARTESIAN_POINT('Ctrl Pts',(-0.327553055414721,-0.397611995356656,
0.223166815957101));
#8059=CARTESIAN_POINT('Ctrl Pts',(-0.31972190020395,-0.400836995356658,
0.217883155678546));
#8060=CARTESIAN_POINT('Ctrl Pts',(-0.314937951108934,-0.402448813727668,
0.21703473071621));
#8061=CARTESIAN_POINT('Ctrl Pts',(-0.310744947734307,-0.404061995356657,
0.217923916247719));
#8062=CARTESIAN_POINT('Origin',(-0.313,-0.0329999999999998,-0.234));
#8063=CARTESIAN_POINT('',(-0.342025,-0.292995393088607,-0.233999999999397));
#8064=CARTESIAN_POINT('',(-0.342025,-0.310512299218844,-0.234));
#8065=CARTESIAN_POINT('',(-0.342025,-0.0329999999999998,-0.234));
#8066=CARTESIAN_POINT('',(-0.341725103147295,-0.330599999999992,-0.229838380822654));
#8067=CARTESIAN_POINT('Ctrl Pts',(-0.342025,-0.292995393088607,-0.233999999998795));
#8068=CARTESIAN_POINT('Ctrl Pts',(-0.342025000000121,-0.293577756236123,
-0.236912619535888));
#8069=CARTESIAN_POINT('Ctrl Pts',(-0.341587982108935,-0.294192599686516,
-0.239806666680333));
#8070=CARTESIAN_POINT('Ctrl Pts',(-0.339582771573124,-0.295651423024747,
-0.246272211494842));
#8071=CARTESIAN_POINT('Ctrl Pts',(-0.337722923547883,-0.296488211113845,
-0.249686932630643));
#8072=CARTESIAN_POINT('Ctrl Pts',(-0.332764993724267,-0.298081951089946,
-0.255604190476619));
#8073=CARTESIAN_POINT('Ctrl Pts',(-0.329715747264169,-0.298855839201491,
-0.258041754292879));
#8074=CARTESIAN_POINT('Ctrl Pts',(-0.322856927602711,-0.300519371517121,
-0.261569253436154));
#8075=CARTESIAN_POINT('Ctrl Pts',(-0.319120381323162,-0.301354532344952,
-0.262632498631197));
#8076=CARTESIAN_POINT('Ctrl Pts',(-0.311421489721295,-0.302944161881854,
-0.263239552991104));
#8077=CARTESIAN_POINT('Ctrl Pts',(-0.307538750678444,-0.303723930479785,
-0.262768970306453));
#8078=CARTESIAN_POINT('Ctrl Pts',(-0.300215110098173,-0.305389508747796,
-0.260338944482013));
#8079=CARTESIAN_POINT('Ctrl Pts',(-0.296842973682599,-0.30622289991588,
-0.258417303630748));
#8080=CARTESIAN_POINT('Ctrl Pts',(-0.291015890776763,-0.307808159874355,
-0.253344063368476));
#8081=CARTESIAN_POINT('Ctrl Pts',(-0.288628998062613,-0.308594488438008,
-0.250235632863787));
#8082=CARTESIAN_POINT('Ctrl Pts',(-0.285238830805035,-0.310262110684436,
-0.243299473173659));
#8083=CARTESIAN_POINT('Ctrl Pts',(-0.284252311327647,-0.311093572483508,
-0.239549646310606));
#8084=CARTESIAN_POINT('Ctrl Pts',(-0.283796333585839,-0.312674169948837,
-0.231833349548837));
#8085=CARTESIAN_POINT('Ctrl Pts',(-0.284347925427195,-0.313467820456257,
-0.227944466303346));
#8086=CARTESIAN_POINT('Ctrl Pts',(-0.286936018768471,-0.315137486295235,
-0.220665855935664));
#8087=CARTESIAN_POINT('Ctrl Pts',(-0.288923386994783,-0.315966838702952,
-0.217341144066538));
#8088=CARTESIAN_POINT('Ctrl Pts',(-0.293994514490355,-0.317504374411052,
-0.211751873146762));
#8089=CARTESIAN_POINT('Ctrl Pts',(-0.297128542533258,-0.318305136048531,
-0.209357951736745));
#8090=CARTESIAN_POINT('Ctrl Pts',(-0.304311897789951,-0.320015983515325,
-0.206042648767742));
#8091=CARTESIAN_POINT('Ctrl Pts',(-0.308074277194219,-0.320843022573434,
-0.205139835749081));
#8092=CARTESIAN_POINT('Ctrl Pts',(-0.315590121603535,-0.322369203646437,
-0.20485696850687));
#8093=CARTESIAN_POINT('Ctrl Pts',(-0.319505966363278,-0.323178772555363,
-0.205414404799937));
#8094=CARTESIAN_POINT('Ctrl Pts',(-0.326929625494393,-0.324897996420334,
-0.208250702878379));
#8095=CARTESIAN_POINT('Ctrl Pts',(-0.330200757292816,-0.325722489832565,
-0.210308755382959));
#8096=CARTESIAN_POINT('Ctrl Pts',(-0.335307683123633,-0.327145012970594,
-0.21515565915799));
#8097=CARTESIAN_POINT('Ctrl Pts',(-0.337256942623596,-0.327810687841984,
-0.217738742807114));
#8098=CARTESIAN_POINT('Ctrl Pts',(-0.340249263463947,-0.329207644897473,
-0.223485996342053));
#8099=CARTESIAN_POINT('Ctrl Pts',(-0.341257399635781,-0.329915788986208,
-0.226610110517665));
#8100=CARTESIAN_POINT('Ctrl Pts',(-0.341725103147308,-0.33060000000001,
-0.229838380822743));
#8101=CARTESIAN_POINT('',(-0.284283146588137,-0.3306,-0.238218169641157));
#8102=CARTESIAN_POINT('Origin',(-0.313,-0.3306,-0.234));
#8103=CARTESIAN_POINT('',(-0.313,-0.320127683834229,-0.263025));
#8104=CARTESIAN_POINT('Ctrl Pts',(-0.313,-0.320127683834229,-0.263025));
#8105=CARTESIAN_POINT('Ctrl Pts',(-0.309603538027781,-0.320987689881971,
-0.263025));
#8106=CARTESIAN_POINT('Ctrl Pts',(-0.306233863778875,-0.321854579716494,
-0.262428957110988));
#8107=CARTESIAN_POINT('Ctrl Pts',(-0.299742448247443,-0.323608692728281,
-0.260058365489988));
#8108=CARTESIAN_POINT('Ctrl Pts',(-0.296687104896534,-0.324480553029559,
-0.258263146897507));
#8109=CARTESIAN_POINT('Ctrl Pts',(-0.291408475080024,-0.326235558761828,
-0.253703437942537));
#8110=CARTESIAN_POINT('Ctrl Pts',(-0.289216160583795,-0.327109662746315,
-0.250992373905547));
#8111=CARTESIAN_POINT('Ctrl Pts',(-0.285892070194872,-0.328857445662119,
-0.244933068954117));
#8112=CARTESIAN_POINT('Ctrl Pts',(-0.28478491767019,-0.329726457633007,
-0.241634174172848));
#8113=CARTESIAN_POINT('Ctrl Pts',(-0.284283146588137,-0.3306,-0.238218169641158));
#8114=CARTESIAN_POINT('Ctrl Pts',(-0.313,-0.320127683834229,-0.263025));
#8115=CARTESIAN_POINT('Ctrl Pts',(-0.3165905224611,-0.319409777518255,-0.263025));
#8116=CARTESIAN_POINT('Ctrl Pts',(-0.320143983128542,-0.318644111957143,
-0.262358860685693));
#8117=CARTESIAN_POINT('Ctrl Pts',(-0.32715242144565,-0.317018031371667,
-0.259644780100646));
#8118=CARTESIAN_POINT('Ctrl Pts',(-0.330501420307581,-0.316169884780525,
-0.25748911737341));
#8119=CARTESIAN_POINT('Ctrl Pts',(-0.335783768444705,-0.314684761375187,
-0.252309859841824));
#8120=CARTESIAN_POINT('Ctrl Pts',(-0.33808158592495,-0.313875215851103,
-0.249185809193094));
#8121=CARTESIAN_POINT('Ctrl Pts',(-0.341373997831762,-0.312055512007,-0.241448540013786));
#8122=CARTESIAN_POINT('Ctrl Pts',(-0.342025,-0.311217847229815,-0.237528713878691));
#8123=CARTESIAN_POINT('Ctrl Pts',(-0.342025,-0.310512299218844,-0.234000000000001));
#8124=CARTESIAN_POINT('Origin',(-0.313,-0.0329999999999998,-0.234));
#8125=CARTESIAN_POINT('',(-0.342025,-0.254533854627252,-0.233999999999855));
#8126=CARTESIAN_POINT('',(-0.342025,-0.272050760757079,-0.233999999999431));
#8127=CARTESIAN_POINT('',(-0.342025,-0.0329999999999998,-0.234));
#8128=CARTESIAN_POINT('Ctrl Pts',(-0.342025,-0.254533854627252,-0.233999999999709));
#8129=CARTESIAN_POINT('Ctrl Pts',(-0.342025000000023,-0.254983208174763,
-0.236247387951895));
#8130=CARTESIAN_POINT('Ctrl Pts',(-0.341764693645374,-0.255452669642855,
-0.23848752083823));
#8131=CARTESIAN_POINT('Ctrl Pts',(-0.340347126349929,-0.256767793578304,
-0.244477780099524));
#8132=CARTESIAN_POINT('Ctrl Pts',(-0.338693834224803,-0.257619636059604,
-0.248053352230185));
#8133=CARTESIAN_POINT('Ctrl Pts',(-0.334129890529324,-0.259238447800039,
-0.254259197900481));
#8134=CARTESIAN_POINT('Ctrl Pts',(-0.331301020774396,-0.259978371389865,
-0.256846845756631));
#8135=CARTESIAN_POINT('Ctrl Pts',(-0.324714617437778,-0.26162607687805,
-0.260840916640654));
#8136=CARTESIAN_POINT('Ctrl Pts',(-0.321004015247936,-0.262478182629816,
-0.262171396198491));
#8137=CARTESIAN_POINT('Ctrl Pts',(-0.31337785927955,-0.264094010323684,
-0.263270376937679));
#8138=CARTESIAN_POINT('Ctrl Pts',(-0.30955037078735,-0.264835344464295,
-0.263068832742632));
#8139=CARTESIAN_POINT('Ctrl Pts',(-0.30208271314752,-0.266485284282875,
-0.261175319750401));
#8140=CARTESIAN_POINT('Ctrl Pts',(-0.298529584634759,-0.267337598144286,
-0.25946215230654));
#8141=CARTESIAN_POINT('Ctrl Pts',(-0.292397181356007,-0.268950310717205,
-0.254794546781587));
#8142=CARTESIAN_POINT('Ctrl Pts',(-0.289857397559665,-0.269693409493624,
-0.251925122216595));
#8143=CARTESIAN_POINT('Ctrl Pts',(-0.285990823495534,-0.27133659454827,
-0.245308516374987));
#8144=CARTESIAN_POINT('Ctrl Pts',(-0.284725982440214,-0.2721798339202,-0.241615069964075));
#8145=CARTESIAN_POINT('Ctrl Pts',(-0.283721983259742,-0.273791138465587,
-0.233972193331319));
#8146=CARTESIAN_POINT('Ctrl Pts',(-0.283981996477546,-0.274543705607365,
-0.23010641397159));
#8147=CARTESIAN_POINT('Ctrl Pts',(-0.285998774624493,-0.276196893305543,
-0.222673570549781));
#8148=CARTESIAN_POINT('Ctrl Pts',(-0.287743554908348,-0.2770390328919,-0.219184421922274));
#8149=CARTESIAN_POINT('Ctrl Pts',(-0.292488523544402,-0.278647152991972,
-0.21310703219631));
#8150=CARTESIAN_POINT('Ctrl Pts',(-0.295430843542235,-0.279403064044468,
-0.210578522013655));
#8151=CARTESIAN_POINT('Ctrl Pts',(-0.302146735335607,-0.281058345792509,
-0.206805585126099));
#8152=CARTESIAN_POINT('Ctrl Pts',(-0.305855053942531,-0.281899299134989,
-0.20560425116209));
#8153=CARTESIAN_POINT('Ctrl Pts',(-0.313517163929067,-0.283504088875056,
-0.204725347770516));
#8154=CARTESIAN_POINT('Ctrl Pts',(-0.317388361553959,-0.284263764219447,
-0.205051378399154));
#8155=CARTESIAN_POINT('Ctrl Pts',(-0.32478824506396,-0.285921124209602,
-0.207198106734463));
#8156=CARTESIAN_POINT('Ctrl Pts',(-0.328241711343665,-0.286760796744467,
-0.208999243659775));
#8157=CARTESIAN_POINT('Ctrl Pts',(-0.334241883565529,-0.288362093079251,
-0.213848238969892));
#8158=CARTESIAN_POINT('Ctrl Pts',(-0.336726366914166,-0.289125989497695,
-0.216842407034427));
#8159=CARTESIAN_POINT('Ctrl Pts',(-0.340380701085425,-0.290785415309582,
-0.223628151720446));
#8160=CARTESIAN_POINT('Ctrl Pts',(-0.341515158810038,-0.291623703067213,
-0.227350839769342));
#8161=CARTESIAN_POINT('Ctrl Pts',(-0.341979612922476,-0.292616722497623,
-0.232124924331594));
#8162=CARTESIAN_POINT('Ctrl Pts',(-0.342024999999961,-0.292807984869804,
-0.233062700236941));
#8163=CARTESIAN_POINT('Ctrl Pts',(-0.342025,-0.292995393088607,-0.233999999998795));
#8164=CARTESIAN_POINT('Ctrl Pts',(-0.342025,-0.310512299218844,-0.234000000000001));
#8165=CARTESIAN_POINT('Ctrl Pts',(-0.342025,-0.310505231216395,-0.233964650232234));
#8166=CARTESIAN_POINT('Ctrl Pts',(-0.342024935420676,-0.310498166125865,
-0.233929341777742));
#8167=CARTESIAN_POINT('Ctrl Pts',(-0.342010848072962,-0.309725189458653,
-0.23006922672077));
#8168=CARTESIAN_POINT('Ctrl Pts',(-0.341241133770164,-0.308906007562445,
-0.226291012677514));
#8169=CARTESIAN_POINT('Ctrl Pts',(-0.338130428300996,-0.307165315337293,
-0.218873645376921));
#8170=CARTESIAN_POINT('Ctrl Pts',(-0.335775936625782,-0.306334991807091,
-0.21565054428989));
#8171=CARTESIAN_POINT('Ctrl Pts',(-0.330433896060997,-0.304838683587475,
-0.210480347105221));
#8172=CARTESIAN_POINT('Ctrl Pts',(-0.327186598786661,-0.304016445318718,
-0.208391982473705));
#8173=CARTESIAN_POINT('Ctrl Pts',(-0.31976154422183,-0.302289715516298,
-0.205468423579143));
#8174=CARTESIAN_POINT('Ctrl Pts',(-0.315839377442644,-0.301472267665026,
-0.204882820524075));
#8175=CARTESIAN_POINT('Ctrl Pts',(-0.308345243685899,-0.299956255115087,
-0.205095323103279));
#8176=CARTESIAN_POINT('Ctrl Pts',(-0.304578045495408,-0.299131258612853,
-0.205961839906222));
#8177=CARTESIAN_POINT('Ctrl Pts',(-0.297337226925977,-0.297413698475629,
-0.209219465634108));
#8178=CARTESIAN_POINT('Ctrl Pts',(-0.294179746653351,-0.296605878044202,
-0.211597855318789));
#8179=CARTESIAN_POINT('Ctrl Pts',(-0.289073431754502,-0.295077442097823,
-0.217127039770464));
#8180=CARTESIAN_POINT('Ctrl Pts',(-0.287058099098971,-0.294249946506739,
-0.22043088174773));
#8181=CARTESIAN_POINT('Ctrl Pts',(-0.284341455856725,-0.292540589996868,
-0.227854753140002));
#8182=CARTESIAN_POINT('Ctrl Pts',(-0.283824521213427,-0.291741396400612,
-0.231762363566655));
#8183=CARTESIAN_POINT('Ctrl Pts',(-0.284206379338974,-0.290201839421677,
-0.239304102601128));
#8184=CARTESIAN_POINT('Ctrl Pts',(-0.285159934794336,-0.289372071271907,
-0.243059113025022));
#8185=CARTESIAN_POINT('Ctrl Pts',(-0.288490867902513,-0.287702793787396,
-0.25002808677822));
#8186=CARTESIAN_POINT('Ctrl Pts',(-0.290855933512846,-0.28691059755597,
-0.253161892197515));
#8187=CARTESIAN_POINT('Ctrl Pts',(-0.296643994405415,-0.285329089828748,
-0.25828403399239));
#8188=CARTESIAN_POINT('Ctrl Pts',(-0.299997573463332,-0.284497248217715,
-0.260231766296533));
#8189=CARTESIAN_POINT('Ctrl Pts',(-0.307303637784887,-0.282830014302964,
-0.262724215904127));
#8190=CARTESIAN_POINT('Ctrl Pts',(-0.311188835377831,-0.282044988211261,
-0.263226761775586));
#8191=CARTESIAN_POINT('Ctrl Pts',(-0.318894869699429,-0.280458876492966,
-0.262679427015523));
#8192=CARTESIAN_POINT('Ctrl Pts',(-0.322636870288888,-0.279625137325156,
-0.261646515381206));
#8193=CARTESIAN_POINT('Ctrl Pts',(-0.329526432406473,-0.277959947625527,
-0.258173223175094));
#8194=CARTESIAN_POINT('Ctrl Pts',(-0.332599097404004,-0.277181346449678,
-0.255755673195883));
#8195=CARTESIAN_POINT('Ctrl Pts',(-0.337602866882307,-0.275590916842559,
-0.249873959170579));
#8196=CARTESIAN_POINT('Ctrl Pts',(-0.339487324120616,-0.274755436323447,
-0.246475971159283));
#8197=CARTESIAN_POINT('Ctrl Pts',(-0.341564923425835,-0.273279903219381,
-0.239956838862209));
#8198=CARTESIAN_POINT('Ctrl Pts',(-0.342025000000117,-0.272648271168935,
-0.236988376764481));
#8199=CARTESIAN_POINT('Ctrl Pts',(-0.342025,-0.272050760757079,-0.233999999998862));
#8200=CARTESIAN_POINT('Origin',(-0.313,-0.0329999999999998,-0.234));
#8201=CARTESIAN_POINT('',(-0.342025,-0.216072316165799,-0.234000000000065));
#8202=CARTESIAN_POINT('',(-0.342025,-0.233589222295706,-0.233999999999844));
#8203=CARTESIAN_POINT('',(-0.342025,-0.0329999999999998,-0.234));
#8204=CARTESIAN_POINT('Ctrl Pts',(-0.342025,-0.216072316165799,-0.234000000000131));
#8205=CARTESIAN_POINT('Ctrl Pts',(-0.342025,-0.216403997505003,-0.235658864495202));
#8206=CARTESIAN_POINT('Ctrl Pts',(-0.341883004134828,-0.216747215343548,
-0.237316610796901));
#8207=CARTESIAN_POINT('Ctrl Pts',(-0.340935370094468,-0.217918474515846,
-0.24278200040256));
#8208=CARTESIAN_POINT('Ctrl Pts',(-0.339512523478891,-0.218766348375805,
-0.246433177604318));
#8209=CARTESIAN_POINT('Ctrl Pts',(-0.335349897172759,-0.220405705535021,
-0.252908009831562));
#8210=CARTESIAN_POINT('Ctrl Pts',(-0.3326750220631,-0.221145286002565,-0.255677772102113));
#8211=CARTESIAN_POINT('Ctrl Pts',(-0.326345900605232,-0.222774156482579,
-0.260065554964509));
#8212=CARTESIAN_POINT('Ctrl Pts',(-0.322743698141807,-0.223622710273588,
-0.261614846817053));
#8213=CARTESIAN_POINT('Ctrl Pts',(-0.315209320323258,-0.225259727162693,
-0.263191246429281));
#8214=CARTESIAN_POINT('Ctrl Pts',(-0.311361749892794,-0.225998375639294,
-0.263228873120261));
#8215=CARTESIAN_POINT('Ctrl Pts',(-0.303794791814723,-0.227629736342805,
-0.26179942425978));
#8216=CARTESIAN_POINT('Ctrl Pts',(-0.300160871449254,-0.228478915937746,
-0.260319149989518));
#8217=CARTESIAN_POINT('Ctrl Pts',(-0.293751273712584,-0.230113536285312,
-0.256056227850091));
#8218=CARTESIAN_POINT('Ctrl Pts',(-0.29102645554195,-0.230851539338695,
-0.25334306596016));
#8219=CARTESIAN_POINT('Ctrl Pts',(-0.286734627160808,-0.232485332651398,
-0.24694957789666));
#8220=CARTESIAN_POINT('Ctrl Pts',(-0.285238327531648,-0.233335084954582,
-0.243319431120504));
#8221=CARTESIAN_POINT('Ctrl Pts',(-0.283778893939836,-0.234967266041191,
-0.235760790076999));
#8222=CARTESIAN_POINT('Ctrl Pts',(-0.283800027530796,-0.235704868911015,
-0.231918051901158));
#8223=CARTESIAN_POINT('Ctrl Pts',(-0.285342872165822,-0.237341064884145,
-0.224373880868899));
#8224=CARTESIAN_POINT('Ctrl Pts',(-0.286880316716568,-0.238191336286877,
-0.220758180663064));
#8225=CARTESIAN_POINT('Ctrl Pts',(-0.291242945757622,-0.239821016958483,
-0.214414588075034));
#8226=CARTESIAN_POINT('Ctrl Pts',(-0.293994134028774,-0.240558490000535,
-0.211734923257139));
#8227=CARTESIAN_POINT('Ctrl Pts',(-0.30045159365641,-0.242197051995415,
-0.20753995691767));
#8228=CARTESIAN_POINT('Ctrl Pts',(-0.304108947917217,-0.243047792042675,
-0.206097415549881));
#8229=CARTESIAN_POINT('Ctrl Pts',(-0.311690944535908,-0.244674894497912,
-0.204755688731069));
#8230=CARTESIAN_POINT('Ctrl Pts',(-0.315528605496521,-0.245412526932999,
-0.204835847204232));
#8231=CARTESIAN_POINT('Ctrl Pts',(-0.323048894390916,-0.24705341693116,
-0.206493025956216));
#8232=CARTESIAN_POINT('Ctrl Pts',(-0.326645222571564,-0.247904575359971,
-0.208087949020593));
#8233=CARTESIAN_POINT('Ctrl Pts',(-0.332921168602102,-0.249529013363582,
-0.212550589227753));
#8234=CARTESIAN_POINT('Ctrl Pts',(-0.335555261148753,-0.250267100592448,
-0.215340194268896));
#8235=CARTESIAN_POINT('Ctrl Pts',(-0.339651343771317,-0.251910286670558,
-0.221861739671656));
#8236=CARTESIAN_POINT('Ctrl Pts',(-0.341038815648235,-0.25276181287742,
-0.225545836345554));
#8237=CARTESIAN_POINT('Ctrl Pts',(-0.341902678453221,-0.253908204592957,
-0.230921553526241));
#8238=CARTESIAN_POINT('Ctrl Pts',(-0.342024999999985,-0.254226042513304,
-0.232460514576145));
#8239=CARTESIAN_POINT('Ctrl Pts',(-0.342025,-0.254533854627252,-0.233999999999709));
#8240=CARTESIAN_POINT('Ctrl Pts',(-0.342025,-0.272050760757079,-0.233999999998862));
#8241=CARTESIAN_POINT('Ctrl Pts',(-0.342024999999966,-0.271877375485993,
-0.233132834330593));
#8242=CARTESIAN_POINT('Ctrl Pts',(-0.341986148280169,-0.271700684548694,
-0.232265228677933));
#8243=CARTESIAN_POINT('Ctrl Pts',(-0.341562925314649,-0.270724957389522,
-0.227560550839069));
#8244=CARTESIAN_POINT('Ctrl Pts',(-0.34045672445104,-0.269887874924807,
-0.223832186543285));
#8245=CARTESIAN_POINT('Ctrl Pts',(-0.336852648744046,-0.268226782806676,
-0.217017290288631));
#8246=CARTESIAN_POINT('Ctrl Pts',(-0.334386774539021,-0.267459103362967,
-0.214001250810347));
#8247=CARTESIAN_POINT('Ctrl Pts',(-0.328419415091982,-0.265860769375207,
-0.209108807017147));
#8248=CARTESIAN_POINT('Ctrl Pts',(-0.324981231489163,-0.265022209992974,
-0.207284215096164));
#8249=CARTESIAN_POINT('Ctrl Pts',(-0.317595565188922,-0.26336317592653,
-0.205082949913515));
#8250=CARTESIAN_POINT('Ctrl Pts',(-0.313722109071013,-0.262600118655252,
-0.204729158509722));
#8251=CARTESIAN_POINT('Ctrl Pts',(-0.305996696008921,-0.260986517184848,
-0.205561631114521));
#8252=CARTESIAN_POINT('Ctrl Pts',(-0.302230918227531,-0.260133945908992,
-0.206764525934988));
#8253=CARTESIAN_POINT('Ctrl Pts',(-0.295504188614664,-0.258477005597263,
-0.21053132417313));
#8254=CARTESIAN_POINT('Ctrl Pts',(-0.292589136713032,-0.257728787041391,
-0.213017339376637));
#8255=CARTESIAN_POINT('Ctrl Pts',(-0.287806076639711,-0.256123291761009,
-0.219065823391347));
#8256=CARTESIAN_POINT('Ctrl Pts',(-0.286026054019408,-0.255270731855269,
-0.222592490144552));
#8257=CARTESIAN_POINT('Ctrl Pts',(-0.283998092474391,-0.253616012606343,
-0.230028361118851));
#8258=CARTESIAN_POINT('Ctrl Pts',(-0.283727851328804,-0.252870411818065,
-0.233850201281881));
#8259=CARTESIAN_POINT('Ctrl Pts',(-0.284689125962742,-0.251261466303708,
-0.241498976590084));
#8260=CARTESIAN_POINT('Ctrl Pts',(-0.285955366725024,-0.250408984992654,
-0.245238065675073));
#8261=CARTESIAN_POINT('Ctrl Pts',(-0.289834826864451,-0.248756485418612,
-0.251895919382751));
#8262=CARTESIAN_POINT('Ctrl Pts',(-0.292370923996513,-0.248013088039697,
-0.254768470528268));
#8263=CARTESIAN_POINT('Ctrl Pts',(-0.298497620753449,-0.246400857955616,
-0.259444027052343));
#8264=CARTESIAN_POINT('Ctrl Pts',(-0.302048976798824,-0.245548517642781,
-0.261161792996069));
#8265=CARTESIAN_POINT('Ctrl Pts',(-0.309514494402929,-0.243898241554208,
-0.263064532749963));
#8266=CARTESIAN_POINT('Ctrl Pts',(-0.313341592715376,-0.243156664306555,
-0.263270799581401));
#8267=CARTESIAN_POINT('Ctrl Pts',(-0.320969359269844,-0.241541298066486,
-0.262181278918721));
#8268=CARTESIAN_POINT('Ctrl Pts',(-0.324681958322325,-0.240689157305558,
-0.260855197499141));
#8269=CARTESIAN_POINT('Ctrl Pts',(-0.331273307928456,-0.239041113728563,
-0.256868985746536));
#8270=CARTESIAN_POINT('Ctrl Pts',(-0.334105187525855,-0.238300999064273,
-0.254284893475388));
#8271=CARTESIAN_POINT('Ctrl Pts',(-0.338676858488898,-0.236682629878926,
-0.248084461930386));
#8272=CARTESIAN_POINT('Ctrl Pts',(-0.34033460883526,-0.235830744217678,
-0.244510520496089));
#8273=CARTESIAN_POINT('Ctrl Pts',(-0.341762023337208,-0.234512831607615,
-0.238510392859184));
#8274=CARTESIAN_POINT('Ctrl Pts',(-0.342025000000024,-0.234040879420422,
-0.236258909017388));
#8275=CARTESIAN_POINT('Ctrl Pts',(-0.342025,-0.233589222295706,-0.233999999999689));
#8276=CARTESIAN_POINT('Origin',(-0.313,-0.381621715207318,-0.234));
#8277=CARTESIAN_POINT('',(-0.333283824216033,-0.369182181384424,-0.234));
#8278=CARTESIAN_POINT('',(-0.330465524474648,-0.381621715207293,-0.234));
#8279=CARTESIAN_POINT('',(-0.33046552447468,-0.381621715207318,-0.234));
#8280=CARTESIAN_POINT('',(-0.302578012078371,-0.381621715207318,-0.24801523146213));
#8281=CARTESIAN_POINT('Ctrl Pts',(-0.302578012078371,-0.381621715207318,
-0.24801523146213));
#8282=CARTESIAN_POINT('Ctrl Pts',(-0.303851295828838,-0.381076960867881,
-0.249115872158977));
#8283=CARTESIAN_POINT('Ctrl Pts',(-0.305278017150745,-0.380543316680227,
-0.250026367416474));
#8284=CARTESIAN_POINT('Ctrl Pts',(-0.308339562580682,-0.379489319712314,
-0.251413182906431));
#8285=CARTESIAN_POINT('Ctrl Pts',(-0.309954827765612,-0.378973855932821,
-0.251885201547076));
#8286=CARTESIAN_POINT('Ctrl Pts',(-0.314094812113658,-0.377683318130456,
-0.252495275136759));
#8287=CARTESIAN_POINT('Ctrl Pts',(-0.316629617288502,-0.376914688319073,
-0.252346748728252));
#8288=CARTESIAN_POINT('Ctrl Pts',(-0.321520846638322,-0.375394125324668,
-0.251033393442479));
#8289=CARTESIAN_POINT('Ctrl Pts',(-0.323815205048791,-0.374657318657404,
-0.249878734905836));
#8290=CARTESIAN_POINT('Ctrl Pts',(-0.3279057043531,-0.373139646075677,-0.246675712592737));
#8291=CARTESIAN_POINT('Ctrl Pts',(-0.329635892722749,-0.372370091931019,
-0.244629003644583));
#8292=CARTESIAN_POINT('Ctrl Pts',(-0.33217791798118,-0.370856191780428,
-0.239952510084126));
#8293=CARTESIAN_POINT('Ctrl Pts',(-0.332960709801066,-0.370125478937623,
-0.237382469636886));
#8294=CARTESIAN_POINT('Ctrl Pts',(-0.333248559537824,-0.36931833137393,
-0.234488776445379));
#8295=CARTESIAN_POINT('Ctrl Pts',(-0.333268398897816,-0.369250266324028,
-0.234244436854655));
#8296=CARTESIAN_POINT('Ctrl Pts',(-0.333283824216032,-0.369182181384424,
-0.234));
#8297=CARTESIAN_POINT('Origin',(-0.313,-0.381621715207318,-0.234));
#8298=CARTESIAN_POINT('Origin',(-0.313,-0.381621715207318,-0.234));
#8299=CARTESIAN_POINT('',(-0.341801636747272,-0.331585890427596,-0.234000000107001));
#8300=CARTESIAN_POINT('',(-0.337185094425309,-0.351962585466903,-0.234));
#8301=CARTESIAN_POINT('',(-0.33046552447468,-0.381621715207318,-0.234));
#8302=CARTESIAN_POINT('',(-0.313,-0.342648285231663,-0.260295341506718));
#8303=CARTESIAN_POINT('Ctrl Pts',(-0.341801636747272,-0.331585890427596,
-0.234000000214001));
#8304=CARTESIAN_POINT('Ctrl Pts',(-0.341685606421425,-0.332098030047625,
-0.236209228994171));
#8305=CARTESIAN_POINT('Ctrl Pts',(-0.341338876599101,-0.332552545225244,
-0.238042386108205));
#8306=CARTESIAN_POINT('Ctrl Pts',(-0.340022357370965,-0.333859496637028,
-0.243137154866594));
#8307=CARTESIAN_POINT('Ctrl Pts',(-0.338406524282872,-0.334812115998757,
-0.246490055520895));
#8308=CARTESIAN_POINT('Ctrl Pts',(-0.334420586451566,-0.336497232921369,
-0.251790278493664));
#8309=CARTESIAN_POINT('Ctrl Pts',(-0.331726847463967,-0.337396180044948,
-0.254611105545844));
#8310=CARTESIAN_POINT('Ctrl Pts',(-0.325590481377627,-0.339235567699795,
-0.258099134704678));
#8311=CARTESIAN_POINT('Ctrl Pts',(-0.323187580942938,-0.339924529169268,
-0.259040962190234));
#8312=CARTESIAN_POINT('Ctrl Pts',(-0.318176399087901,-0.341305207069034,
-0.260218080464315));
#8313=CARTESIAN_POINT('Ctrl Pts',(-0.315586815342599,-0.341991457527589,
-0.260444152336356));
#8314=CARTESIAN_POINT('Ctrl Pts',(-0.313000000000003,-0.342648285231662,
-0.260295341506718));
#8315=CARTESIAN_POINT('Ctrl Pts',(-0.333283824216032,-0.369182181384424,
-0.234));
#8316=CARTESIAN_POINT('Ctrl Pts',(-0.333443813224302,-0.368476014949939,
-0.231464738852514));
#8317=CARTESIAN_POINT('Ctrl Pts',(-0.333128350584066,-0.36777510947183,
-0.228916914707907));
#8318=CARTESIAN_POINT('Ctrl Pts',(-0.331504124525764,-0.366333714762515,
-0.223836187265639));
#8319=CARTESIAN_POINT('Ctrl Pts',(-0.330136974810001,-0.365609556673233,
-0.221390981139938));
#8320=CARTESIAN_POINT('Ctrl Pts',(-0.326427559143421,-0.364096232260152,
-0.217035803068362));
#8321=CARTESIAN_POINT('Ctrl Pts',(-0.324088458389719,-0.363325523864325,
-0.215220133181874));
#8322=CARTESIAN_POINT('Ctrl Pts',(-0.318851510243114,-0.361823531248867,
-0.212646815048133));
#8323=CARTESIAN_POINT('Ctrl Pts',(-0.316025627743357,-0.361103949458512,
-0.211903050509907));
#8324=CARTESIAN_POINT('Ctrl Pts',(-0.310086220465535,-0.359599574879114,
-0.211527967013678));
#8325=CARTESIAN_POINT('Ctrl Pts',(-0.307040485685791,-0.358834692371026,
-0.211958747410165));
#8326=CARTESIAN_POINT('Ctrl Pts',(-0.301310429468933,-0.357339076026023,
-0.214000463560175));
#8327=CARTESIAN_POINT('Ctrl Pts',(-0.29868617456648,-0.356617223912998,
-0.215580795770467));
#8328=CARTESIAN_POINT('Ctrl Pts',(-0.295282861365114,-0.355508577195549,
-0.218662179144396));
#8329=CARTESIAN_POINT('Ctrl Pts',(-0.294231803906988,-0.355133252631724,
-0.219826515499783));
#8330=CARTESIAN_POINT('Ctrl Pts',(-0.292370088156716,-0.35438367039268,
-0.222356588417144));
#8331=CARTESIAN_POINT('Ctrl Pts',(-0.291566130750928,-0.354011266262562,
-0.223716629117329));
#8332=CARTESIAN_POINT('Ctrl Pts',(-0.290230350981335,-0.353261551835407,
-0.226593605978405));
#8333=CARTESIAN_POINT('Ctrl Pts',(-0.289705525896575,-0.352886775500897,
-0.228105361383651));
#8334=CARTESIAN_POINT('Ctrl Pts',(-0.288961193951698,-0.352138069921056,
-0.23122308543698));
#8335=CARTESIAN_POINT('Ctrl Pts',(-0.288745841512534,-0.351765946965498,
-0.232821182651572));
#8336=CARTESIAN_POINT('Ctrl Pts',(-0.288633077179027,-0.351016983931428,
-0.236055194768651));
#8337=CARTESIAN_POINT('Ctrl Pts',(-0.28873996029316,-0.350642712974363,
-0.237683701239033));
#8338=CARTESIAN_POINT('Ctrl Pts',(-0.289277605958976,-0.349894823658202,
-0.240908694878296));
#8339=CARTESIAN_POINT('Ctrl Pts',(-0.289709294167752,-0.34952296590115,
-0.242496214318749));
#8340=CARTESIAN_POINT('Ctrl Pts',(-0.290885753475581,-0.348774700914857,
-0.245579446870666));
#8341=CARTESIAN_POINT('Ctrl Pts',(-0.291631503431717,-0.348400896204499,
-0.247066756374453));
#8342=CARTESIAN_POINT('Ctrl Pts',(-0.293415092879834,-0.347653499429701,
-0.249884608620007));
#8343=CARTESIAN_POINT('Ctrl Pts',(-0.294449612021095,-0.347282837209672,
-0.251204786386137));
#8344=CARTESIAN_POINT('Ctrl Pts',(-0.297864055550588,-0.34618203887975,
-0.254772982724824));
#8345=CARTESIAN_POINT('Ctrl Pts',(-0.300552319632579,-0.345460682717102,
-0.256672895552884));
#8346=CARTESIAN_POINT('Ctrl Pts',(-0.306514228127769,-0.344039318625029,
-0.259369211142525));
#8347=CARTESIAN_POINT('Ctrl Pts',(-0.309727517586216,-0.343349098170386,
-0.260136565386017));
#8348=CARTESIAN_POINT('Ctrl Pts',(-0.313000000000139,-0.342648285231634,
-0.260295341506725));
#8349=CARTESIAN_POINT('',(-0.310400177088272,-0.381621715207318,-0.216729057176769));
#8350=CARTESIAN_POINT('Origin',(-0.313,-0.381621715207318,-0.234));
#8351=CARTESIAN_POINT('Ctrl Pts',(-0.310400177088391,-0.381621715207362,
-0.216729057176761));
#8352=CARTESIAN_POINT('Ctrl Pts',(-0.308804714007979,-0.381033039494871,
-0.216834351884713));
#8353=CARTESIAN_POINT('Ctrl Pts',(-0.307229314830033,-0.38045100932861,
-0.21715878574241));
#8354=CARTESIAN_POINT('Ctrl Pts',(-0.304203010066431,-0.379283892247144,
-0.218220274438385));
#8355=CARTESIAN_POINT('Ctrl Pts',(-0.302763544827563,-0.378703307870141,
-0.218954497276891));
#8356=CARTESIAN_POINT('Ctrl Pts',(-0.299328026218688,-0.377215959055095,
-0.221329879447952));
#8357=CARTESIAN_POINT('Ctrl Pts',(-0.297548507742757,-0.37634192665368,
-0.22322543316699));
#8358=CARTESIAN_POINT('Ctrl Pts',(-0.294856623090683,-0.374576141329964,
-0.227615141631158));
#8359=CARTESIAN_POINT('Ctrl Pts',(-0.293969384240847,-0.373699296252996,
-0.230070493822071));
#8360=CARTESIAN_POINT('Ctrl Pts',(-0.29319520887046,-0.371926922949768,
-0.235324764320156));
#8361=CARTESIAN_POINT('Ctrl Pts',(-0.293374002259436,-0.371054581543145,
-0.238081582125332));
#8362=CARTESIAN_POINT('Ctrl Pts',(-0.29481667398626,-0.369296939670385,
-0.243329774912543));
#8363=CARTESIAN_POINT('Ctrl Pts',(-0.296057543184451,-0.368427545152257,
-0.245776875367851));
#8364=CARTESIAN_POINT('Ctrl Pts',(-0.299526735891227,-0.36666877141267,
-0.250174286819364));
#8365=CARTESIAN_POINT('Ctrl Pts',(-0.301776483829176,-0.365797558694097,
-0.252041632858132));
#8366=CARTESIAN_POINT('Ctrl Pts',(-0.306840702554418,-0.36404627596183,
-0.254738844146593));
#8367=CARTESIAN_POINT('Ctrl Pts',(-0.309597061632802,-0.363183595322635,
-0.255562557013618));
#8368=CARTESIAN_POINT('Ctrl Pts',(-0.315469525377543,-0.361434428339539,
-0.25610989533671));
#8369=CARTESIAN_POINT('Ctrl Pts',(-0.318532420851892,-0.360564161737011,
-0.255751347430218));
#8370=CARTESIAN_POINT('Ctrl Pts',(-0.324263853152341,-0.358816929748677,
-0.253854801744588));
#8371=CARTESIAN_POINT('Ctrl Pts',(-0.326887083009792,-0.357958063377146,
-0.252361975631048));
#8372=CARTESIAN_POINT('Ctrl Pts',(-0.330327611749415,-0.356678454728826,
-0.249379923890916));
#8373=CARTESIAN_POINT('Ctrl Pts',(-0.331396620863406,-0.35624853148643,
-0.248243327694269));
#8374=CARTESIAN_POINT('Ctrl Pts',(-0.334302874077135,-0.354930953052156,
-0.244456335270579));
#8375=CARTESIAN_POINT('Ctrl Pts',(-0.335715519452653,-0.354051822925695,
-0.241522111094912));
#8376=CARTESIAN_POINT('Ctrl Pts',(-0.336866676659514,-0.352763987624582,
-0.23695842297043));
#8377=CARTESIAN_POINT('Ctrl Pts',(-0.337094820800964,-0.352361039111442,
-0.235487112608048));
#8378=CARTESIAN_POINT('Ctrl Pts',(-0.337185094425309,-0.351962585466903,
-0.234));
#8379=CARTESIAN_POINT('Origin',(-0.313,38.9620787401575,-0.233999999999976));
#8380=CARTESIAN_POINT('',(-0.324413758700158,-0.390761732807657,-0.233999999999781));
#8381=CARTESIAN_POINT('',(-26.3806188467376,38.9620787401575,-0.233999999999973));
#8382=CARTESIAN_POINT('',(-0.304995761175653,-0.393576923076923,-0.22879132413473));
#8383=CARTESIAN_POINT('Ctrl Pts',(-0.302578012078433,-0.381621715207345,
-0.248015231462099));
#8384=CARTESIAN_POINT('Ctrl Pts',(-0.30194663493781,-0.382085426548704,
-0.247163110721546));
#8385=CARTESIAN_POINT('Ctrl Pts',(-0.301401005098542,-0.382557538724635,
-0.246257816020969));
#8386=CARTESIAN_POINT('Ctrl Pts',(-0.300495384598813,-0.383518238323645,
-0.244362870740018));
#8387=CARTESIAN_POINT('Ctrl Pts',(-0.300143313363555,-0.383998353216533,
-0.243392126141163));
#8388=CARTESIAN_POINT('Ctrl Pts',(-0.299425094621685,-0.385417873144426,
-0.240527545144643));
#8389=CARTESIAN_POINT('Ctrl Pts',(-0.299328057842045,-0.386367953400838,
-0.238612603781059));
#8390=CARTESIAN_POINT('Ctrl Pts',(-0.299782951382764,-0.387881899930042,
-0.235863850388403));
#8391=CARTESIAN_POINT('Ctrl Pts',(-0.300026601840333,-0.388389463821783,
-0.234988589019688));
#8392=CARTESIAN_POINT('Ctrl Pts',(-0.300845647824247,-0.389663849724581,
-0.232952354704177));
#8393=CARTESIAN_POINT('Ctrl Pts',(-0.301514702272486,-0.390436075605974,
-0.231848426531546));
#8394=CARTESIAN_POINT('Ctrl Pts',(-0.30311802764715,-0.391997085001854,
-0.230035430868179));
#8395=CARTESIAN_POINT('Ctrl Pts',(-0.304013088252309,-0.392765986268374,
-0.229316973569233));
#8396=CARTESIAN_POINT('Ctrl Pts',(-0.304995761175678,-0.393576923076934,
-0.228791324134792));
#8397=CARTESIAN_POINT('',(-0.32254977190443,-0.393576923076925,-0.234));
#8398=CARTESIAN_POINT('Origin',(-0.313,-0.393576923076923,-0.234));
#8399=CARTESIAN_POINT('',(-0.313,-0.408,-0.234));
#8400=CARTESIAN_POINT('',(-26.3806188467376,38.9620787401575,-0.233999999999973));
#8401=CARTESIAN_POINT('',(-0.321248507106362,-0.393576923076923,-0.238812512227823));
#8402=CARTESIAN_POINT('Origin',(-0.313,-0.393576923076923,-0.234));
#8403=CARTESIAN_POINT('Ctrl Pts',(-0.321248507106264,-0.39357692307695,
-0.238812512227863));
#8404=CARTESIAN_POINT('Ctrl Pts',(-0.321808647157429,-0.393198378045378,
-0.238349811694189));
#8405=CARTESIAN_POINT('Ctrl Pts',(-0.322316397393248,-0.392829535543346,
-0.237818799381306));
#8406=CARTESIAN_POINT('Ctrl Pts',(-0.323232821474679,-0.392086652531841,
-0.236616469220628));
#8407=CARTESIAN_POINT('Ctrl Pts',(-0.323632657885317,-0.391715090631428,
-0.235941482639817));
#8408=CARTESIAN_POINT('Ctrl Pts',(-0.324132370326291,-0.391152129023397,
-0.234826403208355));
#8409=CARTESIAN_POINT('Ctrl Pts',(-0.32428557505012,-0.390955329331587,
-0.234417354604986));
#8410=CARTESIAN_POINT('Ctrl Pts',(-0.324413758700159,-0.390761732807657,
-0.233999999999561));
#8411=CARTESIAN_POINT('Origin',(-0.313,-0.196395996936878,-0.234));
#8412=CARTESIAN_POINT('',(-0.356,-0.158,-0.234));
#8413=CARTESIAN_POINT('Origin',(-0.313,-0.158,-0.234));
#8414=CARTESIAN_POINT('',(-0.353298218829189,-0.16542308275911,-0.234));
#8415=CARTESIAN_POINT('',(-0.342025,-0.196395996936878,-0.234));
#8416=CARTESIAN_POINT('',(-0.337038263964453,-0.16542308275911,-0.201656402389646));
#8417=CARTESIAN_POINT('Origin',(-0.313,-0.16542308275911,-0.234));
#8418=CARTESIAN_POINT('',(-0.350681275834026,-0.17261307454632,-0.234000000081295));
#8419=CARTESIAN_POINT('Ctrl Pts',(-0.337038263964535,-0.165423082758899,
-0.201656402389611));
#8420=CARTESIAN_POINT('Ctrl Pts',(-0.339823836467515,-0.166123577059145,
-0.204044347126885));
#8421=CARTESIAN_POINT('Ctrl Pts',(-0.343741455335947,-0.167100058205478,
-0.208016402813613));
#8422=CARTESIAN_POINT('Ctrl Pts',(-0.348257500167,-0.169133014476533,-0.217104249411857));
#8423=CARTESIAN_POINT('Ctrl Pts',(-0.349365452862361,-0.169833655694286,
-0.220351222015586));
#8424=CARTESIAN_POINT('Ctrl Pts',(-0.350876473551304,-0.171417367174349,
-0.227935094160036));
#8425=CARTESIAN_POINT('Ctrl Pts',(-0.350858680545635,-0.172125659122499,
-0.231500267521532));
#8426=CARTESIAN_POINT('Ctrl Pts',(-0.350681275839557,-0.172613074531123,
-0.23400000008465));
#8427=CARTESIAN_POINT('',(-0.342406467318434,-0.19534792409322,-0.234000000000014));
#8428=CARTESIAN_POINT('',(-0.342025,-0.196395996936878,-0.234));
#8429=CARTESIAN_POINT('',(-0.350601059619632,-0.16542308275911,-0.248495059719991));
#8430=CARTESIAN_POINT('Ctrl Pts',(-0.342406467318434,-0.19534792409322,
-0.234000000000028));
#8431=CARTESIAN_POINT('Ctrl Pts',(-0.34249365759479,-0.195108370777737,
-0.232531081512764));
#8432=CARTESIAN_POINT('Ctrl Pts',(-0.342472270380282,-0.194865833474555,
-0.231076181277155));
#8433=CARTESIAN_POINT('Ctrl Pts',(-0.342050466318041,-0.194032248751159,
-0.226173192374007));
#8434=CARTESIAN_POINT('Ctrl Pts',(-0.341153281152643,-0.193428497002465,
-0.222785637111264));
#8435=CARTESIAN_POINT('Ctrl Pts',(-0.337818120316879,-0.192074263743055,
-0.215551127218456));
#8436=CARTESIAN_POINT('Ctrl Pts',(-0.335224262839632,-0.191444521917219,
-0.212315876028541));
#8437=CARTESIAN_POINT('Ctrl Pts',(-0.329408863871622,-0.190187544265194,
-0.207047411518775));
#8438=CARTESIAN_POINT('Ctrl Pts',(-0.325838239811377,-0.189503145255393,
-0.204905151470916));
#8439=CARTESIAN_POINT('Ctrl Pts',(-0.317479789411483,-0.188063232370355,
-0.201903466934457));
#8440=CARTESIAN_POINT('Ctrl Pts',(-0.31314258266845,-0.187433388520117,
-0.201487569687162));
#8441=CARTESIAN_POINT('Ctrl Pts',(-0.307167080567439,-0.186515889911832,
-0.201832560413184));
#8442=CARTESIAN_POINT('Ctrl Pts',(-0.305032854769924,-0.186178806864279,
-0.20216754582238));
#8443=CARTESIAN_POINT('Ctrl Pts',(-0.298908753366347,-0.18518462430672,
-0.20375491062635));
#8444=CARTESIAN_POINT('Ctrl Pts',(-0.295103040086512,-0.184531933107511,
-0.205559413241712));
#8445=CARTESIAN_POINT('Ctrl Pts',(-0.289885108365518,-0.183575816881853,
-0.20938233202215));
#8446=CARTESIAN_POINT('Ctrl Pts',(-0.28818651020933,-0.183256590847111,
-0.210928323548985));
#8447=CARTESIAN_POINT('Ctrl Pts',(-0.28364961739016,-0.182266960286658,
-0.215938963657161));
#8448=CARTESIAN_POINT('Ctrl Pts',(-0.281311905211493,-0.181582703743607,
-0.219837467909266));
#8449=CARTESIAN_POINT('Ctrl Pts',(-0.278091399139835,-0.180164489844181,
-0.228810625748587));
#8450=CARTESIAN_POINT('Ctrl Pts',(-0.277581334068439,-0.179536719921466,
-0.233491052971453));
#8451=CARTESIAN_POINT('Ctrl Pts',(-0.278080837398214,-0.178280326031524,
-0.242414097027553));
#8452=CARTESIAN_POINT('Ctrl Pts',(-0.279236011122658,-0.177604041708238,
-0.24695066033628));
#8453=CARTESIAN_POINT('Ctrl Pts',(-0.28345242325863,-0.176198175823308,
-0.255845124871885));
#8454=CARTESIAN_POINT('Ctrl Pts',(-0.286514629055215,-0.1755708302419,-0.25966337525479));
#8455=CARTESIAN_POINT('Ctrl Pts',(-0.293468605685765,-0.174312516959162,
-0.265864508244154));
#8456=CARTESIAN_POINT('Ctrl Pts',(-0.297652842250491,-0.173637112266601,
-0.268344643733877));
#8457=CARTESIAN_POINT('Ctrl Pts',(-0.304508841063419,-0.172637452578474,
-0.270785056741137));
#8458=CARTESIAN_POINT('Ctrl Pts',(-0.30690198686542,-0.172305416837319,
-0.271378954747683));
#8459=CARTESIAN_POINT('Ctrl Pts',(-0.311809617264258,-0.171656640412718,
-0.272092589278926));
#8460=CARTESIAN_POINT('Ctrl Pts',(-0.314311481462974,-0.171347941901096,
-0.272198585489753));
#8461=CARTESIAN_POINT('Ctrl Pts',(-0.321761121871123,-0.170380334402492,
-0.27181431325475));
#8462=CARTESIAN_POINT('Ctrl Pts',(-0.326652107378548,-0.169706772539657,
-0.270595289718448));
#8463=CARTESIAN_POINT('Ctrl Pts',(-0.333282751952092,-0.168737550327177,
-0.267498849194498));
#8464=CARTESIAN_POINT('Ctrl Pts',(-0.335296746666325,-0.168434112965786,
-0.266327592947839));
#8465=CARTESIAN_POINT('Ctrl Pts',(-0.340930482008631,-0.167556259075556,
-0.26233358946378));
#8466=CARTESIAN_POINT('Ctrl Pts',(-0.343487795286876,-0.167109973056881,
-0.259532194830251));
#8467=CARTESIAN_POINT('Ctrl Pts',(-0.347322837329869,-0.16633703664051,
-0.254777986617583));
#8468=CARTESIAN_POINT('Ctrl Pts',(-0.349173128507541,-0.165878863755062,
-0.251738000654129));
#8469=CARTESIAN_POINT('Ctrl Pts',(-0.350601059619674,-0.16542308275904,
-0.248495059719954));
#8470=CARTESIAN_POINT('Origin',(-0.313,-0.16542308275911,-0.234));
#8471=CARTESIAN_POINT('Origin',(-0.313,-0.3306,-0.234));
#8472=CARTESIAN_POINT('',(-0.313,-0.198388461538463,-0.191));
#8473=CARTESIAN_POINT('',(-0.313000000000001,-0.193580769230771,-0.191));
#8474=CARTESIAN_POINT('',(-0.313,-0.3306,-0.191));
#8475=CARTESIAN_POINT('',(-0.355806743477192,-0.170102705017887,-0.238072187726259));
#8476=CARTESIAN_POINT('Ctrl Pts',(-0.313,-0.198388461538463,-0.191));
#8477=CARTESIAN_POINT('Ctrl Pts',(-0.30736678364842,-0.197628187202832,
-0.191));
#8478=CARTESIAN_POINT('Ctrl Pts',(-0.301780193343818,-0.196812328043063,
-0.192106866569156));
#8479=CARTESIAN_POINT('Ctrl Pts',(-0.291400507406482,-0.195171364875102,
-0.196401637154549));
#8480=CARTESIAN_POINT('Ctrl Pts',(-0.286702356024093,-0.194362823119813,
-0.199522491287719));
#8481=CARTESIAN_POINT('Ctrl Pts',(-0.278628195095277,-0.192825764860273,
-0.207524640615239));
#8482=CARTESIAN_POINT('Ctrl Pts',(-0.275380226130248,-0.19199138921003,
-0.212382631564937));
#8483=CARTESIAN_POINT('Ctrl Pts',(-0.271076323813724,-0.190328142389262,
-0.222923644675788));
#8484=CARTESIAN_POINT('Ctrl Pts',(-0.269995792752492,-0.189521450085607,
-0.228456707520664));
#8485=CARTESIAN_POINT('Ctrl Pts',(-0.270004398494696,-0.187986193668427,
-0.239828551949097));
#8486=CARTESIAN_POINT('Ctrl Pts',(-0.2711805088657,-0.187146956625544,-0.24555967783942));
#8487=CARTESIAN_POINT('Ctrl Pts',(-0.275647207893972,-0.185485109008879,
-0.256022891008434));
#8488=CARTESIAN_POINT('Ctrl Pts',(-0.278819850957203,-0.184683124089257,
-0.260679255674453));
#8489=CARTESIAN_POINT('Ctrl Pts',(-0.286907538678523,-0.183145092205825,
-0.268666164620239));
#8490=CARTESIAN_POINT('Ctrl Pts',(-0.291806589234765,-0.182305412569266,
-0.271858999663372));
#8491=CARTESIAN_POINT('Ctrl Pts',(-0.302380473355956,-0.18064455579146,
-0.276040791252423));
#8492=CARTESIAN_POINT('Ctrl Pts',(-0.307919090207065,-0.179846821877055,
-0.277060748405435));
#8493=CARTESIAN_POINT('Ctrl Pts',(-0.319280341577735,-0.178306232060653,
-0.276931164914245));
#8494=CARTESIAN_POINT('Ctrl Pts',(-0.324993361700789,-0.1774661627965,-0.275696456580252));
#8495=CARTESIAN_POINT('Ctrl Pts',(-0.335399746106648,-0.175806246311991,
-0.271127104873253));
#8496=CARTESIAN_POINT('Ctrl Pts',(-0.340019873099054,-0.175012363385833,
-0.267910930922094));
#8497=CARTESIAN_POINT('Ctrl Pts',(-0.347254532689212,-0.173599353524052,
-0.260437996009221));
#8498=CARTESIAN_POINT('Ctrl Pts',(-0.350003658134939,-0.172904442874047,
-0.25642781380643));
#8499=CARTESIAN_POINT('Ctrl Pts',(-0.354068155440994,-0.171491020121457,
-0.24763869538585));
#8500=CARTESIAN_POINT('Ctrl Pts',(-0.355346216614915,-0.170781811123287,
-0.242913235483228));
#8501=CARTESIAN_POINT('Ctrl Pts',(-0.355806743477198,-0.170102705017885,
-0.238072187726189));
#8502=CARTESIAN_POINT('',(-0.340389467037733,-0.170102705017895,-0.267148410148737));
#8503=CARTESIAN_POINT('Origin',(-0.313,-0.170102705017887,-0.234));
#8504=CARTESIAN_POINT('Ctrl Pts',(-0.340389467037788,-0.170102705017885,
-0.267148410148692));
#8505=CARTESIAN_POINT('Ctrl Pts',(-0.336562299673625,-0.170796011417337,
-0.270310675666062));
#8506=CARTESIAN_POINT('Ctrl Pts',(-0.332218337140747,-0.171520596602786,
-0.27278480220206));
#8507=CARTESIAN_POINT('Ctrl Pts',(-0.322921981115342,-0.172962141320789,
-0.276127765320517));
#8508=CARTESIAN_POINT('Ctrl Pts',(-0.318038565725233,-0.173669251241571,
-0.27698693991795));
#8509=CARTESIAN_POINT('Ctrl Pts',(-0.30753766555427,-0.175088020365546,
-0.277014466397747));
#8510=CARTESIAN_POINT('Ctrl Pts',(-0.302003626440633,-0.175893103688911,
-0.275944555396745));
#8511=CARTESIAN_POINT('Ctrl Pts',(-0.291452626060648,-0.177556595425213,
-0.271660383431725));
#8512=CARTESIAN_POINT('Ctrl Pts',(-0.286586281689898,-0.178392786953678,
-0.268419633199746));
#8513=CARTESIAN_POINT('Ctrl Pts',(-0.278568934534354,-0.179928973993706,
-0.260358222676751));
#8514=CARTESIAN_POINT('Ctrl Pts',(-0.275440324774906,-0.180737090101743,
-0.255666437592924));
#8515=CARTESIAN_POINT('Ctrl Pts',(-0.271074390900848,-0.182397994462471,
-0.245168475140199));
#8516=CARTESIAN_POINT('Ctrl Pts',(-0.269956585814816,-0.183229001228592,
-0.239438214763771));
#8517=CARTESIAN_POINT('Ctrl Pts',(-0.27004461373021,-0.184767687711225,
-0.228073853170597));
#8518=CARTESIAN_POINT('Ctrl Pts',(-0.271178688952156,-0.185577022292393,
-0.222546876612293));
#8519=CARTESIAN_POINT('Ctrl Pts',(-0.275567270961219,-0.187237158979694,
-0.212063983363815));
#8520=CARTESIAN_POINT('Ctrl Pts',(-0.278848091991917,-0.188063433191636,
-0.207244107574008));
#8521=CARTESIAN_POINT('Ctrl Pts',(-0.286980298768976,-0.189604434483439,
-0.19931156035944));
#8522=CARTESIAN_POINT('Ctrl Pts',(-0.291707382695884,-0.190414890054411,
-0.196226321232712));
#8523=CARTESIAN_POINT('Ctrl Pts',(-0.302015537840837,-0.192038991447819,
-0.19206048346142));
#8524=CARTESIAN_POINT('Ctrl Pts',(-0.307485515067339,-0.192836519213221,
-0.191));
#8525=CARTESIAN_POINT('Ctrl Pts',(-0.313000000000003,-0.193580769230771,
-0.191));
#8526=CARTESIAN_POINT('Origin',(-0.313,-0.3306,-0.234));
#8527=CARTESIAN_POINT('',(-0.313000000000024,-0.236850000000007,-0.191));
#8528=CARTESIAN_POINT('',(-0.313000000000034,-0.232042307692318,-0.191));
#8529=CARTESIAN_POINT('',(-0.313,-0.3306,-0.191));
#8530=CARTESIAN_POINT('Ctrl Pts',(-0.313000000000048,-0.236850000000007,
-0.191));
#8531=CARTESIAN_POINT('Ctrl Pts',(-0.307840521804136,-0.236153662665742,
-0.190999999999994));
#8532=CARTESIAN_POINT('Ctrl Pts',(-0.30271888611392,-0.235410561987552,
-0.19192786258662));
#8533=CARTESIAN_POINT('Ctrl Pts',(-0.292632050323147,-0.233837344109822,
-0.195717808215931));
#8534=CARTESIAN_POINT('Ctrl Pts',(-0.287820230965872,-0.233021486142134,
-0.198695115989905));
#8535=CARTESIAN_POINT('Ctrl Pts',(-0.279516977870418,-0.231469090570603,
-0.206418541738593));
#8536=CARTESIAN_POINT('Ctrl Pts',(-0.276139413294656,-0.2306650632842,-0.211125288502311));
#8537=CARTESIAN_POINT('Ctrl Pts',(-0.271487321768746,-0.229009145201334,
-0.221467774987162));
#8538=CARTESIAN_POINT('Ctrl Pts',(-0.27020833250443,-0.228193982246515,
-0.226977911239736));
#8539=CARTESIAN_POINT('Ctrl Pts',(-0.269834209995408,-0.22664307729162,
-0.238314300758331));
#8540=CARTESIAN_POINT('Ctrl Pts',(-0.270793800339599,-0.225836244662642,
-0.244032358161083));
#8541=CARTESIAN_POINT('Ctrl Pts',(-0.274855572082269,-0.224179731299062,
-0.254623773810297));
#8542=CARTESIAN_POINT('Ctrl Pts',(-0.277862832342514,-0.223365313969266,
-0.259412512103927));
#8543=CARTESIAN_POINT('Ctrl Pts',(-0.285644028947043,-0.221815999406073,
-0.267669007143361));
#8544=CARTESIAN_POINT('Ctrl Pts',(-0.290381820616561,-0.221006137381676,
-0.271020129940285));
#8545=CARTESIAN_POINT('Ctrl Pts',(-0.300763158591101,-0.219349003731989,
-0.275600169732168));
#8546=CARTESIAN_POINT('Ctrl Pts',(-0.306278304039265,-0.21853538772908,
-0.276839393852784));
#8547=CARTESIAN_POINT('Ctrl Pts',(-0.317622795241107,-0.216987772693005,
-0.2771351071004));
#8548=CARTESIAN_POINT('Ctrl Pts',(-0.323344278276376,-0.21617463295306,
-0.276132331172113));
#8549=CARTESIAN_POINT('Ctrl Pts',(-0.333910600495598,-0.214516853089991,
-0.271987323387586));
#8550=CARTESIAN_POINT('Ctrl Pts',(-0.338673132648423,-0.213704099877954,
-0.268946563645247));
#8551=CARTESIAN_POINT('Ctrl Pts',(-0.346876694665542,-0.212158304046561,
-0.261100518494796));
#8552=CARTESIAN_POINT('Ctrl Pts',(-0.350197881399824,-0.211341610618424,
-0.256327690052903));
#8553=CARTESIAN_POINT('Ctrl Pts',(-0.354696370682813,-0.209683157735336,
-0.245902797954727));
#8554=CARTESIAN_POINT('Ctrl Pts',(-0.355890714073092,-0.208871335323667,
-0.24038235182793));
#8555=CARTESIAN_POINT('Ctrl Pts',(-0.356097846480189,-0.207327490288637,
-0.229029102883134));
#8556=CARTESIAN_POINT('Ctrl Pts',(-0.355046123828341,-0.206506935579569,
-0.223303821093755));
#8557=CARTESIAN_POINT('Ctrl Pts',(-0.350806969361873,-0.204847782062252,
-0.212766317681548));
#8558=CARTESIAN_POINT('Ctrl Pts',(-0.347728581871517,-0.20403696592243,
-0.208033724096266));
#8559=CARTESIAN_POINT('Ctrl Pts',(-0.339809389761126,-0.202495216789158,
-0.199890444358313));
#8560=CARTESIAN_POINT('Ctrl Pts',(-0.334996800936262,-0.201670456916475,
-0.19660335817274));
#8561=CARTESIAN_POINT('Ctrl Pts',(-0.32452285524415,-0.200010574453998,
-0.192197722425397));
#8562=CARTESIAN_POINT('Ctrl Pts',(-0.318996846133494,-0.199200848596325,
-0.191054312424093));
#8563=CARTESIAN_POINT('Ctrl Pts',(-0.313268629676363,-0.198424751713238,
-0.191000629238444));
#8564=CARTESIAN_POINT('Ctrl Pts',(-0.313134306220691,-0.198406587874526,
-0.191));
#8565=CARTESIAN_POINT('Ctrl Pts',(-0.313,-0.198388461538463,-0.191));
#8566=CARTESIAN_POINT('Ctrl Pts',(-0.313000000000003,-0.193580769230771,
-0.191));
#8567=CARTESIAN_POINT('Ctrl Pts',(-0.313240949685955,-0.193613288461522,
-0.191));
#8568=CARTESIAN_POINT('Ctrl Pts',(-0.313481954598547,-0.193645928363429,
-0.191002025236733));
#8569=CARTESIAN_POINT('Ctrl Pts',(-0.319320336569817,-0.194439380934747,
-0.191100203895113));
#8570=CARTESIAN_POINT('Ctrl Pts',(-0.324841710475954,-0.195250870305466,
-0.192286349991396));
#8571=CARTESIAN_POINT('Ctrl Pts',(-0.335274524057127,-0.19690955811419,
-0.196769917472479));
#8572=CARTESIAN_POINT('Ctrl Pts',(-0.340053751673503,-0.19772752730934,
-0.200085625381221));
#8573=CARTESIAN_POINT('Ctrl Pts',(-0.347911601079369,-0.199272675702741,
-0.208279500754803));
#8574=CARTESIAN_POINT('Ctrl Pts',(-0.350958444539072,-0.200085120630153,
-0.213037228729189));
#8575=CARTESIAN_POINT('Ctrl Pts',(-0.355118626676677,-0.201743126122088,
-0.223598937311863));
#8576=CARTESIAN_POINT('Ctrl Pts',(-0.356129284503602,-0.202557440880236,
-0.229321038201917));
#8577=CARTESIAN_POINT('Ctrl Pts',(-0.355847856171825,-0.204104451779049,
-0.24066697008346));
#8578=CARTESIAN_POINT('Ctrl Pts',(-0.354615872868763,-0.204917781828439,
-0.246182996017528));
#8579=CARTESIAN_POINT('Ctrl Pts',(-0.350048973331538,-0.206575132094395,
-0.256571381871654));
#8580=CARTESIAN_POINT('Ctrl Pts',(-0.346702673450092,-0.207386078654568,
-0.261314826304334));
#8581=CARTESIAN_POINT('Ctrl Pts',(-0.338454706774902,-0.208934828497496,
-0.269106510485384));
#8582=CARTESIAN_POINT('Ctrl Pts',(-0.333670185299947,-0.209748980074884,
-0.272119197267393));
#8583=CARTESIAN_POINT('Ctrl Pts',(-0.323082799039644,-0.211405701346987,
-0.276194415883065));
#8584=CARTESIAN_POINT('Ctrl Pts',(-0.317364184129688,-0.212213537018395,
-0.277160977300381));
#8585=CARTESIAN_POINT('Ctrl Pts',(-0.306026462963603,-0.213763913229411,
-0.276799527843301));
#8586=CARTESIAN_POINT('Ctrl Pts',(-0.300515496865839,-0.214578828755657,
-0.275526968004819));
#8587=CARTESIAN_POINT('Ctrl Pts',(-0.290166711874808,-0.216234946355816,
-0.270886513452601));
#8588=CARTESIAN_POINT('Ctrl Pts',(-0.285454945483264,-0.217039903089027,
-0.267513219095956));
#8589=CARTESIAN_POINT('Ctrl Pts',(-0.277722158865362,-0.218591802834696,
-0.259217517197515));
#8590=CARTESIAN_POINT('Ctrl Pts',(-0.274739990847072,-0.219407430037585,
-0.254409420860101));
#8591=CARTESIAN_POINT('Ctrl Pts',(-0.270740218002027,-0.221062968350104,
-0.243799549020878));
#8592=CARTESIAN_POINT('Ctrl Pts',(-0.26981274109676,-0.221865255792253,
-0.238084081722776));
#8593=CARTESIAN_POINT('Ctrl Pts',(-0.270245324225561,-0.223418584908383,
-0.226753945678947));
#8594=CARTESIAN_POINT('Ctrl Pts',(-0.271553983358589,-0.224234876213398,
-0.221247738631545));
#8595=CARTESIAN_POINT('Ctrl Pts',(-0.276259713608525,-0.225889858675551,
-0.210934402470602));
#8596=CARTESIAN_POINT('Ctrl Pts',(-0.279656959819586,-0.226689666794357,
-0.206250820568259));
#8597=CARTESIAN_POINT('Ctrl Pts',(-0.287995015661649,-0.22824433885524,
-0.198570694240917));
#8598=CARTESIAN_POINT('Ctrl Pts',(-0.292823971224897,-0.229061250859264,
-0.195615902325827));
#8599=CARTESIAN_POINT('Ctrl Pts',(-0.302863810773079,-0.230623894251082,
-0.19190165413425));
#8600=CARTESIAN_POINT('Ctrl Pts',(-0.307913690517679,-0.231355845408396,
-0.190999999999992));
#8601=CARTESIAN_POINT('Ctrl Pts',(-0.313000000000067,-0.232042307692318,
-0.191));
#8602=CARTESIAN_POINT('Origin',(-0.313,-0.3306,-0.234));
#8603=CARTESIAN_POINT('',(-0.313000000000068,-0.275311538461557,-0.191));
#8604=CARTESIAN_POINT('',(-0.313000000000055,-0.270503846153862,-0.191));
#8605=CARTESIAN_POINT('',(-0.313,-0.3306,-0.191));
#8606=CARTESIAN_POINT('Ctrl Pts',(-0.313000000000137,-0.275311538461557,
-0.191));
#8607=CARTESIAN_POINT('Ctrl Pts',(-0.308298819825251,-0.274677054285721,
-0.190999999999985));
#8608=CARTESIAN_POINT('Ctrl Pts',(-0.303626709661435,-0.274003443700642,
-0.191770074423492));
#8609=CARTESIAN_POINT('Ctrl Pts',(-0.293709625710791,-0.272476585973282,
-0.195140546877687));
#8610=CARTESIAN_POINT('Ctrl Pts',(-0.288680875045361,-0.271634016780688,
-0.19807194653653));
#8611=CARTESIAN_POINT('Ctrl Pts',(-0.280228751640292,-0.270071857317523,
-0.205610624058255));
#8612=CARTESIAN_POINT('Ctrl Pts',(-0.276834755763035,-0.269306215493417,
-0.210082469304643));
#8613=CARTESIAN_POINT('Ctrl Pts',(-0.271851224785712,-0.267654911549698,
-0.22025348083015));
#8614=CARTESIAN_POINT('Ctrl Pts',(-0.270380384953191,-0.266812425579983,
-0.225886598548355));
#8615=CARTESIAN_POINT('Ctrl Pts',(-0.269760020624158,-0.265251287604004,
-0.2371968124461));
#8616=CARTESIAN_POINT('Ctrl Pts',(-0.270534905825767,-0.264484293864599,
-0.242757653363321));
#8617=CARTESIAN_POINT('Ctrl Pts',(-0.274228290432557,-0.262832484338034,
-0.253466807104879));
#8618=CARTESIAN_POINT('Ctrl Pts',(-0.277183865722653,-0.261990090704888,
-0.258484243096626));
#8619=CARTESIAN_POINT('Ctrl Pts',(-0.284763989500066,-0.260430034892629,
-0.26690361199964));
#8620=CARTESIAN_POINT('Ctrl Pts',(-0.289252660497847,-0.259661589046181,
-0.270277444238296));
#8621=CARTESIAN_POINT('Ctrl Pts',(-0.299450613708585,-0.258009250179556,
-0.275214444934676));
#8622=CARTESIAN_POINT('Ctrl Pts',(-0.305093260380664,-0.257166959095232,
-0.276658793727652));
#8623=CARTESIAN_POINT('Ctrl Pts',(-0.316409877328438,-0.255608051044846,
-0.277223810817467));
#8624=CARTESIAN_POINT('Ctrl Pts',(-0.321968227528418,-0.254838043054454,
-0.276421330687621));
#8625=CARTESIAN_POINT('Ctrl Pts',(-0.3326626993212,-0.253185149709013,-0.272673113368917));
#8626=CARTESIAN_POINT('Ctrl Pts',(-0.337667406287881,-0.252342972637357,
-0.269690681345657));
#8627=CARTESIAN_POINT('Ctrl Pts',(-0.346165111760344,-0.250763924796383,
-0.261959949367274));
#8628=CARTESIAN_POINT('Ctrl Pts',(-0.349587111770875,-0.249969270282416,
-0.257305568098714));
#8629=CARTESIAN_POINT('Ctrl Pts',(-0.35436030822904,-0.248315502118062,
-0.247029174637726));
#8630=CARTESIAN_POINT('Ctrl Pts',(-0.355706365168687,-0.247497820121793,
-0.241528154008648));
#8631=CARTESIAN_POINT('Ctrl Pts',(-0.356212587502089,-0.245941472292434,
-0.230206153310707));
#8632=CARTESIAN_POINT('Ctrl Pts',(-0.355325459689876,-0.245144718260726,
-0.224493989512894));
#8633=CARTESIAN_POINT('Ctrl Pts',(-0.351403710114133,-0.243490445423571,
-0.213861175856575));
#8634=CARTESIAN_POINT('Ctrl Pts',(-0.348453287455343,-0.242673331726711,
-0.209028916054679));
#8635=CARTESIAN_POINT('Ctrl Pts',(-0.340781550969174,-0.241118221781881,
-0.200684140546443));
#8636=CARTESIAN_POINT('Ctrl Pts',(-0.336102447346087,-0.240319215997111,
-0.197283094049365));
#8637=CARTESIAN_POINT('Ctrl Pts',(-0.325794762496958,-0.238664417234196,
-0.192567006337786));
#8638=CARTESIAN_POINT('Ctrl Pts',(-0.320289333943187,-0.237847910355522,
-0.191252611573262));
#8639=CARTESIAN_POINT('Ctrl Pts',(-0.314122258846046,-0.237002076841462,
-0.191010978013431));
#8640=CARTESIAN_POINT('Ctrl Pts',(-0.313560986237684,-0.236925712241913,
-0.191000000000001));
#8641=CARTESIAN_POINT('Ctrl Pts',(-0.313000000000048,-0.236850000000007,
-0.191));
#8642=CARTESIAN_POINT('Ctrl Pts',(-0.313000000000067,-0.232042307692318,
-0.191));
#8643=CARTESIAN_POINT('Ctrl Pts',(-0.313627188222802,-0.232126954735782,
-0.191000000000001));
#8644=CARTESIAN_POINT('Ctrl Pts',(-0.314254728997934,-0.232212416459596,
-0.191013721865316));
#8645=CARTESIAN_POINT('Ctrl Pts',(-0.320489409250271,-0.23306913681925,
-0.191286886036558));
#8646=CARTESIAN_POINT('Ctrl Pts',(-0.325991157913728,-0.233886629834257,
-0.192627804848913));
#8647=CARTESIAN_POINT('Ctrl Pts',(-0.33627264026798,-0.235540567148325,
-0.197391741382024));
#8648=CARTESIAN_POINT('Ctrl Pts',(-0.340931033605294,-0.236335918811231,
-0.200810343890514));
#8649=CARTESIAN_POINT('Ctrl Pts',(-0.348563889358343,-0.237893044490165,
-0.209186159811226));
#8650=CARTESIAN_POINT('Ctrl Pts',(-0.351494036398805,-0.238711082146213,
-0.214033664080663));
#8651=CARTESIAN_POINT('Ctrl Pts',(-0.355366189161965,-0.240364528323803,
-0.224680896314875));
#8652=CARTESIAN_POINT('Ctrl Pts',(-0.356227705414914,-0.241157873632237,
-0.230390936084755));
#8653=CARTESIAN_POINT('Ctrl Pts',(-0.355674633454492,-0.242716121805538,
-0.241707611539409));
#8654=CARTESIAN_POINT('Ctrl Pts',(-0.354304770515818,-0.243534670704226,
-0.247205194672858));
#8655=CARTESIAN_POINT('Ctrl Pts',(-0.349488709124209,-0.245187645516958,
-0.257457954596139));
#8656=CARTESIAN_POINT('Ctrl Pts',(-0.346050981592222,-0.245979115517248,
-0.262093746382208));
#8657=CARTESIAN_POINT('Ctrl Pts',(-0.337641356550297,-0.247538423563614,
-0.269684017884913));
#8658=CARTESIAN_POINT('Ctrl Pts',(-0.332777284326104,-0.248357452974612,
-0.272591906856832));
#8659=CARTESIAN_POINT('Ctrl Pts',(-0.322251298899656,-0.249988763558974,
-0.276360813816032));
#8660=CARTESIAN_POINT('Ctrl Pts',(-0.316696303459119,-0.250763008812852,
-0.277200432414073));
#8661=CARTESIAN_POINT('Ctrl Pts',(-0.305371331995449,-0.252318881848768,
-0.276709875248673));
#8662=CARTESIAN_POINT('Ctrl Pts',(-0.29971607356899,-0.253160879443978,
-0.275301223857442));
#8663=CARTESIAN_POINT('Ctrl Pts',(-0.289482037369668,-0.254814584753571,
-0.27042689226967));
#8664=CARTESIAN_POINT('Ctrl Pts',(-0.28497077218125,-0.255586958098682,
-0.267080139468294));
#8665=CARTESIAN_POINT('Ctrl Pts',(-0.277335173460972,-0.25714415848386,
-0.25870490618946));
#8666=CARTESIAN_POINT('Ctrl Pts',(-0.274347237825321,-0.257986288366424,
-0.253702828539058));
#8667=CARTESIAN_POINT('Ctrl Pts',(-0.270587770681466,-0.259639401927708,
-0.243011384897664));
#8668=CARTESIAN_POINT('Ctrl Pts',(-0.269779631654293,-0.260410042202021,
-0.237453545649192));
#8669=CARTESIAN_POINT('Ctrl Pts',(-0.27033330085417,-0.261968490304761,
-0.226135636211606));
#8670=CARTESIAN_POINT('Ctrl Pts',(-0.271772213555417,-0.262810738978092,
-0.220491052078834));
#8671=CARTESIAN_POINT('Ctrl Pts',(-0.276699668569954,-0.264463288005718,
-0.210287587739318));
#8672=CARTESIAN_POINT('Ctrl Pts',(-0.280069370377862,-0.265232320948062,
-0.205795470229836));
#8673=CARTESIAN_POINT('Ctrl Pts',(-0.288482018076132,-0.266791943458164,
-0.198206870937756));
#8674=CARTESIAN_POINT('Ctrl Pts',(-0.293497123477067,-0.267634298931289,
-0.195246351710166));
#8675=CARTESIAN_POINT('Ctrl Pts',(-0.303472134219883,-0.269173445863246,
-0.191795897611437));
#8676=CARTESIAN_POINT('Ctrl Pts',(-0.308220822155028,-0.26985883519844,
-0.190999999999988));
#8677=CARTESIAN_POINT('Ctrl Pts',(-0.31300000000011,-0.270503846153862,
-0.191));
#8678=CARTESIAN_POINT('Origin',(-0.313,-0.3306,-0.234));
#8679=CARTESIAN_POINT('',(-0.313000000000102,-0.313773076923105,-0.191));
#8680=CARTESIAN_POINT('',(-0.313000000000094,-0.30896538461541,-0.191));
#8681=CARTESIAN_POINT('',(-0.313,-0.3306,-0.191));
#8682=CARTESIAN_POINT('Ctrl Pts',(-0.313000000000205,-0.313773076923105,
-0.191));
#8683=CARTESIAN_POINT('Ctrl Pts',(-0.308501496898255,-0.313165946601152,
-0.190999999999979));
#8684=CARTESIAN_POINT('Ctrl Pts',(-0.304028364123063,-0.31252282843327,
-0.191704999974893));
#8685=CARTESIAN_POINT('Ctrl Pts',(-0.294264311142001,-0.311028046597409,
-0.194871148324163));
#8686=CARTESIAN_POINT('Ctrl Pts',(-0.28920090249805,-0.310185044312283,
-0.197726623380424));
#8687=CARTESIAN_POINT('Ctrl Pts',(-0.280647100777748,-0.308616439957135,
-0.205135113962311));
#8688=CARTESIAN_POINT('Ctrl Pts',(-0.277190130725709,-0.30785888938998,
-0.209554406784027));
#8689=CARTESIAN_POINT('Ctrl Pts',(-0.272062030932809,-0.306210913517961,
-0.219640876757232));
#8690=CARTESIAN_POINT('Ctrl Pts',(-0.270508967931869,-0.305367948407288,
-0.225243486695968));
#8691=CARTESIAN_POINT('Ctrl Pts',(-0.26971630045958,-0.303800010620869,
-0.236532713165386));
#8692=CARTESIAN_POINT('Ctrl Pts',(-0.270405327656836,-0.303041659499376,
-0.242101299538348));
#8693=CARTESIAN_POINT('Ctrl Pts',(-0.273928386865292,-0.30139332798576,
-0.252855234199205));
#8694=CARTESIAN_POINT('Ctrl Pts',(-0.276800214806174,-0.300550403917515,
-0.257911289712318));
#8695=CARTESIAN_POINT('Ctrl Pts',(-0.284236749301006,-0.298983167169701,
-0.266443342042363));
#8696=CARTESIAN_POINT('Ctrl Pts',(-0.288667324702902,-0.298223964831056,
-0.269886791813157));
#8697=CARTESIAN_POINT('Ctrl Pts',(-0.298771995649183,-0.296575262202464,
-0.274983950791565));
#8698=CARTESIAN_POINT('Ctrl Pts',(-0.304381249953782,-0.295732383463024,
-0.276519427865711));
#8699=CARTESIAN_POINT('Ctrl Pts',(-0.315675107768182,-0.294165884563992,
-0.277275175464551));
#8700=CARTESIAN_POINT('Ctrl Pts',(-0.32124203498664,-0.293405776162111,
-0.276567756634144));
#8701=CARTESIAN_POINT('Ctrl Pts',(-0.331986492149052,-0.291756686129053,
-0.273008248324624));
#8702=CARTESIAN_POINT('Ctrl Pts',(-0.33703440076885,-0.290913857473732,
-0.270118458789784));
#8703=CARTESIAN_POINT('Ctrl Pts',(-0.345542469559942,-0.289348135783826,
-0.262651124265794));
#8704=CARTESIAN_POINT('Ctrl Pts',(-0.348971042112612,-0.28858706185188,
-0.258208133625758));
#8705=CARTESIAN_POINT('Ctrl Pts',(-0.354034092933373,-0.286937567255342,
-0.24808346656934));
#8706=CARTESIAN_POINT('Ctrl Pts',(-0.355550176257164,-0.286094793965946,
-0.242466960437379));
#8707=CARTESIAN_POINT('Ctrl Pts',(-0.356265251929354,-0.284529891629469,
-0.231168085413293));
#8708=CARTESIAN_POINT('Ctrl Pts',(-0.355537569220985,-0.283767787586559,
-0.225602986086826));
#8709=CARTESIAN_POINT('Ctrl Pts',(-0.35193787821176,-0.282117870340436,
-0.214869043947938));
#8710=CARTESIAN_POINT('Ctrl Pts',(-0.349028312044228,-0.281275158290928,
-0.209830191062816));
#8711=CARTESIAN_POINT('Ctrl Pts',(-0.341527067952287,-0.279711120497217,
-0.201348644823044));
#8712=CARTESIAN_POINT('Ctrl Pts',(-0.33707037957781,-0.278947916090725,
-0.197936486202659));
#8713=CARTESIAN_POINT('Ctrl Pts',(-0.326923689635641,-0.27729755711972,
-0.192911141400901));
#8714=CARTESIAN_POINT('Ctrl Pts',(-0.321299255300078,-0.276454912851342,
-0.191416506381745));
#8715=CARTESIAN_POINT('Ctrl Pts',(-0.314696586625211,-0.275541916747199,
-0.191025084333556));
#8716=CARTESIAN_POINT('Ctrl Pts',(-0.313848005100252,-0.275425987556686,
-0.191000000000003));
#8717=CARTESIAN_POINT('Ctrl Pts',(-0.313000000000137,-0.275311538461557,
-0.191));
#8718=CARTESIAN_POINT('Ctrl Pts',(-0.31300000000011,-0.270503846153862,
-0.191));
#8719=CARTESIAN_POINT('Ctrl Pts',(-0.31377185130218,-0.27060801732345,-0.191000000000002));
#8720=CARTESIAN_POINT('Ctrl Pts',(-0.314544192183884,-0.270713416326444,
-0.191020781534182));
#8721=CARTESIAN_POINT('Ctrl Pts',(-0.321075373569124,-0.271614578160286,
-0.191373097739379));
#8722=CARTESIAN_POINT('Ctrl Pts',(-0.326710254712135,-0.272457029759057,
-0.192839065460371));
#8723=CARTESIAN_POINT('Ctrl Pts',(-0.336886231871496,-0.274108525387974,
-0.197814037201913));
#8724=CARTESIAN_POINT('Ctrl Pts',(-0.341361175428333,-0.274874675790501,
-0.201204320230046));
#8725=CARTESIAN_POINT('Ctrl Pts',(-0.348907493513944,-0.276436449346879,
-0.209650419452038));
#8726=CARTESIAN_POINT('Ctrl Pts',(-0.351843349806123,-0.277278987551862,
-0.214677094518276));
#8727=CARTESIAN_POINT('Ctrl Pts',(-0.355496541600512,-0.278929991572595,
-0.225396928310879));
#8728=CARTESIAN_POINT('Ctrl Pts',(-0.356251185708903,-0.279694847300445,
-0.230959595499279));
#8729=CARTESIAN_POINT('Ctrl Pts',(-0.355590213219127,-0.281257607239646,
-0.24226500680507));
#8730=CARTESIAN_POINT('Ctrl Pts',(-0.35409996105717,-0.282100223546477,
-0.247891049399783));
#8731=CARTESIAN_POINT('Ctrl Pts',(-0.349082319370769,-0.28375075767339,
-0.258042227886128));
#8732=CARTESIAN_POINT('Ctrl Pts',(-0.345673509856886,-0.284514405216288,
-0.262501711135774));
#8733=CARTESIAN_POINT('Ctrl Pts',(-0.337197383168773,-0.286078097841326,
-0.270009864805625));
#8734=CARTESIAN_POINT('Ctrl Pts',(-0.332160386646637,-0.286920784640052,
-0.272923460943875));
#8735=CARTESIAN_POINT('Ctrl Pts',(-0.321428597493169,-0.288570869429711,
-0.276531346738466));
#8736=CARTESIAN_POINT('Ctrl Pts',(-0.315863870807262,-0.289333387953874,
-0.277263160537329));
#8737=CARTESIAN_POINT('Ctrl Pts',(-0.304563983966733,-0.290897963369684,
-0.276556375563011));
#8738=CARTESIAN_POINT('Ctrl Pts',(-0.298946008319344,-0.291740713840205,
-0.275044248147339));
#8739=CARTESIAN_POINT('Ctrl Pts',(-0.288817272179677,-0.293390368765836,
-0.269988152995725));
#8740=CARTESIAN_POINT('Ctrl Pts',(-0.284371752566355,-0.294151830868634,
-0.266562610897711));
#8741=CARTESIAN_POINT('Ctrl Pts',(-0.276898151718432,-0.295717242639019,
-0.258059434036856));
#8742=CARTESIAN_POINT('Ctrl Pts',(-0.274004707680501,-0.296560050660235,
-0.253013192049215));
#8743=CARTESIAN_POINT('Ctrl Pts',(-0.270437778062675,-0.298209294180712,
-0.242270671635666));
#8744=CARTESIAN_POINT('Ctrl Pts',(-0.269726615797493,-0.298969766554188,
-0.236704082098592));
#8745=CARTESIAN_POINT('Ctrl Pts',(-0.270474849374141,-0.300535971396438,
-0.225409290673956));
#8746=CARTESIAN_POINT('Ctrl Pts',(-0.272006745126926,-0.301378831467096,
-0.219798691262929));
#8747=CARTESIAN_POINT('Ctrl Pts',(-0.277097604531284,-0.303027681090874,
-0.209690321793828));
#8748=CARTESIAN_POINT('Ctrl Pts',(-0.2805383044397,-0.303787225106688,-0.205257451612261));
#8749=CARTESIAN_POINT('Ctrl Pts',(-0.289065927755039,-0.305354182619018,
-0.197815219494406));
#8750=CARTESIAN_POINT('Ctrl Pts',(-0.294120481811318,-0.306197089788578,
-0.194940068999744));
#8751=CARTESIAN_POINT('Ctrl Pts',(-0.303924466505991,-0.307700188469592,
-0.191721552608929));
#8752=CARTESIAN_POINT('Ctrl Pts',(-0.308449070434007,-0.308351178673994,
-0.19099999999998));
#8753=CARTESIAN_POINT('Ctrl Pts',(-0.313000000000188,-0.30896538461541,
-0.191));
#8754=CARTESIAN_POINT('Origin',(-0.313,-0.3306,-0.234));
#8755=CARTESIAN_POINT('',(-0.313,-0.328196153846154,-0.277));
#8756=CARTESIAN_POINT('Ctrl Pts',(-0.313000000000188,-0.30896538461541,
-0.191));
#8757=CARTESIAN_POINT('Ctrl Pts',(-0.313995076115083,-0.309099682818238,
-0.191000000000005));
#8758=CARTESIAN_POINT('Ctrl Pts',(-0.314990900876567,-0.309236012894054,
-0.19103453875129));
#8759=CARTESIAN_POINT('Ctrl Pts',(-0.321731036555669,-0.310171906777063,
-0.19150368156182));
#8760=CARTESIAN_POINT('Ctrl Pts',(-0.32733487974449,-0.311014856585167,
-0.193053493501333));
#8761=CARTESIAN_POINT('Ctrl Pts',(-0.337424719449209,-0.3126629674313,-0.19817587245966));
#8762=CARTESIAN_POINT('Ctrl Pts',(-0.341846099830565,-0.313420820091192,
-0.20163034088728));
#8763=CARTESIAN_POINT('Ctrl Pts',(-0.349259783097075,-0.314989172067873,
-0.210180121740997));
#8764=CARTESIAN_POINT('Ctrl Pts',(-0.352118285985863,-0.315832160491235,
-0.215242173507579));
#8765=CARTESIAN_POINT('Ctrl Pts',(-0.355614332518223,-0.317479924835066,
-0.226003094767808));
#8766=CARTESIAN_POINT('Ctrl Pts',(-0.356289722973502,-0.318237006212724,
-0.231572911533343));
#8767=CARTESIAN_POINT('Ctrl Pts',(-0.355469677502354,-0.319806004623817,
-0.242858656312148));
#8768=CARTESIAN_POINT('Ctrl Pts',(-0.353903585283873,-0.320649028029504,
-0.24845630130639));
#8769=CARTESIAN_POINT('Ctrl Pts',(-0.348752554049064,-0.322296460129154,
-0.25852924370997));
#8770=CARTESIAN_POINT('Ctrl Pts',(-0.345285548305389,-0.323052814932311,
-0.262940162096686));
#8771=CARTESIAN_POINT('Ctrl Pts',(-0.337188939737434,-0.324535740472631,
-0.26991979194795));
#8772=CARTESIAN_POINT('Ctrl Pts',(-0.332735367522641,-0.325283625139214,
-0.272546078421839));
#8773=CARTESIAN_POINT('Ctrl Pts',(-0.323152799600552,-0.326775212864945,
-0.276093234219841));
#8774=CARTESIAN_POINT('Ctrl Pts',(-0.318098600732956,-0.327508032701329,
-0.277));
#8775=CARTESIAN_POINT('Ctrl Pts',(-0.313,-0.328196153846154,-0.277));
#8776=CARTESIAN_POINT('',(-0.313,-0.333003846153846,-0.277));
#8777=CARTESIAN_POINT('',(-0.313,-0.333003846153846,-0.277));
#8778=CARTESIAN_POINT('Ctrl Pts',(-0.313000000000005,-0.333003846153845,
-0.277));
#8779=CARTESIAN_POINT('Ctrl Pts',(-0.318075427193271,-0.332318852573522,
-0.276999999999999));
#8780=CARTESIAN_POINT('Ctrl Pts',(-0.323106642845265,-0.331589599447015,
-0.276101549135319));
#8781=CARTESIAN_POINT('Ctrl Pts',(-0.332652609425328,-0.330104686477986,
-0.272585427928873));
#8782=CARTESIAN_POINT('Ctrl Pts',(-0.337092956002854,-0.32935981442707,
-0.269981101611188));
#8783=CARTESIAN_POINT('Ctrl Pts',(-0.34519448133557,-0.32787845709411,-0.263041393973337));
#8784=CARTESIAN_POINT('Ctrl Pts',(-0.348675013134464,-0.327123673026954,
-0.258641762090902));
#8785=CARTESIAN_POINT('Ctrl Pts',(-0.353856903743568,-0.32547697964767,
-0.24858707557192));
#8786=CARTESIAN_POINT('Ctrl Pts',(-0.355440523554146,-0.324633885499574,
-0.242996166581539));
#8787=CARTESIAN_POINT('Ctrl Pts',(-0.356297432739027,-0.323063467577037,
-0.231715173450721));
#8788=CARTESIAN_POINT('Ctrl Pts',(-0.355640401818796,-0.322308050945364,
-0.226143699793699));
#8789=CARTESIAN_POINT('Ctrl Pts',(-0.352180705503277,-0.320661056596589,
-0.215373427022219));
#8790=CARTESIAN_POINT('Ctrl Pts',(-0.349340151739691,-0.319817990110085,
-0.210303362079427));
#8791=CARTESIAN_POINT('Ctrl Pts',(-0.34195725228412,-0.318248147591288,
-0.201729786053151));
#8792=CARTESIAN_POINT('Ctrl Pts',(-0.337548237329688,-0.317492060975642,
-0.198260499238594));
#8793=CARTESIAN_POINT('Ctrl Pts',(-0.32747837176163,-0.315844752986887,
-0.193104259961432));
#8794=CARTESIAN_POINT('Ctrl Pts',(-0.32188185918881,-0.315001717021375,
-0.191535209165647));
#8795=CARTESIAN_POINT('Ctrl Pts',(-0.315093836411991,-0.314057802418125,
-0.191038201392209));
#8796=CARTESIAN_POINT('Ctrl Pts',(-0.314046513963893,-0.313914317319144,
-0.191000000000005));
#8797=CARTESIAN_POINT('Ctrl Pts',(-0.313000000000205,-0.313773076923105,
-0.191));
#8798=CARTESIAN_POINT('Origin',(-0.313,-0.196395996936878,-0.234));
#8799=CARTESIAN_POINT('',(-0.284058038695644,-0.196395996936878,-0.236193969201513));
#8800=CARTESIAN_POINT('Ctrl Pts',(-0.350681275839557,-0.172613074531123,
-0.23400000008465));
#8801=CARTESIAN_POINT('Ctrl Pts',(-0.350585954929559,-0.172874966570655,
-0.235343125571531));
#8802=CARTESIAN_POINT('Ctrl Pts',(-0.350365865141455,-0.173291542075246,
-0.237442796075198));
#8803=CARTESIAN_POINT('Ctrl Pts',(-0.349304364669973,-0.174230234463405,
-0.241845501209153));
#8804=CARTESIAN_POINT('Ctrl Pts',(-0.348705396637061,-0.17463828676196,
-0.24367857099357));
#8805=CARTESIAN_POINT('Ctrl Pts',(-0.346516195645161,-0.175861034630896,
-0.248931614887964));
#8806=CARTESIAN_POINT('Ctrl Pts',(-0.344537297194821,-0.176684930255757,
-0.25216277046992));
#8807=CARTESIAN_POINT('Ctrl Pts',(-0.33964062987717,-0.178309899115527,
-0.257927383854447));
#8808=CARTESIAN_POINT('Ctrl Pts',(-0.336034541168409,-0.179281046862614,
-0.261285902282971));
#8809=CARTESIAN_POINT('Ctrl Pts',(-0.326848537004819,-0.181590226991255,
-0.265829253860263));
#8810=CARTESIAN_POINT('Ctrl Pts',(-0.322410288233529,-0.182652379446063,
-0.26701269728843));
#8811=CARTESIAN_POINT('Ctrl Pts',(-0.31430613641169,-0.184506547839212,
-0.267516416724974));
#8812=CARTESIAN_POINT('Ctrl Pts',(-0.30972317226621,-0.185474211523216,
-0.267259242102679));
#8813=CARTESIAN_POINT('Ctrl Pts',(-0.300771729115594,-0.187768877025488,
-0.264043878916175));
#8814=CARTESIAN_POINT('Ctrl Pts',(-0.297131951879083,-0.188818906509299,
-0.261855041186753));
#8815=CARTESIAN_POINT('Ctrl Pts',(-0.29153824271671,-0.190663155425676,
-0.256770191234323));
#8816=CARTESIAN_POINT('Ctrl Pts',(-0.288734526432462,-0.19163240166572,
-0.253532624559276));
#8817=CARTESIAN_POINT('Ctrl Pts',(-0.285788437185583,-0.193486824217641,
-0.247015329834347));
#8818=CARTESIAN_POINT('Ctrl Pts',(-0.285106207133673,-0.194070740207024,
-0.244910759287472));
#8819=CARTESIAN_POINT('Ctrl Pts',(-0.284219605778438,-0.195241152345834,
-0.240596436050645));
#8820=CARTESIAN_POINT('Ctrl Pts',(-0.284016579357569,-0.19582479427863,
-0.238397466475889));
#8821=CARTESIAN_POINT('Ctrl Pts',(-0.284058038695644,-0.196395996936878,
-0.236193969201513));
#8822=CARTESIAN_POINT('',(-0.341381725790302,-0.196395996936878,-0.240076863184582));
#8823=CARTESIAN_POINT('Origin',(-0.313,-0.196395996936878,-0.234));
#8824=CARTESIAN_POINT('Ctrl Pts',(-0.341381725790302,-0.196395996936877,
-0.240076863184582));
#8825=CARTESIAN_POINT('Ctrl Pts',(-0.341956820564511,-0.196024060807798,
-0.238037495052433));
#8826=CARTESIAN_POINT('Ctrl Pts',(-0.342287261840284,-0.195675438452715,
-0.236008287368261));
#8827=CARTESIAN_POINT('Ctrl Pts',(-0.342406467318434,-0.19534792409322,
-0.234000000000028));
#8828=CARTESIAN_POINT('Origin',(-0.313,38.9620787401575,-0.233999999999976));
#8829=CARTESIAN_POINT('Ctrl Pts',(-0.324413758700159,-0.390761732807657,
-0.233999999999561));
#8830=CARTESIAN_POINT('Ctrl Pts',(-0.324753789574052,-0.39024818217,-0.232892889606284));
#8831=CARTESIAN_POINT('Ctrl Pts',(-0.324918003655748,-0.389755651209256,
-0.231728113727764));
#8832=CARTESIAN_POINT('Ctrl Pts',(-0.324901727420888,-0.388558715905483,
-0.228820134188062));
#8833=CARTESIAN_POINT('Ctrl Pts',(-0.32452068158436,-0.387873566013391,
-0.227089039080023));
#8834=CARTESIAN_POINT('Ctrl Pts',(-0.323046523837897,-0.386504286423193,
-0.223754159639773));
#8835=CARTESIAN_POINT('Ctrl Pts',(-0.321917514116669,-0.385842610469518,
-0.222204587672842));
#8836=CARTESIAN_POINT('Ctrl Pts',(-0.319207094123381,-0.384576314352776,
-0.219678587316137));
#8837=CARTESIAN_POINT('Ctrl Pts',(-0.317664240388425,-0.383977287580168,
-0.218689799431263));
#8838=CARTESIAN_POINT('Ctrl Pts',(-0.31511213382317,-0.383088464954742,
-0.217615127977192));
#8839=CARTESIAN_POINT('Ctrl Pts',(-0.314206390123705,-0.38279049561226,
-0.217325699925929));
#8840=CARTESIAN_POINT('Ctrl Pts',(-0.312330442979865,-0.382199687954972,
-0.216904072074695));
#8841=CARTESIAN_POINT('Ctrl Pts',(-0.31136876089852,-0.38190908552563,-0.216775671308094));
#8842=CARTESIAN_POINT('Ctrl Pts',(-0.310400177088275,-0.381621715207301,
-0.216729057176797));
#8843=CARTESIAN_POINT('Origin',(-0.313,-0.381621715207318,-0.234));
#8844=CARTESIAN_POINT('Ctrl Pts',(-0.337185094425309,-0.351962585466903,
-0.234));
#8845=CARTESIAN_POINT('Ctrl Pts',(-0.33719391240642,-0.35192366427883,-0.233854737959368));
#8846=CARTESIAN_POINT('Ctrl Pts',(-0.337201414116382,-0.351884776479701,
-0.233709327638024));
#8847=CARTESIAN_POINT('Ctrl Pts',(-0.337345821201717,-0.350977174349407,
-0.230310144853751));
#8848=CARTESIAN_POINT('Ctrl Pts',(-0.336822653276062,-0.350134377782488,
-0.22705650646285));
#8849=CARTESIAN_POINT('Ctrl Pts',(-0.334519204746221,-0.348399354025268,
-0.220857235952866));
#8850=CARTESIAN_POINT('Ctrl Pts',(-0.33273015812272,-0.347526022214271,
-0.217982165168278));
#8851=CARTESIAN_POINT('Ctrl Pts',(-0.328083637084359,-0.345805159012097,
-0.213063398805492));
#8852=CARTESIAN_POINT('Ctrl Pts',(-0.325270837168066,-0.344965557439421,
-0.211085194026328));
#8853=CARTESIAN_POINT('Ctrl Pts',(-0.318960586334306,-0.343235344656313,
-0.208287374587363));
#8854=CARTESIAN_POINT('Ctrl Pts',(-0.315509077804551,-0.342363843972949,
-0.207526221756987));
#8855=CARTESIAN_POINT('Ctrl Pts',(-0.308453213927085,-0.340648646721108,
-0.20740471439906));
#8856=CARTESIAN_POINT('Ctrl Pts',(-0.304930332288146,-0.339811890638216,
-0.208056309483634));
#8857=CARTESIAN_POINT('Ctrl Pts',(-0.298243728157701,-0.338085507815299,
-0.210710590417139));
#8858=CARTESIAN_POINT('Ctrl Pts',(-0.295160375601829,-0.337218826407886,
-0.212721167259576));
#8859=CARTESIAN_POINT('Ctrl Pts',(-0.289890586182657,-0.335490760572461,
-0.217901855239403));
#8860=CARTESIAN_POINT('Ctrl Pts',(-0.287785132051843,-0.334633663045697,
-0.221024363502351));
#8861=CARTESIAN_POINT('Ctrl Pts',(-0.285450981676499,-0.333245255714984,
-0.226619644444003));
#8862=CARTESIAN_POINT('Ctrl Pts',(-0.284823158027149,-0.332717064269159,
-0.228870863686293));
#8863=CARTESIAN_POINT('Ctrl Pts',(-0.284122010506272,-0.331654717097642,
-0.233504482610301));
#8864=CARTESIAN_POINT('Ctrl Pts',(-0.284058924431257,-0.331127092867562,
-0.235869979201071));
#8865=CARTESIAN_POINT('Ctrl Pts',(-0.284283146588137,-0.3306,-0.238218169641158));
#8866=CARTESIAN_POINT('Ctrl Pts',(-0.341725103147297,-0.33059999999999,
-0.229838380822654));
#8867=CARTESIAN_POINT('Ctrl Pts',(-0.341848309041043,-0.330933048596251,
-0.231215055753489));
#8868=CARTESIAN_POINT('Ctrl Pts',(-0.3418743686584,-0.331261229831584,-0.232599758521736));
#8869=CARTESIAN_POINT('Ctrl Pts',(-0.341802231416185,-0.331583258073598,
-0.233988645373139));
#8870=CARTESIAN_POINT('Ctrl Pts',(-0.341801934866001,-0.33158457457839,
-0.233994324004187));
#8871=CARTESIAN_POINT('Ctrl Pts',(-0.341801636747272,-0.331585890427596,
-0.234000000214001));
#8872=CARTESIAN_POINT('Origin',(-0.313,-0.0329999999999998,-0.234));
#8873=CARTESIAN_POINT('Ctrl Pts',(-0.342025,-0.233589222295706,-0.233999999999689));
#8874=CARTESIAN_POINT('Ctrl Pts',(-0.342024999999984,-0.233283744135117,
-0.232472187564332));
#8875=CARTESIAN_POINT('Ctrl Pts',(-0.341904523661561,-0.232968382638435,
-0.230944847740507));
#8876=CARTESIAN_POINT('Ctrl Pts',(-0.341048937240572,-0.231824706506968,
-0.225579284037826));
#8877=CARTESIAN_POINT('Ctrl Pts',(-0.339665691396467,-0.230973129231252,
-0.221893181469067));
#8878=CARTESIAN_POINT('Ctrl Pts',(-0.335577184154862,-0.229329598988611,
-0.215366776943097));
#8879=CARTESIAN_POINT('Ctrl Pts',(-0.332946559848767,-0.22859141691726,
-0.212574243428241));
#8880=CARTESIAN_POINT('Ctrl Pts',(-0.326675808383171,-0.226967389149851,
-0.208104015787964));
#8881=CARTESIAN_POINT('Ctrl Pts',(-0.323080994995038,-0.226116171950088,
-0.206504726066976));
#8882=CARTESIAN_POINT('Ctrl Pts',(-0.315562566563718,-0.224474933479837,
-0.204838848168413));
#8883=CARTESIAN_POINT('Ctrl Pts',(-0.311725287198037,-0.223737251519005,
-0.204754207012243));
#8884=CARTESIAN_POINT('Ctrl Pts',(-0.304141566481626,-0.222110545493178,
-0.206086984843665));
#8885=CARTESIAN_POINT('Ctrl Pts',(-0.300482180689486,-0.221259739072038,
-0.207525423085739));
#8886=CARTESIAN_POINT('Ctrl Pts',(-0.294019895876634,-0.219620823403631,
-0.211713010793244));
#8887=CARTESIAN_POINT('Ctrl Pts',(-0.291265828609708,-0.218883344953202,
-0.214389255224485));
#8888=CARTESIAN_POINT('Ctrl Pts',(-0.286895673947785,-0.217254048257073,
-0.220727810190918));
#8889=CARTESIAN_POINT('Ctrl Pts',(-0.28535390945877,-0.216403702894285,
-0.224342090922091));
#8890=CARTESIAN_POINT('Ctrl Pts',(-0.283802482346158,-0.214767147105567,
-0.2318845065503));
#8891=CARTESIAN_POINT('Ctrl Pts',(-0.283776910952623,-0.214029582205095,
-0.235726859389368));
#8892=CARTESIAN_POINT('Ctrl Pts',(-0.285227503320779,-0.212397773856684,
-0.24328729838216));
#8893=CARTESIAN_POINT('Ctrl Pts',(-0.286719778855106,-0.21154793994487,
-0.24691952014876));
#8894=CARTESIAN_POINT('Ctrl Pts',(-0.291004336097038,-0.209913783882865,
-0.253317834263917));
#8895=CARTESIAN_POINT('Ctrl Pts',(-0.293725772156064,-0.209175853460541,
-0.256033882929087));
#8896=CARTESIAN_POINT('Ctrl Pts',(-0.300130416108529,-0.207541600160304,
-0.260304332685247));
#8897=CARTESIAN_POINT('Ctrl Pts',(-0.303762997854229,-0.206692330691403,
-0.261788923843646));
#8898=CARTESIAN_POINT('Ctrl Pts',(-0.311328267731263,-0.20506059931632,
-0.263226924018789));
#8899=CARTESIAN_POINT('Ctrl Pts',(-0.315175483305323,-0.204322066565629,
-0.26319373615251));
#8900=CARTESIAN_POINT('Ctrl Pts',(-0.322711727787664,-0.202685407643252,
-0.261626165298803));
#8901=CARTESIAN_POINT('Ctrl Pts',(-0.326316070286527,-0.201836755973596,
-0.260080858122895));
#8902=CARTESIAN_POINT('Ctrl Pts',(-0.332650085211564,-0.200207505624753,
-0.255700302447144));
#8903=CARTESIAN_POINT('Ctrl Pts',(-0.335327857103885,-0.199468084316512,
-0.252933945778307));
#8904=CARTESIAN_POINT('Ctrl Pts',(-0.339296952832496,-0.197908132930445,
-0.246776089025697));
#8905=CARTESIAN_POINT('Ctrl Pts',(-0.340647212748472,-0.197142742109826,
-0.243507374471364));
#8906=CARTESIAN_POINT('Ctrl Pts',(-0.341381725790322,-0.196395996936857,
-0.240076863184488));
#8907=CARTESIAN_POINT('Ctrl Pts',(-0.284058038695644,-0.196395996936878,
-0.236193969201513));
#8908=CARTESIAN_POINT('Ctrl Pts',(-0.283835076069956,-0.197002547026338,
-0.233252735714486));
#8909=CARTESIAN_POINT('Ctrl Pts',(-0.284061091438187,-0.197589104234859,
-0.230296841935379));
#8910=CARTESIAN_POINT('Ctrl Pts',(-0.285413973557121,-0.198863335194453,
-0.224484310517987));
#8911=CARTESIAN_POINT('Ctrl Pts',(-0.286550486471142,-0.199519595801233,
-0.221672860751379));
#8912=CARTESIAN_POINT('Ctrl Pts',(-0.290067705899914,-0.200985144547383,
-0.215799974204501));
#8913=CARTESIAN_POINT('Ctrl Pts',(-0.292664486198929,-0.201731440630468,
-0.21293819434709));
#8914=CARTESIAN_POINT('Ctrl Pts',(-0.298860327328985,-0.203349615881166,
-0.208357782786544));
#8915=CARTESIAN_POINT('Ctrl Pts',(-0.302403353927648,-0.2041950993395,-0.206702700183582));
#8916=CARTESIAN_POINT('Ctrl Pts',(-0.309885222988443,-0.205841200764909,
-0.204889842891089));
#8917=CARTESIAN_POINT('Ctrl Pts',(-0.313742486328365,-0.206585350080512,
-0.204733056136336));
#8918=CARTESIAN_POINT('Ctrl Pts',(-0.321352246317244,-0.208206326608218,
-0.205933789350915));
#8919=CARTESIAN_POINT('Ctrl Pts',(-0.325019889164395,-0.209052668474982,
-0.20729838648344));
#8920=CARTESIAN_POINT('Ctrl Pts',(-0.33155967327895,-0.210696562276261,
-0.211358982293255));
#8921=CARTESIAN_POINT('Ctrl Pts',(-0.334374933697277,-0.211438884868567,
-0.21399520949391));
#8922=CARTESIAN_POINT('Ctrl Pts',(-0.33885859372172,-0.213062571505231,
-0.220258690959251));
#8923=CARTESIAN_POINT('Ctrl Pts',(-0.340460642659562,-0.213909709012462,
-0.223831957348735));
#8924=CARTESIAN_POINT('Ctrl Pts',(-0.341787774129393,-0.215195970642863,
-0.229715324993444));
#8925=CARTESIAN_POINT('Ctrl Pts',(-0.342025,-0.215643390982633,-0.231854782065641));
#8926=CARTESIAN_POINT('Ctrl Pts',(-0.342025,-0.216072316165799,-0.234000000000131));
#8927=CARTESIAN_POINT('Origin',(-0.313,-0.368833404001511,-0.234));
#8928=CARTESIAN_POINT('',(-0.286747669608678,-0.381217035680857,-0.233415508086292));
#8929=CARTESIAN_POINT('Ctrl Pts',(-0.286747669608743,-0.381217035680891,
-0.233415508086401));
#8930=CARTESIAN_POINT('Ctrl Pts',(-0.289362814165928,-0.383115301665434,
-0.231246847876308));
#8931=CARTESIAN_POINT('Ctrl Pts',(-0.292310857834374,-0.385052361671827,
-0.229644953420249));
#8932=CARTESIAN_POINT('Ctrl Pts',(-0.297092129609315,-0.388177907087785,
-0.228381481059303));
#8933=CARTESIAN_POINT('Ctrl Pts',(-0.298736716409805,-0.38925197129039,
-0.228161966424837));
#8934=CARTESIAN_POINT('Ctrl Pts',(-0.301950136195099,-0.391411397301827,
-0.228167623250351));
#8935=CARTESIAN_POINT('Ctrl Pts',(-0.303503264919578,-0.392483929751061,
-0.228375788684279));
#8936=CARTESIAN_POINT('Ctrl Pts',(-0.304995761175654,-0.393576923076923,
-0.228791324134728));
#8937=CARTESIAN_POINT('',(-0.301720945773973,-0.382894504666037,-0.212825583311103));
#8938=CARTESIAN_POINT('Ctrl Pts',(-0.301720945773973,-0.382894504666037,
-0.212825583311103));
#8939=CARTESIAN_POINT('Ctrl Pts',(-0.299681504943657,-0.382744453321415,
-0.213682104693146));
#8940=CARTESIAN_POINT('Ctrl Pts',(-0.297757153262688,-0.38259284088517,
-0.214819369190226));
#8941=CARTESIAN_POINT('Ctrl Pts',(-0.294290123884145,-0.382314254074201,
-0.217609030266627));
#8942=CARTESIAN_POINT('Ctrl Pts',(-0.292757159938781,-0.382184698653954,
-0.219246316209793));
#8943=CARTESIAN_POINT('Ctrl Pts',(-0.290175679376608,-0.381916709529929,
-0.222837410065233));
#8944=CARTESIAN_POINT('Ctrl Pts',(-0.289121229117268,-0.3817786251746,-0.224789030808697));
#8945=CARTESIAN_POINT('Ctrl Pts',(-0.287516240235867,-0.381495164204996,
-0.228945543616452));
#8946=CARTESIAN_POINT('Ctrl Pts',(-0.286978155545039,-0.381350306472667,
-0.231157399716849));
#8947=CARTESIAN_POINT('Ctrl Pts',(-0.286747669608671,-0.381217035680835,
-0.23341550808629));
#8948=CARTESIAN_POINT('Ctrl Pts',(-0.301720945773973,-0.382894504666037,
-0.212825583311103));
#8949=CARTESIAN_POINT('Ctrl Pts',(-0.304071947507965,-0.38330488969888,
-0.212201857184028));
#8950=CARTESIAN_POINT('Ctrl Pts',(-0.306511215748355,-0.383723820680105,
-0.211943889052798));
#8951=CARTESIAN_POINT('Ctrl Pts',(-0.311172296222066,-0.384556766682603,
-0.212223855713233));
#8952=CARTESIAN_POINT('Ctrl Pts',(-0.313384329709666,-0.384967197611027,
-0.212703440243602));
#8953=CARTESIAN_POINT('Ctrl Pts',(-0.317830130416925,-0.385899539875516,
-0.214509794304361));
#8954=CARTESIAN_POINT('Ctrl Pts',(-0.319988316870618,-0.386415904259136,
-0.215920678592523));
#8955=CARTESIAN_POINT('Ctrl Pts',(-0.323382922851469,-0.387440047191979,
-0.219322918372883));
#8956=CARTESIAN_POINT('Ctrl Pts',(-0.324675880946405,-0.387938112078765,
-0.221226756216005));
#8957=CARTESIAN_POINT('Ctrl Pts',(-0.326235379437235,-0.388941508368166,
-0.225144826739015));
#8958=CARTESIAN_POINT('Ctrl Pts',(-0.326606100769554,-0.389430885781392,
-0.227085614653927));
#8959=CARTESIAN_POINT('Ctrl Pts',(-0.326542681199236,-0.39041552548307,
-0.230779554129312));
#8960=CARTESIAN_POINT('Ctrl Pts',(-0.326179886647392,-0.390900234991378,
-0.232516606578876));
#8961=CARTESIAN_POINT('Ctrl Pts',(-0.324988725478918,-0.391766728094532,
-0.235134161696702));
#8962=CARTESIAN_POINT('Ctrl Pts',(-0.324370604883464,-0.392122244743053,
-0.236082137744104));
#8963=CARTESIAN_POINT('Ctrl Pts',(-0.322924412440407,-0.3928436077253,-0.237667729961794));
#8964=CARTESIAN_POINT('Ctrl Pts',(-0.322127073132935,-0.39320098617766,
-0.238315170350906));
#8965=CARTESIAN_POINT('Ctrl Pts',(-0.321248507106366,-0.393576923076921,
-0.23881251222782));
#8966=CARTESIAN_POINT('Origin',(-0.313,-0.0329999999999998,-0.234));
#8967=CARTESIAN_POINT('',(-0.399,-0.0329999999999998,-0.234));
#8968=CARTESIAN_POINT('Origin',(-0.313,-0.0329999999999998,-0.234));
#8969=CARTESIAN_POINT('',(-0.399,-0.0345341584894968,-0.234));
#8970=CARTESIAN_POINT('',(-0.399,-0.0329999999999998,-0.234));
#8971=CARTESIAN_POINT('Origin',(-0.313,-0.0345341584894968,-0.234));
#8972=CARTESIAN_POINT('Origin',(-0.313,-0.0839999999999998,-0.234));
#8973=CARTESIAN_POINT('',(-0.356,-0.0839999999999998,-0.234));
#8974=CARTESIAN_POINT('',(-0.356,-0.0839999999999998,-0.234));
#8975=CARTESIAN_POINT('Origin',(-0.313,-0.0839999999999998,-0.234));
#8976=CARTESIAN_POINT('Origin',(-0.313,-0.0329999999999998,-0.234));
#8977=CARTESIAN_POINT('',(-0.356,-0.0329999999999998,-0.234));
#8978=CARTESIAN_POINT('Origin',(-0.313,-0.0329999999999998,-0.234));
#8979=CARTESIAN_POINT('',(-0.322,-0.0329999999999998,-0.264708305065568));
#8980=CARTESIAN_POINT('',(-0.322,-0.0329999999999998,-0.298));
#8981=CARTESIAN_POINT('',(-0.322,-0.0329999999999998,-0.298));
#8982=CARTESIAN_POINT('',(-0.304,-0.0329999999999998,-0.298));
#8983=CARTESIAN_POINT('',(-0.322,-0.0329999999999998,-0.298));
#8984=CARTESIAN_POINT('',(-0.304,-0.0329999999999998,-0.264708305065568));
#8985=CARTESIAN_POINT('',(-0.304,-0.0329999999999998,-0.298));
#8986=CARTESIAN_POINT('',(-0.297186291501015,-0.0329999999999998,-0.249813708498985));
#8987=CARTESIAN_POINT('',(-0.297186291501015,-0.0329999999999998,-0.249813708498985));
#8988=CARTESIAN_POINT('',(-0.282291694934432,-0.0329999999999998,-0.243));
#8989=CARTESIAN_POINT('',(-0.282291694934432,-0.0329999999999998,-0.243));
#8990=CARTESIAN_POINT('',(-0.249,-0.0329999999999998,-0.243));
#8991=CARTESIAN_POINT('',(-0.282291694934432,-0.0329999999999998,-0.243));
#8992=CARTESIAN_POINT('',(-0.249,-0.0329999999999998,-0.225));
#8993=CARTESIAN_POINT('',(-0.249,-0.0329999999999998,-0.243));
#8994=CARTESIAN_POINT('',(-0.282291694934432,-0.0329999999999998,-0.225));
#8995=CARTESIAN_POINT('',(-0.282291694934432,-0.0329999999999998,-0.225));
#8996=CARTESIAN_POINT('',(-0.297186291501015,-0.0329999999999998,-0.218186291501015));
#8997=CARTESIAN_POINT('',(-0.282291694934432,-0.0329999999999998,-0.225));
#8998=CARTESIAN_POINT('',(-0.304,-0.0329999999999998,-0.203291694934432));
#8999=CARTESIAN_POINT('',(-0.297186291501015,-0.0329999999999998,-0.218186291501015));
#9000=CARTESIAN_POINT('',(-0.304,-0.0329999999999998,-0.17));
#9001=CARTESIAN_POINT('',(-0.304,-0.0329999999999998,-0.203291694934432));
#9002=CARTESIAN_POINT('',(-0.322,-0.0329999999999998,-0.17));
#9003=CARTESIAN_POINT('',(-0.322,-0.0329999999999998,-0.17));
#9004=CARTESIAN_POINT('',(-0.322,-0.0329999999999998,-0.203291694934432));
#9005=CARTESIAN_POINT('',(-0.322,-0.0329999999999998,-0.203291694934432));
#9006=CARTESIAN_POINT('',(-0.328813708498985,-0.0329999999999998,-0.218186291501015));
#9007=CARTESIAN_POINT('',(-0.328813708498985,-0.0329999999999998,-0.218186291501015));
#9008=CARTESIAN_POINT('',(-0.343708305065568,-0.0329999999999998,-0.225));
#9009=CARTESIAN_POINT('',(-0.343708305065568,-0.0329999999999998,-0.225));
#9010=CARTESIAN_POINT('',(-0.377,-0.0329999999999998,-0.225));
#9011=CARTESIAN_POINT('',(-0.377,-0.0329999999999998,-0.225));
#9012=CARTESIAN_POINT('',(-0.377,-0.0329999999999998,-0.243));
#9013=CARTESIAN_POINT('',(-0.377,-0.0329999999999998,-0.243));
#9014=CARTESIAN_POINT('',(-0.343708305065568,-0.0329999999999998,-0.243));
#9015=CARTESIAN_POINT('',(-0.377,-0.0329999999999998,-0.243));
#9016=CARTESIAN_POINT('',(-0.328813708498985,-0.0329999999999998,-0.249813708498985));
#9017=CARTESIAN_POINT('',(-0.343708305065568,-0.0329999999999998,-0.243));
#9018=CARTESIAN_POINT('',(-0.328813708498985,-0.0329999999999998,-0.249813708498985));
#9019=CARTESIAN_POINT('Origin',(-0.322,-0.122,-0.298));
#9020=CARTESIAN_POINT('',(-0.322,-0.0418999999999997,-0.298));
#9021=CARTESIAN_POINT('',(-0.322,-0.122,-0.298));
#9022=CARTESIAN_POINT('',(-0.322,-0.114366519470391,-0.254457722252248));
#9023=CARTESIAN_POINT('',(-0.322,-0.0348471109387378,-0.264475605378201));
#9024=CARTESIAN_POINT('',(-0.322,-0.100752336089575,-0.262637948906));
#9025=CARTESIAN_POINT('Origin',(-0.322,-0.122,-0.298));
#9026=CARTESIAN_POINT('',(-0.304,-0.0418999999999997,-0.298));
#9027=CARTESIAN_POINT('',(-0.304,-0.122,-0.298));
#9028=CARTESIAN_POINT('',(-0.399,-0.0418999999999997,-0.298));
#9029=CARTESIAN_POINT('Origin',(-0.304,-0.122,-0.298));
#9030=CARTESIAN_POINT('',(-0.304,-0.114366519470391,-0.254457722252248));
#9031=CARTESIAN_POINT('',(-0.304,-0.116480969948349,-0.254191343035464));
#9032=CARTESIAN_POINT('',(-0.304,-0.100752336089575,-0.262637948906));
#9033=CARTESIAN_POINT('Origin',(-0.297186291501015,-0.0329999999999998,
-0.249813708498985));
#9034=CARTESIAN_POINT('',(-0.302341705995792,-0.122,-0.249871064415892));
#9035=CARTESIAN_POINT('',(-0.300705544261835,-0.122,-0.246294455738165));
#9036=CARTESIAN_POINT('',(-0.298182233588353,-0.122,-0.240778561640369));
#9037=CARTESIAN_POINT('',(-0.297186291501015,-0.0329999999999998,-0.249813708498985));
#9038=CARTESIAN_POINT('',(-0.315893172995696,-0.0596197108420508,-0.287352923574456));
#9039=CARTESIAN_POINT('Origin',(-0.282291694934432,-0.0329999999999998,
-0.243));
#9040=CARTESIAN_POINT('',(-0.292542277747752,-0.114366519470391,-0.243));
#9041=CARTESIAN_POINT('',(-0.282291694934432,-0.0329999999999998,-0.243));
#9042=CARTESIAN_POINT('',(-0.297128935584108,-0.122,-0.244658294004208));
#9043=CARTESIAN_POINT('',(-0.306221438359631,-0.122,-0.248817766411647));
#9044=CARTESIAN_POINT('',(-0.25519690724425,-0.0522133855806348,-0.229497880112178));
#9045=CARTESIAN_POINT('Origin',(-0.282291694934432,-0.122,-0.243));
#9046=CARTESIAN_POINT('',(-0.249,-0.0418999999999998,-0.243));
#9047=CARTESIAN_POINT('',(-0.249,-0.122,-0.243));
#9048=CARTESIAN_POINT('',(-0.293193146536886,-0.11544974704185,-0.243));
#9049=CARTESIAN_POINT('Origin',(-0.249,-0.122,-0.243));
#9050=CARTESIAN_POINT('',(-0.249,-0.0418999999999998,-0.225));
#9051=CARTESIAN_POINT('',(-0.249,-0.122,-0.225));
#9052=CARTESIAN_POINT('',(-0.249,-0.0418999999999997,-0.298));
#9053=CARTESIAN_POINT('Origin',(-0.282291694934432,-0.122,-0.225));
#9054=CARTESIAN_POINT('',(-0.292542277747752,-0.114366519470391,-0.225));
#9055=CARTESIAN_POINT('',(-0.29332877625535,-0.120609544603433,-0.225));
#9056=CARTESIAN_POINT('',(-0.293193146536887,-0.11544974704185,-0.225));
#9057=CARTESIAN_POINT('Origin',(-0.282291694934432,-0.0329999999999998,
-0.225));
#9058=CARTESIAN_POINT('',(-0.297128935584108,-0.122,-0.223341705995792));
#9059=CARTESIAN_POINT('',(-0.300705544261835,-0.122,-0.221705544261835));
#9060=CARTESIAN_POINT('',(-0.306221438359631,-0.122,-0.219182233588353));
#9061=CARTESIAN_POINT('',(-0.297173695751771,-0.0326814603102118,-0.218173695751771));
#9062=CARTESIAN_POINT('',(-0.25519690724425,-0.0522133855806348,-0.238502119887822));
#9063=CARTESIAN_POINT('Origin',(-0.297186291501015,-0.0329999999999998,
-0.218186291501015));
#9064=CARTESIAN_POINT('',(-0.304,-0.114366519470391,-0.213542277747752));
#9065=CARTESIAN_POINT('',(-0.304,-0.0348471109387378,-0.203524394621799));
#9066=CARTESIAN_POINT('',(-0.302341705995792,-0.122,-0.218128935584108));
#9067=CARTESIAN_POINT('',(-0.298182233588353,-0.122,-0.227221438359632));
#9068=CARTESIAN_POINT('',(-0.315893172995696,-0.0596197108420508,-0.180647076425544));
#9069=CARTESIAN_POINT('Origin',(-0.304,-0.122,-0.203291694934432));
#9070=CARTESIAN_POINT('',(-0.304,-0.0418999999999998,-0.17));
#9071=CARTESIAN_POINT('',(-0.304,-0.122,-0.17));
#9072=CARTESIAN_POINT('',(-0.304,-0.11544974704185,-0.214193146536887));
#9073=CARTESIAN_POINT('Origin',(-0.322,-0.122,-0.17));
#9074=CARTESIAN_POINT('',(-0.322,-0.0418999999999998,-0.17));
#9075=CARTESIAN_POINT('',(-0.322,-0.122,-0.17));
#9076=CARTESIAN_POINT('',(-0.249,-0.0418999999999998,-0.17));
#9077=CARTESIAN_POINT('Origin',(-0.322,-0.122,-0.203291694934432));
#9078=CARTESIAN_POINT('',(-0.322,-0.114366519470391,-0.213542277747752));
#9079=CARTESIAN_POINT('',(-0.322,-0.120609544603433,-0.21432877625535));
#9080=CARTESIAN_POINT('',(-0.322,-0.11544974704185,-0.214193146536887));
#9081=CARTESIAN_POINT('Origin',(-0.328813708498985,-0.0329999999999998,
-0.218186291501015));
#9082=CARTESIAN_POINT('',(-0.323658294004208,-0.122,-0.218128935584108));
#9083=CARTESIAN_POINT('',(-0.325294455738165,-0.122,-0.221705544261835));
#9084=CARTESIAN_POINT('',(-0.327817766411647,-0.122,-0.227221438359632));
#9085=CARTESIAN_POINT('',(-0.328813708498985,-0.0329999999999998,-0.218186291501015));
#9086=CARTESIAN_POINT('',(-0.310106827004304,-0.0596197108420508,-0.180647076425544));
#9087=CARTESIAN_POINT('Origin',(-0.343708305065568,-0.0329999999999998,
-0.225));
#9088=CARTESIAN_POINT('',(-0.333457722252248,-0.114366519470391,-0.225));
#9089=CARTESIAN_POINT('',(-0.343708305065568,-0.0329999999999998,-0.225));
#9090=CARTESIAN_POINT('',(-0.328871064415892,-0.122,-0.223341705995792));
#9091=CARTESIAN_POINT('',(-0.319778561640369,-0.122,-0.219182233588353));
#9092=CARTESIAN_POINT('',(-0.37080309275575,-0.0522133855806348,-0.238502119887822));
#9093=CARTESIAN_POINT('Origin',(-0.377,-0.122,-0.225));
#9094=CARTESIAN_POINT('',(-0.377,-0.0418999999999998,-0.225));
#9095=CARTESIAN_POINT('',(-0.377,-0.122,-0.225));
#9096=CARTESIAN_POINT('',(-0.341637948906,-0.100752336089575,-0.225));
#9097=CARTESIAN_POINT('Origin',(-0.377,-0.122,-0.243));
#9098=CARTESIAN_POINT('',(-0.377,-0.0418999999999998,-0.243));
#9099=CARTESIAN_POINT('',(-0.377,-0.122,-0.243));
#9100=CARTESIAN_POINT('',(-0.377000000000001,-0.0418999999999998,-0.17));
#9101=CARTESIAN_POINT('Origin',(-0.377,-0.122,-0.243));
#9102=CARTESIAN_POINT('',(-0.333457722252248,-0.114366519470391,-0.243));
#9103=CARTESIAN_POINT('',(-0.333191343035464,-0.116480969948349,-0.243));
#9104=CARTESIAN_POINT('',(-0.341637948906,-0.100752336089575,-0.243));
#9105=CARTESIAN_POINT('Origin',(-0.343708305065568,-0.0329999999999998,
-0.243));
#9106=CARTESIAN_POINT('',(-0.328871064415892,-0.122,-0.244658294004208));
#9107=CARTESIAN_POINT('',(-0.325294455738165,-0.122,-0.246294455738165));
#9108=CARTESIAN_POINT('',(-0.319778561640369,-0.122,-0.248817766411647));
#9109=CARTESIAN_POINT('',(-0.328826304248229,-0.0326814603102118,-0.249826304248229));
#9110=CARTESIAN_POINT('',(-0.37080309275575,-0.0522133855806348,-0.229497880112178));
#9111=CARTESIAN_POINT('Origin',(-0.328813708498985,-0.0329999999999998,
-0.249813708498985));
#9112=CARTESIAN_POINT('',(-0.323658294004208,-0.122,-0.249871064415892));
#9113=CARTESIAN_POINT('',(-0.327817766411647,-0.122,-0.240778561640369));
#9114=CARTESIAN_POINT('',(-0.310106827004304,-0.0596197108420508,-0.287352923574456));
#9115=CARTESIAN_POINT('Origin',(-0.313,-0.122,-0.234));
#9116=CARTESIAN_POINT('',(-0.313,-0.122,-0.249871064415892));
#9117=CARTESIAN_POINT('',(-0.328871064415892,-0.122,-0.234));
#9118=CARTESIAN_POINT('',(-0.313,-0.122,-0.218128935584108));
#9119=CARTESIAN_POINT('',(-0.297128935584108,-0.122,-0.234));
#9120=CARTESIAN_POINT('Origin',(-0.399,-0.0418999999999997,-0.298));
#9121=CARTESIAN_POINT('Origin',(-0.377000000000001,-0.0418999999999998,
-0.17));
#9122=CARTESIAN_POINT('Origin',(-0.249,-0.0418999999999998,-0.17));
#9123=CARTESIAN_POINT('Origin',(-0.249,-0.0418999999999997,-0.298));
#9124=CARTESIAN_POINT('Ctrl Pts',(-0.31301586738867,-0.328194017577199,
-0.277000993433985));
#9125=CARTESIAN_POINT('Ctrl Pts',(-0.301639572758121,-0.32981342890255,
-0.276443050807631));
#9126=CARTESIAN_POINT('Ctrl Pts',(-0.290904711018568,-0.331420526284588,
-0.271207227563952));
#9127=CARTESIAN_POINT('Ctrl Pts',(-0.280009404578334,-0.333840026345367,
-0.259011378280835));
#9128=CARTESIAN_POINT('Ctrl Pts',(-0.277233503696556,-0.334646276345367,
-0.254263619426297));
#9129=CARTESIAN_POINT('Ctrl Pts',(-0.273743645480743,-0.336258776345367,
-0.24417178704374));
#9130=CARTESIAN_POINT('Ctrl Pts',(-0.273030260616874,-0.337065026345367,
-0.238832116776555));
#9131=CARTESIAN_POINT('Ctrl Pts',(-0.273691824814139,-0.338677526345366,
-0.228395776179231));
#9132=CARTESIAN_POINT('Ctrl Pts',(-0.275065608180855,-0.339483776345367,
-0.223303300870778));
#9133=CARTESIAN_POINT('Ctrl Pts',(-0.279606329479717,-0.341096276345367,
-0.214129136486332));
#9134=CARTESIAN_POINT('Ctrl Pts',(-0.282770611956245,-0.341902526345366,
-0.210050788390129));
#9135=CARTESIAN_POINT('Ctrl Pts',(-0.294115949743896,-0.344321276345369,
-0.200202916185745));
#9136=CARTESIAN_POINT('Ctrl Pts',(-0.304162005629405,-0.345933776345364,
-0.196979485511041));
#9137=CARTESIAN_POINT('Ctrl Pts',(-0.323251276533396,-0.34915877634537,
-0.198471354440674));
#9138=CARTESIAN_POINT('Ctrl Pts',(-0.332174596722691,-0.350771276345362,
-0.20314940796999));
#9139=CARTESIAN_POINT('Ctrl Pts',(-0.343936501522015,-0.353996276345371,
-0.217122098702558));
#9140=CARTESIAN_POINT('Ctrl Pts',(-0.34672103751547,-0.355608776345364,
-0.226309380863464));
#9141=CARTESIAN_POINT('Ctrl Pts',(-0.345095035812622,-0.35883377634537,
-0.243614102296763));
#9142=CARTESIAN_POINT('Ctrl Pts',(-0.340722583423933,-0.360446276345369,
-0.251623178573788));
#9143=CARTESIAN_POINT('Ctrl Pts',(-0.327929419607317,-0.363671276345365,
-0.262040338452359));
#9144=CARTESIAN_POINT('Ctrl Pts',(-0.319608422490544,-0.365283776345365,
-0.26440304463384));
#9145=CARTESIAN_POINT('Ctrl Pts',(-0.304088884836428,-0.368508776345368,
-0.262677522484193));
#9146=CARTESIAN_POINT('Ctrl Pts',(-0.296987171372128,-0.370121276345368,
-0.258627997510643));
#9147=CARTESIAN_POINT('Ctrl Pts',(-0.287890551956502,-0.373346276345366,
-0.247039105131303));
#9148=CARTESIAN_POINT('Ctrl Pts',(-0.285932506878993,-0.374958776345364,
-0.239591653114835));
#9149=CARTESIAN_POINT('Ctrl Pts',(-0.287722939126391,-0.37818377634537,
-0.22585742871665));
#9150=CARTESIAN_POINT('Ctrl Pts',(-0.291432316282804,-0.379796276345368,
-0.219655946564316));
#9151=CARTESIAN_POINT('Ctrl Pts',(-0.301792553347096,-0.383021276345366,
-0.211855309928623));
#9152=CARTESIAN_POINT('Ctrl Pts',(-0.308359452781731,-0.384633776345371,
-0.210284656696965));
#9153=CARTESIAN_POINT('Ctrl Pts',(-0.320308739158211,-0.387858776345363,
-0.212105397203994));
#9154=CARTESIAN_POINT('Ctrl Pts',(-0.325617370481077,-0.38947127634537,
-0.215457515261962));
#9155=CARTESIAN_POINT('Ctrl Pts',(-0.332146930516141,-0.392696276345364,
-0.224565078278363));
#9156=CARTESIAN_POINT('Ctrl Pts',(-0.33334755839596,-0.394308776345365,
-0.230244671499303));
#9157=CARTESIAN_POINT('Ctrl Pts',(-0.331531096439101,-0.397533776345369,
-0.240409899598846));
#9158=CARTESIAN_POINT('Ctrl Pts',(-0.328553236396295,-0.399146276345366,
-0.244833308090119));
#9159=CARTESIAN_POINT('Ctrl Pts',(-0.320721996585317,-0.402371276345368,
-0.250117041432273));
#9160=CARTESIAN_POINT('Ctrl Pts',(-0.315937990401363,-0.403983094793248,
-0.250965485145025));
#9161=CARTESIAN_POINT('Ctrl Pts',(-0.311744931220165,-0.405596276345367,
-0.250076295283496));
#9162=CARTESIAN_POINT('Ctrl Pts',(-0.313008191386441,-0.316174662684455,
-0.256182864938238));
#9163=CARTESIAN_POINT('Ctrl Pts',(-0.307135176002929,-0.317795239621428,
-0.25562240209521));
#9164=CARTESIAN_POINT('Ctrl Pts',(-0.301836244509255,-0.319401173016144,
-0.252660044996196));
#9165=CARTESIAN_POINT('Ctrl Pts',(-0.296730962607499,-0.321820673076923,
-0.246310885313694));
#9166=CARTESIAN_POINT('Ctrl Pts',(-0.295493845791549,-0.322626923076923,
-0.243896704214224));
#9167=CARTESIAN_POINT('Ctrl Pts',(-0.294065547208146,-0.324239423076923,
-0.238886587461671));
#9168=CARTESIAN_POINT('Ctrl Pts',(-0.293874107460773,-0.325045673076924,
-0.236293008056489));
#9169=CARTESIAN_POINT('Ctrl Pts',(-0.294482264520864,-0.326658173076923,
-0.231340371422263));
#9170=CARTESIAN_POINT('Ctrl Pts',(-0.295280717132445,-0.327464423076923,
-0.228983300370536));
#9171=CARTESIAN_POINT('Ctrl Pts',(-0.297661295119669,-0.329076923076923,
-0.224849735349365));
#9172=CARTESIAN_POINT('Ctrl Pts',(-0.29924163509205,-0.329883173076922,
-0.223074552093174));
#9173=CARTESIAN_POINT('Ctrl Pts',(-0.304686002815686,-0.332301923076925,
-0.218957712843309));
#9174=CARTESIAN_POINT('Ctrl Pts',(-0.309239461959752,-0.33391442307692,
-0.217900476306417));
#9175=CARTESIAN_POINT('Ctrl Pts',(-0.317362885615951,-0.337139423076926,
-0.219178726824688));
#9176=CARTESIAN_POINT('Ctrl Pts',(-0.320882140426812,-0.338751923076919,
-0.221478315421216));
#9177=CARTESIAN_POINT('Ctrl Pts',(-0.325079654947842,-0.341976923076928,
-0.22750900174572));
#9178=CARTESIAN_POINT('Ctrl Pts',(-0.325751590617281,-0.34358942307692,
-0.231182851195121));
#9179=CARTESIAN_POINT('Ctrl Pts',(-0.324445991192577,-0.346814423076926,
-0.2375243262279));
#9180=CARTESIAN_POINT('Ctrl Pts',(-0.322504520151466,-0.348426923076925,
-0.240152756374397));
#9181=CARTESIAN_POINT('Ctrl Pts',(-0.317726651703971,-0.351651923076921,
-0.243083230499342));
#9182=CARTESIAN_POINT('Ctrl Pts',(-0.314939400460029,-0.353264423076922,
-0.243387130511131));
#9183=CARTESIAN_POINT('Ctrl Pts',(-0.310379468392343,-0.356489423076925,
-0.242088764103453));
#9184=CARTESIAN_POINT('Ctrl Pts',(-0.308634471605941,-0.358101923076924,
-0.24052250639866));
#9185=CARTESIAN_POINT('Ctrl Pts',(-0.306946123223406,-0.361326923076922,
-0.237021439992427));
#9186=CARTESIAN_POINT('Ctrl Pts',(-0.306992894936809,-0.36293942307692,
-0.235127522332672));
#9187=CARTESIAN_POINT('Ctrl Pts',(-0.308249458514282,-0.366164423076926,
-0.232348223013542));
#9188=CARTESIAN_POINT('Ctrl Pts',(-0.309423517893299,-0.367776923076924,
-0.231479020216403));
#9189=CARTESIAN_POINT('Ctrl Pts',(-0.311624165689449,-0.371001923076922,
-0.231007537076448));
#9190=CARTESIAN_POINT('Ctrl Pts',(-0.312618268741087,-0.372614423076927,
-0.231387521175581));
#9191=CARTESIAN_POINT('Ctrl Pts',(-0.313618349916027,-0.375839423076919,
-0.232567730755341));
#9192=CARTESIAN_POINT('Ctrl Pts',(-0.313619644648246,-0.377451923076926,
-0.233332720807087));
#9193=CARTESIAN_POINT('Ctrl Pts',(-0.312899864137849,-0.38067692307692,
-0.234209705501326));
#9194=CARTESIAN_POINT('Ctrl Pts',(-0.31220421905184,-0.382289423076921,
-0.234297768427834));
#9195=CARTESIAN_POINT('Ctrl Pts',(-0.311134889467954,-0.385514423076925,
-0.233520550244748));
#9196=CARTESIAN_POINT('Ctrl Pts',(-0.310795722593297,-0.387126923076922,
-0.232662067788452));
#9197=CARTESIAN_POINT('Ctrl Pts',(-0.311265268955135,-0.390351923076924,
-0.230776961559813));
#9198=CARTESIAN_POINT('Ctrl Pts',(-0.312082703708549,-0.391956199231483,
-0.229785655718559));
#9199=CARTESIAN_POINT('Ctrl Pts',(-0.313365262500508,-0.393576923076923,
-0.229321317916202));
#9200=CARTESIAN_POINT('Ctrl Pts',(-0.313,-0.328196153846154,-0.277));
#9201=CARTESIAN_POINT('Ctrl Pts',(-0.30162964748609,-0.329814800816854,
-0.276437969339357));
#9202=CARTESIAN_POINT('Ctrl Pts',(-0.290901444833231,-0.331421153846154,
-0.271203257759958));
#9203=CARTESIAN_POINT('Ctrl Pts',(-0.280009575001622,-0.333839903846154,
-0.259011248839562));
#9204=CARTESIAN_POINT('Ctrl Pts',(-0.27723368980287,-0.334646153846154,
-0.254263513768453));
#9205=CARTESIAN_POINT('Ctrl Pts',(-0.273743852598125,-0.336258653846154,
-0.244171733177881));
#9206=CARTESIAN_POINT('Ctrl Pts',(-0.273030473053831,-0.337064903846154,
-0.238832090898389));
#9207=CARTESIAN_POINT('Ctrl Pts',(-0.27369203670678,-0.338677403846153,
-0.228395806190047));
#9208=CARTESIAN_POINT('Ctrl Pts',(-0.275065814209822,-0.339483653846154,
-0.223303358760371));
#9209=CARTESIAN_POINT('Ctrl Pts',(-0.279606513492869,-0.341096153846154,
-0.21412924574886));
#9210=CARTESIAN_POINT('Ctrl Pts',(-0.282770779826124,-0.341902403846153,
-0.210050921126124));
#9211=CARTESIAN_POINT('Ctrl Pts',(-0.294116057472087,-0.344321153846156,
-0.200203107331456));
#9212=CARTESIAN_POINT('Ctrl Pts',(-0.30416205737798,-0.345933653846151,
-0.196979698734236));
#9213=CARTESIAN_POINT('Ctrl Pts',(-0.323251216519912,-0.349158653846157,
-0.198471565486707));
#9214=CARTESIAN_POINT('Ctrl Pts',(-0.332174481631889,-0.350771153846149,
-0.203149594775111));
#9215=CARTESIAN_POINT('Ctrl Pts',(-0.343936309336228,-0.353996153846158,
-0.217122204564115));
#9216=CARTESIAN_POINT('Ctrl Pts',(-0.346720823798418,-0.355608653846151,
-0.226309430533048));
#9217=CARTESIAN_POINT('Ctrl Pts',(-0.345094825361056,-0.358833653846157,
-0.243614040230796));
#9218=CARTESIAN_POINT('Ctrl Pts',(-0.340722397748517,-0.360446153846156,
-0.251623061669188));
#9219=CARTESIAN_POINT('Ctrl Pts',(-0.327929315622434,-0.363671153846152,
-0.262040145244725));
#9220=CARTESIAN_POINT('Ctrl Pts',(-0.319608374904662,-0.365283653846152,
-0.264402830443201));
#9221=CARTESIAN_POINT('Ctrl Pts',(-0.30408894894899,-0.368508653846155,
-0.262677312647053));
#9222=CARTESIAN_POINT('Ctrl Pts',(-0.29698729007944,-0.370121153846155,
-0.258627812982544));
#9223=CARTESIAN_POINT('Ctrl Pts',(-0.287890746167658,-0.373346153846153,
-0.247039003032957));
#9224=CARTESIAN_POINT('Ctrl Pts',(-0.285932721522902,-0.374958653846151,
-0.23959160761717));
#9225=CARTESIAN_POINT('Ctrl Pts',(-0.287723148329201,-0.378183653846157,
-0.225857494869726));
#9226=CARTESIAN_POINT('Ctrl Pts',(-0.291432499646084,-0.379796153846155,
-0.219656067063081));
#9227=CARTESIAN_POINT('Ctrl Pts',(-0.298203650827225,-0.381903937452781,
-0.214557804558949));
#9228=CARTESIAN_POINT('Ctrl Pts',(-0.299925556323858,-0.382399221059409,
-0.213579608350839));
#9229=CARTESIAN_POINT('Ctrl Pts',(-0.301720945773973,-0.382894504666037,
-0.212825583311103));
#9230=CARTESIAN_POINT('',(-0.313,-0.328196153846154,-0.277));
#9231=CARTESIAN_POINT('Ctrl Pts',(-0.313037230342498,-0.34501280480393,
-0.256185616112497));
#9232=CARTESIAN_POINT('Ctrl Pts',(-0.307152645282155,-0.346636100677879,
-0.255632161932652));
#9233=CARTESIAN_POINT('Ctrl Pts',(-0.301841854014064,-0.348244668400436,
-0.252667021230311));
#9234=CARTESIAN_POINT('Ctrl Pts',(-0.296730962607499,-0.350666826923077,
-0.246310885313694));
#9235=CARTESIAN_POINT('Ctrl Pts',(-0.295493845791549,-0.351473076923077,
-0.243896704214224));
#9236=CARTESIAN_POINT('Ctrl Pts',(-0.294065547208146,-0.353085576923077,
-0.238886587461671));
#9237=CARTESIAN_POINT('Ctrl Pts',(-0.293874107460773,-0.353891826923077,
-0.236293008056489));
#9238=CARTESIAN_POINT('Ctrl Pts',(-0.294482264520864,-0.355504326923076,
-0.231340371422263));
#9239=CARTESIAN_POINT('Ctrl Pts',(-0.295280717132445,-0.356310576923077,
-0.228983300370536));
#9240=CARTESIAN_POINT('Ctrl Pts',(-0.297661295119669,-0.357923076923077,
-0.224849735349364));
#9241=CARTESIAN_POINT('Ctrl Pts',(-0.299241635092051,-0.358729326923076,
-0.223074552093174));
#9242=CARTESIAN_POINT('Ctrl Pts',(-0.304686002815685,-0.361148076923078,
-0.21895771284331));
#9243=CARTESIAN_POINT('Ctrl Pts',(-0.309239461959752,-0.362760576923074,
-0.217900476306417));
#9244=CARTESIAN_POINT('Ctrl Pts',(-0.317362885615951,-0.36598557692308,
-0.219178726824688));
#9245=CARTESIAN_POINT('Ctrl Pts',(-0.320882140426812,-0.367598076923072,
-0.221478315421216));
#9246=CARTESIAN_POINT('Ctrl Pts',(-0.325079654947842,-0.370823076923081,
-0.22750900174572));
#9247=CARTESIAN_POINT('Ctrl Pts',(-0.325751590617281,-0.372435576923074,
-0.231182851195121));
#9248=CARTESIAN_POINT('Ctrl Pts',(-0.324445991192577,-0.37566057692308,
-0.2375243262279));
#9249=CARTESIAN_POINT('Ctrl Pts',(-0.322504520151466,-0.377273076923079,
-0.240152756374397));
#9250=CARTESIAN_POINT('Ctrl Pts',(-0.317726651703971,-0.380498076923075,
-0.243083230499342));
#9251=CARTESIAN_POINT('Ctrl Pts',(-0.314939400460029,-0.382110576923075,
-0.243387130511131));
#9252=CARTESIAN_POINT('Ctrl Pts',(-0.310379468392343,-0.385335576923078,
-0.242088764103453));
#9253=CARTESIAN_POINT('Ctrl Pts',(-0.308634471605942,-0.386948076923079,
-0.24052250639866));
#9254=CARTESIAN_POINT('Ctrl Pts',(-0.306946123223406,-0.390173076923074,
-0.237021439992427));
#9255=CARTESIAN_POINT('Ctrl Pts',(-0.306992894936809,-0.391785576923074,
-0.235127522332672));
#9256=CARTESIAN_POINT('Ctrl Pts',(-0.308249458514282,-0.39501057692308,
-0.232348223013542));
#9257=CARTESIAN_POINT('Ctrl Pts',(-0.309423517893299,-0.396623076923078,
-0.231479020216403));
#9258=CARTESIAN_POINT('Ctrl Pts',(-0.311624165689449,-0.399848076923075,
-0.231007537076448));
#9259=CARTESIAN_POINT('Ctrl Pts',(-0.312618268741087,-0.401460576923081,
-0.231387521175581));
#9260=CARTESIAN_POINT('Ctrl Pts',(-0.313618349916027,-0.404685576923072,
-0.232567730755341));
#9261=CARTESIAN_POINT('Ctrl Pts',(-0.313619644648246,-0.40629807692308,
-0.233332720807087));
#9262=CARTESIAN_POINT('Ctrl Pts',(-0.312899864137849,-0.409523076923073,
-0.234209705501326));
#9263=CARTESIAN_POINT('Ctrl Pts',(-0.31220421905184,-0.411135576923075,
-0.234297768427834));
#9264=CARTESIAN_POINT('Ctrl Pts',(-0.311134889467954,-0.414360576923078,
-0.233520550244748));
#9265=CARTESIAN_POINT('Ctrl Pts',(-0.310795722593297,-0.415973076923076,
-0.232662067788452));
#9266=CARTESIAN_POINT('Ctrl Pts',(-0.311265268955135,-0.419198076923078,
-0.230776961559813));
#9267=CARTESIAN_POINT('Ctrl Pts',(-0.312082703708548,-0.420802353077637,
-0.229785655718559));
#9268=CARTESIAN_POINT('Ctrl Pts',(-0.313365262500508,-0.422423076923077,
-0.229321317916202));
#9269=CARTESIAN_POINT('Ctrl Pts',(-0.313072112960579,-0.332993581440324,
-0.277003501430021));
#9270=CARTESIAN_POINT('Ctrl Pts',(-0.301675017794688,-0.334615702093817,
-0.276460086808969));
#9271=CARTESIAN_POINT('Ctrl Pts',(-0.290916793746893,-0.336225437631205,
-0.27122043884045));
#9272=CARTESIAN_POINT('Ctrl Pts',(-0.280009575001622,-0.338647596153846,
-0.259011248839562));
#9273=CARTESIAN_POINT('Ctrl Pts',(-0.27723368980287,-0.339453846153846,
-0.254263513768453));
#9274=CARTESIAN_POINT('Ctrl Pts',(-0.273743852598125,-0.341066346153846,
-0.244171733177881));
#9275=CARTESIAN_POINT('Ctrl Pts',(-0.273030473053831,-0.341872596153847,
-0.238832090898389));
#9276=CARTESIAN_POINT('Ctrl Pts',(-0.27369203670678,-0.343485096153846,
-0.228395806190047));
#9277=CARTESIAN_POINT('Ctrl Pts',(-0.275065814209822,-0.344291346153846,
-0.223303358760371));
#9278=CARTESIAN_POINT('Ctrl Pts',(-0.279606513492869,-0.345903846153846,
-0.21412924574886));
#9279=CARTESIAN_POINT('Ctrl Pts',(-0.282770779826124,-0.346710096153845,
-0.210050921126124));
#9280=CARTESIAN_POINT('Ctrl Pts',(-0.294116057472087,-0.349128846153848,
-0.200203107331456));
#9281=CARTESIAN_POINT('Ctrl Pts',(-0.30416205737798,-0.350741346153843,
-0.196979698734236));
#9282=CARTESIAN_POINT('Ctrl Pts',(-0.323251216519912,-0.353966346153849,
-0.198471565486707));
#9283=CARTESIAN_POINT('Ctrl Pts',(-0.332174481631889,-0.355578846153842,
-0.203149594775111));
#9284=CARTESIAN_POINT('Ctrl Pts',(-0.343936309336228,-0.358803846153851,
-0.217122204564115));
#9285=CARTESIAN_POINT('Ctrl Pts',(-0.346720823798418,-0.360416346153843,
-0.226309430533048));
#9286=CARTESIAN_POINT('Ctrl Pts',(-0.345094825361056,-0.363641346153849,
-0.243614040230796));
#9287=CARTESIAN_POINT('Ctrl Pts',(-0.340722397748517,-0.365253846153848,
-0.251623061669188));
#9288=CARTESIAN_POINT('Ctrl Pts',(-0.327929315622434,-0.368478846153844,
-0.262040145244725));
#9289=CARTESIAN_POINT('Ctrl Pts',(-0.319608374904662,-0.370091346153845,
-0.264402830443201));
#9290=CARTESIAN_POINT('Ctrl Pts',(-0.30408894894899,-0.373316346153847,
-0.262677312647053));
#9291=CARTESIAN_POINT('Ctrl Pts',(-0.29698729007944,-0.374928846153849,
-0.258627812982544));
#9292=CARTESIAN_POINT('Ctrl Pts',(-0.287890746167658,-0.378153846153843,
-0.247039003032957));
#9293=CARTESIAN_POINT('Ctrl Pts',(-0.285932721522902,-0.379766346153843,
-0.23959160761717));
#9294=CARTESIAN_POINT('Ctrl Pts',(-0.287723148329201,-0.382991346153849,
-0.225857494869726));
#9295=CARTESIAN_POINT('Ctrl Pts',(-0.291432499646084,-0.384603846153847,
-0.219656067063081));
#9296=CARTESIAN_POINT('Ctrl Pts',(-0.301792653549225,-0.387828846153845,
-0.211855505124879));
#9297=CARTESIAN_POINT('Ctrl Pts',(-0.308359496186862,-0.38944134615385,
-0.210284871773786));
#9298=CARTESIAN_POINT('Ctrl Pts',(-0.320308670970897,-0.392666346153842,
-0.212105605752633));
#9299=CARTESIAN_POINT('Ctrl Pts',(-0.325617248202287,-0.394278846153849,
-0.21545769744303));
#9300=CARTESIAN_POINT('Ctrl Pts',(-0.332146734353299,-0.397503846153843,
-0.22456517657477));
#9301=CARTESIAN_POINT('Ctrl Pts',(-0.333347342906625,-0.399116346153844,
-0.23024471280778));
#9302=CARTESIAN_POINT('Ctrl Pts',(-0.331530888564414,-0.402341346153848,
-0.240409829383764));
#9303=CARTESIAN_POINT('Ctrl Pts',(-0.328553055414721,-0.403953846153845,
-0.244833184042899));
#9304=CARTESIAN_POINT('Ctrl Pts',(-0.32072190020395,-0.407178846153847,
-0.250116844321454));
#9305=CARTESIAN_POINT('Ctrl Pts',(-0.315937951108934,-0.408790664524857,
-0.25096526928379));
#9306=CARTESIAN_POINT('Ctrl Pts',(-0.311744947734307,-0.410403846153846,
-0.250076083752281));
#9307=CARTESIAN_POINT('',(-0.313,-0.342648285231663,-0.260295341506718));
#9308=CARTESIAN_POINT('Ctrl Pts',(-0.313,-0.333003846153846,-0.277));
#9309=CARTESIAN_POINT('Ctrl Pts',(-0.30162964748609,-0.334622493124546,
-0.276437969339357));
#9310=CARTESIAN_POINT('Ctrl Pts',(-0.290901444833231,-0.336228846153846,
-0.271203257759958));
#9311=CARTESIAN_POINT('Ctrl Pts',(-0.280009575001622,-0.338647596153846,
-0.259011248839562));
#9312=CARTESIAN_POINT('Ctrl Pts',(-0.27723368980287,-0.339453846153846,
-0.254263513768453));
#9313=CARTESIAN_POINT('Ctrl Pts',(-0.273743852598125,-0.341066346153846,
-0.244171733177881));
#9314=CARTESIAN_POINT('Ctrl Pts',(-0.273030473053831,-0.341872596153847,
-0.238832090898389));
#9315=CARTESIAN_POINT('Ctrl Pts',(-0.27369203670678,-0.343485096153846,
-0.228395806190047));
#9316=CARTESIAN_POINT('Ctrl Pts',(-0.275065814209822,-0.344291346153846,
-0.223303358760371));
#9317=CARTESIAN_POINT('Ctrl Pts',(-0.279606513492869,-0.345903846153846,
-0.21412924574886));
#9318=CARTESIAN_POINT('Ctrl Pts',(-0.282770779826124,-0.346710096153845,
-0.210050921126124));
#9319=CARTESIAN_POINT('Ctrl Pts',(-0.294116057472087,-0.349128846153848,
-0.200203107331456));
#9320=CARTESIAN_POINT('Ctrl Pts',(-0.30416205737798,-0.350741346153843,
-0.196979698734236));
#9321=CARTESIAN_POINT('Ctrl Pts',(-0.323251216519912,-0.353966346153849,
-0.198471565486707));
#9322=CARTESIAN_POINT('Ctrl Pts',(-0.332174481631889,-0.355578846153842,
-0.203149594775111));
#9323=CARTESIAN_POINT('Ctrl Pts',(-0.343936309336228,-0.358803846153851,
-0.217122204564115));
#9324=CARTESIAN_POINT('Ctrl Pts',(-0.346720823798418,-0.360416346153843,
-0.226309430533048));
#9325=CARTESIAN_POINT('Ctrl Pts',(-0.345094825361056,-0.363641346153849,
-0.243614040230796));
#9326=CARTESIAN_POINT('Ctrl Pts',(-0.340722397748517,-0.365253846153848,
-0.251623061669188));
#9327=CARTESIAN_POINT('Ctrl Pts',(-0.327929315622434,-0.368478846153844,
-0.262040145244725));
#9328=CARTESIAN_POINT('Ctrl Pts',(-0.319608374904662,-0.370091346153845,
-0.264402830443201));
#9329=CARTESIAN_POINT('Ctrl Pts',(-0.30408894894899,-0.373316346153847,
-0.262677312647053));
#9330=CARTESIAN_POINT('Ctrl Pts',(-0.29698729007944,-0.374928846153849,
-0.258627812982544));
#9331=CARTESIAN_POINT('Ctrl Pts',(-0.288042882195899,-0.378099909329503,
-0.247232821205536));
#9332=CARTESIAN_POINT('Ctrl Pts',(-0.286066608307328,-0.379658472505162,
-0.240087976910253));
#9333=CARTESIAN_POINT('Ctrl Pts',(-0.286747669608678,-0.381217035680857,
-0.233415508086292));
#9334=CARTESIAN_POINT('Ctrl Pts',(-0.313,-0.328196153846154,-0.277));
#9335=CARTESIAN_POINT('Ctrl Pts',(-0.330811183182043,-0.325792307692308,
-0.277));
#9336=CARTESIAN_POINT('Ctrl Pts',(-0.343405591591021,-0.323388461538462,
-0.264405591591022));
#9337=CARTESIAN_POINT('Ctrl Pts',(-0.356,-0.320984615384616,-0.251811183182043));
#9338=CARTESIAN_POINT('Ctrl Pts',(-0.356,-0.318580769230769,-0.234));
#9339=CARTESIAN_POINT('Ctrl Pts',(-0.356,-0.316176923076923,-0.216188816817957));
#9340=CARTESIAN_POINT('Ctrl Pts',(-0.343405591591021,-0.313773076923077,
-0.203594408408979));
#9341=CARTESIAN_POINT('Ctrl Pts',(-0.330811183182043,-0.311369230769231,
-0.191));
#9342=CARTESIAN_POINT('Ctrl Pts',(-0.313,-0.308965384615385,-0.191));
#9343=CARTESIAN_POINT('Ctrl Pts',(-0.295188816817957,-0.306561538461539,
-0.191));
#9344=CARTESIAN_POINT('Ctrl Pts',(-0.282594408408979,-0.304157692307693,
-0.203594408408979));
#9345=CARTESIAN_POINT('Ctrl Pts',(-0.27,-0.301753846153846,-0.216188816817957));
#9346=CARTESIAN_POINT('Ctrl Pts',(-0.27,-0.29935,-0.234));
#9347=CARTESIAN_POINT('Ctrl Pts',(-0.27,-0.296946153846154,-0.251811183182043));
#9348=CARTESIAN_POINT('Ctrl Pts',(-0.282594408408979,-0.294542307692308,
-0.264405591591022));
#9349=CARTESIAN_POINT('Ctrl Pts',(-0.295188816817957,-0.292138461538462,
-0.277));
#9350=CARTESIAN_POINT('Ctrl Pts',(-0.313,-0.289734615384616,-0.277));
#9351=CARTESIAN_POINT('Ctrl Pts',(-0.330811183182043,-0.28733076923077,
-0.277));
#9352=CARTESIAN_POINT('Ctrl Pts',(-0.343405591591021,-0.284926923076923,
-0.264405591591022));
#9353=CARTESIAN_POINT('Ctrl Pts',(-0.356,-0.282523076923077,-0.251811183182043));
#9354=CARTESIAN_POINT('Ctrl Pts',(-0.356,-0.280119230769231,-0.234));
#9355=CARTESIAN_POINT('Ctrl Pts',(-0.356,-0.277715384615385,-0.216188816817957));
#9356=CARTESIAN_POINT('Ctrl Pts',(-0.343405591591021,-0.275311538461539,
-0.203594408408979));
#9357=CARTESIAN_POINT('Ctrl Pts',(-0.330811183182043,-0.272907692307693,
-0.191));
#9358=CARTESIAN_POINT('Ctrl Pts',(-0.313,-0.270503846153847,-0.191));
#9359=CARTESIAN_POINT('Ctrl Pts',(-0.295188816817957,-0.268100000000001,
-0.191));
#9360=CARTESIAN_POINT('Ctrl Pts',(-0.282594408408979,-0.265696153846155,
-0.203594408408979));
#9361=CARTESIAN_POINT('Ctrl Pts',(-0.27,-0.263292307692308,-0.216188816817957));
#9362=CARTESIAN_POINT('Ctrl Pts',(-0.27,-0.260888461538462,-0.234));
#9363=CARTESIAN_POINT('Ctrl Pts',(-0.27,-0.258484615384616,-0.251811183182043));
#9364=CARTESIAN_POINT('Ctrl Pts',(-0.282594408408979,-0.25608076923077,
-0.264405591591022));
#9365=CARTESIAN_POINT('Ctrl Pts',(-0.295188816817957,-0.253676923076924,
-0.277));
#9366=CARTESIAN_POINT('Ctrl Pts',(-0.313,-0.251273076923078,-0.277));
#9367=CARTESIAN_POINT('Ctrl Pts',(-0.330811183182043,-0.248869230769232,
-0.277));
#9368=CARTESIAN_POINT('Ctrl Pts',(-0.343405591591021,-0.246465384615386,
-0.264405591591022));
#9369=CARTESIAN_POINT('Ctrl Pts',(-0.356,-0.244061538461539,-0.251811183182043));
#9370=CARTESIAN_POINT('Ctrl Pts',(-0.356,-0.241657692307693,-0.234));
#9371=CARTESIAN_POINT('Ctrl Pts',(-0.356,-0.239253846153847,-0.216188816817957));
#9372=CARTESIAN_POINT('Ctrl Pts',(-0.343405591591021,-0.236850000000001,
-0.203594408408979));
#9373=CARTESIAN_POINT('Ctrl Pts',(-0.330811183182043,-0.234446153846155,
-0.191));
#9374=CARTESIAN_POINT('Ctrl Pts',(-0.313,-0.232042307692309,-0.191));
#9375=CARTESIAN_POINT('Ctrl Pts',(-0.295188816817957,-0.229638461538463,
-0.191));
#9376=CARTESIAN_POINT('Ctrl Pts',(-0.282594408408979,-0.227234615384617,
-0.203594408408979));
#9377=CARTESIAN_POINT('Ctrl Pts',(-0.27,-0.22483076923077,-0.216188816817957));
#9378=CARTESIAN_POINT('Ctrl Pts',(-0.27,-0.222426923076924,-0.234));
#9379=CARTESIAN_POINT('Ctrl Pts',(-0.27,-0.220023076923078,-0.251811183182043));
#9380=CARTESIAN_POINT('Ctrl Pts',(-0.282594408408979,-0.217619230769232,
-0.264405591591022));
#9381=CARTESIAN_POINT('Ctrl Pts',(-0.295188816817957,-0.215215384615386,
-0.277));
#9382=CARTESIAN_POINT('Ctrl Pts',(-0.313,-0.21281153846154,-0.277));
#9383=CARTESIAN_POINT('Ctrl Pts',(-0.330811183182043,-0.210407692307694,
-0.277));
#9384=CARTESIAN_POINT('Ctrl Pts',(-0.343405591591021,-0.208003846153847,
-0.264405591591022));
#9385=CARTESIAN_POINT('Ctrl Pts',(-0.356,-0.205600000000001,-0.251811183182043));
#9386=CARTESIAN_POINT('Ctrl Pts',(-0.356,-0.203196153846155,-0.234));
#9387=CARTESIAN_POINT('Ctrl Pts',(-0.356,-0.200792307692309,-0.216188816817957));
#9388=CARTESIAN_POINT('Ctrl Pts',(-0.343405591591021,-0.198388461538463,
-0.203594408408979));
#9389=CARTESIAN_POINT('Ctrl Pts',(-0.330811183182043,-0.195984615384617,
-0.191));
#9390=CARTESIAN_POINT('Ctrl Pts',(-0.313,-0.193580769230771,-0.191));
#9391=CARTESIAN_POINT('Ctrl Pts',(-0.295188816817957,-0.191176923076925,
-0.191));
#9392=CARTESIAN_POINT('Ctrl Pts',(-0.282594408408979,-0.188773076923078,
-0.203594408408979));
#9393=CARTESIAN_POINT('Ctrl Pts',(-0.27,-0.186369230769232,-0.216188816817957));
#9394=CARTESIAN_POINT('Ctrl Pts',(-0.27,-0.183965384615386,-0.234));
#9395=CARTESIAN_POINT('Ctrl Pts',(-0.27,-0.18156153846154,-0.251811183182043));
#9396=CARTESIAN_POINT('Ctrl Pts',(-0.282594408408979,-0.179157692307694,
-0.264405591591022));
#9397=CARTESIAN_POINT('Ctrl Pts',(-0.295188816817957,-0.176753846153848,
-0.277));
#9398=CARTESIAN_POINT('Ctrl Pts',(-0.313,-0.174350000000002,-0.277));
#9399=CARTESIAN_POINT('Ctrl Pts',(-0.330811183182043,-0.171946153846156,
-0.277));
#9400=CARTESIAN_POINT('Ctrl Pts',(-0.343405591591021,-0.169542307692309,
-0.264405591591022));
#9401=CARTESIAN_POINT('Ctrl Pts',(-0.356,-0.167138461538463,-0.251811183182043));
#9402=CARTESIAN_POINT('Ctrl Pts',(-0.356,-0.164734615384617,-0.234));
#9403=CARTESIAN_POINT('Ctrl Pts',(-0.356,-0.162330769230771,-0.216188816817957));
#9404=CARTESIAN_POINT('Ctrl Pts',(-0.343405591591021,-0.159926923076925,
-0.203594408408979));
#9405=CARTESIAN_POINT('Ctrl Pts',(-0.330811183182043,-0.157523076923079,
-0.191));
#9406=CARTESIAN_POINT('Ctrl Pts',(-0.313,-0.155119230769233,-0.191));
#9407=CARTESIAN_POINT('Ctrl Pts',(-0.295188816817957,-0.152715384615387,
-0.191));
#9408=CARTESIAN_POINT('Ctrl Pts',(-0.282594408408979,-0.15031153846154,
-0.203594408408979));
#9409=CARTESIAN_POINT('Ctrl Pts',(-0.27,-0.147907692307694,-0.216188816817957));
#9410=CARTESIAN_POINT('Ctrl Pts',(-0.27,-0.145503846153848,-0.234));
#9411=CARTESIAN_POINT('Ctrl Pts',(-0.27,-0.143100000000002,-0.251811183182043));
#9412=CARTESIAN_POINT('Ctrl Pts',(-0.282594408408979,-0.140696153846156,
-0.264405591591022));
#9413=CARTESIAN_POINT('Ctrl Pts',(-0.295188816817957,-0.13829230769231,
-0.277));
#9414=CARTESIAN_POINT('Ctrl Pts',(-0.313,-0.135888461538464,-0.277));
#9415=CARTESIAN_POINT('Ctrl Pts',(-0.330811183182043,-0.133484615384618,
-0.277));
#9416=CARTESIAN_POINT('Ctrl Pts',(-0.343405591591021,-0.131080769230771,
-0.264405591591022));
#9417=CARTESIAN_POINT('Ctrl Pts',(-0.356,-0.128676923076925,-0.251811183182043));
#9418=CARTESIAN_POINT('Ctrl Pts',(-0.356,-0.126273076923079,-0.234));
#9419=CARTESIAN_POINT('Ctrl Pts',(-0.356,-0.123869230769233,-0.216188816817957));
#9420=CARTESIAN_POINT('Ctrl Pts',(-0.343405591591021,-0.121465384615387,
-0.203594408408979));
#9421=CARTESIAN_POINT('Ctrl Pts',(-0.332178505163005,-0.11932251393401,
-0.192367321980962));
#9422=CARTESIAN_POINT('Ctrl Pts',(-0.316349242978996,-0.11711701819494,
-0.191130633647468));
#9423=CARTESIAN_POINT('Ctrl Pts',(-0.313,-0.316176923076923,-0.256182081639798));
#9424=CARTESIAN_POINT('Ctrl Pts',(-0.322188119056871,-0.313773076923077,
-0.256182081639798));
#9425=CARTESIAN_POINT('Ctrl Pts',(-0.328685100348334,-0.311369230769231,
-0.249685100348334));
#9426=CARTESIAN_POINT('Ctrl Pts',(-0.335182081639797,-0.308965384615385,
-0.243188119056871));
#9427=CARTESIAN_POINT('Ctrl Pts',(-0.335182081639797,-0.306561538461538,
-0.234));
#9428=CARTESIAN_POINT('Ctrl Pts',(-0.335182081639797,-0.304157692307692,
-0.224811880943129));
#9429=CARTESIAN_POINT('Ctrl Pts',(-0.328685100348334,-0.301753846153846,
-0.218314899651666));
#9430=CARTESIAN_POINT('Ctrl Pts',(-0.322188119056871,-0.29935,-0.211817918360203));
#9431=CARTESIAN_POINT('Ctrl Pts',(-0.313,-0.296946153846154,-0.211817918360203));
#9432=CARTESIAN_POINT('Ctrl Pts',(-0.303811880943129,-0.294542307692308,
-0.211817918360203));
#9433=CARTESIAN_POINT('Ctrl Pts',(-0.297314899651666,-0.292138461538462,
-0.218314899651666));
#9434=CARTESIAN_POINT('Ctrl Pts',(-0.290817918360203,-0.289734615384616,
-0.224811880943129));
#9435=CARTESIAN_POINT('Ctrl Pts',(-0.290817918360203,-0.287330769230769,
-0.234));
#9436=CARTESIAN_POINT('Ctrl Pts',(-0.290817918360203,-0.284926923076923,
-0.243188119056871));
#9437=CARTESIAN_POINT('Ctrl Pts',(-0.297314899651666,-0.282523076923077,
-0.249685100348334));
#9438=CARTESIAN_POINT('Ctrl Pts',(-0.303811880943129,-0.280119230769231,
-0.256182081639798));
#9439=CARTESIAN_POINT('Ctrl Pts',(-0.313,-0.277715384615385,-0.256182081639798));
#9440=CARTESIAN_POINT('Ctrl Pts',(-0.322188119056871,-0.275311538461539,
-0.256182081639798));
#9441=CARTESIAN_POINT('Ctrl Pts',(-0.328685100348334,-0.272907692307693,
-0.249685100348334));
#9442=CARTESIAN_POINT('Ctrl Pts',(-0.335182081639797,-0.270503846153847,
-0.243188119056871));
#9443=CARTESIAN_POINT('Ctrl Pts',(-0.335182081639797,-0.268100000000001,
-0.234));
#9444=CARTESIAN_POINT('Ctrl Pts',(-0.335182081639797,-0.265696153846154,
-0.224811880943129));
#9445=CARTESIAN_POINT('Ctrl Pts',(-0.328685100348334,-0.263292307692308,
-0.218314899651666));
#9446=CARTESIAN_POINT('Ctrl Pts',(-0.322188119056871,-0.260888461538462,
-0.211817918360203));
#9447=CARTESIAN_POINT('Ctrl Pts',(-0.313,-0.258484615384616,-0.211817918360203));
#9448=CARTESIAN_POINT('Ctrl Pts',(-0.303811880943129,-0.25608076923077,
-0.211817918360203));
#9449=CARTESIAN_POINT('Ctrl Pts',(-0.297314899651666,-0.253676923076924,
-0.218314899651666));
#9450=CARTESIAN_POINT('Ctrl Pts',(-0.290817918360203,-0.251273076923078,
-0.224811880943129));
#9451=CARTESIAN_POINT('Ctrl Pts',(-0.290817918360203,-0.248869230769232,
-0.234));
#9452=CARTESIAN_POINT('Ctrl Pts',(-0.290817918360203,-0.246465384615385,
-0.243188119056871));
#9453=CARTESIAN_POINT('Ctrl Pts',(-0.297314899651666,-0.244061538461539,
-0.249685100348334));
#9454=CARTESIAN_POINT('Ctrl Pts',(-0.303811880943129,-0.241657692307693,
-0.256182081639798));
#9455=CARTESIAN_POINT('Ctrl Pts',(-0.313,-0.239253846153847,-0.256182081639798));
#9456=CARTESIAN_POINT('Ctrl Pts',(-0.322188119056871,-0.236850000000001,
-0.256182081639798));
#9457=CARTESIAN_POINT('Ctrl Pts',(-0.328685100348334,-0.234446153846155,
-0.249685100348334));
#9458=CARTESIAN_POINT('Ctrl Pts',(-0.335182081639797,-0.232042307692309,
-0.243188119056871));
#9459=CARTESIAN_POINT('Ctrl Pts',(-0.335182081639797,-0.229638461538462,
-0.234));
#9460=CARTESIAN_POINT('Ctrl Pts',(-0.335182081639797,-0.227234615384616,
-0.224811880943129));
#9461=CARTESIAN_POINT('Ctrl Pts',(-0.328685100348334,-0.22483076923077,
-0.218314899651666));
#9462=CARTESIAN_POINT('Ctrl Pts',(-0.322188119056871,-0.222426923076924,
-0.211817918360203));
#9463=CARTESIAN_POINT('Ctrl Pts',(-0.313,-0.220023076923078,-0.211817918360203));
#9464=CARTESIAN_POINT('Ctrl Pts',(-0.303811880943129,-0.217619230769232,
-0.211817918360203));
#9465=CARTESIAN_POINT('Ctrl Pts',(-0.297314899651666,-0.215215384615386,
-0.218314899651666));
#9466=CARTESIAN_POINT('Ctrl Pts',(-0.290817918360203,-0.21281153846154,
-0.224811880943129));
#9467=CARTESIAN_POINT('Ctrl Pts',(-0.290817918360203,-0.210407692307693,
-0.234));
#9468=CARTESIAN_POINT('Ctrl Pts',(-0.290817918360203,-0.208003846153847,
-0.243188119056871));
#9469=CARTESIAN_POINT('Ctrl Pts',(-0.297314899651666,-0.205600000000001,
-0.249685100348334));
#9470=CARTESIAN_POINT('Ctrl Pts',(-0.303811880943129,-0.203196153846155,
-0.256182081639797));
#9471=CARTESIAN_POINT('Ctrl Pts',(-0.313,-0.200792307692309,-0.256182081639797));
#9472=CARTESIAN_POINT('Ctrl Pts',(-0.322188119056871,-0.198388461538463,
-0.256182081639797));
#9473=CARTESIAN_POINT('Ctrl Pts',(-0.328685100348334,-0.195984615384617,
-0.249685100348334));
#9474=CARTESIAN_POINT('Ctrl Pts',(-0.335182081639797,-0.193580769230771,
-0.243188119056871));
#9475=CARTESIAN_POINT('Ctrl Pts',(-0.335182081639797,-0.191176923076924,
-0.234));
#9476=CARTESIAN_POINT('Ctrl Pts',(-0.335182081639797,-0.188773076923078,
-0.224811880943129));
#9477=CARTESIAN_POINT('Ctrl Pts',(-0.328685100348334,-0.186369230769232,
-0.218314899651666));
#9478=CARTESIAN_POINT('Ctrl Pts',(-0.322188119056871,-0.183965384615386,
-0.211817918360203));
#9479=CARTESIAN_POINT('Ctrl Pts',(-0.313,-0.18156153846154,-0.211817918360203));
#9480=CARTESIAN_POINT('Ctrl Pts',(-0.303811880943129,-0.179157692307694,
-0.211817918360203));
#9481=CARTESIAN_POINT('Ctrl Pts',(-0.297314899651666,-0.176753846153848,
-0.218314899651666));
#9482=CARTESIAN_POINT('Ctrl Pts',(-0.290817918360203,-0.174350000000002,
-0.224811880943129));
#9483=CARTESIAN_POINT('Ctrl Pts',(-0.290817918360203,-0.171946153846155,
-0.234));
#9484=CARTESIAN_POINT('Ctrl Pts',(-0.290817918360203,-0.169542307692309,
-0.243188119056871));
#9485=CARTESIAN_POINT('Ctrl Pts',(-0.297314899651666,-0.167138461538463,
-0.249685100348334));
#9486=CARTESIAN_POINT('Ctrl Pts',(-0.303811880943129,-0.164734615384617,
-0.256182081639797));
#9487=CARTESIAN_POINT('Ctrl Pts',(-0.313,-0.162330769230771,-0.256182081639797));
#9488=CARTESIAN_POINT('Ctrl Pts',(-0.322188119056871,-0.159926923076925,
-0.256182081639797));
#9489=CARTESIAN_POINT('Ctrl Pts',(-0.328685100348334,-0.157523076923079,
-0.249685100348334));
#9490=CARTESIAN_POINT('Ctrl Pts',(-0.335182081639797,-0.155119230769233,
-0.243188119056871));
#9491=CARTESIAN_POINT('Ctrl Pts',(-0.335182081639797,-0.152715384615386,
-0.234));
#9492=CARTESIAN_POINT('Ctrl Pts',(-0.335182081639797,-0.15031153846154,
-0.224811880943129));
#9493=CARTESIAN_POINT('Ctrl Pts',(-0.328685100348334,-0.147907692307694,
-0.218314899651666));
#9494=CARTESIAN_POINT('Ctrl Pts',(-0.322188119056871,-0.145503846153848,
-0.211817918360203));
#9495=CARTESIAN_POINT('Ctrl Pts',(-0.313,-0.143100000000002,-0.211817918360203));
#9496=CARTESIAN_POINT('Ctrl Pts',(-0.303811880943129,-0.140696153846156,
-0.211817918360203));
#9497=CARTESIAN_POINT('Ctrl Pts',(-0.297314899651666,-0.13829230769231,
-0.218314899651666));
#9498=CARTESIAN_POINT('Ctrl Pts',(-0.290817918360203,-0.135888461538464,
-0.224811880943129));
#9499=CARTESIAN_POINT('Ctrl Pts',(-0.290817918360203,-0.133484615384617,
-0.234));
#9500=CARTESIAN_POINT('Ctrl Pts',(-0.290817918360203,-0.131080769230771,
-0.243188119056871));
#9501=CARTESIAN_POINT('Ctrl Pts',(-0.297314899651666,-0.128676923076925,
-0.249685100348334));
#9502=CARTESIAN_POINT('Ctrl Pts',(-0.303811880943129,-0.126273076923079,
-0.256182081639797));
#9503=CARTESIAN_POINT('Ctrl Pts',(-0.313,-0.123869230769233,-0.256182081639797));
#9504=CARTESIAN_POINT('Ctrl Pts',(-0.322188119056871,-0.121465384615387,
-0.256182081639797));
#9505=CARTESIAN_POINT('Ctrl Pts',(-0.328685100348334,-0.119061538461541,
-0.249685100348334));
#9506=CARTESIAN_POINT('Ctrl Pts',(-0.335182081639797,-0.116657692307695,
-0.243188119056871));
#9507=CARTESIAN_POINT('Ctrl Pts',(-0.335182081639797,-0.114253846153849,
-0.234));
#9508=CARTESIAN_POINT('Ctrl Pts',(-0.335182081639797,-0.111850000000003,
-0.224811880943129));
#9509=CARTESIAN_POINT('Ctrl Pts',(-0.328685100348334,-0.109446153846156,
-0.218314899651666));
#9510=CARTESIAN_POINT('Ctrl Pts',(-0.322893469005931,-0.10730328316478,
-0.212523268309263));
#9511=CARTESIAN_POINT('Ctrl Pts',(-0.314727748399805,-0.105097787425709,
-0.211885307342366));
#9512=CARTESIAN_POINT('Ctrl Pts',(-0.350601059619562,-0.165423082759003,
-0.24849505972));
#9513=CARTESIAN_POINT('Ctrl Pts',(-0.349785855474357,-0.166238175469588,
-0.25191806317426));
#9514=CARTESIAN_POINT('Ctrl Pts',(-0.34852254682093,-0.167038856968735,
-0.255222745302601));
#9515=CARTESIAN_POINT('Ctrl Pts',(-0.34493261130351,-0.168683381634624,
-0.261843787063282));
#9516=CARTESIAN_POINT('Ctrl Pts',(-0.342671701420601,-0.169413699488872,
-0.264746651610887));
#9517=CARTESIAN_POINT('Ctrl Pts',(-0.34038946703774,-0.170102705017898,
-0.26714841014874));
#9518=CARTESIAN_POINT('Ctrl Pts',(-0.312959763989775,-0.345033599734385,
-0.256182045147779));
#9519=CARTESIAN_POINT('Ctrl Pts',(-0.322171446478633,-0.342625399528424,
-0.256198754218036));
#9520=CARTESIAN_POINT('Ctrl Pts',(-0.328685100348334,-0.340215384615385,
-0.249685100348334));
#9521=CARTESIAN_POINT('Ctrl Pts',(-0.335182081639797,-0.337811538461538,
-0.243188119056871));
#9522=CARTESIAN_POINT('Ctrl Pts',(-0.335182081639797,-0.335407692307692,
-0.234));
#9523=CARTESIAN_POINT('Ctrl Pts',(-0.335182081639797,-0.333003846153846,
-0.224811880943129));
#9524=CARTESIAN_POINT('Ctrl Pts',(-0.328685100348334,-0.3306,-0.218314899651666));
#9525=CARTESIAN_POINT('Ctrl Pts',(-0.322188119056871,-0.328196153846154,
-0.211817918360203));
#9526=CARTESIAN_POINT('Ctrl Pts',(-0.313,-0.325792307692308,-0.211817918360203));
#9527=CARTESIAN_POINT('Ctrl Pts',(-0.303811880943129,-0.323388461538462,
-0.211817918360203));
#9528=CARTESIAN_POINT('Ctrl Pts',(-0.297314899651666,-0.320984615384616,
-0.218314899651666));
#9529=CARTESIAN_POINT('Ctrl Pts',(-0.290817918360203,-0.318580769230769,
-0.224811880943129));
#9530=CARTESIAN_POINT('Ctrl Pts',(-0.290817918360203,-0.316176923076923,
-0.234));
#9531=CARTESIAN_POINT('Ctrl Pts',(-0.290817918360203,-0.313773076923077,
-0.243188119056871));
#9532=CARTESIAN_POINT('Ctrl Pts',(-0.297314899651666,-0.311369230769231,
-0.249685100348334));
#9533=CARTESIAN_POINT('Ctrl Pts',(-0.303811880943129,-0.308965384615385,
-0.256182081639798));
#9534=CARTESIAN_POINT('Ctrl Pts',(-0.313,-0.306561538461539,-0.256182081639798));
#9535=CARTESIAN_POINT('Ctrl Pts',(-0.322188119056871,-0.304157692307692,
-0.256182081639798));
#9536=CARTESIAN_POINT('Ctrl Pts',(-0.328685100348334,-0.301753846153846,
-0.249685100348334));
#9537=CARTESIAN_POINT('Ctrl Pts',(-0.335182081639797,-0.29935,-0.243188119056871));
#9538=CARTESIAN_POINT('Ctrl Pts',(-0.335182081639797,-0.296946153846154,
-0.234));
#9539=CARTESIAN_POINT('Ctrl Pts',(-0.335182081639797,-0.294542307692308,
-0.224811880943129));
#9540=CARTESIAN_POINT('Ctrl Pts',(-0.328685100348334,-0.292138461538462,
-0.218314899651666));
#9541=CARTESIAN_POINT('Ctrl Pts',(-0.322188119056871,-0.289734615384616,
-0.211817918360203));
#9542=CARTESIAN_POINT('Ctrl Pts',(-0.313,-0.28733076923077,-0.211817918360203));
#9543=CARTESIAN_POINT('Ctrl Pts',(-0.303811880943129,-0.284926923076924,
-0.211817918360203));
#9544=CARTESIAN_POINT('Ctrl Pts',(-0.297314899651666,-0.282523076923077,
-0.218314899651666));
#9545=CARTESIAN_POINT('Ctrl Pts',(-0.290817918360203,-0.280119230769231,
-0.224811880943129));
#9546=CARTESIAN_POINT('Ctrl Pts',(-0.290817918360203,-0.277715384615385,
-0.234));
#9547=CARTESIAN_POINT('Ctrl Pts',(-0.290817918360203,-0.275311538461539,
-0.243188119056871));
#9548=CARTESIAN_POINT('Ctrl Pts',(-0.297314899651666,-0.272907692307693,
-0.249685100348334));
#9549=CARTESIAN_POINT('Ctrl Pts',(-0.303811880943129,-0.270503846153847,
-0.256182081639798));
#9550=CARTESIAN_POINT('Ctrl Pts',(-0.313,-0.268100000000001,-0.256182081639798));
#9551=CARTESIAN_POINT('Ctrl Pts',(-0.322188119056871,-0.265696153846154,
-0.256182081639798));
#9552=CARTESIAN_POINT('Ctrl Pts',(-0.328685100348334,-0.263292307692308,
-0.249685100348334));
#9553=CARTESIAN_POINT('Ctrl Pts',(-0.335182081639797,-0.260888461538462,
-0.243188119056871));
#9554=CARTESIAN_POINT('Ctrl Pts',(-0.335182081639797,-0.258484615384616,
-0.234));
#9555=CARTESIAN_POINT('Ctrl Pts',(-0.335182081639797,-0.25608076923077,
-0.224811880943129));
#9556=CARTESIAN_POINT('Ctrl Pts',(-0.328685100348334,-0.253676923076924,
-0.218314899651666));
#9557=CARTESIAN_POINT('Ctrl Pts',(-0.322188119056871,-0.251273076923078,
-0.211817918360203));
#9558=CARTESIAN_POINT('Ctrl Pts',(-0.313,-0.248869230769232,-0.211817918360203));
#9559=CARTESIAN_POINT('Ctrl Pts',(-0.303811880943129,-0.246465384615386,
-0.211817918360203));
#9560=CARTESIAN_POINT('Ctrl Pts',(-0.297314899651666,-0.244061538461539,
-0.218314899651666));
#9561=CARTESIAN_POINT('Ctrl Pts',(-0.290817918360203,-0.241657692307693,
-0.224811880943129));
#9562=CARTESIAN_POINT('Ctrl Pts',(-0.290817918360203,-0.239253846153847,
-0.234));
#9563=CARTESIAN_POINT('Ctrl Pts',(-0.290817918360203,-0.236850000000001,
-0.243188119056871));
#9564=CARTESIAN_POINT('Ctrl Pts',(-0.297314899651666,-0.234446153846155,
-0.249685100348334));
#9565=CARTESIAN_POINT('Ctrl Pts',(-0.303811880943129,-0.232042307692309,
-0.256182081639798));
#9566=CARTESIAN_POINT('Ctrl Pts',(-0.313,-0.229638461538463,-0.256182081639798));
#9567=CARTESIAN_POINT('Ctrl Pts',(-0.322188119056871,-0.227234615384617,
-0.256182081639798));
#9568=CARTESIAN_POINT('Ctrl Pts',(-0.328685100348334,-0.22483076923077,
-0.249685100348334));
#9569=CARTESIAN_POINT('Ctrl Pts',(-0.335182081639797,-0.222426923076924,
-0.243188119056871));
#9570=CARTESIAN_POINT('Ctrl Pts',(-0.335182081639797,-0.220023076923078,
-0.234));
#9571=CARTESIAN_POINT('Ctrl Pts',(-0.335182081639797,-0.217619230769232,
-0.224811880943129));
#9572=CARTESIAN_POINT('Ctrl Pts',(-0.328685100348334,-0.215215384615386,
-0.218314899651666));
#9573=CARTESIAN_POINT('Ctrl Pts',(-0.322188119056871,-0.21281153846154,
-0.211817918360203));
#9574=CARTESIAN_POINT('Ctrl Pts',(-0.313,-0.210407692307694,-0.211817918360203));
#9575=CARTESIAN_POINT('Ctrl Pts',(-0.303811880943129,-0.208003846153848,
-0.211817918360203));
#9576=CARTESIAN_POINT('Ctrl Pts',(-0.297314899651666,-0.205600000000001,
-0.218314899651666));
#9577=CARTESIAN_POINT('Ctrl Pts',(-0.290817918360203,-0.203196153846155,
-0.224811880943129));
#9578=CARTESIAN_POINT('Ctrl Pts',(-0.290817918360203,-0.200792307692309,
-0.234));
#9579=CARTESIAN_POINT('Ctrl Pts',(-0.290817918360203,-0.198388461538463,
-0.243188119056871));
#9580=CARTESIAN_POINT('Ctrl Pts',(-0.297314899651666,-0.195984615384617,
-0.249685100348334));
#9581=CARTESIAN_POINT('Ctrl Pts',(-0.303811880943129,-0.193580769230771,
-0.256182081639797));
#9582=CARTESIAN_POINT('Ctrl Pts',(-0.313,-0.191176923076925,-0.256182081639797));
#9583=CARTESIAN_POINT('Ctrl Pts',(-0.322188119056871,-0.188773076923078,
-0.256182081639797));
#9584=CARTESIAN_POINT('Ctrl Pts',(-0.328685100348334,-0.186369230769232,
-0.249685100348334));
#9585=CARTESIAN_POINT('Ctrl Pts',(-0.335182081639797,-0.183965384615386,
-0.243188119056871));
#9586=CARTESIAN_POINT('Ctrl Pts',(-0.335182081639797,-0.18156153846154,
-0.234));
#9587=CARTESIAN_POINT('Ctrl Pts',(-0.335182081639797,-0.179157692307694,
-0.224811880943129));
#9588=CARTESIAN_POINT('Ctrl Pts',(-0.328685100348334,-0.176753846153848,
-0.218314899651666));
#9589=CARTESIAN_POINT('Ctrl Pts',(-0.322188119056871,-0.174350000000002,
-0.211817918360203));
#9590=CARTESIAN_POINT('Ctrl Pts',(-0.313,-0.171946153846156,-0.211817918360203));
#9591=CARTESIAN_POINT('Ctrl Pts',(-0.303811880943129,-0.169542307692309,
-0.211817918360203));
#9592=CARTESIAN_POINT('Ctrl Pts',(-0.297314899651666,-0.167138461538463,
-0.218314899651666));
#9593=CARTESIAN_POINT('Ctrl Pts',(-0.290817918360203,-0.164734615384617,
-0.224811880943129));
#9594=CARTESIAN_POINT('Ctrl Pts',(-0.290817918360203,-0.162330769230771,
-0.234));
#9595=CARTESIAN_POINT('Ctrl Pts',(-0.290817918360203,-0.159926923076925,
-0.243188119056871));
#9596=CARTESIAN_POINT('Ctrl Pts',(-0.297314899651666,-0.157523076923079,
-0.249685100348334));
#9597=CARTESIAN_POINT('Ctrl Pts',(-0.303811880943129,-0.155119230769233,
-0.256182081639797));
#9598=CARTESIAN_POINT('Ctrl Pts',(-0.313,-0.152715384615387,-0.256182081639797));
#9599=CARTESIAN_POINT('Ctrl Pts',(-0.322188119056871,-0.15031153846154,
-0.256182081639797));
#9600=CARTESIAN_POINT('Ctrl Pts',(-0.328685100348334,-0.147907692307694,
-0.249685100348334));
#9601=CARTESIAN_POINT('Ctrl Pts',(-0.335182081639797,-0.145503846153848,
-0.243188119056871));
#9602=CARTESIAN_POINT('Ctrl Pts',(-0.335182081639797,-0.143100000000002,
-0.234));
#9603=CARTESIAN_POINT('Ctrl Pts',(-0.335182081639797,-0.140696153846156,
-0.224811880943129));
#9604=CARTESIAN_POINT('Ctrl Pts',(-0.328685100348334,-0.13829230769231,
-0.218314899651666));
#9605=CARTESIAN_POINT('Ctrl Pts',(-0.322894771690453,-0.136149918996803,
-0.212524570993784));
#9606=CARTESIAN_POINT('Ctrl Pts',(-0.314730981084357,-0.133944814419832,
-0.211885560139126));
#9607=CARTESIAN_POINT('Ctrl Pts',(-0.312922002431161,-0.333014368965154,
-0.276999929260166));
#9608=CARTESIAN_POINT('Ctrl Pts',(-0.330778863363015,-0.330606168759193,
-0.277032319819028));
#9609=CARTESIAN_POINT('Ctrl Pts',(-0.343405591591021,-0.328196153846154,
-0.264405591591022));
#9610=CARTESIAN_POINT('Ctrl Pts',(-0.356,-0.325792307692308,-0.251811183182043));
#9611=CARTESIAN_POINT('Ctrl Pts',(-0.356,-0.323388461538462,-0.234));
#9612=CARTESIAN_POINT('Ctrl Pts',(-0.356,-0.320984615384615,-0.216188816817957));
#9613=CARTESIAN_POINT('Ctrl Pts',(-0.343405591591021,-0.318580769230769,
-0.203594408408979));
#9614=CARTESIAN_POINT('Ctrl Pts',(-0.330811183182043,-0.316176923076923,
-0.191));
#9615=CARTESIAN_POINT('Ctrl Pts',(-0.313,-0.313773076923077,-0.191));
#9616=CARTESIAN_POINT('Ctrl Pts',(-0.295188816817957,-0.311369230769231,
-0.191));
#9617=CARTESIAN_POINT('Ctrl Pts',(-0.282594408408979,-0.308965384615385,
-0.203594408408979));
#9618=CARTESIAN_POINT('Ctrl Pts',(-0.27,-0.306561538461538,-0.216188816817957));
#9619=CARTESIAN_POINT('Ctrl Pts',(-0.27,-0.304157692307692,-0.234));
#9620=CARTESIAN_POINT('Ctrl Pts',(-0.27,-0.301753846153846,-0.251811183182043));
#9621=CARTESIAN_POINT('Ctrl Pts',(-0.282594408408979,-0.29935,-0.264405591591022));
#9622=CARTESIAN_POINT('Ctrl Pts',(-0.295188816817957,-0.296946153846154,
-0.277));
#9623=CARTESIAN_POINT('Ctrl Pts',(-0.313,-0.294542307692308,-0.277));
#9624=CARTESIAN_POINT('Ctrl Pts',(-0.330811183182043,-0.292138461538462,
-0.277));
#9625=CARTESIAN_POINT('Ctrl Pts',(-0.343405591591021,-0.289734615384616,
-0.264405591591022));
#9626=CARTESIAN_POINT('Ctrl Pts',(-0.356,-0.287330769230769,-0.251811183182043));
#9627=CARTESIAN_POINT('Ctrl Pts',(-0.356,-0.284926923076923,-0.234));
#9628=CARTESIAN_POINT('Ctrl Pts',(-0.356,-0.282523076923077,-0.216188816817957));
#9629=CARTESIAN_POINT('Ctrl Pts',(-0.343405591591021,-0.280119230769231,
-0.203594408408979));
#9630=CARTESIAN_POINT('Ctrl Pts',(-0.330811183182043,-0.277715384615385,
-0.191));
#9631=CARTESIAN_POINT('Ctrl Pts',(-0.313,-0.275311538461539,-0.191));
#9632=CARTESIAN_POINT('Ctrl Pts',(-0.295188816817957,-0.272907692307693,
-0.191));
#9633=CARTESIAN_POINT('Ctrl Pts',(-0.282594408408979,-0.270503846153847,
-0.203594408408979));
#9634=CARTESIAN_POINT('Ctrl Pts',(-0.27,-0.268100000000001,-0.216188816817957));
#9635=CARTESIAN_POINT('Ctrl Pts',(-0.27,-0.265696153846154,-0.234));
#9636=CARTESIAN_POINT('Ctrl Pts',(-0.27,-0.263292307692308,-0.251811183182043));
#9637=CARTESIAN_POINT('Ctrl Pts',(-0.282594408408979,-0.260888461538462,
-0.264405591591022));
#9638=CARTESIAN_POINT('Ctrl Pts',(-0.295188816817957,-0.258484615384616,
-0.277));
#9639=CARTESIAN_POINT('Ctrl Pts',(-0.313,-0.25608076923077,-0.277));
#9640=CARTESIAN_POINT('Ctrl Pts',(-0.330811183182043,-0.253676923076924,
-0.277));
#9641=CARTESIAN_POINT('Ctrl Pts',(-0.343405591591021,-0.251273076923078,
-0.264405591591022));
#9642=CARTESIAN_POINT('Ctrl Pts',(-0.356,-0.248869230769232,-0.251811183182043));
#9643=CARTESIAN_POINT('Ctrl Pts',(-0.356,-0.246465384615385,-0.234));
#9644=CARTESIAN_POINT('Ctrl Pts',(-0.356,-0.244061538461539,-0.216188816817957));
#9645=CARTESIAN_POINT('Ctrl Pts',(-0.343405591591021,-0.241657692307693,
-0.203594408408979));
#9646=CARTESIAN_POINT('Ctrl Pts',(-0.330811183182043,-0.239253846153847,
-0.191));
#9647=CARTESIAN_POINT('Ctrl Pts',(-0.313,-0.236850000000001,-0.191));
#9648=CARTESIAN_POINT('Ctrl Pts',(-0.295188816817957,-0.234446153846155,
-0.191));
#9649=CARTESIAN_POINT('Ctrl Pts',(-0.282594408408979,-0.232042307692309,
-0.203594408408979));
#9650=CARTESIAN_POINT('Ctrl Pts',(-0.27,-0.229638461538462,-0.216188816817957));
#9651=CARTESIAN_POINT('Ctrl Pts',(-0.27,-0.227234615384616,-0.234));
#9652=CARTESIAN_POINT('Ctrl Pts',(-0.27,-0.22483076923077,-0.251811183182043));
#9653=CARTESIAN_POINT('Ctrl Pts',(-0.282594408408979,-0.222426923076924,
-0.264405591591022));
#9654=CARTESIAN_POINT('Ctrl Pts',(-0.295188816817957,-0.220023076923078,
-0.277));
#9655=CARTESIAN_POINT('Ctrl Pts',(-0.313,-0.217619230769232,-0.277));
#9656=CARTESIAN_POINT('Ctrl Pts',(-0.330811183182043,-0.215215384615386,
-0.277));
#9657=CARTESIAN_POINT('Ctrl Pts',(-0.343405591591021,-0.21281153846154,
-0.264405591591022));
#9658=CARTESIAN_POINT('Ctrl Pts',(-0.356,-0.210407692307693,-0.251811183182043));
#9659=CARTESIAN_POINT('Ctrl Pts',(-0.356,-0.208003846153847,-0.234));
#9660=CARTESIAN_POINT('Ctrl Pts',(-0.356,-0.205600000000001,-0.216188816817957));
#9661=CARTESIAN_POINT('Ctrl Pts',(-0.343405591591021,-0.203196153846155,
-0.203594408408979));
#9662=CARTESIAN_POINT('Ctrl Pts',(-0.330811183182043,-0.200792307692309,
-0.191));
#9663=CARTESIAN_POINT('Ctrl Pts',(-0.313,-0.198388461538463,-0.191));
#9664=CARTESIAN_POINT('Ctrl Pts',(-0.295188816817957,-0.195984615384617,
-0.191));
#9665=CARTESIAN_POINT('Ctrl Pts',(-0.282594408408979,-0.193580769230771,
-0.203594408408979));
#9666=CARTESIAN_POINT('Ctrl Pts',(-0.27,-0.191176923076924,-0.216188816817957));
#9667=CARTESIAN_POINT('Ctrl Pts',(-0.27,-0.188773076923078,-0.234));
#9668=CARTESIAN_POINT('Ctrl Pts',(-0.27,-0.186369230769232,-0.251811183182043));
#9669=CARTESIAN_POINT('Ctrl Pts',(-0.282594408408979,-0.183965384615386,
-0.264405591591022));
#9670=CARTESIAN_POINT('Ctrl Pts',(-0.295188816817957,-0.18156153846154,
-0.277));
#9671=CARTESIAN_POINT('Ctrl Pts',(-0.313,-0.179157692307694,-0.277));
#9672=CARTESIAN_POINT('Ctrl Pts',(-0.330811183182043,-0.176753846153848,
-0.277));
#9673=CARTESIAN_POINT('Ctrl Pts',(-0.343405591591021,-0.174350000000002,
-0.264405591591022));
#9674=CARTESIAN_POINT('Ctrl Pts',(-0.356,-0.171946153846155,-0.251811183182043));
#9675=CARTESIAN_POINT('Ctrl Pts',(-0.356,-0.169542307692309,-0.234));
#9676=CARTESIAN_POINT('Ctrl Pts',(-0.356,-0.167138461538463,-0.216188816817957));
#9677=CARTESIAN_POINT('Ctrl Pts',(-0.343405591591021,-0.164734615384617,
-0.203594408408979));
#9678=CARTESIAN_POINT('Ctrl Pts',(-0.330811183182043,-0.162330769230771,
-0.191));
#9679=CARTESIAN_POINT('Ctrl Pts',(-0.313,-0.159926923076925,-0.191));
#9680=CARTESIAN_POINT('Ctrl Pts',(-0.295188816817957,-0.157523076923079,
-0.191));
#9681=CARTESIAN_POINT('Ctrl Pts',(-0.282594408408979,-0.155119230769233,
-0.203594408408979));
#9682=CARTESIAN_POINT('Ctrl Pts',(-0.27,-0.152715384615387,-0.216188816817957));
#9683=CARTESIAN_POINT('Ctrl Pts',(-0.27,-0.15031153846154,-0.234));
#9684=CARTESIAN_POINT('Ctrl Pts',(-0.27,-0.147907692307694,-0.251811183182043));
#9685=CARTESIAN_POINT('Ctrl Pts',(-0.282594408408979,-0.145503846153848,
-0.264405591591022));
#9686=CARTESIAN_POINT('Ctrl Pts',(-0.295188816817957,-0.143100000000002,
-0.277));
#9687=CARTESIAN_POINT('Ctrl Pts',(-0.313,-0.140696153846156,-0.277));
#9688=CARTESIAN_POINT('Ctrl Pts',(-0.330811183182043,-0.13829230769231,
-0.277));
#9689=CARTESIAN_POINT('Ctrl Pts',(-0.343405591591021,-0.135888461538464,
-0.264405591591022));
#9690=CARTESIAN_POINT('Ctrl Pts',(-0.356,-0.133484615384617,-0.251811183182043));
#9691=CARTESIAN_POINT('Ctrl Pts',(-0.356,-0.131080769230771,-0.234));
#9692=CARTESIAN_POINT('Ctrl Pts',(-0.356,-0.128676923076925,-0.216188816817957));
#9693=CARTESIAN_POINT('Ctrl Pts',(-0.343405591591021,-0.126273076923079,
-0.203594408408979));
#9694=CARTESIAN_POINT('Ctrl Pts',(-0.33218103041899,-0.124130688227572,
-0.192369847236948));
#9695=CARTESIAN_POINT('Ctrl Pts',(-0.316355509543063,-0.121925583650601,
-0.191131123694382));
#9696=CARTESIAN_POINT('Ctrl Pts',(-0.355806743477195,-0.170102705017893,
-0.238072187726259));
#9697=CARTESIAN_POINT('Ctrl Pts',(-0.355933736204893,-0.169717209185275,
-0.234387070682467));
#9698=CARTESIAN_POINT('Ctrl Pts',(-0.355606454735371,-0.169367386673885,
-0.230886599252598));
#9699=CARTESIAN_POINT('Ctrl Pts',(-0.354119372603168,-0.168624095028662,
-0.224160056740681));
#9700=CARTESIAN_POINT('Ctrl Pts',(-0.35299533011912,-0.168248700404282,
-0.220970689523913));
#9701=CARTESIAN_POINT('Ctrl Pts',(-0.349883963320876,-0.167458855322785,
-0.214691487936401));
#9702=CARTESIAN_POINT('Ctrl Pts',(-0.347847432820269,-0.167046935599958,
-0.211656330524028));
#9703=CARTESIAN_POINT('Ctrl Pts',(-0.343338935701868,-0.166292046351385,
-0.206536073610292));
#9704=CARTESIAN_POINT('Ctrl Pts',(-0.340593617581974,-0.165902008762336,
-0.203954283641325));
#9705=CARTESIAN_POINT('Ctrl Pts',(-0.337038263964424,-0.165423082758982,
-0.201656402389717));
#9706=CARTESIAN_POINT('Origin',(-0.313,-0.157999999999999,-0.234));
#9707=CARTESIAN_POINT('Ctrl Pts',(-0.313,-0.333003846153846,-0.277));
#9708=CARTESIAN_POINT('Ctrl Pts',(-0.30162964748609,-0.334622493124546,
-0.276437969339357));
#9709=CARTESIAN_POINT('Ctrl Pts',(-0.290901444833231,-0.336228846153846,
-0.271203257759958));
#9710=CARTESIAN_POINT('Ctrl Pts',(-0.280009575001622,-0.338647596153846,
-0.259011248839562));
#9711=CARTESIAN_POINT('Ctrl Pts',(-0.27723368980287,-0.339453846153846,
-0.254263513768453));
#9712=CARTESIAN_POINT('Ctrl Pts',(-0.273743852598125,-0.341066346153846,
-0.244171733177881));
#9713=CARTESIAN_POINT('Ctrl Pts',(-0.273030473053831,-0.341872596153847,
-0.238832090898389));
#9714=CARTESIAN_POINT('Ctrl Pts',(-0.27369203670678,-0.343485096153846,
-0.228395806190047));
#9715=CARTESIAN_POINT('Ctrl Pts',(-0.275065814209822,-0.344291346153846,
-0.223303358760371));
#9716=CARTESIAN_POINT('Ctrl Pts',(-0.279606513492869,-0.345903846153846,
-0.21412924574886));
#9717=CARTESIAN_POINT('Ctrl Pts',(-0.282770779826124,-0.346710096153845,
-0.210050921126124));
#9718=CARTESIAN_POINT('Ctrl Pts',(-0.294116057472087,-0.349128846153848,
-0.200203107331456));
#9719=CARTESIAN_POINT('Ctrl Pts',(-0.30416205737798,-0.350741346153843,
-0.196979698734236));
#9720=CARTESIAN_POINT('Ctrl Pts',(-0.323251216519912,-0.353966346153849,
-0.198471565486707));
#9721=CARTESIAN_POINT('Ctrl Pts',(-0.332174481631889,-0.355578846153842,
-0.203149594775111));
#9722=CARTESIAN_POINT('Ctrl Pts',(-0.343936309336228,-0.358803846153851,
-0.217122204564115));
#9723=CARTESIAN_POINT('Ctrl Pts',(-0.346720823798418,-0.360416346153843,
-0.226309430533048));
#9724=CARTESIAN_POINT('Ctrl Pts',(-0.345094825361056,-0.363641346153849,
-0.243614040230796));
#9725=CARTESIAN_POINT('Ctrl Pts',(-0.340722397748517,-0.365253846153848,
-0.251623061669188));
#9726=CARTESIAN_POINT('Ctrl Pts',(-0.327929315622434,-0.368478846153844,
-0.262040145244725));
#9727=CARTESIAN_POINT('Ctrl Pts',(-0.319608374904662,-0.370091346153845,
-0.264402830443201));
#9728=CARTESIAN_POINT('Ctrl Pts',(-0.30408894894899,-0.373316346153847,
-0.262677312647053));
#9729=CARTESIAN_POINT('Ctrl Pts',(-0.29698729007944,-0.374928846153849,
-0.258627812982544));
#9730=CARTESIAN_POINT('Ctrl Pts',(-0.287890746167658,-0.378153846153843,
-0.247039003032957));
#9731=CARTESIAN_POINT('Ctrl Pts',(-0.285932721522902,-0.379766346153843,
-0.23959160761717));
#9732=CARTESIAN_POINT('Ctrl Pts',(-0.287723148329201,-0.382991346153849,
-0.225857494869726));
#9733=CARTESIAN_POINT('Ctrl Pts',(-0.291432499646084,-0.384603846153847,
-0.219656067063081));
#9734=CARTESIAN_POINT('Ctrl Pts',(-0.301792653549225,-0.387828846153845,
-0.211855505124879));
#9735=CARTESIAN_POINT('Ctrl Pts',(-0.308359496186862,-0.38944134615385,
-0.210284871773786));
#9736=CARTESIAN_POINT('Ctrl Pts',(-0.320308670970897,-0.392666346153842,
-0.212105605752633));
#9737=CARTESIAN_POINT('Ctrl Pts',(-0.325617248202287,-0.394278846153849,
-0.21545769744303));
#9738=CARTESIAN_POINT('Ctrl Pts',(-0.332146734353299,-0.397503846153843,
-0.22456517657477));
#9739=CARTESIAN_POINT('Ctrl Pts',(-0.333347342906625,-0.399116346153844,
-0.23024471280778));
#9740=CARTESIAN_POINT('Ctrl Pts',(-0.331530888564414,-0.402341346153848,
-0.240409829383764));
#9741=CARTESIAN_POINT('Ctrl Pts',(-0.328553055414721,-0.403953846153845,
-0.244833184042899));
#9742=CARTESIAN_POINT('Ctrl Pts',(-0.32072190020395,-0.407178846153847,
-0.250116844321454));
#9743=CARTESIAN_POINT('Ctrl Pts',(-0.315937951108934,-0.408790664524857,
-0.25096526928379));
#9744=CARTESIAN_POINT('Ctrl Pts',(-0.311744947734307,-0.410403846153846,
-0.250076083752281));
#9745=CARTESIAN_POINT('Ctrl Pts',(-0.313,-0.328196153846154,-0.277));
#9746=CARTESIAN_POINT('Ctrl Pts',(-0.30162964748609,-0.329814800816854,
-0.276437969339357));
#9747=CARTESIAN_POINT('Ctrl Pts',(-0.290901444833231,-0.331421153846154,
-0.271203257759958));
#9748=CARTESIAN_POINT('Ctrl Pts',(-0.280009575001622,-0.333839903846154,
-0.259011248839562));
#9749=CARTESIAN_POINT('Ctrl Pts',(-0.27723368980287,-0.334646153846154,
-0.254263513768453));
#9750=CARTESIAN_POINT('Ctrl Pts',(-0.273743852598125,-0.336258653846154,
-0.244171733177881));
#9751=CARTESIAN_POINT('Ctrl Pts',(-0.273030473053831,-0.337064903846154,
-0.238832090898389));
#9752=CARTESIAN_POINT('Ctrl Pts',(-0.27369203670678,-0.338677403846153,
-0.228395806190047));
#9753=CARTESIAN_POINT('Ctrl Pts',(-0.275065814209822,-0.339483653846154,
-0.223303358760371));
#9754=CARTESIAN_POINT('Ctrl Pts',(-0.279606513492869,-0.341096153846154,
-0.21412924574886));
#9755=CARTESIAN_POINT('Ctrl Pts',(-0.282770779826124,-0.341902403846153,
-0.210050921126124));
#9756=CARTESIAN_POINT('Ctrl Pts',(-0.294116057472087,-0.344321153846156,
-0.200203107331456));
#9757=CARTESIAN_POINT('Ctrl Pts',(-0.30416205737798,-0.345933653846151,
-0.196979698734236));
#9758=CARTESIAN_POINT('Ctrl Pts',(-0.323251216519912,-0.349158653846157,
-0.198471565486707));
#9759=CARTESIAN_POINT('Ctrl Pts',(-0.332174481631889,-0.350771153846149,
-0.203149594775111));
#9760=CARTESIAN_POINT('Ctrl Pts',(-0.343936309336228,-0.353996153846158,
-0.217122204564115));
#9761=CARTESIAN_POINT('Ctrl Pts',(-0.346720823798418,-0.355608653846151,
-0.226309430533048));
#9762=CARTESIAN_POINT('Ctrl Pts',(-0.345094825361056,-0.358833653846157,
-0.243614040230796));
#9763=CARTESIAN_POINT('Ctrl Pts',(-0.340722397748517,-0.360446153846156,
-0.251623061669188));
#9764=CARTESIAN_POINT('Ctrl Pts',(-0.327929315622434,-0.363671153846152,
-0.262040145244725));
#9765=CARTESIAN_POINT('Ctrl Pts',(-0.319608374904662,-0.365283653846152,
-0.264402830443201));
#9766=CARTESIAN_POINT('Ctrl Pts',(-0.30408894894899,-0.368508653846155,
-0.262677312647053));
#9767=CARTESIAN_POINT('Ctrl Pts',(-0.29698729007944,-0.370121153846155,
-0.258627812982544));
#9768=CARTESIAN_POINT('Ctrl Pts',(-0.287890746167658,-0.373346153846153,
-0.247039003032957));
#9769=CARTESIAN_POINT('Ctrl Pts',(-0.285932721522902,-0.374958653846151,
-0.23959160761717));
#9770=CARTESIAN_POINT('Ctrl Pts',(-0.287723148329201,-0.378183653846157,
-0.225857494869726));
#9771=CARTESIAN_POINT('Ctrl Pts',(-0.291432499646084,-0.379796153846155,
-0.219656067063081));
#9772=CARTESIAN_POINT('Ctrl Pts',(-0.301792653549225,-0.383021153846153,
-0.211855505124879));
#9773=CARTESIAN_POINT('Ctrl Pts',(-0.308359496186862,-0.384633653846158,
-0.210284871773786));
#9774=CARTESIAN_POINT('Ctrl Pts',(-0.320308670970897,-0.38785865384615,
-0.212105605752633));
#9775=CARTESIAN_POINT('Ctrl Pts',(-0.325617248202287,-0.389471153846157,
-0.21545769744303));
#9776=CARTESIAN_POINT('Ctrl Pts',(-0.332146734353299,-0.392696153846151,
-0.22456517657477));
#9777=CARTESIAN_POINT('Ctrl Pts',(-0.333347342906625,-0.394308653846152,
-0.23024471280778));
#9778=CARTESIAN_POINT('Ctrl Pts',(-0.331530888564414,-0.397533653846156,
-0.240409829383764));
#9779=CARTESIAN_POINT('Ctrl Pts',(-0.328553055414721,-0.399146153846153,
-0.244833184042899));
#9780=CARTESIAN_POINT('Ctrl Pts',(-0.32072190020395,-0.402371153846155,
-0.250116844321454));
#9781=CARTESIAN_POINT('Ctrl Pts',(-0.315937951108934,-0.403982972217165,
-0.25096526928379));
#9782=CARTESIAN_POINT('Ctrl Pts',(-0.311744947734307,-0.405596153846154,
-0.250076083752281));
#9783=CARTESIAN_POINT('Origin',(0.312,-0.031465841510503,0.234));
#9784=CARTESIAN_POINT('',(0.341025,-0.291461234599111,0.234000000000603));
#9785=CARTESIAN_POINT('',(0.341025,-0.308978140729347,0.234));
#9786=CARTESIAN_POINT('',(0.341025,-0.031465841510503,0.234));
#9787=CARTESIAN_POINT('',(0.312,-0.318593525344732,0.204975));
#9788=CARTESIAN_POINT('Ctrl Pts',(0.312,-0.318593525344732,0.204975));
#9789=CARTESIAN_POINT('Ctrl Pts',(0.3155905224611,-0.317875619028758,0.204975));
#9790=CARTESIAN_POINT('Ctrl Pts',(0.319143983128542,-0.317109953467646,
0.205641139314307));
#9791=CARTESIAN_POINT('Ctrl Pts',(0.32615242144565,-0.31548387288217,0.208355219899354));
#9792=CARTESIAN_POINT('Ctrl Pts',(0.329501420307581,-0.314635726291028,
0.210510882626591));
#9793=CARTESIAN_POINT('Ctrl Pts',(0.334783768444705,-0.31315060288569,0.215690140158177));
#9794=CARTESIAN_POINT('Ctrl Pts',(0.33708158592495,-0.312341057361606,0.218814190806906));
#9795=CARTESIAN_POINT('Ctrl Pts',(0.340373997831762,-0.310521353517503,
0.226551459986214));
#9796=CARTESIAN_POINT('Ctrl Pts',(0.341025,-0.309683688740319,0.230471286121309));
#9797=CARTESIAN_POINT('Ctrl Pts',(0.341025,-0.308978140729347,0.234));
#9798=CARTESIAN_POINT('',(0.283283146588137,-0.329065841510503,0.229781830358843));
#9799=CARTESIAN_POINT('Ctrl Pts',(0.312,-0.318593525344732,0.204975));
#9800=CARTESIAN_POINT('Ctrl Pts',(0.308603538027781,-0.319453531392475,
0.204975));
#9801=CARTESIAN_POINT('Ctrl Pts',(0.305233863778875,-0.320320421226997,
0.205571042889012));
#9802=CARTESIAN_POINT('Ctrl Pts',(0.298742448247443,-0.322074534238784,
0.207941634510013));
#9803=CARTESIAN_POINT('Ctrl Pts',(0.295687104896534,-0.322946394540063,
0.209736853102493));
#9804=CARTESIAN_POINT('Ctrl Pts',(0.290408475080024,-0.324701400272332,
0.214296562057463));
#9805=CARTESIAN_POINT('Ctrl Pts',(0.288216160583795,-0.325575504256818,
0.217007626094453));
#9806=CARTESIAN_POINT('Ctrl Pts',(0.284892070194872,-0.327323287172622,
0.223066931045883));
#9807=CARTESIAN_POINT('Ctrl Pts',(0.28378491767019,-0.32819229914351,0.226365825827152));
#9808=CARTESIAN_POINT('Ctrl Pts',(0.283283146588137,-0.329065841510504,
0.229781830358843));
#9809=CARTESIAN_POINT('',(0.340725103147295,-0.329065841510495,0.238161619177347));
#9810=CARTESIAN_POINT('Origin',(0.312,-0.329065841510503,0.234));
#9811=CARTESIAN_POINT('Ctrl Pts',(0.341025,-0.291461234599111,0.234000000001205));
#9812=CARTESIAN_POINT('Ctrl Pts',(0.341025000000121,-0.292043597746626,
0.231087380464112));
#9813=CARTESIAN_POINT('Ctrl Pts',(0.340587982108936,-0.29265844119702,0.228193333319667));
#9814=CARTESIAN_POINT('Ctrl Pts',(0.338582771573124,-0.29411726453525,0.221727788505158));
#9815=CARTESIAN_POINT('Ctrl Pts',(0.336722923547883,-0.294954052624348,
0.218313067369357));
#9816=CARTESIAN_POINT('Ctrl Pts',(0.331764993724267,-0.296547792600449,
0.212395809523381));
#9817=CARTESIAN_POINT('Ctrl Pts',(0.32871574726417,-0.297321680711995,0.209958245707121));
#9818=CARTESIAN_POINT('Ctrl Pts',(0.321856927602712,-0.298985213027624,
0.206430746563846));
#9819=CARTESIAN_POINT('Ctrl Pts',(0.318120381323162,-0.299820373855455,
0.205367501368803));
#9820=CARTESIAN_POINT('Ctrl Pts',(0.310421489721295,-0.301410003392357,
0.204760447008896));
#9821=CARTESIAN_POINT('Ctrl Pts',(0.306538750678444,-0.302189771990288,
0.205231029693547));
#9822=CARTESIAN_POINT('Ctrl Pts',(0.299215110098174,-0.303855350258299,
0.207661055517987));
#9823=CARTESIAN_POINT('Ctrl Pts',(0.295842973682599,-0.304688741426383,
0.209582696369252));
#9824=CARTESIAN_POINT('Ctrl Pts',(0.290015890776764,-0.306274001384858,
0.214655936631524));
#9825=CARTESIAN_POINT('Ctrl Pts',(0.287628998062613,-0.307060329948511,
0.217764367136213));
#9826=CARTESIAN_POINT('Ctrl Pts',(0.284238830805035,-0.308727952194939,
0.224700526826341));
#9827=CARTESIAN_POINT('Ctrl Pts',(0.283252311327648,-0.309559413994012,
0.228450353689394));
#9828=CARTESIAN_POINT('Ctrl Pts',(0.282796333585839,-0.31114001145934,0.236166650451163));
#9829=CARTESIAN_POINT('Ctrl Pts',(0.283347925427195,-0.31193366196676,0.240055533696654));
#9830=CARTESIAN_POINT('Ctrl Pts',(0.285936018768471,-0.313603327805739,
0.247334144064336));
#9831=CARTESIAN_POINT('Ctrl Pts',(0.287923386994783,-0.314432680213456,
0.250658855933462));
#9832=CARTESIAN_POINT('Ctrl Pts',(0.292994514490355,-0.315970215921555,
0.256248126853238));
#9833=CARTESIAN_POINT('Ctrl Pts',(0.296128542533259,-0.316770977559034,
0.258642048263255));
#9834=CARTESIAN_POINT('Ctrl Pts',(0.303311897789952,-0.318481825025828,
0.261957351232258));
#9835=CARTESIAN_POINT('Ctrl Pts',(0.307074277194219,-0.319308864083937,
0.262860164250919));
#9836=CARTESIAN_POINT('Ctrl Pts',(0.314590121603535,-0.32083504515694,0.26314303149313));
#9837=CARTESIAN_POINT('Ctrl Pts',(0.318505966363278,-0.321644614065866,
0.262585595200063));
#9838=CARTESIAN_POINT('Ctrl Pts',(0.325929625494393,-0.323363837930837,
0.259749297121621));
#9839=CARTESIAN_POINT('Ctrl Pts',(0.329200757292816,-0.324188331343068,
0.257691244617041));
#9840=CARTESIAN_POINT('Ctrl Pts',(0.334307683123633,-0.325610854481097,
0.252844340842011));
#9841=CARTESIAN_POINT('Ctrl Pts',(0.336256942623596,-0.326276529352487,
0.250261257192886));
#9842=CARTESIAN_POINT('Ctrl Pts',(0.339249263463947,-0.327673486407976,
0.244514003657947));
#9843=CARTESIAN_POINT('Ctrl Pts',(0.340257399635781,-0.328381630496711,
0.241389889482335));
#9844=CARTESIAN_POINT('Ctrl Pts',(0.340725103147308,-0.329065841510513,
0.238161619177258));
#9845=CARTESIAN_POINT('Origin',(0.312,-0.031465841510503,0.234));
#9846=CARTESIAN_POINT('',(0.341025,-0.252999696137756,0.234000000000146));
#9847=CARTESIAN_POINT('',(0.341025,-0.270516602267582,0.234000000000569));
#9848=CARTESIAN_POINT('',(0.341025,-0.031465841510503,0.234));
#9849=CARTESIAN_POINT('Ctrl Pts',(0.341025,-0.308978140729347,0.234));
#9850=CARTESIAN_POINT('Ctrl Pts',(0.341025,-0.308971072726898,0.234035349767767));
#9851=CARTESIAN_POINT('Ctrl Pts',(0.341024935420677,-0.308964007636368,
0.234070658222259));
#9852=CARTESIAN_POINT('Ctrl Pts',(0.341010848072962,-0.308191030969156,
0.23793077327923));
#9853=CARTESIAN_POINT('Ctrl Pts',(0.340241133770164,-0.307371849072948,
0.241708987322486));
#9854=CARTESIAN_POINT('Ctrl Pts',(0.337130428300996,-0.305631156847796,
0.249126354623079));
#9855=CARTESIAN_POINT('Ctrl Pts',(0.334775936625783,-0.304800833317594,
0.25234945571011));
#9856=CARTESIAN_POINT('Ctrl Pts',(0.329433896060997,-0.303304525097979,
0.257519652894779));
#9857=CARTESIAN_POINT('Ctrl Pts',(0.326186598786661,-0.302482286829222,
0.259608017526295));
#9858=CARTESIAN_POINT('Ctrl Pts',(0.31876154422183,-0.300755557026801,0.262531576420858));
#9859=CARTESIAN_POINT('Ctrl Pts',(0.314839377442644,-0.299938109175529,
0.263117179475925));
#9860=CARTESIAN_POINT('Ctrl Pts',(0.307345243685899,-0.29842209662559,0.262904676896721));
#9861=CARTESIAN_POINT('Ctrl Pts',(0.303578045495408,-0.297597100123356,
0.262038160093778));
#9862=CARTESIAN_POINT('Ctrl Pts',(0.296337226925977,-0.295879539986132,
0.258780534365893));
#9863=CARTESIAN_POINT('Ctrl Pts',(0.293179746653351,-0.295071719554705,
0.256402144681211));
#9864=CARTESIAN_POINT('Ctrl Pts',(0.288073431754502,-0.293543283608327,
0.250872960229536));
#9865=CARTESIAN_POINT('Ctrl Pts',(0.286058099098971,-0.292715788017242,
0.24756911825227));
#9866=CARTESIAN_POINT('Ctrl Pts',(0.283341455856725,-0.291006431507371,
0.240145246859998));
#9867=CARTESIAN_POINT('Ctrl Pts',(0.282824521213427,-0.290207237911116,
0.236237636433345));
#9868=CARTESIAN_POINT('Ctrl Pts',(0.283206379338974,-0.28866768093218,0.228695897398872));
#9869=CARTESIAN_POINT('Ctrl Pts',(0.284159934794336,-0.28783791278241,0.224940886974978));
#9870=CARTESIAN_POINT('Ctrl Pts',(0.287490867902513,-0.286168635297899,
0.21797191322178));
#9871=CARTESIAN_POINT('Ctrl Pts',(0.289855933512846,-0.285376439066473,
0.214838107802486));
#9872=CARTESIAN_POINT('Ctrl Pts',(0.295643994405415,-0.283794931339251,
0.209715966007611));
#9873=CARTESIAN_POINT('Ctrl Pts',(0.298997573463332,-0.282963089728218,
0.207768233703467));
#9874=CARTESIAN_POINT('Ctrl Pts',(0.306303637784887,-0.281295855813467,
0.205275784095873));
#9875=CARTESIAN_POINT('Ctrl Pts',(0.310188835377831,-0.280510829721765,
0.204773238224415));
#9876=CARTESIAN_POINT('Ctrl Pts',(0.317894869699429,-0.278924718003469,
0.205320572984477));
#9877=CARTESIAN_POINT('Ctrl Pts',(0.321636870288888,-0.27809097883566,0.206353484618794));
#9878=CARTESIAN_POINT('Ctrl Pts',(0.328526432406474,-0.27642578913603,0.209826776824906));
#9879=CARTESIAN_POINT('Ctrl Pts',(0.331599097404005,-0.275647187960181,
0.212244326804117));
#9880=CARTESIAN_POINT('Ctrl Pts',(0.336602866882307,-0.274056758353062,
0.218126040829421));
#9881=CARTESIAN_POINT('Ctrl Pts',(0.338487324120616,-0.27322127783395,0.221524028840717));
#9882=CARTESIAN_POINT('Ctrl Pts',(0.340564923425836,-0.271745744729884,
0.228043161137791));
#9883=CARTESIAN_POINT('Ctrl Pts',(0.341025000000117,-0.271114112679438,
0.231011623235519));
#9884=CARTESIAN_POINT('Ctrl Pts',(0.341025,-0.270516602267582,0.234000000001138));
#9885=CARTESIAN_POINT('Ctrl Pts',(0.341025,-0.252999696137756,0.234000000000291));
#9886=CARTESIAN_POINT('Ctrl Pts',(0.341025000000023,-0.253449049685266,
0.231752612048105));
#9887=CARTESIAN_POINT('Ctrl Pts',(0.340764693645374,-0.253918511153358,
0.22951247916177));
#9888=CARTESIAN_POINT('Ctrl Pts',(0.339347126349929,-0.255233635088808,
0.223522219900476));
#9889=CARTESIAN_POINT('Ctrl Pts',(0.337693834224803,-0.256085477570108,
0.219946647769815));
#9890=CARTESIAN_POINT('Ctrl Pts',(0.333129890529324,-0.257704289310542,
0.213740802099519));
#9891=CARTESIAN_POINT('Ctrl Pts',(0.330301020774396,-0.258444212900368,
0.211153154243369));
#9892=CARTESIAN_POINT('Ctrl Pts',(0.323714617437779,-0.260091918388553,
0.207159083359347));
#9893=CARTESIAN_POINT('Ctrl Pts',(0.320004015247937,-0.260944024140319,
0.205828603801509));
#9894=CARTESIAN_POINT('Ctrl Pts',(0.31237785927955,-0.262559851834187,0.204729623062322));
#9895=CARTESIAN_POINT('Ctrl Pts',(0.30855037078735,-0.263301185974798,0.204931167257368));
#9896=CARTESIAN_POINT('Ctrl Pts',(0.30108271314752,-0.264951125793378,0.206824680249599));
#9897=CARTESIAN_POINT('Ctrl Pts',(0.297529584634759,-0.265803439654789,
0.20853784769346));
#9898=CARTESIAN_POINT('Ctrl Pts',(0.291397181356007,-0.267416152227708,
0.213205453218413));
#9899=CARTESIAN_POINT('Ctrl Pts',(0.288857397559665,-0.268159251004127,
0.216074877783405));
#9900=CARTESIAN_POINT('Ctrl Pts',(0.284990823495534,-0.269802436058773,
0.222691483625013));
#9901=CARTESIAN_POINT('Ctrl Pts',(0.283725982440215,-0.270645675430704,
0.226384930035925));
#9902=CARTESIAN_POINT('Ctrl Pts',(0.282721983259742,-0.27225697997609,0.234027806668681));
#9903=CARTESIAN_POINT('Ctrl Pts',(0.282981996477546,-0.273009547117869,
0.23789358602841));
#9904=CARTESIAN_POINT('Ctrl Pts',(0.284998774624493,-0.274662734816046,
0.245326429450219));
#9905=CARTESIAN_POINT('Ctrl Pts',(0.286743554908348,-0.275504874402404,
0.248815578077726));
#9906=CARTESIAN_POINT('Ctrl Pts',(0.291488523544402,-0.277112994502475,
0.25489296780369));
#9907=CARTESIAN_POINT('Ctrl Pts',(0.294430843542235,-0.277868905554971,
0.257421477986345));
#9908=CARTESIAN_POINT('Ctrl Pts',(0.301146735335608,-0.279524187303012,
0.261194414873901));
#9909=CARTESIAN_POINT('Ctrl Pts',(0.304855053942532,-0.280365140645492,
0.26239574883791));
#9910=CARTESIAN_POINT('Ctrl Pts',(0.312517163929067,-0.281969930385559,
0.263274652229484));
#9911=CARTESIAN_POINT('Ctrl Pts',(0.31638836155396,-0.28272960572995,0.262948621600846));
#9912=CARTESIAN_POINT('Ctrl Pts',(0.323788245063961,-0.284386965720105,
0.260801893265537));
#9913=CARTESIAN_POINT('Ctrl Pts',(0.327241711343665,-0.28522663825497,0.259000756340226));
#9914=CARTESIAN_POINT('Ctrl Pts',(0.333241883565529,-0.286827934589754,
0.254151761030108));
#9915=CARTESIAN_POINT('Ctrl Pts',(0.335726366914166,-0.287591831008199,
0.251157592965573));
#9916=CARTESIAN_POINT('Ctrl Pts',(0.339380701085425,-0.289251256820085,
0.244371848279555));
#9917=CARTESIAN_POINT('Ctrl Pts',(0.340515158810038,-0.290089544577716,
0.240649160230658));
#9918=CARTESIAN_POINT('Ctrl Pts',(0.340979612922476,-0.291082564008126,
0.235875075668406));
#9919=CARTESIAN_POINT('Ctrl Pts',(0.341024999999961,-0.291273826380308,
0.234937299763059));
#9920=CARTESIAN_POINT('Ctrl Pts',(0.341025,-0.291461234599111,0.234000000001205));
#9921=CARTESIAN_POINT('Origin',(0.312,-0.031465841510503,0.234));
#9922=CARTESIAN_POINT('',(0.341025,-0.214538157676302,0.233999999999935));
#9923=CARTESIAN_POINT('',(0.341025,-0.232055063806209,0.234000000000156));
#9924=CARTESIAN_POINT('',(0.341025,-0.031465841510503,0.234));
#9925=CARTESIAN_POINT('',(0.283058038695645,-0.194861838447381,0.231806030798487));
#9926=CARTESIAN_POINT('Ctrl Pts',(0.283058038695645,-0.194861838447381,
0.231806030798487));
#9927=CARTESIAN_POINT('Ctrl Pts',(0.282835076069956,-0.195468388536841,
0.234747264285514));
#9928=CARTESIAN_POINT('Ctrl Pts',(0.283061091438187,-0.196054945745363,
0.237703158064621));
#9929=CARTESIAN_POINT('Ctrl Pts',(0.284413973557121,-0.197329176704957,
0.243515689482013));
#9930=CARTESIAN_POINT('Ctrl Pts',(0.285550486471142,-0.197985437311736,
0.246327139248621));
#9931=CARTESIAN_POINT('Ctrl Pts',(0.289067705899914,-0.199450986057886,
0.252200025795499));
#9932=CARTESIAN_POINT('Ctrl Pts',(0.291664486198929,-0.200197282140971,
0.25506180565291));
#9933=CARTESIAN_POINT('Ctrl Pts',(0.297860327328985,-0.20181545739167,0.259642217213456));
#9934=CARTESIAN_POINT('Ctrl Pts',(0.301403353927648,-0.202660940850003,
0.261297299816418));
#9935=CARTESIAN_POINT('Ctrl Pts',(0.308885222988443,-0.204307042275412,
0.263110157108911));
#9936=CARTESIAN_POINT('Ctrl Pts',(0.312742486328365,-0.205051191591015,
0.263266943863664));
#9937=CARTESIAN_POINT('Ctrl Pts',(0.320352246317244,-0.206672168118721,
0.262066210649085));
#9938=CARTESIAN_POINT('Ctrl Pts',(0.324019889164395,-0.207518509985485,
0.26070161351656));
#9939=CARTESIAN_POINT('Ctrl Pts',(0.330559673278951,-0.209162403786764,
0.256641017706745));
#9940=CARTESIAN_POINT('Ctrl Pts',(0.333374933697277,-0.20990472637907,0.25400479050609));
#9941=CARTESIAN_POINT('Ctrl Pts',(0.33785859372172,-0.211528413015734,0.247741309040749));
#9942=CARTESIAN_POINT('Ctrl Pts',(0.339460642659562,-0.212375550522965,
0.244168042651265));
#9943=CARTESIAN_POINT('Ctrl Pts',(0.340787774129393,-0.213661812153366,
0.238284675006556));
#9944=CARTESIAN_POINT('Ctrl Pts',(0.341025,-0.214109232493136,0.236145217934359));
#9945=CARTESIAN_POINT('Ctrl Pts',(0.341025,-0.214538157676302,0.233999999999869));
#9946=CARTESIAN_POINT('',(0.340381725790302,-0.194861838447381,0.227923136815418));
#9947=CARTESIAN_POINT('Origin',(0.312,-0.194861838447381,0.234));
#9948=CARTESIAN_POINT('Ctrl Pts',(0.341025,-0.232055063806209,0.234000000000312));
#9949=CARTESIAN_POINT('Ctrl Pts',(0.341024999999984,-0.23174958564562,0.235527812435668));
#9950=CARTESIAN_POINT('Ctrl Pts',(0.340904523661562,-0.231434224148938,
0.237055152259493));
#9951=CARTESIAN_POINT('Ctrl Pts',(0.340048937240572,-0.230290548017471,
0.242420715962174));
#9952=CARTESIAN_POINT('Ctrl Pts',(0.338665691396467,-0.229438970741755,
0.246106818530933));
#9953=CARTESIAN_POINT('Ctrl Pts',(0.334577184154862,-0.227795440499114,
0.252633223056903));
#9954=CARTESIAN_POINT('Ctrl Pts',(0.331946559848768,-0.227057258427763,
0.255425756571759));
#9955=CARTESIAN_POINT('Ctrl Pts',(0.325675808383171,-0.225433230660355,
0.259895984212036));
#9956=CARTESIAN_POINT('Ctrl Pts',(0.322080994995038,-0.224582013460591,
0.261495273933024));
#9957=CARTESIAN_POINT('Ctrl Pts',(0.314562566563718,-0.22294077499034,0.263161151831587));
#9958=CARTESIAN_POINT('Ctrl Pts',(0.310725287198037,-0.222203093029508,
0.263245792987758));
#9959=CARTESIAN_POINT('Ctrl Pts',(0.303141566481626,-0.220576387003681,
0.261913015156335));
#9960=CARTESIAN_POINT('Ctrl Pts',(0.299482180689487,-0.219725580582541,
0.260474576914261));
#9961=CARTESIAN_POINT('Ctrl Pts',(0.293019895876635,-0.218086664914134,
0.256286989206757));
#9962=CARTESIAN_POINT('Ctrl Pts',(0.290265828609709,-0.217349186463705,
0.253610744775515));
#9963=CARTESIAN_POINT('Ctrl Pts',(0.285895673947786,-0.215719889767576,
0.247272189809082));
#9964=CARTESIAN_POINT('Ctrl Pts',(0.28435390945877,-0.214869544404788,0.243657909077909));
#9965=CARTESIAN_POINT('Ctrl Pts',(0.282802482346159,-0.21323298861607,0.2361154934497));
#9966=CARTESIAN_POINT('Ctrl Pts',(0.282776910952623,-0.212495423715598,
0.232273140610632));
#9967=CARTESIAN_POINT('Ctrl Pts',(0.284227503320779,-0.210863615367187,
0.22471270161784));
#9968=CARTESIAN_POINT('Ctrl Pts',(0.285719778855106,-0.210013781455373,
0.221080479851241));
#9969=CARTESIAN_POINT('Ctrl Pts',(0.290004336097038,-0.208379625393368,
0.214682165736083));
#9970=CARTESIAN_POINT('Ctrl Pts',(0.292725772156064,-0.207641694971044,
0.211966117070913));
#9971=CARTESIAN_POINT('Ctrl Pts',(0.299130416108529,-0.206007441670807,
0.207695667314753));
#9972=CARTESIAN_POINT('Ctrl Pts',(0.30276299785423,-0.205158172201906,0.206211076156354));
#9973=CARTESIAN_POINT('Ctrl Pts',(0.310328267731263,-0.203526440826823,
0.204773075981212));
#9974=CARTESIAN_POINT('Ctrl Pts',(0.314175483305323,-0.202787908076132,
0.20480626384749));
#9975=CARTESIAN_POINT('Ctrl Pts',(0.321711727787664,-0.201151249153756,
0.206373834701197));
#9976=CARTESIAN_POINT('Ctrl Pts',(0.325316070286527,-0.200302597484099,
0.207919141877105));
#9977=CARTESIAN_POINT('Ctrl Pts',(0.331650085211564,-0.198673347135257,
0.212299697552856));
#9978=CARTESIAN_POINT('Ctrl Pts',(0.334327857103886,-0.197933925827015,
0.215066054221693));
#9979=CARTESIAN_POINT('Ctrl Pts',(0.338296952832496,-0.196373974440948,
0.221223910974303));
#9980=CARTESIAN_POINT('Ctrl Pts',(0.339647212748472,-0.195608583620329,
0.224492625528636));
#9981=CARTESIAN_POINT('Ctrl Pts',(0.340381725790322,-0.19486183844736,0.227923136815512));
#9982=CARTESIAN_POINT('Origin',(0.312,-0.380087556717821,0.234));
#9983=CARTESIAN_POINT('',(0.332283824216033,-0.367648022894927,0.234));
#9984=CARTESIAN_POINT('',(0.32946552447465,-0.380087556717794,0.234));
#9985=CARTESIAN_POINT('',(0.329465524474681,-0.380087556717821,0.234));
#9986=CARTESIAN_POINT('',(0.301578012078371,-0.380087556717821,0.21998476853787));
#9987=CARTESIAN_POINT('Origin',(0.312,-0.380087556717821,0.234));
#9988=CARTESIAN_POINT('Ctrl Pts',(0.301578012078371,-0.380087556717821,
0.21998476853787));
#9989=CARTESIAN_POINT('Ctrl Pts',(0.302851295828839,-0.379542802378384,
0.218884127841023));
#9990=CARTESIAN_POINT('Ctrl Pts',(0.304278017150745,-0.37900915819073,0.217973632583526));
#9991=CARTESIAN_POINT('Ctrl Pts',(0.307339562580682,-0.377955161222817,
0.21658681709357));
#9992=CARTESIAN_POINT('Ctrl Pts',(0.308954827765612,-0.377439697443324,
0.216114798452924));
#9993=CARTESIAN_POINT('Ctrl Pts',(0.313094812113658,-0.376149159640959,
0.215504724863241));
#9994=CARTESIAN_POINT('Ctrl Pts',(0.315629617288502,-0.375380529829576,
0.215653251271749));
#9995=CARTESIAN_POINT('Ctrl Pts',(0.320520846638322,-0.373859966835172,
0.216966606557521));
#9996=CARTESIAN_POINT('Ctrl Pts',(0.322815205048791,-0.373123160167907,
0.218121265094164));
#9997=CARTESIAN_POINT('Ctrl Pts',(0.3269057043531,-0.37160548758618,0.221324287407263));
#9998=CARTESIAN_POINT('Ctrl Pts',(0.328635892722749,-0.370835933441523,
0.223370996355418));
#9999=CARTESIAN_POINT('Ctrl Pts',(0.33117791798118,-0.369322033290931,0.228047489915875));
#10000=CARTESIAN_POINT('Ctrl Pts',(0.331960709801066,-0.368591320448126,
0.230617530363114));
#10001=CARTESIAN_POINT('Ctrl Pts',(0.332248559537824,-0.367784172884433,
0.233511223554621));
#10002=CARTESIAN_POINT('Ctrl Pts',(0.332268398897817,-0.367716107834532,
0.233755563145346));
#10003=CARTESIAN_POINT('Ctrl Pts',(0.332283824216033,-0.367648022894927,
0.234));
#10004=CARTESIAN_POINT('Origin',(0.312,-0.380087556717821,0.234));
#10005=CARTESIAN_POINT('',(0.340801636747272,-0.330051731938099,0.233999999892999));
#10006=CARTESIAN_POINT('',(0.336185094425309,-0.350428426977406,0.234));
#10007=CARTESIAN_POINT('',(0.329465524474681,-0.380087556717821,0.234));
#10008=CARTESIAN_POINT('Ctrl Pts',(0.340725103147297,-0.329065841510494,
0.238161619177346));
#10009=CARTESIAN_POINT('Ctrl Pts',(0.340848309041043,-0.329398890106754,
0.236784944246511));
#10010=CARTESIAN_POINT('Ctrl Pts',(0.3408743686584,-0.329727071342087,0.235400241478264));
#10011=CARTESIAN_POINT('Ctrl Pts',(0.340802231416185,-0.330049099584101,
0.234011354626861));
#10012=CARTESIAN_POINT('Ctrl Pts',(0.340801934866001,-0.330050416088893,
0.234005675995813));
#10013=CARTESIAN_POINT('Ctrl Pts',(0.340801636747272,-0.330051731938099,
0.233999999785999));
#10014=CARTESIAN_POINT('Ctrl Pts',(0.336185094425309,-0.350428426977406,
0.234));
#10015=CARTESIAN_POINT('Ctrl Pts',(0.33619391240642,-0.350389505789333,
0.234145262040633));
#10016=CARTESIAN_POINT('Ctrl Pts',(0.336201414116382,-0.350350617990204,
0.234290672361976));
#10017=CARTESIAN_POINT('Ctrl Pts',(0.336345821201718,-0.349443015859911,
0.237689855146249));
#10018=CARTESIAN_POINT('Ctrl Pts',(0.335822653276062,-0.348600219292992,
0.24094349353715));
#10019=CARTESIAN_POINT('Ctrl Pts',(0.333519204746221,-0.346865195535771,
0.247142764047135));
#10020=CARTESIAN_POINT('Ctrl Pts',(0.331730158122721,-0.345991863724775,
0.250017834831722));
#10021=CARTESIAN_POINT('Ctrl Pts',(0.327083637084359,-0.3442710005226,0.254936601194508));
#10022=CARTESIAN_POINT('Ctrl Pts',(0.324270837168066,-0.343431398949924,
0.256914805973673));
#10023=CARTESIAN_POINT('Ctrl Pts',(0.317960586334306,-0.341701186166816,
0.259712625412637));
#10024=CARTESIAN_POINT('Ctrl Pts',(0.314509077804552,-0.340829685483452,
0.260473778243013));
#10025=CARTESIAN_POINT('Ctrl Pts',(0.307453213927085,-0.339114488231611,
0.26059528560094));
#10026=CARTESIAN_POINT('Ctrl Pts',(0.303930332288146,-0.338277732148719,
0.259943690516366));
#10027=CARTESIAN_POINT('Ctrl Pts',(0.297243728157701,-0.336551349325803,
0.257289409582861));
#10028=CARTESIAN_POINT('Ctrl Pts',(0.294160375601829,-0.335684667918389,
0.255278832740424));
#10029=CARTESIAN_POINT('Ctrl Pts',(0.288890586182657,-0.333956602082965,
0.250098144760597));
#10030=CARTESIAN_POINT('Ctrl Pts',(0.286785132051843,-0.333099504556201,
0.24697563649765));
#10031=CARTESIAN_POINT('Ctrl Pts',(0.284450981676499,-0.331711097225487,
0.241380355555997));
#10032=CARTESIAN_POINT('Ctrl Pts',(0.283823158027149,-0.331182905779662,
0.239129136313707));
#10033=CARTESIAN_POINT('Ctrl Pts',(0.283122010506273,-0.330120558608145,
0.234495517389699));
#10034=CARTESIAN_POINT('Ctrl Pts',(0.283058924431257,-0.329592934378066,
0.232130020798929));
#10035=CARTESIAN_POINT('Ctrl Pts',(0.283283146588138,-0.329065841510503,
0.229781830358843));
#10036=CARTESIAN_POINT('Origin',(0.312,38.963612898647,0.234));
#10037=CARTESIAN_POINT('',(0.323413758700158,-0.38922757431816,0.23400000000022));
#10038=CARTESIAN_POINT('',(26.3796188467376,38.963612898647,0.234000000000003));
#10039=CARTESIAN_POINT('',(0.309400177088272,-0.380087556717821,0.251270942823231));
#10040=CARTESIAN_POINT('Origin',(0.312,-0.380087556717821,0.234));
#10041=CARTESIAN_POINT('Ctrl Pts',(0.323413758700158,-0.38922757431816,
0.234000000000439));
#10042=CARTESIAN_POINT('Ctrl Pts',(0.323753789574052,-0.388714023680503,
0.235107110393717));
#10043=CARTESIAN_POINT('Ctrl Pts',(0.323918003655748,-0.388221492719759,
0.236271886272236));
#10044=CARTESIAN_POINT('Ctrl Pts',(0.323901727420888,-0.387024557415986,
0.239179865811938));
#10045=CARTESIAN_POINT('Ctrl Pts',(0.32352068158436,-0.386339407523894,
0.240910960919977));
#10046=CARTESIAN_POINT('Ctrl Pts',(0.322046523837897,-0.384970127933696,
0.244245840360227));
#10047=CARTESIAN_POINT('Ctrl Pts',(0.32091751411667,-0.384308451980022,
0.245795412327158));
#10048=CARTESIAN_POINT('Ctrl Pts',(0.318207094123381,-0.383042155863279,
0.248321412683863));
#10049=CARTESIAN_POINT('Ctrl Pts',(0.316664240388425,-0.382443129090671,
0.249310200568737));
#10050=CARTESIAN_POINT('Ctrl Pts',(0.314112133823171,-0.381554306465245,
0.250384872022809));
#10051=CARTESIAN_POINT('Ctrl Pts',(0.313206390123705,-0.381256337122763,
0.250674300074071));
#10052=CARTESIAN_POINT('Ctrl Pts',(0.311330442979865,-0.380665529465475,
0.251095927925305));
#10053=CARTESIAN_POINT('Ctrl Pts',(0.310368760898521,-0.380374927036128,
0.251224328691897));
#10054=CARTESIAN_POINT('Ctrl Pts',(0.309400177088276,-0.3800875567178,0.251270942823194));
#10055=CARTESIAN_POINT('Origin',(0.312,-0.194861838447381,0.234));
#10056=CARTESIAN_POINT('',(0.355,-0.156465841510503,0.234));
#10057=CARTESIAN_POINT('Origin',(0.312,-0.156465841510503,0.234));
#10058=CARTESIAN_POINT('',(0.352298218829189,-0.163888924269613,0.234));
#10059=CARTESIAN_POINT('',(0.341025,-0.194861838447381,0.234));
#10060=CARTESIAN_POINT('',(0.349601059619632,-0.163888924269613,0.219504940280009));
#10061=CARTESIAN_POINT('Origin',(0.312,-0.163888924269613,0.234));
#10062=CARTESIAN_POINT('',(0.341406467318434,-0.193813765603724,0.233999999999986));
#10063=CARTESIAN_POINT('Ctrl Pts',(0.341406467318434,-0.193813765603724,
0.233999999999972));
#10064=CARTESIAN_POINT('Ctrl Pts',(0.34149365759479,-0.19357421228824,0.235468918487236));
#10065=CARTESIAN_POINT('Ctrl Pts',(0.341472270380282,-0.193331674985058,
0.236923818722845));
#10066=CARTESIAN_POINT('Ctrl Pts',(0.341050466318041,-0.192498090261662,
0.241826807625993));
#10067=CARTESIAN_POINT('Ctrl Pts',(0.340153281152643,-0.191894338512968,
0.245214362888736));
#10068=CARTESIAN_POINT('Ctrl Pts',(0.336818120316879,-0.190540105253558,
0.252448872781544));
#10069=CARTESIAN_POINT('Ctrl Pts',(0.334224262839632,-0.189910363427723,
0.255684123971459));
#10070=CARTESIAN_POINT('Ctrl Pts',(0.328408863871622,-0.188653385775697,
0.260952588481225));
#10071=CARTESIAN_POINT('Ctrl Pts',(0.324838239811377,-0.187968986765896,
0.263094848529084));
#10072=CARTESIAN_POINT('Ctrl Pts',(0.316479789411483,-0.186529073880858,
0.266096533065543));
#10073=CARTESIAN_POINT('Ctrl Pts',(0.31214258266845,-0.18589923003062,0.266512430312838));
#10074=CARTESIAN_POINT('Ctrl Pts',(0.30616708056744,-0.184981731422335,
0.266167439586816));
#10075=CARTESIAN_POINT('Ctrl Pts',(0.304032854769924,-0.184644648374782,
0.26583245417762));
#10076=CARTESIAN_POINT('Ctrl Pts',(0.297908753366348,-0.183650465817223,
0.26424508937365));
#10077=CARTESIAN_POINT('Ctrl Pts',(0.294103040086512,-0.182997774618015,
0.262440586758288));
#10078=CARTESIAN_POINT('Ctrl Pts',(0.288885108365518,-0.182041658392356,
0.25861766797785));
#10079=CARTESIAN_POINT('Ctrl Pts',(0.28718651020933,-0.181722432357614,
0.257071676451015));
#10080=CARTESIAN_POINT('Ctrl Pts',(0.28264961739016,-0.180732801797161,
0.252061036342839));
#10081=CARTESIAN_POINT('Ctrl Pts',(0.280311905211493,-0.18004854525411,
0.248162532090734));
#10082=CARTESIAN_POINT('Ctrl Pts',(0.277091399139835,-0.178630331354684,
0.239189374251413));
#10083=CARTESIAN_POINT('Ctrl Pts',(0.276581334068439,-0.178002561431969,
0.234508947028547));
#10084=CARTESIAN_POINT('Ctrl Pts',(0.277080837398215,-0.176746167542027,
0.225585902972447));
#10085=CARTESIAN_POINT('Ctrl Pts',(0.278236011122658,-0.176069883218741,
0.22104933966372));
#10086=CARTESIAN_POINT('Ctrl Pts',(0.28245242325863,-0.174664017333811,
0.212154875128115));
#10087=CARTESIAN_POINT('Ctrl Pts',(0.285514629055215,-0.174036671752403,
0.20833662474521));
#10088=CARTESIAN_POINT('Ctrl Pts',(0.292468605685765,-0.172778358469666,
0.202135491755846));
#10089=CARTESIAN_POINT('Ctrl Pts',(0.296652842250491,-0.172102953777105,
0.199655356266123));
#10090=CARTESIAN_POINT('Ctrl Pts',(0.303508841063419,-0.171103294088977,
0.197214943258863));
#10091=CARTESIAN_POINT('Ctrl Pts',(0.30590198686542,-0.170771258347823,
0.196621045252317));
#10092=CARTESIAN_POINT('Ctrl Pts',(0.310809617264258,-0.170122481923221,
0.195907410721074));
#10093=CARTESIAN_POINT('Ctrl Pts',(0.313311481462974,-0.169813783411599,
0.195801414510247));
#10094=CARTESIAN_POINT('Ctrl Pts',(0.320761121871123,-0.168846175912995,
0.19618568674525));
#10095=CARTESIAN_POINT('Ctrl Pts',(0.325652107378548,-0.16817261405016,
0.197404710281552));
#10096=CARTESIAN_POINT('Ctrl Pts',(0.332282751952092,-0.16720339183768,
0.200501150805502));
#10097=CARTESIAN_POINT('Ctrl Pts',(0.334296746666325,-0.166899954476289,
0.201672407052161));
#10098=CARTESIAN_POINT('Ctrl Pts',(0.339930482008631,-0.166022100586059,
0.20566641053622));
#10099=CARTESIAN_POINT('Ctrl Pts',(0.342487795286876,-0.165575814567384,
0.208467805169749));
#10100=CARTESIAN_POINT('Ctrl Pts',(0.346322837329869,-0.164802878151013,
0.213222013382417));
#10101=CARTESIAN_POINT('Ctrl Pts',(0.348173128507541,-0.164344705265566,
0.216261999345871));
#10102=CARTESIAN_POINT('Ctrl Pts',(0.349601059619674,-0.163888924269543,
0.219504940280046));
#10103=CARTESIAN_POINT('',(0.349681275834026,-0.171078916056824,0.233999999918706));
#10104=CARTESIAN_POINT('',(0.341025,-0.194861838447381,0.234));
#10105=CARTESIAN_POINT('',(0.336038263964453,-0.163888924269613,0.266343597610354));
#10106=CARTESIAN_POINT('Ctrl Pts',(0.336038263964535,-0.163888924269402,
0.266343597610389));
#10107=CARTESIAN_POINT('Ctrl Pts',(0.338823836467515,-0.164589418569649,
0.263955652873115));
#10108=CARTESIAN_POINT('Ctrl Pts',(0.342741455335948,-0.165565899715982,
0.259983597186387));
#10109=CARTESIAN_POINT('Ctrl Pts',(0.347257500167,-0.167598855987036,0.250895750588143));
#10110=CARTESIAN_POINT('Ctrl Pts',(0.348365452862361,-0.16829949720479,
0.247648777984414));
#10111=CARTESIAN_POINT('Ctrl Pts',(0.349876473551304,-0.169883208684852,
0.240064905839964));
#10112=CARTESIAN_POINT('Ctrl Pts',(0.349858680545635,-0.170591500633003,
0.236499732478468));
#10113=CARTESIAN_POINT('Ctrl Pts',(0.349681275839558,-0.171078916041627,
0.23399999991535));
#10114=CARTESIAN_POINT('Origin',(0.312,-0.163888924269613,0.234));
#10115=CARTESIAN_POINT('Origin',(0.312,-0.329065841510503,0.234));
#10116=CARTESIAN_POINT('',(0.312,-0.196854303048966,0.277));
#10117=CARTESIAN_POINT('',(0.312000000000002,-0.192046610741274,0.277));
#10118=CARTESIAN_POINT('',(0.312,-0.329065841510503,0.277));
#10119=CARTESIAN_POINT('',(0.339389467037733,-0.168568546528398,0.200851589851263));
#10120=CARTESIAN_POINT('Ctrl Pts',(0.339389467037788,-0.168568546528388,
0.200851589851308));
#10121=CARTESIAN_POINT('Ctrl Pts',(0.335562299673626,-0.16926185292784,
0.197689324333939));
#10122=CARTESIAN_POINT('Ctrl Pts',(0.331218337140747,-0.16998643811329,
0.19521519779794));
#10123=CARTESIAN_POINT('Ctrl Pts',(0.321921981115343,-0.171427982831293,
0.191872234679483));
#10124=CARTESIAN_POINT('Ctrl Pts',(0.317038565725233,-0.172135092752074,
0.19101306008205));
#10125=CARTESIAN_POINT('Ctrl Pts',(0.306537665554271,-0.173553861876049,
0.190985533602254));
#10126=CARTESIAN_POINT('Ctrl Pts',(0.301003626440633,-0.174358945199414,
0.192055444603255));
#10127=CARTESIAN_POINT('Ctrl Pts',(0.290452626060648,-0.176022436935717,
0.196339616568275));
#10128=CARTESIAN_POINT('Ctrl Pts',(0.285586281689898,-0.176858628464182,
0.199580366800254));
#10129=CARTESIAN_POINT('Ctrl Pts',(0.277568934534354,-0.178394815504209,
0.207641777323249));
#10130=CARTESIAN_POINT('Ctrl Pts',(0.274440324774906,-0.179202931612246,
0.212333562407076));
#10131=CARTESIAN_POINT('Ctrl Pts',(0.270074390900848,-0.180863835972975,
0.222831524859802));
#10132=CARTESIAN_POINT('Ctrl Pts',(0.268956585814817,-0.181694842739095,
0.228561785236229));
#10133=CARTESIAN_POINT('Ctrl Pts',(0.269044613730211,-0.183233529221729,
0.239926146829403));
#10134=CARTESIAN_POINT('Ctrl Pts',(0.270178688952156,-0.184042863802896,
0.245453123387707));
#10135=CARTESIAN_POINT('Ctrl Pts',(0.274567270961219,-0.185703000490197,
0.255936016636185));
#10136=CARTESIAN_POINT('Ctrl Pts',(0.277848091991917,-0.18652927470214,
0.260755892425992));
#10137=CARTESIAN_POINT('Ctrl Pts',(0.285980298768976,-0.188070275993942,
0.26868843964056));
#10138=CARTESIAN_POINT('Ctrl Pts',(0.290707382695884,-0.188880731564914,
0.271773678767288));
#10139=CARTESIAN_POINT('Ctrl Pts',(0.301015537840837,-0.190504832958322,
0.27593951653858));
#10140=CARTESIAN_POINT('Ctrl Pts',(0.306485515067339,-0.191302360723724,
0.277));
#10141=CARTESIAN_POINT('Ctrl Pts',(0.312000000000003,-0.192046610741274,
0.277));
#10142=CARTESIAN_POINT('',(0.354806743477192,-0.16856854652839,0.229927812273741));
#10143=CARTESIAN_POINT('Origin',(0.312,-0.16856854652839,0.234));
#10144=CARTESIAN_POINT('Ctrl Pts',(0.312000000000001,-0.196854303048966,
0.277));
#10145=CARTESIAN_POINT('Ctrl Pts',(0.306366783648421,-0.196094028713335,
0.277));
#10146=CARTESIAN_POINT('Ctrl Pts',(0.300780193343818,-0.195278169553566,
0.275893133430844));
#10147=CARTESIAN_POINT('Ctrl Pts',(0.290400507406482,-0.193637206385605,
0.271598362845451));
#10148=CARTESIAN_POINT('Ctrl Pts',(0.285702356024093,-0.192828664630316,
0.268477508712281));
#10149=CARTESIAN_POINT('Ctrl Pts',(0.277628195095277,-0.191291606370776,
0.260475359384762));
#10150=CARTESIAN_POINT('Ctrl Pts',(0.274380226130249,-0.190457230720533,
0.255617368435063));
#10151=CARTESIAN_POINT('Ctrl Pts',(0.270076323813724,-0.188793983899766,
0.245076355324212));
#10152=CARTESIAN_POINT('Ctrl Pts',(0.268995792752492,-0.187987291596111,
0.239543292479336));
#10153=CARTESIAN_POINT('Ctrl Pts',(0.269004398494696,-0.18645203517893,
0.228171448050903));
#10154=CARTESIAN_POINT('Ctrl Pts',(0.270180508865701,-0.185612798136047,
0.22244032216058));
#10155=CARTESIAN_POINT('Ctrl Pts',(0.274647207893973,-0.183950950519382,
0.211977108991566));
#10156=CARTESIAN_POINT('Ctrl Pts',(0.277819850957203,-0.18314896559976,
0.207320744325547));
#10157=CARTESIAN_POINT('Ctrl Pts',(0.285907538678523,-0.181610933716328,
0.199333835379761));
#10158=CARTESIAN_POINT('Ctrl Pts',(0.290806589234765,-0.180771254079769,
0.196141000336628));
#10159=CARTESIAN_POINT('Ctrl Pts',(0.301380473355956,-0.179110397301963,
0.191959208747577));
#10160=CARTESIAN_POINT('Ctrl Pts',(0.306919090207065,-0.178312663387558,
0.190939251594565));
#10161=CARTESIAN_POINT('Ctrl Pts',(0.318280341577735,-0.176772073571157,
0.191068835085755));
#10162=CARTESIAN_POINT('Ctrl Pts',(0.323993361700789,-0.175932004307003,
0.192303543419748));
#10163=CARTESIAN_POINT('Ctrl Pts',(0.334399746106648,-0.174272087822494,
0.196872895126747));
#10164=CARTESIAN_POINT('Ctrl Pts',(0.339019873099054,-0.173478204896337,
0.200089069077906));
#10165=CARTESIAN_POINT('Ctrl Pts',(0.346254532689212,-0.172065195034555,
0.207562003990779));
#10166=CARTESIAN_POINT('Ctrl Pts',(0.349003658134939,-0.17137028438455,
0.21157218619357));
#10167=CARTESIAN_POINT('Ctrl Pts',(0.353068155440994,-0.16995686163196,
0.22036130461415));
#10168=CARTESIAN_POINT('Ctrl Pts',(0.354346216614915,-0.16924765263379,
0.225086764516772));
#10169=CARTESIAN_POINT('Ctrl Pts',(0.354806743477198,-0.168568546528388,
0.229927812273811));
#10170=CARTESIAN_POINT('Origin',(0.312,-0.329065841510503,0.234));
#10171=CARTESIAN_POINT('',(0.312000000000024,-0.235315841510511,0.277));
#10172=CARTESIAN_POINT('',(0.312000000000034,-0.230508149202821,0.277));
#10173=CARTESIAN_POINT('',(0.312,-0.329065841510503,0.277));
#10174=CARTESIAN_POINT('Ctrl Pts',(0.312000000000003,-0.192046610741274,
0.277));
#10175=CARTESIAN_POINT('Ctrl Pts',(0.312240949685956,-0.192079129972026,
0.277));
#10176=CARTESIAN_POINT('Ctrl Pts',(0.312481954598547,-0.192111769873932,
0.276997974763267));
#10177=CARTESIAN_POINT('Ctrl Pts',(0.318320336569817,-0.19290522244525,
0.276899796104887));
#10178=CARTESIAN_POINT('Ctrl Pts',(0.323841710475954,-0.193716711815969,
0.275713650008604));
#10179=CARTESIAN_POINT('Ctrl Pts',(0.334274524057127,-0.195375399624693,
0.271230082527521));
#10180=CARTESIAN_POINT('Ctrl Pts',(0.339053751673503,-0.196193368819843,
0.267914374618779));
#10181=CARTESIAN_POINT('Ctrl Pts',(0.346911601079369,-0.197738517213244,
0.259720499245197));
#10182=CARTESIAN_POINT('Ctrl Pts',(0.349958444539072,-0.198550962140657,
0.254962771270811));
#10183=CARTESIAN_POINT('Ctrl Pts',(0.354118626676677,-0.200208967632591,
0.244401062688137));
#10184=CARTESIAN_POINT('Ctrl Pts',(0.355129284503602,-0.201023282390739,
0.238678961798083));
#10185=CARTESIAN_POINT('Ctrl Pts',(0.354847856171825,-0.202570293289552,
0.22733302991654));
#10186=CARTESIAN_POINT('Ctrl Pts',(0.353615872868763,-0.203383623338942,
0.221817003982472));
#10187=CARTESIAN_POINT('Ctrl Pts',(0.349048973331538,-0.205040973604898,
0.211428618128346));
#10188=CARTESIAN_POINT('Ctrl Pts',(0.345702673450092,-0.205851920165071,
0.206685173695666));
#10189=CARTESIAN_POINT('Ctrl Pts',(0.337454706774902,-0.207400670007999,
0.198893489514616));
#10190=CARTESIAN_POINT('Ctrl Pts',(0.332670185299947,-0.208214821585387,
0.195880802732607));
#10191=CARTESIAN_POINT('Ctrl Pts',(0.322082799039644,-0.20987154285749,
0.191805584116935));
#10192=CARTESIAN_POINT('Ctrl Pts',(0.316364184129688,-0.210679378528899,
0.190839022699619));
#10193=CARTESIAN_POINT('Ctrl Pts',(0.305026462963603,-0.212229754739914,
0.191200472156699));
#10194=CARTESIAN_POINT('Ctrl Pts',(0.299515496865839,-0.21304467026616,
0.192473031995181));
#10195=CARTESIAN_POINT('Ctrl Pts',(0.289166711874808,-0.214700787866319,
0.197113486547399));
#10196=CARTESIAN_POINT('Ctrl Pts',(0.284454945483264,-0.215505744599531,
0.200486780904045));
#10197=CARTESIAN_POINT('Ctrl Pts',(0.276722158865362,-0.217057644345199,
0.208782482802486));
#10198=CARTESIAN_POINT('Ctrl Pts',(0.273739990847072,-0.217873271548088,
0.213590579139899));
#10199=CARTESIAN_POINT('Ctrl Pts',(0.269740218002027,-0.219528809860607,
0.224200450979122));
#10200=CARTESIAN_POINT('Ctrl Pts',(0.268812741096761,-0.220331097302756,
0.229915918277224));
#10201=CARTESIAN_POINT('Ctrl Pts',(0.269245324225562,-0.221884426418887,
0.241246054321053));
#10202=CARTESIAN_POINT('Ctrl Pts',(0.270553983358589,-0.222700717723901,
0.246752261368455));
#10203=CARTESIAN_POINT('Ctrl Pts',(0.275259713608525,-0.224355700186054,
0.257065597529398));
#10204=CARTESIAN_POINT('Ctrl Pts',(0.278656959819587,-0.22515550830486,
0.261749179431741));
#10205=CARTESIAN_POINT('Ctrl Pts',(0.286995015661649,-0.226710180365743,
0.269429305759083));
#10206=CARTESIAN_POINT('Ctrl Pts',(0.291823971224898,-0.227527092369767,
0.272384097674174));
#10207=CARTESIAN_POINT('Ctrl Pts',(0.301863810773079,-0.229089735761585,
0.27609834586575));
#10208=CARTESIAN_POINT('Ctrl Pts',(0.306913690517679,-0.229821686918899,
0.277000000000008));
#10209=CARTESIAN_POINT('Ctrl Pts',(0.312000000000068,-0.230508149202821,
0.277));
#10210=CARTESIAN_POINT('Ctrl Pts',(0.312000000000049,-0.235315841510511,
0.277));
#10211=CARTESIAN_POINT('Ctrl Pts',(0.306840521804136,-0.234619504176246,
0.277000000000006));
#10212=CARTESIAN_POINT('Ctrl Pts',(0.30171888611392,-0.233876403498055,
0.27607213741338));
#10213=CARTESIAN_POINT('Ctrl Pts',(0.291632050323147,-0.232303185620325,
0.272282191784069));
#10214=CARTESIAN_POINT('Ctrl Pts',(0.286820230965872,-0.231487327652637,
0.269304884010095));
#10215=CARTESIAN_POINT('Ctrl Pts',(0.278516977870418,-0.229934932081106,
0.261581458261407));
#10216=CARTESIAN_POINT('Ctrl Pts',(0.275139413294656,-0.229130904794703,
0.256874711497689));
#10217=CARTESIAN_POINT('Ctrl Pts',(0.270487321768746,-0.227474986711837,
0.246532225012838));
#10218=CARTESIAN_POINT('Ctrl Pts',(0.26920833250443,-0.226659823757018,
0.241022088760264));
#10219=CARTESIAN_POINT('Ctrl Pts',(0.268834209995408,-0.225108918802124,
0.229685699241669));
#10220=CARTESIAN_POINT('Ctrl Pts',(0.269793800339599,-0.224302086173146,
0.223967641838917));
#10221=CARTESIAN_POINT('Ctrl Pts',(0.27385557208227,-0.222645572809565,
0.213376226189703));
#10222=CARTESIAN_POINT('Ctrl Pts',(0.276862832342514,-0.221831155479769,
0.208587487896073));
#10223=CARTESIAN_POINT('Ctrl Pts',(0.284644028947043,-0.220281840916576,
0.200330992856639));
#10224=CARTESIAN_POINT('Ctrl Pts',(0.289381820616561,-0.219471978892179,
0.196979870059715));
#10225=CARTESIAN_POINT('Ctrl Pts',(0.299763158591102,-0.217814845242492,
0.192399830267832));
#10226=CARTESIAN_POINT('Ctrl Pts',(0.305278304039266,-0.217001229239584,
0.191160606147216));
#10227=CARTESIAN_POINT('Ctrl Pts',(0.316622795241107,-0.215453614203508,
0.1908648928996));
#10228=CARTESIAN_POINT('Ctrl Pts',(0.322344278276376,-0.214640474463564,
0.191867668827887));
#10229=CARTESIAN_POINT('Ctrl Pts',(0.332910600495598,-0.212982694600495,
0.196012676612414));
#10230=CARTESIAN_POINT('Ctrl Pts',(0.337673132648423,-0.212169941388457,
0.199053436354753));
#10231=CARTESIAN_POINT('Ctrl Pts',(0.345876694665542,-0.210624145557065,
0.206899481505204));
#10232=CARTESIAN_POINT('Ctrl Pts',(0.349197881399824,-0.209807452128928,
0.211672309947097));
#10233=CARTESIAN_POINT('Ctrl Pts',(0.353696370682813,-0.208148999245839,
0.222097202045273));
#10234=CARTESIAN_POINT('Ctrl Pts',(0.354890714073092,-0.20733717683417,
0.22761764817207));
#10235=CARTESIAN_POINT('Ctrl Pts',(0.355097846480189,-0.20579333179914,
0.238970897116866));
#10236=CARTESIAN_POINT('Ctrl Pts',(0.354046123828341,-0.204972777090073,
0.244696178906245));
#10237=CARTESIAN_POINT('Ctrl Pts',(0.349806969361873,-0.203313623572755,
0.255233682318452));
#10238=CARTESIAN_POINT('Ctrl Pts',(0.346728581871517,-0.202502807432933,
0.259966275903734));
#10239=CARTESIAN_POINT('Ctrl Pts',(0.338809389761126,-0.200961058299662,
0.268109555641687));
#10240=CARTESIAN_POINT('Ctrl Pts',(0.333996800936262,-0.200136298426978,
0.27139664182726));
#10241=CARTESIAN_POINT('Ctrl Pts',(0.32352285524415,-0.198476415964501,
0.275802277574604));
#10242=CARTESIAN_POINT('Ctrl Pts',(0.317996846133494,-0.197666690106828,
0.276945687575907));
#10243=CARTESIAN_POINT('Ctrl Pts',(0.312268629676363,-0.196890593223741,
0.276999370761556));
#10244=CARTESIAN_POINT('Ctrl Pts',(0.312134306220691,-0.19687242938503,
0.277));
#10245=CARTESIAN_POINT('Ctrl Pts',(0.312000000000001,-0.196854303048966,
0.277));
#10246=CARTESIAN_POINT('Origin',(0.312,-0.329065841510503,0.234));
#10247=CARTESIAN_POINT('',(0.312000000000069,-0.273777379972061,0.277));
#10248=CARTESIAN_POINT('',(0.312000000000055,-0.268969687664365,0.277));
#10249=CARTESIAN_POINT('',(0.312,-0.329065841510503,0.277));
#10250=CARTESIAN_POINT('Ctrl Pts',(0.312000000000067,-0.230508149202821,
0.277));
#10251=CARTESIAN_POINT('Ctrl Pts',(0.312627188222802,-0.230592796246285,
0.276999999999999));
#10252=CARTESIAN_POINT('Ctrl Pts',(0.313254728997934,-0.230678257970099,
0.276986278134684));
#10253=CARTESIAN_POINT('Ctrl Pts',(0.319489409250271,-0.231534978329753,
0.276713113963442));
#10254=CARTESIAN_POINT('Ctrl Pts',(0.324991157913728,-0.23235247134476,
0.275372195151087));
#10255=CARTESIAN_POINT('Ctrl Pts',(0.33527264026798,-0.234006408658828,
0.270608258617976));
#10256=CARTESIAN_POINT('Ctrl Pts',(0.339931033605295,-0.234801760321734,
0.267189656109486));
#10257=CARTESIAN_POINT('Ctrl Pts',(0.347563889358343,-0.236358886000668,
0.258813840188774));
#10258=CARTESIAN_POINT('Ctrl Pts',(0.350494036398805,-0.237176923656716,
0.253966335919337));
#10259=CARTESIAN_POINT('Ctrl Pts',(0.354366189161965,-0.238830369834307,
0.243319103685125));
#10260=CARTESIAN_POINT('Ctrl Pts',(0.355227705414914,-0.23962371514274,
0.237609063915245));
#10261=CARTESIAN_POINT('Ctrl Pts',(0.354674633454492,-0.241181963316041,
0.226292388460591));
#10262=CARTESIAN_POINT('Ctrl Pts',(0.353304770515818,-0.242000512214729,
0.220794805327142));
#10263=CARTESIAN_POINT('Ctrl Pts',(0.34848870912421,-0.243653487027461,
0.210542045403861));
#10264=CARTESIAN_POINT('Ctrl Pts',(0.345050981592222,-0.244444957027752,
0.205906253617792));
#10265=CARTESIAN_POINT('Ctrl Pts',(0.336641356550297,-0.246004265074117,
0.198315982115087));
#10266=CARTESIAN_POINT('Ctrl Pts',(0.331777284326104,-0.246823294485115,
0.195408093143168));
#10267=CARTESIAN_POINT('Ctrl Pts',(0.321251298899656,-0.248454605069477,
0.191639186183968));
#10268=CARTESIAN_POINT('Ctrl Pts',(0.315696303459119,-0.249228850323355,
0.190799567585927));
#10269=CARTESIAN_POINT('Ctrl Pts',(0.304371331995449,-0.250784723359272,
0.191290124751327));
#10270=CARTESIAN_POINT('Ctrl Pts',(0.29871607356899,-0.251626720954481,
0.192698776142558));
#10271=CARTESIAN_POINT('Ctrl Pts',(0.288482037369668,-0.253280426264074,
0.19757310773033));
#10272=CARTESIAN_POINT('Ctrl Pts',(0.28397077218125,-0.254052799609185,
0.200919860531707));
#10273=CARTESIAN_POINT('Ctrl Pts',(0.276335173460973,-0.255609999994363,
0.20929509381054));
#10274=CARTESIAN_POINT('Ctrl Pts',(0.273347237825321,-0.256452129876927,
0.214297171460942));
#10275=CARTESIAN_POINT('Ctrl Pts',(0.269587770681466,-0.258105243438211,
0.224988615102336));
#10276=CARTESIAN_POINT('Ctrl Pts',(0.268779631654294,-0.258875883712524,
0.230546454350808));
#10277=CARTESIAN_POINT('Ctrl Pts',(0.26933330085417,-0.260434331815264,
0.241864363788394));
#10278=CARTESIAN_POINT('Ctrl Pts',(0.270772213555418,-0.261276580488595,
0.247508947921166));
#10279=CARTESIAN_POINT('Ctrl Pts',(0.275699668569955,-0.262929129516221,
0.257712412260682));
#10280=CARTESIAN_POINT('Ctrl Pts',(0.279069370377862,-0.263698162458565,
0.262204529770164));
#10281=CARTESIAN_POINT('Ctrl Pts',(0.287482018076132,-0.265257784968667,
0.269793129062245));
#10282=CARTESIAN_POINT('Ctrl Pts',(0.292497123477068,-0.266100140441792,
0.272753648289834));
#10283=CARTESIAN_POINT('Ctrl Pts',(0.302472134219883,-0.267639287373749,
0.276204102388564));
#10284=CARTESIAN_POINT('Ctrl Pts',(0.307220822155028,-0.268324676708943,
0.277000000000012));
#10285=CARTESIAN_POINT('Ctrl Pts',(0.31200000000011,-0.268969687664365,
0.277));
#10286=CARTESIAN_POINT('Ctrl Pts',(0.312000000000137,-0.273777379972061,
0.277));
#10287=CARTESIAN_POINT('Ctrl Pts',(0.307298819825251,-0.273142895796225,
0.277000000000015));
#10288=CARTESIAN_POINT('Ctrl Pts',(0.302626709661435,-0.272469285211146,
0.276229925576508));
#10289=CARTESIAN_POINT('Ctrl Pts',(0.292709625710791,-0.270942427483785,
0.272859453122314));
#10290=CARTESIAN_POINT('Ctrl Pts',(0.287680875045361,-0.270099858291191,
0.26992805346347));
#10291=CARTESIAN_POINT('Ctrl Pts',(0.279228751640292,-0.268537698828026,
0.262389375941745));
#10292=CARTESIAN_POINT('Ctrl Pts',(0.275834755763035,-0.26777205700392,
0.257917530695357));
#10293=CARTESIAN_POINT('Ctrl Pts',(0.270851224785712,-0.266120753060201,
0.24774651916985));
#10294=CARTESIAN_POINT('Ctrl Pts',(0.269380384953191,-0.265278267090486,
0.242113401451646));
#10295=CARTESIAN_POINT('Ctrl Pts',(0.268760020624158,-0.263717129114508,
0.2308031875539));
#10296=CARTESIAN_POINT('Ctrl Pts',(0.269534905825767,-0.262950135375102,
0.225242346636679));
#10297=CARTESIAN_POINT('Ctrl Pts',(0.273228290432558,-0.261298325848537,
0.214533192895122));
#10298=CARTESIAN_POINT('Ctrl Pts',(0.276183865722653,-0.260455932215391,
0.209515756903374));
#10299=CARTESIAN_POINT('Ctrl Pts',(0.283763989500066,-0.258895876403132,
0.20109638800036));
#10300=CARTESIAN_POINT('Ctrl Pts',(0.288252660497847,-0.258127430556685,
0.197722555761704));
#10301=CARTESIAN_POINT('Ctrl Pts',(0.298450613708585,-0.256475091690059,
0.192785555065325));
#10302=CARTESIAN_POINT('Ctrl Pts',(0.304093260380665,-0.255632800605735,
0.191341206272348));
#10303=CARTESIAN_POINT('Ctrl Pts',(0.315409877328439,-0.254073892555349,
0.190776189182533));
#10304=CARTESIAN_POINT('Ctrl Pts',(0.320968227528418,-0.253303884564958,
0.19157866931238));
#10305=CARTESIAN_POINT('Ctrl Pts',(0.3316626993212,-0.251650991219516,0.195326886631083));
#10306=CARTESIAN_POINT('Ctrl Pts',(0.336667406287881,-0.25080881414786,
0.198309318654343));
#10307=CARTESIAN_POINT('Ctrl Pts',(0.345165111760345,-0.249229766306887,
0.206040050632726));
#10308=CARTESIAN_POINT('Ctrl Pts',(0.348587111770875,-0.24843511179292,
0.210694431901286));
#10309=CARTESIAN_POINT('Ctrl Pts',(0.35336030822904,-0.246781343628566,
0.220970825362274));
#10310=CARTESIAN_POINT('Ctrl Pts',(0.354706365168688,-0.245963661632296,
0.226471845991352));
#10311=CARTESIAN_POINT('Ctrl Pts',(0.355212587502089,-0.244407313802938,
0.237793846689293));
#10312=CARTESIAN_POINT('Ctrl Pts',(0.354325459689877,-0.243610559771229,
0.243506010487106));
#10313=CARTESIAN_POINT('Ctrl Pts',(0.350403710114133,-0.241956286934075,
0.254138824143425));
#10314=CARTESIAN_POINT('Ctrl Pts',(0.347453287455343,-0.241139173237214,
0.258971083945321));
#10315=CARTESIAN_POINT('Ctrl Pts',(0.339781550969174,-0.239584063292385,
0.267315859453558));
#10316=CARTESIAN_POINT('Ctrl Pts',(0.335102447346087,-0.238785057507614,
0.270716905950635));
#10317=CARTESIAN_POINT('Ctrl Pts',(0.324794762496958,-0.237130258744699,
0.275432993662214));
#10318=CARTESIAN_POINT('Ctrl Pts',(0.319289333943187,-0.236313751866026,
0.276747388426739));
#10319=CARTESIAN_POINT('Ctrl Pts',(0.313122258846046,-0.235467918351965,
0.276989021986569));
#10320=CARTESIAN_POINT('Ctrl Pts',(0.312560986237684,-0.235391553752416,
0.276999999999999));
#10321=CARTESIAN_POINT('Ctrl Pts',(0.312000000000049,-0.235315841510511,
0.277));
#10322=CARTESIAN_POINT('Origin',(0.312,-0.329065841510503,0.234));
#10323=CARTESIAN_POINT('',(0.312000000000103,-0.312238918433608,0.277));
#10324=CARTESIAN_POINT('',(0.312000000000094,-0.307431226125913,0.277));
#10325=CARTESIAN_POINT('',(0.312,-0.329065841510503,0.277));
#10326=CARTESIAN_POINT('',(0.312,-0.331469687664349,0.191));
#10327=CARTESIAN_POINT('Ctrl Pts',(0.312000000000005,-0.331469687664348,
0.191));
#10328=CARTESIAN_POINT('Ctrl Pts',(0.317075427193271,-0.330784694084025,
0.191000000000001));
#10329=CARTESIAN_POINT('Ctrl Pts',(0.322106642845265,-0.330055440957519,
0.191898450864682));
#10330=CARTESIAN_POINT('Ctrl Pts',(0.331652609425328,-0.328570527988489,
0.195414572071127));
#10331=CARTESIAN_POINT('Ctrl Pts',(0.336092956002855,-0.327825655937573,
0.198018898388812));
#10332=CARTESIAN_POINT('Ctrl Pts',(0.34419448133557,-0.326344298604613,
0.204958606026663));
#10333=CARTESIAN_POINT('Ctrl Pts',(0.347675013134464,-0.325589514537458,
0.209358237909099));
#10334=CARTESIAN_POINT('Ctrl Pts',(0.352856903743568,-0.323942821158173,
0.21941292442808));
#10335=CARTESIAN_POINT('Ctrl Pts',(0.354440523554146,-0.323099727010077,
0.225003833418461));
#10336=CARTESIAN_POINT('Ctrl Pts',(0.355297432739027,-0.32152930908754,
0.236284826549279));
#10337=CARTESIAN_POINT('Ctrl Pts',(0.354640401818796,-0.320773892455867,
0.241856300206301));
#10338=CARTESIAN_POINT('Ctrl Pts',(0.351180705503277,-0.319126898107092,
0.252626572977781));
#10339=CARTESIAN_POINT('Ctrl Pts',(0.348340151739691,-0.318283831620588,
0.257696637920573));
#10340=CARTESIAN_POINT('Ctrl Pts',(0.34095725228412,-0.316713989101791,
0.26627021394685));
#10341=CARTESIAN_POINT('Ctrl Pts',(0.336548237329688,-0.315957902486145,
0.269739500761406));
#10342=CARTESIAN_POINT('Ctrl Pts',(0.32647837176163,-0.31431059449739,0.274895740038568));
#10343=CARTESIAN_POINT('Ctrl Pts',(0.320881859188811,-0.313467558531878,
0.276464790834354));
#10344=CARTESIAN_POINT('Ctrl Pts',(0.314093836411991,-0.312523643928628,
0.276961798607792));
#10345=CARTESIAN_POINT('Ctrl Pts',(0.313046513963893,-0.312380158829647,
0.276999999999995));
#10346=CARTESIAN_POINT('Ctrl Pts',(0.312000000000205,-0.312238918433608,
0.277));
#10347=CARTESIAN_POINT('',(0.312,-0.326661995356657,0.191));
#10348=CARTESIAN_POINT('',(0.312,-0.331469687664349,0.191));
#10349=CARTESIAN_POINT('Ctrl Pts',(0.312000000000189,-0.307431226125913,
0.277));
#10350=CARTESIAN_POINT('Ctrl Pts',(0.312995076115083,-0.307565524328741,
0.276999999999995));
#10351=CARTESIAN_POINT('Ctrl Pts',(0.313990900876568,-0.307701854404557,
0.27696546124871));
#10352=CARTESIAN_POINT('Ctrl Pts',(0.320731036555669,-0.308637748287566,
0.27649631843818));
#10353=CARTESIAN_POINT('Ctrl Pts',(0.32633487974449,-0.30948069809567,0.274946506498667));
#10354=CARTESIAN_POINT('Ctrl Pts',(0.336424719449209,-0.311128808941804,
0.26982412754034));
#10355=CARTESIAN_POINT('Ctrl Pts',(0.340846099830565,-0.311886661601695,
0.26636965911272));
#10356=CARTESIAN_POINT('Ctrl Pts',(0.348259783097075,-0.313455013578376,
0.257819878259003));
#10357=CARTESIAN_POINT('Ctrl Pts',(0.351118285985863,-0.314298002001739,
0.252757826492422));
#10358=CARTESIAN_POINT('Ctrl Pts',(0.354614332518223,-0.315945766345569,
0.241996905232192));
#10359=CARTESIAN_POINT('Ctrl Pts',(0.355289722973502,-0.316702847723228,
0.236427088466658));
#10360=CARTESIAN_POINT('Ctrl Pts',(0.354469677502354,-0.31827184613432,
0.225141343687852));
#10361=CARTESIAN_POINT('Ctrl Pts',(0.352903585283873,-0.319114869540007,
0.21954369869361));
#10362=CARTESIAN_POINT('Ctrl Pts',(0.347752554049064,-0.320762301639657,
0.209470756290031));
#10363=CARTESIAN_POINT('Ctrl Pts',(0.344285548305389,-0.321518656442814,
0.205059837903314));
#10364=CARTESIAN_POINT('Ctrl Pts',(0.336188939737434,-0.323001581983134,
0.19808020805205));
#10365=CARTESIAN_POINT('Ctrl Pts',(0.331735367522642,-0.323749466649717,
0.195453921578161));
#10366=CARTESIAN_POINT('Ctrl Pts',(0.322152799600553,-0.325241054375448,
0.191906765780159));
#10367=CARTESIAN_POINT('Ctrl Pts',(0.317098600732956,-0.325973874211832,
0.191));
#10368=CARTESIAN_POINT('Ctrl Pts',(0.312,-0.326661995356657,0.191));
#10369=CARTESIAN_POINT('Origin',(0.312,-0.329065841510503,0.234));
#10370=CARTESIAN_POINT('Ctrl Pts',(0.31200000000011,-0.268969687664365,
0.277));
#10371=CARTESIAN_POINT('Ctrl Pts',(0.31277185130218,-0.269073858833953,
0.276999999999998));
#10372=CARTESIAN_POINT('Ctrl Pts',(0.313544192183884,-0.269179257836947,
0.276979218465818));
#10373=CARTESIAN_POINT('Ctrl Pts',(0.320075373569124,-0.270080419670789,
0.276626902260621));
#10374=CARTESIAN_POINT('Ctrl Pts',(0.325710254712135,-0.27092287126956,
0.275160934539629));
#10375=CARTESIAN_POINT('Ctrl Pts',(0.335886231871496,-0.272574366898477,
0.270185962798087));
#10376=CARTESIAN_POINT('Ctrl Pts',(0.340361175428333,-0.273340517301004,
0.266795679769954));
#10377=CARTESIAN_POINT('Ctrl Pts',(0.347907493513944,-0.274902290857382,
0.258349580547962));
#10378=CARTESIAN_POINT('Ctrl Pts',(0.350843349806123,-0.275744829062365,
0.253322905481724));
#10379=CARTESIAN_POINT('Ctrl Pts',(0.354496541600512,-0.277395833083098,
0.242603071689121));
#10380=CARTESIAN_POINT('Ctrl Pts',(0.355251185708904,-0.278160688810948,
0.237040404500721));
#10381=CARTESIAN_POINT('Ctrl Pts',(0.354590213219127,-0.279723448750149,
0.22573499319493));
#10382=CARTESIAN_POINT('Ctrl Pts',(0.35309996105717,-0.280566065056981,
0.220108950600217));
#10383=CARTESIAN_POINT('Ctrl Pts',(0.348082319370769,-0.282216599183893,
0.209957772113872));
#10384=CARTESIAN_POINT('Ctrl Pts',(0.344673509856886,-0.282980246726791,
0.205498288864226));
#10385=CARTESIAN_POINT('Ctrl Pts',(0.336197383168773,-0.284543939351829,
0.197990135194375));
#10386=CARTESIAN_POINT('Ctrl Pts',(0.331160386646638,-0.285386626150556,
0.195076539056125));
#10387=CARTESIAN_POINT('Ctrl Pts',(0.32042859749317,-0.287036710940215,
0.191468653261534));
#10388=CARTESIAN_POINT('Ctrl Pts',(0.314863870807262,-0.287799229464377,
0.190736839462672));
#10389=CARTESIAN_POINT('Ctrl Pts',(0.303563983966733,-0.289363804880187,
0.19144362443699));
#10390=CARTESIAN_POINT('Ctrl Pts',(0.297946008319344,-0.290206555350708,
0.192955751852661));
#10391=CARTESIAN_POINT('Ctrl Pts',(0.287817272179677,-0.29185621027634,
0.198011847004276));
#10392=CARTESIAN_POINT('Ctrl Pts',(0.283371752566356,-0.292617672379137,
0.201437389102289));
#10393=CARTESIAN_POINT('Ctrl Pts',(0.275898151718432,-0.294183084149522,
0.209940565963144));
#10394=CARTESIAN_POINT('Ctrl Pts',(0.273004707680501,-0.295025892170738,
0.214986807950785));
#10395=CARTESIAN_POINT('Ctrl Pts',(0.269437778062675,-0.296675135691215,
0.225729328364334));
#10396=CARTESIAN_POINT('Ctrl Pts',(0.268726615797493,-0.297435608064691,
0.231295917901409));
#10397=CARTESIAN_POINT('Ctrl Pts',(0.269474849374141,-0.299001812906941,
0.242590709326044));
#10398=CARTESIAN_POINT('Ctrl Pts',(0.271006745126926,-0.299844672977599,
0.248201308737071));
#10399=CARTESIAN_POINT('Ctrl Pts',(0.276097604531284,-0.301493522601377,
0.258309678206172));
#10400=CARTESIAN_POINT('Ctrl Pts',(0.279538304439701,-0.302253066617192,
0.26274254838774));
#10401=CARTESIAN_POINT('Ctrl Pts',(0.288065927755039,-0.303820024129521,
0.270184780505594));
#10402=CARTESIAN_POINT('Ctrl Pts',(0.293120481811318,-0.304662931299081,
0.273059931000256));
#10403=CARTESIAN_POINT('Ctrl Pts',(0.302924466505991,-0.306166029980096,
0.276278447391072));
#10404=CARTESIAN_POINT('Ctrl Pts',(0.307449070434007,-0.306817020184497,
0.27700000000002));
#10405=CARTESIAN_POINT('Ctrl Pts',(0.312000000000189,-0.307431226125913,
0.277));
#10406=CARTESIAN_POINT('Ctrl Pts',(0.312000000000205,-0.312238918433608,
0.277));
#10407=CARTESIAN_POINT('Ctrl Pts',(0.307501496898255,-0.311631788111655,
0.277000000000021));
#10408=CARTESIAN_POINT('Ctrl Pts',(0.303028364123063,-0.310988669943773,
0.276295000025107));
#10409=CARTESIAN_POINT('Ctrl Pts',(0.293264311142001,-0.309493888107912,
0.273128851675838));
#10410=CARTESIAN_POINT('Ctrl Pts',(0.28820090249805,-0.308650885822787,
0.270273376619576));
#10411=CARTESIAN_POINT('Ctrl Pts',(0.279647100777748,-0.307082281467639,
0.262864886037689));
#10412=CARTESIAN_POINT('Ctrl Pts',(0.276190130725709,-0.306324730900483,
0.258445593215973));
#10413=CARTESIAN_POINT('Ctrl Pts',(0.271062030932809,-0.304676755028464,
0.248359123242768));
#10414=CARTESIAN_POINT('Ctrl Pts',(0.26950896793187,-0.303833789917791,
0.242756513304033));
#10415=CARTESIAN_POINT('Ctrl Pts',(0.26871630045958,-0.302265852131372,
0.231467286834614));
#10416=CARTESIAN_POINT('Ctrl Pts',(0.269405327656836,-0.301507501009879,
0.225898700461652));
#10417=CARTESIAN_POINT('Ctrl Pts',(0.272928386865292,-0.299859169496263,
0.215144765800795));
#10418=CARTESIAN_POINT('Ctrl Pts',(0.275800214806174,-0.299016245428019,
0.210088710287682));
#10419=CARTESIAN_POINT('Ctrl Pts',(0.283236749301006,-0.297449008680204,
0.201556657957637));
#10420=CARTESIAN_POINT('Ctrl Pts',(0.287667324702902,-0.296689806341559,
0.198113208186843));
#10421=CARTESIAN_POINT('Ctrl Pts',(0.297771995649183,-0.295041103712968,
0.193016049208436));
#10422=CARTESIAN_POINT('Ctrl Pts',(0.303381249953782,-0.294198224973527,
0.191480572134289));
#10423=CARTESIAN_POINT('Ctrl Pts',(0.314675107768182,-0.292631726074496,
0.190724824535449));
#10424=CARTESIAN_POINT('Ctrl Pts',(0.32024203498664,-0.291871617672615,
0.191432243365856));
#10425=CARTESIAN_POINT('Ctrl Pts',(0.330986492149053,-0.290222527639556,
0.194991751675376));
#10426=CARTESIAN_POINT('Ctrl Pts',(0.33603440076885,-0.289379698984235,
0.197881541210216));
#10427=CARTESIAN_POINT('Ctrl Pts',(0.344542469559942,-0.287813977294329,
0.205348875734206));
#10428=CARTESIAN_POINT('Ctrl Pts',(0.347971042112612,-0.287052903362384,
0.209791866374242));
#10429=CARTESIAN_POINT('Ctrl Pts',(0.353034092933373,-0.285403408765845,
0.21991653343066));
#10430=CARTESIAN_POINT('Ctrl Pts',(0.354550176257164,-0.284560635476449,
0.225533039562621));
#10431=CARTESIAN_POINT('Ctrl Pts',(0.355265251929354,-0.282995733139972,
0.236831914586707));
#10432=CARTESIAN_POINT('Ctrl Pts',(0.354537569220985,-0.282233629097062,
0.242397013913174));
#10433=CARTESIAN_POINT('Ctrl Pts',(0.35093787821176,-0.280583711850939,
0.253130956052062));
#10434=CARTESIAN_POINT('Ctrl Pts',(0.348028312044228,-0.279740999801431,
0.258169808937185));
#10435=CARTESIAN_POINT('Ctrl Pts',(0.340527067952288,-0.278176962007721,
0.266651355176956));
#10436=CARTESIAN_POINT('Ctrl Pts',(0.33607037957781,-0.277413757601228,
0.270063513797341));
#10437=CARTESIAN_POINT('Ctrl Pts',(0.325923689635641,-0.275763398630223,
0.275088858599099));
#10438=CARTESIAN_POINT('Ctrl Pts',(0.320299255300079,-0.274920754361845,
0.276583493618255));
#10439=CARTESIAN_POINT('Ctrl Pts',(0.313696586625211,-0.274007758257702,
0.276974915666444));
#10440=CARTESIAN_POINT('Ctrl Pts',(0.312848005100252,-0.273891829067189,
0.276999999999997));
#10441=CARTESIAN_POINT('Ctrl Pts',(0.312000000000137,-0.273777379972061,
0.277));
#10442=CARTESIAN_POINT('Origin',(0.312,-0.194861838447381,0.234));
#10443=CARTESIAN_POINT('Ctrl Pts',(0.340381725790302,-0.194861838447381,
0.227923136815418));
#10444=CARTESIAN_POINT('Ctrl Pts',(0.340956820564511,-0.194489902318301,
0.229962504947567));
#10445=CARTESIAN_POINT('Ctrl Pts',(0.341287261840284,-0.194141279963218,
0.231991712631739));
#10446=CARTESIAN_POINT('Ctrl Pts',(0.341406467318434,-0.193813765603724,
0.233999999999972));
#10447=CARTESIAN_POINT('Ctrl Pts',(0.349681275839558,-0.171078916041627,
0.23399999991535));
#10448=CARTESIAN_POINT('Ctrl Pts',(0.349585954929559,-0.171340808081159,
0.232656874428469));
#10449=CARTESIAN_POINT('Ctrl Pts',(0.349365865141455,-0.171757383585749,
0.230557203924802));
#10450=CARTESIAN_POINT('Ctrl Pts',(0.348304364669973,-0.172696075973908,
0.226154498790847));
#10451=CARTESIAN_POINT('Ctrl Pts',(0.347705396637061,-0.173104128272463,
0.22432142900643));
#10452=CARTESIAN_POINT('Ctrl Pts',(0.345516195645162,-0.174326876141399,
0.219068385112036));
#10453=CARTESIAN_POINT('Ctrl Pts',(0.343537297194821,-0.17515077176626,
0.21583722953008));
#10454=CARTESIAN_POINT('Ctrl Pts',(0.338640629877171,-0.17677574062603,
0.210072616145553));
#10455=CARTESIAN_POINT('Ctrl Pts',(0.33503454116841,-0.177746888373117,
0.206714097717029));
#10456=CARTESIAN_POINT('Ctrl Pts',(0.325848537004819,-0.180056068501758,
0.202170746139737));
#10457=CARTESIAN_POINT('Ctrl Pts',(0.321410288233529,-0.181118220956566,
0.20098730271157));
#10458=CARTESIAN_POINT('Ctrl Pts',(0.31330613641169,-0.182972389349715,
0.200483583275026));
#10459=CARTESIAN_POINT('Ctrl Pts',(0.30872317226621,-0.18394005303372,0.200740757897321));
#10460=CARTESIAN_POINT('Ctrl Pts',(0.299771729115594,-0.186234718535991,
0.203956121083826));
#10461=CARTESIAN_POINT('Ctrl Pts',(0.296131951879083,-0.187284748019802,
0.206144958813247));
#10462=CARTESIAN_POINT('Ctrl Pts',(0.29053824271671,-0.189128996936179,
0.211229808765677));
#10463=CARTESIAN_POINT('Ctrl Pts',(0.287734526432462,-0.190098243176223,
0.214467375440724));
#10464=CARTESIAN_POINT('Ctrl Pts',(0.284788437185583,-0.191952665728144,
0.220984670165653));
#10465=CARTESIAN_POINT('Ctrl Pts',(0.284106207133673,-0.192536581717527,
0.223089240712528));
#10466=CARTESIAN_POINT('Ctrl Pts',(0.283219605778439,-0.193706993856337,
0.227403563949355));
#10467=CARTESIAN_POINT('Ctrl Pts',(0.283016579357569,-0.194290635789133,
0.229602533524112));
#10468=CARTESIAN_POINT('Ctrl Pts',(0.283058038695645,-0.194861838447381,
0.231806030798487));
#10469=CARTESIAN_POINT('Origin',(0.312,38.963612898647,0.234));
#10470=CARTESIAN_POINT('',(0.320248507106362,-0.392042764587426,0.229187487772178));
#10471=CARTESIAN_POINT('Ctrl Pts',(0.32024850710626,-0.392042764587451,
0.22918748777214));
#10472=CARTESIAN_POINT('Ctrl Pts',(0.320808647157425,-0.391664219555878,
0.229650188305814));
#10473=CARTESIAN_POINT('Ctrl Pts',(0.321316397393248,-0.391295377053849,
0.230181200618695));
#10474=CARTESIAN_POINT('Ctrl Pts',(0.322232821474679,-0.390552494042344,
0.231383530779373));
#10475=CARTESIAN_POINT('Ctrl Pts',(0.322632657885317,-0.390180932141931,
0.232058517360183));
#10476=CARTESIAN_POINT('Ctrl Pts',(0.323132370326291,-0.3896179705339,0.233173596791645));
#10477=CARTESIAN_POINT('Ctrl Pts',(0.323285575050119,-0.38942117084209,
0.233582645395014));
#10478=CARTESIAN_POINT('Ctrl Pts',(0.323413758700158,-0.38922757431816,
0.234000000000439));
#10479=CARTESIAN_POINT('',(0.32154977190443,-0.392042764587425,0.234));
#10480=CARTESIAN_POINT('Origin',(0.312,-0.392042764587426,0.234));
#10481=CARTESIAN_POINT('',(0.312,-0.406465841510503,0.234));
#10482=CARTESIAN_POINT('',(26.3796188467376,38.963612898647,0.234000000000003));
#10483=CARTESIAN_POINT('',(0.303995761175653,-0.392042764587426,0.23920867586527));
#10484=CARTESIAN_POINT('Origin',(0.312,-0.392042764587426,0.234));
#10485=CARTESIAN_POINT('Ctrl Pts',(0.30157801207844,-0.380087556717851,
0.219984768537905));
#10486=CARTESIAN_POINT('Ctrl Pts',(0.300946634937817,-0.380551268059211,
0.220836889278458));
#10487=CARTESIAN_POINT('Ctrl Pts',(0.300401005098542,-0.381023380235138,
0.221742183979032));
#10488=CARTESIAN_POINT('Ctrl Pts',(0.299495384598814,-0.381984079834148,
0.223637129259983));
#10489=CARTESIAN_POINT('Ctrl Pts',(0.299143313363555,-0.382464194727036,
0.224607873858837));
#10490=CARTESIAN_POINT('Ctrl Pts',(0.298425094621685,-0.383883714654929,
0.227472454855357));
#10491=CARTESIAN_POINT('Ctrl Pts',(0.298328057842045,-0.384833794911341,
0.229387396218941));
#10492=CARTESIAN_POINT('Ctrl Pts',(0.298782951382764,-0.386347741440545,
0.232136149611597));
#10493=CARTESIAN_POINT('Ctrl Pts',(0.299026601840333,-0.386855305332286,
0.233011410980312));
#10494=CARTESIAN_POINT('Ctrl Pts',(0.299845647824247,-0.388129691235084,
0.235047645295824));
#10495=CARTESIAN_POINT('Ctrl Pts',(0.300514702272486,-0.388901917116477,
0.236151573468454));
#10496=CARTESIAN_POINT('Ctrl Pts',(0.30211802764715,-0.390462926512357,
0.237964569131821));
#10497=CARTESIAN_POINT('Ctrl Pts',(0.303013088252309,-0.391231827778877,
0.238683026430766));
#10498=CARTESIAN_POINT('Ctrl Pts',(0.303995761175678,-0.392042764587437,
0.239208675865207));
#10499=CARTESIAN_POINT('Origin',(0.312,-0.380087556717821,0.234));
#10500=CARTESIAN_POINT('Ctrl Pts',(0.309400177088391,-0.380087556717865,
0.251270942823239));
#10501=CARTESIAN_POINT('Ctrl Pts',(0.307804714007979,-0.379498881005375,
0.251165648115287));
#10502=CARTESIAN_POINT('Ctrl Pts',(0.306229314830033,-0.378916850839113,
0.250841214257591));
#10503=CARTESIAN_POINT('Ctrl Pts',(0.303203010066431,-0.377749733757647,
0.249779725561615));
#10504=CARTESIAN_POINT('Ctrl Pts',(0.301763544827563,-0.377169149380644,
0.249045502723109));
#10505=CARTESIAN_POINT('Ctrl Pts',(0.298328026218689,-0.375681800565598,
0.246670120552049));
#10506=CARTESIAN_POINT('Ctrl Pts',(0.296548507742757,-0.374807768164183,
0.24477456683301));
#10507=CARTESIAN_POINT('Ctrl Pts',(0.293856623090683,-0.373041982840468,
0.240384858368842));
#10508=CARTESIAN_POINT('Ctrl Pts',(0.292969384240847,-0.372165137763499,
0.237929506177929));
#10509=CARTESIAN_POINT('Ctrl Pts',(0.29219520887046,-0.370392764460271,
0.232675235679844));
#10510=CARTESIAN_POINT('Ctrl Pts',(0.292374002259436,-0.369520423053648,
0.229918417874668));
#10511=CARTESIAN_POINT('Ctrl Pts',(0.29381667398626,-0.367762781180888,
0.224670225087457));
#10512=CARTESIAN_POINT('Ctrl Pts',(0.295057543184451,-0.36689338666276,
0.222223124632149));
#10513=CARTESIAN_POINT('Ctrl Pts',(0.298526735891227,-0.365134612923173,
0.217825713180636));
#10514=CARTESIAN_POINT('Ctrl Pts',(0.300776483829176,-0.3642634002046,0.215958367141868));
#10515=CARTESIAN_POINT('Ctrl Pts',(0.305840702554418,-0.362512117472333,
0.213261155853407));
#10516=CARTESIAN_POINT('Ctrl Pts',(0.308597061632802,-0.361649436833139,
0.212437442986382));
#10517=CARTESIAN_POINT('Ctrl Pts',(0.314469525377544,-0.359900269850042,
0.21189010466329));
#10518=CARTESIAN_POINT('Ctrl Pts',(0.317532420851892,-0.359030003247514,
0.212248652569782));
#10519=CARTESIAN_POINT('Ctrl Pts',(0.323263853152341,-0.357282771259181,
0.214145198255413));
#10520=CARTESIAN_POINT('Ctrl Pts',(0.325887083009792,-0.356423904887649,
0.215638024368952));
#10521=CARTESIAN_POINT('Ctrl Pts',(0.329327611749415,-0.355144296239329,
0.218620076109084));
#10522=CARTESIAN_POINT('Ctrl Pts',(0.330396620863406,-0.354714372996934,
0.219756672305731));
#10523=CARTESIAN_POINT('Ctrl Pts',(0.333302874077135,-0.353396794562659,
0.223543664729421));
#10524=CARTESIAN_POINT('Ctrl Pts',(0.334715519452654,-0.352517664436199,
0.226477888905088));
#10525=CARTESIAN_POINT('Ctrl Pts',(0.335866676659514,-0.351229829135085,
0.23104157702957));
#10526=CARTESIAN_POINT('Ctrl Pts',(0.336094820800964,-0.350826880621946,
0.232512887391952));
#10527=CARTESIAN_POINT('Ctrl Pts',(0.336185094425309,-0.350428426977406,
0.234));
#10528=CARTESIAN_POINT('',(0.312,-0.341114126742166,0.207704658493282));
#10529=CARTESIAN_POINT('Ctrl Pts',(0.332283824216033,-0.367648022894927,
0.234));
#10530=CARTESIAN_POINT('Ctrl Pts',(0.332443813224302,-0.366941856460442,
0.236535261147486));
#10531=CARTESIAN_POINT('Ctrl Pts',(0.332128350584066,-0.366240950982333,
0.239083085292093));
#10532=CARTESIAN_POINT('Ctrl Pts',(0.330504124525764,-0.364799556273018,
0.244163812734361));
#10533=CARTESIAN_POINT('Ctrl Pts',(0.329136974810001,-0.364075398183736,
0.246609018860062));
#10534=CARTESIAN_POINT('Ctrl Pts',(0.325427559143421,-0.362562073770655,
0.250964196931638));
#10535=CARTESIAN_POINT('Ctrl Pts',(0.323088458389719,-0.361791365374828,
0.252779866818127));
#10536=CARTESIAN_POINT('Ctrl Pts',(0.317851510243114,-0.36028937275937,
0.255353184951867));
#10537=CARTESIAN_POINT('Ctrl Pts',(0.315025627743357,-0.359569790969015,
0.256096949490093));
#10538=CARTESIAN_POINT('Ctrl Pts',(0.309086220465535,-0.358065416389617,
0.256472032986322));
#10539=CARTESIAN_POINT('Ctrl Pts',(0.306040485685791,-0.357300533881529,
0.256041252589835));
#10540=CARTESIAN_POINT('Ctrl Pts',(0.300310429468933,-0.355804917536526,
0.253999536439825));
#10541=CARTESIAN_POINT('Ctrl Pts',(0.29768617456648,-0.355083065423501,
0.252419204229533));
#10542=CARTESIAN_POINT('Ctrl Pts',(0.294282861365115,-0.353974418706053,
0.249337820855604));
#10543=CARTESIAN_POINT('Ctrl Pts',(0.293231803906988,-0.353599094142227,
0.248173484500217));
#10544=CARTESIAN_POINT('Ctrl Pts',(0.291370088156716,-0.352849511903183,
0.245643411582856));
#10545=CARTESIAN_POINT('Ctrl Pts',(0.290566130750928,-0.352477107773065,
0.244283370882672));
#10546=CARTESIAN_POINT('Ctrl Pts',(0.289230350981335,-0.35172739334591,
0.241406394021595));
#10547=CARTESIAN_POINT('Ctrl Pts',(0.288705525896575,-0.3513526170114,0.239894638616349));
#10548=CARTESIAN_POINT('Ctrl Pts',(0.287961193951698,-0.35060391143156,
0.236776914563021));
#10549=CARTESIAN_POINT('Ctrl Pts',(0.287745841512534,-0.350231788476001,
0.235178817348428));
#10550=CARTESIAN_POINT('Ctrl Pts',(0.287633077179027,-0.349482825441932,
0.231944805231349));
#10551=CARTESIAN_POINT('Ctrl Pts',(0.28773996029316,-0.349108554484866,
0.230316298760968));
#10552=CARTESIAN_POINT('Ctrl Pts',(0.288277605958976,-0.348360665168706,
0.227091305121704));
#10553=CARTESIAN_POINT('Ctrl Pts',(0.288709294167752,-0.347988807411653,
0.225503785681251));
#10554=CARTESIAN_POINT('Ctrl Pts',(0.289885753475581,-0.347240542425361,
0.222420553129334));
#10555=CARTESIAN_POINT('Ctrl Pts',(0.290631503431718,-0.346866737715002,
0.220933243625547));
#10556=CARTESIAN_POINT('Ctrl Pts',(0.292415092879834,-0.346119340940204,
0.218115391379993));
#10557=CARTESIAN_POINT('Ctrl Pts',(0.293449612021095,-0.345748678720175,
0.216795213613863));
#10558=CARTESIAN_POINT('Ctrl Pts',(0.296864055550588,-0.344647880390253,
0.213227017275176));
#10559=CARTESIAN_POINT('Ctrl Pts',(0.299552319632579,-0.343926524227605,
0.211327104447116));
#10560=CARTESIAN_POINT('Ctrl Pts',(0.305514228127769,-0.342505160135532,
0.208630788857475));
#10561=CARTESIAN_POINT('Ctrl Pts',(0.308727517586216,-0.34181493968089,
0.207863434613983));
#10562=CARTESIAN_POINT('Ctrl Pts',(0.312000000000139,-0.341114126742137,
0.207704658493276));
#10563=CARTESIAN_POINT('Ctrl Pts',(0.340801636747272,-0.330051731938099,
0.233999999785999));
#10564=CARTESIAN_POINT('Ctrl Pts',(0.340685606421425,-0.330563871558128,
0.231790771005829));
#10565=CARTESIAN_POINT('Ctrl Pts',(0.340338876599101,-0.331018386735747,
0.229957613891795));
#10566=CARTESIAN_POINT('Ctrl Pts',(0.339022357370965,-0.332325338147532,
0.224862845133406));
#10567=CARTESIAN_POINT('Ctrl Pts',(0.337406524282872,-0.333277957509261,
0.221509944479105));
#10568=CARTESIAN_POINT('Ctrl Pts',(0.333420586451567,-0.334963074431872,
0.216209721506336));
#10569=CARTESIAN_POINT('Ctrl Pts',(0.330726847463967,-0.335862021555451,
0.213388894454157));
#10570=CARTESIAN_POINT('Ctrl Pts',(0.324590481377628,-0.337701409210298,
0.209900865295323));
#10571=CARTESIAN_POINT('Ctrl Pts',(0.322187580942938,-0.338390370679771,
0.208959037809766));
#10572=CARTESIAN_POINT('Ctrl Pts',(0.317176399087901,-0.339771048579537,
0.207781919535685));
#10573=CARTESIAN_POINT('Ctrl Pts',(0.3145868153426,-0.340457299038092,0.207555847663644));
#10574=CARTESIAN_POINT('Ctrl Pts',(0.312000000000003,-0.341114126742166,
0.207704658493282));
#10575=CARTESIAN_POINT('Origin',(0.312,-0.031465841510503,0.234));
#10576=CARTESIAN_POINT('Ctrl Pts',(0.341025,-0.270516602267582,0.234000000001138));
#10577=CARTESIAN_POINT('Ctrl Pts',(0.341024999999966,-0.270343216996496,
0.234867165669407));
#10578=CARTESIAN_POINT('Ctrl Pts',(0.340986148280169,-0.270166526059197,
0.235734771322067));
#10579=CARTESIAN_POINT('Ctrl Pts',(0.340562925314649,-0.269190798900025,
0.240439449160931));
#10580=CARTESIAN_POINT('Ctrl Pts',(0.33945672445104,-0.26835371643531,0.244167813456715));
#10581=CARTESIAN_POINT('Ctrl Pts',(0.335852648744046,-0.266692624317179,
0.250982709711369));
#10582=CARTESIAN_POINT('Ctrl Pts',(0.333386774539021,-0.26592494487347,
0.253998749189654));
#10583=CARTESIAN_POINT('Ctrl Pts',(0.327419415091982,-0.26432661088571,
0.258891192982854));
#10584=CARTESIAN_POINT('Ctrl Pts',(0.323981231489164,-0.263488051503477,
0.260715784903836));
#10585=CARTESIAN_POINT('Ctrl Pts',(0.316595565188922,-0.261829017437033,
0.262917050086485));
#10586=CARTESIAN_POINT('Ctrl Pts',(0.312722109071013,-0.261065960165755,
0.263270841490279));
#10587=CARTESIAN_POINT('Ctrl Pts',(0.304996696008921,-0.259452358695351,
0.262438368885479));
#10588=CARTESIAN_POINT('Ctrl Pts',(0.301230918227531,-0.258599787419496,
0.261235474065013));
#10589=CARTESIAN_POINT('Ctrl Pts',(0.294504188614664,-0.256942847107766,
0.25746867582687));
#10590=CARTESIAN_POINT('Ctrl Pts',(0.291589136713032,-0.256194628551894,
0.254982660623363));
#10591=CARTESIAN_POINT('Ctrl Pts',(0.286806076639711,-0.254589133271512,
0.248934176608653));
#10592=CARTESIAN_POINT('Ctrl Pts',(0.285026054019408,-0.253736573365772,
0.245407509855448));
#10593=CARTESIAN_POINT('Ctrl Pts',(0.282998092474391,-0.252081854116846,
0.23797163888115));
#10594=CARTESIAN_POINT('Ctrl Pts',(0.282727851328804,-0.251336253328568,
0.23414979871812));
#10595=CARTESIAN_POINT('Ctrl Pts',(0.283689125962742,-0.249727307814211,
0.226501023409916));
#10596=CARTESIAN_POINT('Ctrl Pts',(0.284955366725024,-0.248874826503157,
0.222761934324927));
#10597=CARTESIAN_POINT('Ctrl Pts',(0.288834826864451,-0.247222326929116,
0.216104080617249));
#10598=CARTESIAN_POINT('Ctrl Pts',(0.291370923996514,-0.2464789295502,0.213231529471732));
#10599=CARTESIAN_POINT('Ctrl Pts',(0.297497620753449,-0.244866699466119,
0.208555972947657));
#10600=CARTESIAN_POINT('Ctrl Pts',(0.301048976798824,-0.244014359153285,
0.206838207003931));
#10601=CARTESIAN_POINT('Ctrl Pts',(0.308514494402929,-0.242364083064711,
0.204935467250037));
#10602=CARTESIAN_POINT('Ctrl Pts',(0.312341592715377,-0.241622505817059,
0.204729200418599));
#10603=CARTESIAN_POINT('Ctrl Pts',(0.319969359269844,-0.240007139576989,
0.205818721081279));
#10604=CARTESIAN_POINT('Ctrl Pts',(0.323681958322325,-0.239154998816062,
0.207144802500859));
#10605=CARTESIAN_POINT('Ctrl Pts',(0.330273307928456,-0.237506955239066,
0.211131014253464));
#10606=CARTESIAN_POINT('Ctrl Pts',(0.333105187525855,-0.236766840574776,
0.213715106524612));
#10607=CARTESIAN_POINT('Ctrl Pts',(0.337676858488898,-0.235148471389429,
0.219915538069614));
#10608=CARTESIAN_POINT('Ctrl Pts',(0.33933460883526,-0.234296585728181,
0.223489479503912));
#10609=CARTESIAN_POINT('Ctrl Pts',(0.340762023337208,-0.232978673118118,
0.229489607140816));
#10610=CARTESIAN_POINT('Ctrl Pts',(0.341025000000024,-0.232506720930925,
0.231741090982612));
#10611=CARTESIAN_POINT('Ctrl Pts',(0.341025,-0.232055063806209,0.234000000000312));
#10612=CARTESIAN_POINT('Ctrl Pts',(0.341025,-0.214538157676302,0.233999999999869));
#10613=CARTESIAN_POINT('Ctrl Pts',(0.341025,-0.214869839015507,0.232341135504798));
#10614=CARTESIAN_POINT('Ctrl Pts',(0.340883004134828,-0.215213056854052,
0.230683389203099));
#10615=CARTESIAN_POINT('Ctrl Pts',(0.339935370094468,-0.21638431602635,
0.22521799959744));
#10616=CARTESIAN_POINT('Ctrl Pts',(0.338512523478891,-0.217232189886308,
0.221566822395682));
#10617=CARTESIAN_POINT('Ctrl Pts',(0.334349897172759,-0.218871547045524,
0.215091990168438));
#10618=CARTESIAN_POINT('Ctrl Pts',(0.3316750220631,-0.219611127513068,0.212322227897887));
#10619=CARTESIAN_POINT('Ctrl Pts',(0.325345900605232,-0.221239997993082,
0.207934445035491));
#10620=CARTESIAN_POINT('Ctrl Pts',(0.321743698141808,-0.222088551784091,
0.206385153182947));
#10621=CARTESIAN_POINT('Ctrl Pts',(0.314209320323258,-0.223725568673196,
0.204808753570719));
#10622=CARTESIAN_POINT('Ctrl Pts',(0.310361749892794,-0.224464217149798,
0.204771126879739));
#10623=CARTESIAN_POINT('Ctrl Pts',(0.302794791814723,-0.226095577853308,
0.206200575740221));
#10624=CARTESIAN_POINT('Ctrl Pts',(0.299160871449254,-0.226944757448249,
0.207680850010482));
#10625=CARTESIAN_POINT('Ctrl Pts',(0.292751273712584,-0.228579377795815,
0.21194377214991));
#10626=CARTESIAN_POINT('Ctrl Pts',(0.290026455541951,-0.229317380849198,
0.214656934039841));
#10627=CARTESIAN_POINT('Ctrl Pts',(0.285734627160808,-0.230951174161902,
0.22105042210334));
#10628=CARTESIAN_POINT('Ctrl Pts',(0.284238327531649,-0.231800926465085,
0.224680568879497));
#10629=CARTESIAN_POINT('Ctrl Pts',(0.282778893939836,-0.233433107551694,
0.232239209923001));
#10630=CARTESIAN_POINT('Ctrl Pts',(0.282800027530796,-0.234170710421518,
0.236081948098842));
#10631=CARTESIAN_POINT('Ctrl Pts',(0.284342872165823,-0.235806906394648,
0.243626119131101));
#10632=CARTESIAN_POINT('Ctrl Pts',(0.285880316716568,-0.23665717779738,
0.247241819336936));
#10633=CARTESIAN_POINT('Ctrl Pts',(0.290242945757623,-0.238286858468987,
0.253585411924966));
#10634=CARTESIAN_POINT('Ctrl Pts',(0.292994134028774,-0.239024331511038,
0.256265076742861));
#10635=CARTESIAN_POINT('Ctrl Pts',(0.29945159365641,-0.240662893505918,
0.26046004308233));
#10636=CARTESIAN_POINT('Ctrl Pts',(0.303108947917218,-0.241513633553178,
0.261902584450119));
#10637=CARTESIAN_POINT('Ctrl Pts',(0.310690944535908,-0.243140736008415,
0.263244311268931));
#10638=CARTESIAN_POINT('Ctrl Pts',(0.314528605496521,-0.243878368443502,
0.263164152795768));
#10639=CARTESIAN_POINT('Ctrl Pts',(0.322048894390916,-0.245519258441663,
0.261506974043784));
#10640=CARTESIAN_POINT('Ctrl Pts',(0.325645222571564,-0.246370416870474,
0.259912050979407));
#10641=CARTESIAN_POINT('Ctrl Pts',(0.331921168602102,-0.247994854874085,
0.255449410772247));
#10642=CARTESIAN_POINT('Ctrl Pts',(0.334555261148753,-0.248732942102951,
0.252659805731104));
#10643=CARTESIAN_POINT('Ctrl Pts',(0.338651343771317,-0.250376128181061,
0.246138260328344));
#10644=CARTESIAN_POINT('Ctrl Pts',(0.340038815648235,-0.251227654387923,
0.242454163654446));
#10645=CARTESIAN_POINT('Ctrl Pts',(0.340902678453221,-0.25237404610346,
0.237078446473759));
#10646=CARTESIAN_POINT('Ctrl Pts',(0.341024999999985,-0.252691884023807,
0.235539485423855));
#10647=CARTESIAN_POINT('Ctrl Pts',(0.341025,-0.252999696137756,0.234000000000291));
#10648=CARTESIAN_POINT('Origin',(0.312,-0.367299245512014,0.234));
#10649=CARTESIAN_POINT('',(0.300720945773973,-0.38136034617654,0.255174416688897));
#10650=CARTESIAN_POINT('Ctrl Pts',(0.300720945773973,-0.38136034617654,
0.255174416688897));
#10651=CARTESIAN_POINT('Ctrl Pts',(0.303071947507966,-0.381770731209383,
0.255798142815972));
#10652=CARTESIAN_POINT('Ctrl Pts',(0.305511215748355,-0.382189662190608,
0.256056110947202));
#10653=CARTESIAN_POINT('Ctrl Pts',(0.310172296222066,-0.383022608193106,
0.255776144286767));
#10654=CARTESIAN_POINT('Ctrl Pts',(0.312384329709666,-0.38343303912153,
0.255296559756398));
#10655=CARTESIAN_POINT('Ctrl Pts',(0.316830130416925,-0.38436538138602,
0.253490205695639));
#10656=CARTESIAN_POINT('Ctrl Pts',(0.318988316870618,-0.38488174576964,
0.252079321407477));
#10657=CARTESIAN_POINT('Ctrl Pts',(0.322382922851469,-0.385905888702482,
0.248677081627118));
#10658=CARTESIAN_POINT('Ctrl Pts',(0.323675880946405,-0.386403953589268,
0.246773243783995));
#10659=CARTESIAN_POINT('Ctrl Pts',(0.325235379437235,-0.387407349878669,
0.242855173260985));
#10660=CARTESIAN_POINT('Ctrl Pts',(0.325606100769555,-0.387896727291895,
0.240914385346073));
#10661=CARTESIAN_POINT('Ctrl Pts',(0.325542681199236,-0.388881366993573,
0.237220445870688));
#10662=CARTESIAN_POINT('Ctrl Pts',(0.325179886647392,-0.389366076501881,
0.235483393421124));
#10663=CARTESIAN_POINT('Ctrl Pts',(0.323988725478918,-0.390232569605035,
0.232865838303298));
#10664=CARTESIAN_POINT('Ctrl Pts',(0.323370604883465,-0.390588086253556,
0.231917862255896));
#10665=CARTESIAN_POINT('Ctrl Pts',(0.321924412440407,-0.391309449235803,
0.230332270038207));
#10666=CARTESIAN_POINT('Ctrl Pts',(0.321127073132935,-0.391666827688163,
0.229684829649094));
#10667=CARTESIAN_POINT('Ctrl Pts',(0.320248507106366,-0.392042764587424,
0.22918748777218));
#10668=CARTESIAN_POINT('',(0.285747669608679,-0.37968287719136,0.234584491913708));
#10669=CARTESIAN_POINT('Ctrl Pts',(0.300720945773973,-0.381360346176541,
0.255174416688897));
#10670=CARTESIAN_POINT('Ctrl Pts',(0.298681504943657,-0.381210294831919,
0.254317895306854));
#10671=CARTESIAN_POINT('Ctrl Pts',(0.296757153262688,-0.381058682395673,
0.253180630809774));
#10672=CARTESIAN_POINT('Ctrl Pts',(0.293290123884145,-0.380780095584704,
0.250390969733373));
#10673=CARTESIAN_POINT('Ctrl Pts',(0.291757159938781,-0.380650540164457,
0.248753683790207));
#10674=CARTESIAN_POINT('Ctrl Pts',(0.289175679376609,-0.380382551040433,
0.245162589934767));
#10675=CARTESIAN_POINT('Ctrl Pts',(0.288121229117268,-0.380244466685103,
0.243210969191303));
#10676=CARTESIAN_POINT('Ctrl Pts',(0.286516240235867,-0.379961005715499,
0.239054456383548));
#10677=CARTESIAN_POINT('Ctrl Pts',(0.285978155545039,-0.379816147983171,
0.236842600283151));
#10678=CARTESIAN_POINT('Ctrl Pts',(0.285747669608671,-0.379682877191338,
0.23458449191371));
#10679=CARTESIAN_POINT('Ctrl Pts',(0.285747669608744,-0.379682877191394,
0.2345844919136));
#10680=CARTESIAN_POINT('Ctrl Pts',(0.288362814165929,-0.381581143175937,
0.236753152123693));
#10681=CARTESIAN_POINT('Ctrl Pts',(0.291310857834375,-0.383518203182331,
0.238355046579751));
#10682=CARTESIAN_POINT('Ctrl Pts',(0.296092129609315,-0.386643748598289,
0.239618518940697));
#10683=CARTESIAN_POINT('Ctrl Pts',(0.297736716409805,-0.387717812800894,
0.239838033575163));
#10684=CARTESIAN_POINT('Ctrl Pts',(0.300950136195099,-0.38987723881233,
0.239832376749649));
#10685=CARTESIAN_POINT('Ctrl Pts',(0.302503264919579,-0.390949771261564,
0.239624211315721));
#10686=CARTESIAN_POINT('Ctrl Pts',(0.303995761175654,-0.392042764587426,
0.239208675865272));
#10687=CARTESIAN_POINT('Origin',(0.312,-0.031465841510503,0.234));
#10688=CARTESIAN_POINT('',(0.398,-0.031465841510503,0.234));
#10689=CARTESIAN_POINT('Origin',(0.312,-0.031465841510503,0.234));
#10690=CARTESIAN_POINT('',(0.398,-0.033,0.234));
#10691=CARTESIAN_POINT('',(0.398,-0.031465841510503,0.234));
#10692=CARTESIAN_POINT('Origin',(0.312,-0.033,0.234));
#10693=CARTESIAN_POINT('Origin',(0.312,-0.082465841510503,0.234));
#10694=CARTESIAN_POINT('',(0.355,-0.082465841510503,0.234));
#10695=CARTESIAN_POINT('',(0.355,-0.082465841510503,0.234));
#10696=CARTESIAN_POINT('Origin',(0.312,-0.082465841510503,0.234));
#10697=CARTESIAN_POINT('Origin',(0.312,-0.031465841510503,0.234));
#10698=CARTESIAN_POINT('',(0.355,-0.031465841510503,0.234));
#10699=CARTESIAN_POINT('Origin',(0.312,-0.031465841510503,0.234));
#10700=CARTESIAN_POINT('',(0.321,-0.031465841510503,0.203291694934432));
#10701=CARTESIAN_POINT('',(0.321,-0.031465841510503,0.17));
#10702=CARTESIAN_POINT('',(0.321,-0.031465841510503,0.17));
#10703=CARTESIAN_POINT('',(0.327813708498985,-0.031465841510503,0.218186291501015));
#10704=CARTESIAN_POINT('',(0.327813708498985,-0.031465841510503,0.218186291501015));
#10705=CARTESIAN_POINT('',(0.342708305065568,-0.031465841510503,0.225));
#10706=CARTESIAN_POINT('',(0.342708305065568,-0.031465841510503,0.225));
#10707=CARTESIAN_POINT('',(0.376,-0.031465841510503,0.225));
#10708=CARTESIAN_POINT('',(0.376,-0.031465841510503,0.225));
#10709=CARTESIAN_POINT('',(0.376,-0.031465841510503,0.243));
#10710=CARTESIAN_POINT('',(0.376,-0.031465841510503,0.225));
#10711=CARTESIAN_POINT('',(0.342708305065568,-0.031465841510503,0.243));
#10712=CARTESIAN_POINT('',(0.376,-0.031465841510503,0.243));
#10713=CARTESIAN_POINT('',(0.327813708498985,-0.031465841510503,0.249813708498985));
#10714=CARTESIAN_POINT('',(0.342708305065568,-0.031465841510503,0.243));
#10715=CARTESIAN_POINT('',(0.321,-0.031465841510503,0.264708305065568));
#10716=CARTESIAN_POINT('',(0.327813708498985,-0.031465841510503,0.249813708498985));
#10717=CARTESIAN_POINT('',(0.321,-0.031465841510503,0.298));
#10718=CARTESIAN_POINT('',(0.321,-0.031465841510503,0.264708305065568));
#10719=CARTESIAN_POINT('',(0.303,-0.031465841510503,0.298));
#10720=CARTESIAN_POINT('',(0.321,-0.031465841510503,0.298));
#10721=CARTESIAN_POINT('',(0.303,-0.031465841510503,0.264708305065568));
#10722=CARTESIAN_POINT('',(0.303,-0.031465841510503,0.264708305065568));
#10723=CARTESIAN_POINT('',(0.296186291501015,-0.031465841510503,0.249813708498985));
#10724=CARTESIAN_POINT('',(0.296186291501015,-0.031465841510503,0.249813708498985));
#10725=CARTESIAN_POINT('',(0.281291694934432,-0.031465841510503,0.243));
#10726=CARTESIAN_POINT('',(0.281291694934432,-0.031465841510503,0.243));
#10727=CARTESIAN_POINT('',(0.248,-0.031465841510503,0.243));
#10728=CARTESIAN_POINT('',(0.281291694934432,-0.031465841510503,0.243));
#10729=CARTESIAN_POINT('',(0.248,-0.031465841510503,0.225));
#10730=CARTESIAN_POINT('',(0.248,-0.031465841510503,0.225));
#10731=CARTESIAN_POINT('',(0.281291694934432,-0.031465841510503,0.225));
#10732=CARTESIAN_POINT('',(0.281291694934432,-0.031465841510503,0.225));
#10733=CARTESIAN_POINT('',(0.296186291501015,-0.031465841510503,0.218186291501015));
#10734=CARTESIAN_POINT('',(0.281291694934432,-0.031465841510503,0.225));
#10735=CARTESIAN_POINT('',(0.303,-0.031465841510503,0.203291694934432));
#10736=CARTESIAN_POINT('',(0.296186291501015,-0.031465841510503,0.218186291501015));
#10737=CARTESIAN_POINT('',(0.303,-0.031465841510503,0.17));
#10738=CARTESIAN_POINT('',(0.303,-0.031465841510503,0.17));
#10739=CARTESIAN_POINT('',(0.321,-0.031465841510503,0.17));
#10740=CARTESIAN_POINT('Origin',(0.321,-0.120465841510503,0.17));
#10741=CARTESIAN_POINT('',(0.321,-0.040365841510503,0.17));
#10742=CARTESIAN_POINT('',(0.321,-0.120465841510503,0.17));
#10743=CARTESIAN_POINT('',(0.321,-0.112832360980894,0.213542277747752));
#10744=CARTESIAN_POINT('',(0.321,-0.099218177600078,0.205362051094));
#10745=CARTESIAN_POINT('',(0.321,-0.033312952449241,0.203524394621799));
#10746=CARTESIAN_POINT('Origin',(0.321,-0.120465841510503,0.17));
#10747=CARTESIAN_POINT('',(0.303,-0.040365841510503,0.17));
#10748=CARTESIAN_POINT('',(0.303,-0.120465841510503,0.17));
#10749=CARTESIAN_POINT('',(0.398,-0.040365841510503,0.17));
#10750=CARTESIAN_POINT('Origin',(0.303,-0.120465841510503,0.17));
#10751=CARTESIAN_POINT('',(0.303,-0.112832360980894,0.213542277747752));
#10752=CARTESIAN_POINT('',(0.303,-0.114946811458852,0.213808656964536));
#10753=CARTESIAN_POINT('',(0.303,-0.099218177600078,0.205362051094));
#10754=CARTESIAN_POINT('Origin',(0.296186291501015,-0.031465841510503,0.218186291501015));
#10755=CARTESIAN_POINT('',(0.301341705995792,-0.120465841510503,0.218128935584108));
#10756=CARTESIAN_POINT('',(0.299705544261835,-0.120465841510503,0.221705544261835));
#10757=CARTESIAN_POINT('',(0.297182233588354,-0.120465841510503,0.227221438359631));
#10758=CARTESIAN_POINT('',(0.314893172995696,-0.058085552352554,0.180647076425544));
#10759=CARTESIAN_POINT('',(0.296186291501015,-0.031465841510503,0.218186291501015));
#10760=CARTESIAN_POINT('Origin',(0.281291694934432,-0.031465841510503,0.225));
#10761=CARTESIAN_POINT('',(0.291542277747752,-0.112832360980894,0.225));
#10762=CARTESIAN_POINT('',(0.281291694934432,-0.031465841510503,0.225));
#10763=CARTESIAN_POINT('',(0.296128935584108,-0.120465841510503,0.223341705995792));
#10764=CARTESIAN_POINT('',(0.25419690724425,-0.050679227091138,0.238502119887822));
#10765=CARTESIAN_POINT('',(0.305221438359632,-0.120465841510503,0.219182233588353));
#10766=CARTESIAN_POINT('Origin',(0.281291694934432,-0.120465841510503,0.225));
#10767=CARTESIAN_POINT('',(0.248,-0.040365841510503,0.225));
#10768=CARTESIAN_POINT('',(0.248,-0.120465841510503,0.225));
#10769=CARTESIAN_POINT('',(0.292193146536887,-0.113915588552353,0.225));
#10770=CARTESIAN_POINT('Origin',(0.248,-0.120465841510503,0.225));
#10771=CARTESIAN_POINT('',(0.248,-0.040365841510503,0.243));
#10772=CARTESIAN_POINT('',(0.248,-0.120465841510503,0.243));
#10773=CARTESIAN_POINT('',(0.248,-0.040365841510503,0.17));
#10774=CARTESIAN_POINT('Origin',(0.281291694934432,-0.120465841510503,0.243));
#10775=CARTESIAN_POINT('',(0.291542277747752,-0.112832360980894,0.243));
#10776=CARTESIAN_POINT('',(0.29232877625535,-0.119075386113937,0.243));
#10777=CARTESIAN_POINT('',(0.292193146536887,-0.113915588552353,0.243));
#10778=CARTESIAN_POINT('Origin',(0.281291694934432,-0.031465841510503,0.243));
#10779=CARTESIAN_POINT('',(0.296128935584108,-0.120465841510503,0.244658294004208));
#10780=CARTESIAN_POINT('',(0.299705544261835,-0.120465841510503,0.246294455738165));
#10781=CARTESIAN_POINT('',(0.305221438359632,-0.120465841510503,0.248817766411647));
#10782=CARTESIAN_POINT('',(0.25419690724425,-0.050679227091138,0.229497880112178));
#10783=CARTESIAN_POINT('',(0.296173695751771,-0.031147301820715,0.249826304248229));
#10784=CARTESIAN_POINT('Origin',(0.296186291501015,-0.031465841510503,0.249813708498985));
#10785=CARTESIAN_POINT('',(0.303,-0.112832360980894,0.254457722252248));
#10786=CARTESIAN_POINT('',(0.303,-0.033312952449241,0.264475605378201));
#10787=CARTESIAN_POINT('',(0.301341705995792,-0.120465841510503,0.249871064415892));
#10788=CARTESIAN_POINT('',(0.314893172995696,-0.058085552352554,0.287352923574456));
#10789=CARTESIAN_POINT('',(0.297182233588354,-0.120465841510503,0.240778561640369));
#10790=CARTESIAN_POINT('Origin',(0.303,-0.120465841510503,0.264708305065568));
#10791=CARTESIAN_POINT('',(0.303,-0.040365841510503,0.298));
#10792=CARTESIAN_POINT('',(0.303,-0.120465841510503,0.298));
#10793=CARTESIAN_POINT('',(0.303,-0.113915588552353,0.253806853463113));
#10794=CARTESIAN_POINT('Origin',(0.321,-0.120465841510503,0.298));
#10795=CARTESIAN_POINT('',(0.321,-0.040365841510503,0.298));
#10796=CARTESIAN_POINT('',(0.321,-0.120465841510503,0.298));
#10797=CARTESIAN_POINT('',(0.248,-0.040365841510503,0.298));
#10798=CARTESIAN_POINT('Origin',(0.321,-0.120465841510503,0.264708305065568));
#10799=CARTESIAN_POINT('',(0.321,-0.112832360980894,0.254457722252248));
#10800=CARTESIAN_POINT('',(0.321,-0.119075386113937,0.25367122374465));
#10801=CARTESIAN_POINT('',(0.321,-0.113915588552353,0.253806853463113));
#10802=CARTESIAN_POINT('Origin',(0.327813708498985,-0.031465841510503,0.249813708498985));
#10803=CARTESIAN_POINT('',(0.322658294004208,-0.120465841510503,0.249871064415892));
#10804=CARTESIAN_POINT('',(0.324294455738165,-0.120465841510503,0.246294455738165));
#10805=CARTESIAN_POINT('',(0.326817766411647,-0.120465841510503,0.240778561640369));
#10806=CARTESIAN_POINT('',(0.309106827004304,-0.058085552352554,0.287352923574456));
#10807=CARTESIAN_POINT('',(0.327813708498985,-0.031465841510503,0.249813708498985));
#10808=CARTESIAN_POINT('Origin',(0.342708305065568,-0.031465841510503,0.243));
#10809=CARTESIAN_POINT('',(0.332457722252248,-0.112832360980894,0.243));
#10810=CARTESIAN_POINT('',(0.342708305065568,-0.031465841510503,0.243));
#10811=CARTESIAN_POINT('',(0.327871064415893,-0.120465841510503,0.244658294004208));
#10812=CARTESIAN_POINT('',(0.36980309275575,-0.050679227091138,0.229497880112178));
#10813=CARTESIAN_POINT('',(0.318778561640369,-0.120465841510503,0.248817766411647));
#10814=CARTESIAN_POINT('Origin',(0.376,-0.120465841510503,0.243));
#10815=CARTESIAN_POINT('',(0.376,-0.040365841510503,0.243));
#10816=CARTESIAN_POINT('',(0.376,-0.120465841510503,0.243));
#10817=CARTESIAN_POINT('',(0.340637948906,-0.099218177600078,0.243));
#10818=CARTESIAN_POINT('Origin',(0.376,-0.120465841510503,0.225));
#10819=CARTESIAN_POINT('',(0.376,-0.040365841510503,0.225));
#10820=CARTESIAN_POINT('',(0.376,-0.120465841510503,0.225));
#10821=CARTESIAN_POINT('',(0.376000000000001,-0.040365841510503,0.298));
#10822=CARTESIAN_POINT('Origin',(0.376,-0.120465841510503,0.225));
#10823=CARTESIAN_POINT('',(0.332457722252248,-0.112832360980894,0.225));
#10824=CARTESIAN_POINT('',(0.332191343035464,-0.114946811458852,0.225));
#10825=CARTESIAN_POINT('',(0.340637948906,-0.099218177600078,0.225));
#10826=CARTESIAN_POINT('Origin',(0.342708305065568,-0.031465841510503,0.225));
#10827=CARTESIAN_POINT('',(0.327871064415892,-0.120465841510503,0.223341705995792));
#10828=CARTESIAN_POINT('',(0.324294455738165,-0.120465841510503,0.221705544261835));
#10829=CARTESIAN_POINT('',(0.318778561640369,-0.120465841510503,0.219182233588353));
#10830=CARTESIAN_POINT('',(0.36980309275575,-0.050679227091138,0.238502119887822));
#10831=CARTESIAN_POINT('',(0.327826304248229,-0.031147301820715,0.218173695751771));
#10832=CARTESIAN_POINT('Origin',(0.327813708498985,-0.031465841510503,0.218186291501015));
#10833=CARTESIAN_POINT('',(0.322658294004208,-0.120465841510503,0.218128935584108));
#10834=CARTESIAN_POINT('',(0.309106827004304,-0.058085552352554,0.180647076425544));
#10835=CARTESIAN_POINT('',(0.326817766411647,-0.120465841510503,0.227221438359631));
#10836=CARTESIAN_POINT('Origin',(0.312,-0.120465841510503,0.234));
#10837=CARTESIAN_POINT('',(0.296128935584108,-0.120465841510503,0.234));
#10838=CARTESIAN_POINT('',(0.312,-0.120465841510503,0.249871064415892));
#10839=CARTESIAN_POINT('',(0.327871064415892,-0.120465841510503,0.234));
#10840=CARTESIAN_POINT('',(0.312,-0.120465841510503,0.218128935584108));
#10841=CARTESIAN_POINT('Origin',(0.398,-0.040365841510503,0.17));
#10842=CARTESIAN_POINT('Origin',(0.376000000000001,-0.040365841510503,0.298));
#10843=CARTESIAN_POINT('Origin',(0.248,-0.040365841510503,0.298));
#10844=CARTESIAN_POINT('Origin',(0.248,-0.040365841510503,0.17));
#10845=CARTESIAN_POINT('Ctrl Pts',(0.31201586738867,-0.326659859087703,
0.190999006566015));
#10846=CARTESIAN_POINT('Ctrl Pts',(0.300639572758121,-0.328279270413053,
0.191556949192369));
#10847=CARTESIAN_POINT('Ctrl Pts',(0.289904711018568,-0.329886367795091,
0.196792772436048));
#10848=CARTESIAN_POINT('Ctrl Pts',(0.279009404578334,-0.33230586785587,
0.208988621719165));
#10849=CARTESIAN_POINT('Ctrl Pts',(0.276233503696556,-0.33311211785587,
0.213736380573703));
#10850=CARTESIAN_POINT('Ctrl Pts',(0.272743645480744,-0.33472461785587,
0.22382821295626));
#10851=CARTESIAN_POINT('Ctrl Pts',(0.272030260616874,-0.33553086785587,
0.229167883223445));
#10852=CARTESIAN_POINT('Ctrl Pts',(0.27269182481414,-0.337143367855869,
0.239604223820769));
#10853=CARTESIAN_POINT('Ctrl Pts',(0.274065608180855,-0.33794961785587,
0.244696699129222));
#10854=CARTESIAN_POINT('Ctrl Pts',(0.278606329479717,-0.33956211785587,
0.253870863513668));
#10855=CARTESIAN_POINT('Ctrl Pts',(0.281770611956245,-0.340368367855869,
0.257949211609871));
#10856=CARTESIAN_POINT('Ctrl Pts',(0.293115949743896,-0.342787117855872,
0.267797083814256));
#10857=CARTESIAN_POINT('Ctrl Pts',(0.303162005629405,-0.344399617855867,
0.271020514488959));
#10858=CARTESIAN_POINT('Ctrl Pts',(0.322251276533396,-0.347624617855873,
0.269528645559326));
#10859=CARTESIAN_POINT('Ctrl Pts',(0.331174596722691,-0.349237117855865,
0.264850592030011));
#10860=CARTESIAN_POINT('Ctrl Pts',(0.342936501522016,-0.352462117855874,
0.250877901297443));
#10861=CARTESIAN_POINT('Ctrl Pts',(0.34572103751547,-0.354074617855867,
0.241690619136536));
#10862=CARTESIAN_POINT('Ctrl Pts',(0.344095035812623,-0.357299617855873,
0.224385897703238));
#10863=CARTESIAN_POINT('Ctrl Pts',(0.339722583423933,-0.358912117855872,
0.216376821426212));
#10864=CARTESIAN_POINT('Ctrl Pts',(0.326929419607317,-0.362137117855868,
0.205959661547641));
#10865=CARTESIAN_POINT('Ctrl Pts',(0.318608422490544,-0.363749617855868,
0.203596955366161));
#10866=CARTESIAN_POINT('Ctrl Pts',(0.303088884836428,-0.366974617855871,
0.205322477515808));
#10867=CARTESIAN_POINT('Ctrl Pts',(0.295987171372128,-0.368587117855871,
0.209372002489357));
#10868=CARTESIAN_POINT('Ctrl Pts',(0.286890551956503,-0.371812117855869,
0.220960894868697));
#10869=CARTESIAN_POINT('Ctrl Pts',(0.284932506878993,-0.373424617855867,
0.228408346885165));
#10870=CARTESIAN_POINT('Ctrl Pts',(0.286722939126391,-0.376649617855873,
0.242142571283351));
#10871=CARTESIAN_POINT('Ctrl Pts',(0.290432316282804,-0.378262117855871,
0.248344053435684));
#10872=CARTESIAN_POINT('Ctrl Pts',(0.300792553347096,-0.381487117855869,
0.256144690071377));
#10873=CARTESIAN_POINT('Ctrl Pts',(0.307359452781731,-0.383099617855874,
0.257715343303036));
#10874=CARTESIAN_POINT('Ctrl Pts',(0.319308739158211,-0.386324617855866,
0.255894602796006));
#10875=CARTESIAN_POINT('Ctrl Pts',(0.324617370481078,-0.387937117855873,
0.252542484738038));
#10876=CARTESIAN_POINT('Ctrl Pts',(0.331146930516141,-0.391162117855867,
0.243434921721637));
#10877=CARTESIAN_POINT('Ctrl Pts',(0.33234755839596,-0.392774617855868,
0.237755328500698));
#10878=CARTESIAN_POINT('Ctrl Pts',(0.330531096439102,-0.395999617855872,
0.227590100401154));
#10879=CARTESIAN_POINT('Ctrl Pts',(0.327553236396295,-0.397612117855869,
0.223166691909881));
#10880=CARTESIAN_POINT('Ctrl Pts',(0.319721996585317,-0.400837117855871,
0.217882958567727));
#10881=CARTESIAN_POINT('Ctrl Pts',(0.314937990401364,-0.402448936303751,
0.217034514854975));
#10882=CARTESIAN_POINT('Ctrl Pts',(0.310744931220165,-0.40406211785587,
0.217923704716504));
#10883=CARTESIAN_POINT('Ctrl Pts',(0.312008191386441,-0.314640504194959,
0.211817135061762));
#10884=CARTESIAN_POINT('Ctrl Pts',(0.306135176002929,-0.316261081131931,
0.21237759790479));
#10885=CARTESIAN_POINT('Ctrl Pts',(0.300836244509255,-0.317867014526647,
0.215339955003805));
#10886=CARTESIAN_POINT('Ctrl Pts',(0.295730962607499,-0.320286514587426,
0.221689114686306));
#10887=CARTESIAN_POINT('Ctrl Pts',(0.294493845791549,-0.321092764587426,
0.224103295785776));
#10888=CARTESIAN_POINT('Ctrl Pts',(0.293065547208146,-0.322705264587426,
0.229113412538329));
#10889=CARTESIAN_POINT('Ctrl Pts',(0.292874107460773,-0.323511514587427,
0.231706991943511));
#10890=CARTESIAN_POINT('Ctrl Pts',(0.293482264520864,-0.325124014587426,
0.236659628577737));
#10891=CARTESIAN_POINT('Ctrl Pts',(0.294280717132445,-0.325930264587426,
0.239016699629464));
#10892=CARTESIAN_POINT('Ctrl Pts',(0.296661295119669,-0.327542764587426,
0.243150264650636));
#10893=CARTESIAN_POINT('Ctrl Pts',(0.298241635092051,-0.328349014587425,
0.244925447906827));
#10894=CARTESIAN_POINT('Ctrl Pts',(0.303686002815686,-0.330767764587428,
0.249042287156691));
#10895=CARTESIAN_POINT('Ctrl Pts',(0.308239461959752,-0.332380264587423,
0.250099523693583));
#10896=CARTESIAN_POINT('Ctrl Pts',(0.316362885615951,-0.335605264587429,
0.248821273175312));
#10897=CARTESIAN_POINT('Ctrl Pts',(0.319882140426812,-0.337217764587422,
0.246521684578784));
#10898=CARTESIAN_POINT('Ctrl Pts',(0.324079654947842,-0.340442764587431,
0.240490998254281));
#10899=CARTESIAN_POINT('Ctrl Pts',(0.324751590617281,-0.342055264587423,
0.23681714880488));
#10900=CARTESIAN_POINT('Ctrl Pts',(0.323445991192577,-0.345280264587429,
0.2304756737721));
#10901=CARTESIAN_POINT('Ctrl Pts',(0.321504520151466,-0.346892764587428,
0.227847243625603));
#10902=CARTESIAN_POINT('Ctrl Pts',(0.316726651703971,-0.350117764587424,
0.224916769500658));
#10903=CARTESIAN_POINT('Ctrl Pts',(0.313939400460029,-0.351730264587425,
0.224612869488869));
#10904=CARTESIAN_POINT('Ctrl Pts',(0.309379468392343,-0.354955264587428,
0.225911235896547));
#10905=CARTESIAN_POINT('Ctrl Pts',(0.307634471605941,-0.356567764587427,
0.22747749360134));
#10906=CARTESIAN_POINT('Ctrl Pts',(0.305946123223406,-0.359792764587425,
0.230978560007573));
#10907=CARTESIAN_POINT('Ctrl Pts',(0.305992894936809,-0.361405264587423,
0.232872477667328));
#10908=CARTESIAN_POINT('Ctrl Pts',(0.307249458514283,-0.364630264587429,
0.235651776986458));
#10909=CARTESIAN_POINT('Ctrl Pts',(0.308423517893299,-0.366242764587427,
0.236520979783597));
#10910=CARTESIAN_POINT('Ctrl Pts',(0.310624165689449,-0.369467764587425,
0.236992462923552));
#10911=CARTESIAN_POINT('Ctrl Pts',(0.311618268741087,-0.37108026458743,
0.236612478824419));
#10912=CARTESIAN_POINT('Ctrl Pts',(0.312618349916027,-0.374305264587422,
0.235432269244659));
#10913=CARTESIAN_POINT('Ctrl Pts',(0.312619644648246,-0.375917764587429,
0.234667279192913));
#10914=CARTESIAN_POINT('Ctrl Pts',(0.311899864137849,-0.379142764587423,
0.233790294498674));
#10915=CARTESIAN_POINT('Ctrl Pts',(0.31120421905184,-0.380755264587424,
0.233702231572166));
#10916=CARTESIAN_POINT('Ctrl Pts',(0.310134889467954,-0.383980264587428,
0.234479449755252));
#10917=CARTESIAN_POINT('Ctrl Pts',(0.309795722593297,-0.385592764587425,
0.235337932211548));
#10918=CARTESIAN_POINT('Ctrl Pts',(0.310265268955135,-0.388817764587427,
0.237223038440187));
#10919=CARTESIAN_POINT('Ctrl Pts',(0.311082703708549,-0.390422040741986,
0.238214344281441));
#10920=CARTESIAN_POINT('Ctrl Pts',(0.312365262500508,-0.392042764587426,
0.238678682083798));
#10921=CARTESIAN_POINT('',(0.312,-0.326661995356657,0.191));
#10922=CARTESIAN_POINT('Ctrl Pts',(0.312,-0.326661995356657,0.191));
#10923=CARTESIAN_POINT('Ctrl Pts',(0.300629647486091,-0.328280642327357,
0.191562030660643));
#10924=CARTESIAN_POINT('Ctrl Pts',(0.289901444833231,-0.329886995356657,
0.196796742240042));
#10925=CARTESIAN_POINT('Ctrl Pts',(0.279009575001622,-0.332305745356657,
0.208988751160439));
#10926=CARTESIAN_POINT('Ctrl Pts',(0.27623368980287,-0.333111995356657,
0.213736486231547));
#10927=CARTESIAN_POINT('Ctrl Pts',(0.272743852598125,-0.334724495356657,
0.223828266822119));
#10928=CARTESIAN_POINT('Ctrl Pts',(0.272030473053831,-0.335530745356657,
0.229167909101611));
#10929=CARTESIAN_POINT('Ctrl Pts',(0.27269203670678,-0.337143245356656,
0.239604193809953));
#10930=CARTESIAN_POINT('Ctrl Pts',(0.274065814209823,-0.337949495356657,
0.244696641239629));
#10931=CARTESIAN_POINT('Ctrl Pts',(0.278606513492869,-0.339561995356657,
0.25387075425114));
#10932=CARTESIAN_POINT('Ctrl Pts',(0.281770779826124,-0.340368245356656,
0.257949078873876));
#10933=CARTESIAN_POINT('Ctrl Pts',(0.293116057472087,-0.342786995356659,
0.267796892668544));
#10934=CARTESIAN_POINT('Ctrl Pts',(0.30316205737798,-0.344399495356654,
0.271020301265764));
#10935=CARTESIAN_POINT('Ctrl Pts',(0.322251216519913,-0.34762449535666,
0.269528434513293));
#10936=CARTESIAN_POINT('Ctrl Pts',(0.331174481631889,-0.349236995356652,
0.264850405224889));
#10937=CARTESIAN_POINT('Ctrl Pts',(0.342936309336228,-0.352461995356661,
0.250877795435886));
#10938=CARTESIAN_POINT('Ctrl Pts',(0.345720823798418,-0.354074495356654,
0.241690569466952));
#10939=CARTESIAN_POINT('Ctrl Pts',(0.344094825361056,-0.35729949535666,
0.224385959769204));
#10940=CARTESIAN_POINT('Ctrl Pts',(0.339722397748517,-0.358911995356659,
0.216376938330813));
#10941=CARTESIAN_POINT('Ctrl Pts',(0.326929315622434,-0.362136995356655,
0.205959854755275));
#10942=CARTESIAN_POINT('Ctrl Pts',(0.318608374904662,-0.363749495356655,
0.203597169556799));
#10943=CARTESIAN_POINT('Ctrl Pts',(0.303088948948991,-0.366974495356658,
0.205322687352947));
#10944=CARTESIAN_POINT('Ctrl Pts',(0.29598729007944,-0.368586995356658,
0.209372187017456));
#10945=CARTESIAN_POINT('Ctrl Pts',(0.286890746167658,-0.371811995356656,
0.220960996967044));
#10946=CARTESIAN_POINT('Ctrl Pts',(0.284932721522902,-0.373424495356654,
0.22840839238283));
#10947=CARTESIAN_POINT('Ctrl Pts',(0.286723148329201,-0.37664949535666,
0.242142505130274));
#10948=CARTESIAN_POINT('Ctrl Pts',(0.290432499646084,-0.378261995356658,
0.24834393293692));
#10949=CARTESIAN_POINT('Ctrl Pts',(0.297203650827225,-0.380369778963284,
0.253442195441051));
#10950=CARTESIAN_POINT('Ctrl Pts',(0.298925556323858,-0.380865062569912,
0.254420391649161));
#10951=CARTESIAN_POINT('Ctrl Pts',(0.300720945773973,-0.38136034617654,
0.255174416688897));
#10952=CARTESIAN_POINT('Ctrl Pts',(0.312037230342499,-0.343478646314433,
0.211814383887503));
#10953=CARTESIAN_POINT('Ctrl Pts',(0.306152645282155,-0.345101942188383,
0.212367838067348));
#10954=CARTESIAN_POINT('Ctrl Pts',(0.300841854014064,-0.346710509910939,
0.215332978769689));
#10955=CARTESIAN_POINT('Ctrl Pts',(0.295730962607499,-0.34913266843358,
0.221689114686306));
#10956=CARTESIAN_POINT('Ctrl Pts',(0.294493845791549,-0.34993891843358,
0.224103295785776));
#10957=CARTESIAN_POINT('Ctrl Pts',(0.293065547208146,-0.35155141843358,
0.229113412538329));
#10958=CARTESIAN_POINT('Ctrl Pts',(0.292874107460773,-0.35235766843358,
0.231706991943511));
#10959=CARTESIAN_POINT('Ctrl Pts',(0.293482264520864,-0.353970168433579,
0.236659628577737));
#10960=CARTESIAN_POINT('Ctrl Pts',(0.294280717132445,-0.35477641843358,
0.239016699629464));
#10961=CARTESIAN_POINT('Ctrl Pts',(0.296661295119669,-0.35638891843358,
0.243150264650636));
#10962=CARTESIAN_POINT('Ctrl Pts',(0.298241635092051,-0.357195168433579,
0.244925447906827));
#10963=CARTESIAN_POINT('Ctrl Pts',(0.303686002815685,-0.359613918433581,
0.249042287156691));
#10964=CARTESIAN_POINT('Ctrl Pts',(0.308239461959752,-0.361226418433577,
0.250099523693583));
#10965=CARTESIAN_POINT('Ctrl Pts',(0.316362885615951,-0.364451418433583,
0.248821273175312));
#10966=CARTESIAN_POINT('Ctrl Pts',(0.319882140426812,-0.366063918433575,
0.246521684578784));
#10967=CARTESIAN_POINT('Ctrl Pts',(0.324079654947842,-0.369288918433584,
0.240490998254281));
#10968=CARTESIAN_POINT('Ctrl Pts',(0.324751590617281,-0.370901418433577,
0.23681714880488));
#10969=CARTESIAN_POINT('Ctrl Pts',(0.323445991192577,-0.374126418433583,
0.2304756737721));
#10970=CARTESIAN_POINT('Ctrl Pts',(0.321504520151466,-0.375738918433582,
0.227847243625604));
#10971=CARTESIAN_POINT('Ctrl Pts',(0.316726651703971,-0.378963918433578,
0.224916769500658));
#10972=CARTESIAN_POINT('Ctrl Pts',(0.313939400460029,-0.380576418433578,
0.224612869488869));
#10973=CARTESIAN_POINT('Ctrl Pts',(0.309379468392343,-0.383801418433581,
0.225911235896547));
#10974=CARTESIAN_POINT('Ctrl Pts',(0.307634471605942,-0.385413918433582,
0.22747749360134));
#10975=CARTESIAN_POINT('Ctrl Pts',(0.305946123223406,-0.388638918433577,
0.230978560007573));
#10976=CARTESIAN_POINT('Ctrl Pts',(0.305992894936809,-0.390251418433577,
0.232872477667328));
#10977=CARTESIAN_POINT('Ctrl Pts',(0.307249458514283,-0.393476418433583,
0.235651776986458));
#10978=CARTESIAN_POINT('Ctrl Pts',(0.308423517893299,-0.395088918433581,
0.236520979783597));
#10979=CARTESIAN_POINT('Ctrl Pts',(0.310624165689449,-0.398313918433578,
0.236992462923552));
#10980=CARTESIAN_POINT('Ctrl Pts',(0.311618268741087,-0.399926418433584,
0.236612478824419));
#10981=CARTESIAN_POINT('Ctrl Pts',(0.312618349916027,-0.403151418433575,
0.235432269244659));
#10982=CARTESIAN_POINT('Ctrl Pts',(0.312619644648246,-0.404763918433583,
0.234667279192913));
#10983=CARTESIAN_POINT('Ctrl Pts',(0.311899864137849,-0.407988918433576,
0.233790294498674));
#10984=CARTESIAN_POINT('Ctrl Pts',(0.31120421905184,-0.409601418433578,
0.233702231572166));
#10985=CARTESIAN_POINT('Ctrl Pts',(0.310134889467954,-0.412826418433581,
0.234479449755252));
#10986=CARTESIAN_POINT('Ctrl Pts',(0.309795722593297,-0.414438918433579,
0.235337932211548));
#10987=CARTESIAN_POINT('Ctrl Pts',(0.310265268955135,-0.417663918433581,
0.237223038440187));
#10988=CARTESIAN_POINT('Ctrl Pts',(0.311082703708549,-0.41926819458814,
0.238214344281441));
#10989=CARTESIAN_POINT('Ctrl Pts',(0.312365262500508,-0.42088891843358,
0.238678682083798));
#10990=CARTESIAN_POINT('Ctrl Pts',(0.312072112960579,-0.331459422950827,
0.190996498569979));
#10991=CARTESIAN_POINT('Ctrl Pts',(0.300675017794688,-0.33308154360432,
0.191539913191031));
#10992=CARTESIAN_POINT('Ctrl Pts',(0.289916793746893,-0.334691279141708,
0.19677956115955));
#10993=CARTESIAN_POINT('Ctrl Pts',(0.279009575001622,-0.337113437664349,
0.208988751160439));
#10994=CARTESIAN_POINT('Ctrl Pts',(0.27623368980287,-0.337919687664349,
0.213736486231547));
#10995=CARTESIAN_POINT('Ctrl Pts',(0.272743852598125,-0.339532187664349,
0.223828266822119));
#10996=CARTESIAN_POINT('Ctrl Pts',(0.272030473053831,-0.34033843766435,
0.229167909101611));
#10997=CARTESIAN_POINT('Ctrl Pts',(0.27269203670678,-0.341950937664349,
0.239604193809953));
#10998=CARTESIAN_POINT('Ctrl Pts',(0.274065814209823,-0.342757187664349,
0.244696641239629));
#10999=CARTESIAN_POINT('Ctrl Pts',(0.278606513492869,-0.344369687664349,
0.25387075425114));
#11000=CARTESIAN_POINT('Ctrl Pts',(0.281770779826124,-0.345175937664348,
0.257949078873876));
#11001=CARTESIAN_POINT('Ctrl Pts',(0.293116057472087,-0.347594687664351,
0.267796892668544));
#11002=CARTESIAN_POINT('Ctrl Pts',(0.30316205737798,-0.349207187664346,
0.271020301265764));
#11003=CARTESIAN_POINT('Ctrl Pts',(0.322251216519913,-0.352432187664352,
0.269528434513293));
#11004=CARTESIAN_POINT('Ctrl Pts',(0.331174481631889,-0.354044687664345,
0.264850405224889));
#11005=CARTESIAN_POINT('Ctrl Pts',(0.342936309336228,-0.357269687664354,
0.250877795435886));
#11006=CARTESIAN_POINT('Ctrl Pts',(0.345720823798418,-0.358882187664346,
0.241690569466952));
#11007=CARTESIAN_POINT('Ctrl Pts',(0.344094825361056,-0.362107187664352,
0.224385959769204));
#11008=CARTESIAN_POINT('Ctrl Pts',(0.339722397748517,-0.363719687664351,
0.216376938330813));
#11009=CARTESIAN_POINT('Ctrl Pts',(0.326929315622434,-0.366944687664347,
0.205959854755275));
#11010=CARTESIAN_POINT('Ctrl Pts',(0.318608374904662,-0.368557187664348,
0.203597169556799));
#11011=CARTESIAN_POINT('Ctrl Pts',(0.303088948948991,-0.37178218766435,
0.205322687352947));
#11012=CARTESIAN_POINT('Ctrl Pts',(0.29598729007944,-0.373394687664352,
0.209372187017456));
#11013=CARTESIAN_POINT('Ctrl Pts',(0.286890746167658,-0.376619687664346,
0.220960996967044));
#11014=CARTESIAN_POINT('Ctrl Pts',(0.284932721522902,-0.378232187664346,
0.22840839238283));
#11015=CARTESIAN_POINT('Ctrl Pts',(0.286723148329201,-0.381457187664352,
0.242142505130274));
#11016=CARTESIAN_POINT('Ctrl Pts',(0.290432499646084,-0.38306968766435,
0.24834393293692));
#11017=CARTESIAN_POINT('Ctrl Pts',(0.300792653549225,-0.386294687664348,
0.256144494875121));
#11018=CARTESIAN_POINT('Ctrl Pts',(0.307359496186863,-0.387907187664353,
0.257715128226214));
#11019=CARTESIAN_POINT('Ctrl Pts',(0.319308670970897,-0.391132187664345,
0.255894394247367));
#11020=CARTESIAN_POINT('Ctrl Pts',(0.324617248202287,-0.392744687664352,
0.25254230255697));
#11021=CARTESIAN_POINT('Ctrl Pts',(0.3311467343533,-0.395969687664346,0.24343482342523));
#11022=CARTESIAN_POINT('Ctrl Pts',(0.332347342906626,-0.397582187664347,
0.23775528719222));
#11023=CARTESIAN_POINT('Ctrl Pts',(0.330530888564414,-0.400807187664351,
0.227590170616236));
#11024=CARTESIAN_POINT('Ctrl Pts',(0.327553055414721,-0.402419687664348,
0.223166815957101));
#11025=CARTESIAN_POINT('Ctrl Pts',(0.319721900203951,-0.40564468766435,
0.217883155678546));
#11026=CARTESIAN_POINT('Ctrl Pts',(0.314937951108934,-0.40725650603536,
0.21703473071621));
#11027=CARTESIAN_POINT('Ctrl Pts',(0.310744947734307,-0.408869687664349,
0.217923916247719));
#11028=CARTESIAN_POINT('Ctrl Pts',(0.312,-0.331469687664349,0.191));
#11029=CARTESIAN_POINT('Ctrl Pts',(0.300629647486091,-0.333088334635049,
0.191562030660643));
#11030=CARTESIAN_POINT('Ctrl Pts',(0.289901444833231,-0.334694687664349,
0.196796742240042));
#11031=CARTESIAN_POINT('Ctrl Pts',(0.279009575001622,-0.337113437664349,
0.208988751160439));
#11032=CARTESIAN_POINT('Ctrl Pts',(0.27623368980287,-0.337919687664349,
0.213736486231547));
#11033=CARTESIAN_POINT('Ctrl Pts',(0.272743852598125,-0.339532187664349,
0.223828266822119));
#11034=CARTESIAN_POINT('Ctrl Pts',(0.272030473053831,-0.34033843766435,
0.229167909101611));
#11035=CARTESIAN_POINT('Ctrl Pts',(0.27269203670678,-0.341950937664349,
0.239604193809953));
#11036=CARTESIAN_POINT('Ctrl Pts',(0.274065814209823,-0.342757187664349,
0.244696641239629));
#11037=CARTESIAN_POINT('Ctrl Pts',(0.278606513492869,-0.344369687664349,
0.25387075425114));
#11038=CARTESIAN_POINT('Ctrl Pts',(0.281770779826124,-0.345175937664348,
0.257949078873876));
#11039=CARTESIAN_POINT('Ctrl Pts',(0.293116057472087,-0.347594687664351,
0.267796892668544));
#11040=CARTESIAN_POINT('Ctrl Pts',(0.30316205737798,-0.349207187664346,
0.271020301265764));
#11041=CARTESIAN_POINT('Ctrl Pts',(0.322251216519913,-0.352432187664352,
0.269528434513293));
#11042=CARTESIAN_POINT('Ctrl Pts',(0.331174481631889,-0.354044687664345,
0.264850405224889));
#11043=CARTESIAN_POINT('Ctrl Pts',(0.342936309336228,-0.357269687664354,
0.250877795435886));
#11044=CARTESIAN_POINT('Ctrl Pts',(0.345720823798418,-0.358882187664346,
0.241690569466952));
#11045=CARTESIAN_POINT('Ctrl Pts',(0.344094825361056,-0.362107187664352,
0.224385959769204));
#11046=CARTESIAN_POINT('Ctrl Pts',(0.339722397748517,-0.363719687664351,
0.216376938330813));
#11047=CARTESIAN_POINT('Ctrl Pts',(0.326929315622434,-0.366944687664347,
0.205959854755275));
#11048=CARTESIAN_POINT('Ctrl Pts',(0.318608374904662,-0.368557187664348,
0.203597169556799));
#11049=CARTESIAN_POINT('Ctrl Pts',(0.303088948948991,-0.37178218766435,
0.205322687352947));
#11050=CARTESIAN_POINT('Ctrl Pts',(0.29598729007944,-0.373394687664352,
0.209372187017456));
#11051=CARTESIAN_POINT('Ctrl Pts',(0.287042882195899,-0.376565750840006,
0.220767178794465));
#11052=CARTESIAN_POINT('Ctrl Pts',(0.285066608307328,-0.378124314015665,
0.227912023089747));
#11053=CARTESIAN_POINT('Ctrl Pts',(0.285747669608679,-0.37968287719136,
0.234584491913708));
#11054=CARTESIAN_POINT('',(0.312,-0.341114126742166,0.207704658493282));
#11055=CARTESIAN_POINT('Ctrl Pts',(0.312,-0.326661995356657,0.191));
#11056=CARTESIAN_POINT('Ctrl Pts',(0.329811183182043,-0.324258149202811,
0.191));
#11057=CARTESIAN_POINT('Ctrl Pts',(0.342405591591022,-0.321854303048965,
0.203594408408979));
#11058=CARTESIAN_POINT('Ctrl Pts',(0.355,-0.319450456895119,0.216188816817957));
#11059=CARTESIAN_POINT('Ctrl Pts',(0.355,-0.317046610741272,0.234));
#11060=CARTESIAN_POINT('Ctrl Pts',(0.355,-0.314642764587426,0.251811183182043));
#11061=CARTESIAN_POINT('Ctrl Pts',(0.342405591591022,-0.31223891843358,
0.264405591591021));
#11062=CARTESIAN_POINT('Ctrl Pts',(0.329811183182043,-0.309835072279734,
0.277));
#11063=CARTESIAN_POINT('Ctrl Pts',(0.312,-0.307431226125888,0.277));
#11064=CARTESIAN_POINT('Ctrl Pts',(0.294188816817957,-0.305027379972042,
0.277));
#11065=CARTESIAN_POINT('Ctrl Pts',(0.281594408408979,-0.302623533818196,
0.264405591591021));
#11066=CARTESIAN_POINT('Ctrl Pts',(0.269,-0.30021968766435,0.251811183182043));
#11067=CARTESIAN_POINT('Ctrl Pts',(0.269,-0.297815841510503,0.234));
#11068=CARTESIAN_POINT('Ctrl Pts',(0.269,-0.295411995356657,0.216188816817957));
#11069=CARTESIAN_POINT('Ctrl Pts',(0.281594408408979,-0.293008149202811,
0.203594408408979));
#11070=CARTESIAN_POINT('Ctrl Pts',(0.294188816817957,-0.290604303048965,
0.191));
#11071=CARTESIAN_POINT('Ctrl Pts',(0.312,-0.288200456895119,0.191));
#11072=CARTESIAN_POINT('Ctrl Pts',(0.329811183182043,-0.285796610741273,
0.191));
#11073=CARTESIAN_POINT('Ctrl Pts',(0.342405591591022,-0.283392764587427,
0.203594408408979));
#11074=CARTESIAN_POINT('Ctrl Pts',(0.355,-0.280988918433581,0.216188816817957));
#11075=CARTESIAN_POINT('Ctrl Pts',(0.355,-0.278585072279734,0.234));
#11076=CARTESIAN_POINT('Ctrl Pts',(0.355,-0.276181226125888,0.251811183182043));
#11077=CARTESIAN_POINT('Ctrl Pts',(0.342405591591022,-0.273777379972042,
0.264405591591021));
#11078=CARTESIAN_POINT('Ctrl Pts',(0.329811183182043,-0.271373533818196,
0.277));
#11079=CARTESIAN_POINT('Ctrl Pts',(0.312,-0.26896968766435,0.277));
#11080=CARTESIAN_POINT('Ctrl Pts',(0.294188816817957,-0.266565841510504,
0.277));
#11081=CARTESIAN_POINT('Ctrl Pts',(0.281594408408979,-0.264161995356658,
0.264405591591021));
#11082=CARTESIAN_POINT('Ctrl Pts',(0.269,-0.261758149202812,0.251811183182043));
#11083=CARTESIAN_POINT('Ctrl Pts',(0.269,-0.259354303048965,0.234));
#11084=CARTESIAN_POINT('Ctrl Pts',(0.269,-0.256950456895119,0.216188816817957));
#11085=CARTESIAN_POINT('Ctrl Pts',(0.281594408408979,-0.254546610741273,
0.203594408408979));
#11086=CARTESIAN_POINT('Ctrl Pts',(0.294188816817957,-0.252142764587427,
0.191));
#11087=CARTESIAN_POINT('Ctrl Pts',(0.312,-0.249738918433581,0.191));
#11088=CARTESIAN_POINT('Ctrl Pts',(0.329811183182043,-0.247335072279735,
0.191));
#11089=CARTESIAN_POINT('Ctrl Pts',(0.342405591591022,-0.244931226125889,
0.203594408408979));
#11090=CARTESIAN_POINT('Ctrl Pts',(0.355,-0.242527379972043,0.216188816817957));
#11091=CARTESIAN_POINT('Ctrl Pts',(0.355,-0.240123533818197,0.234));
#11092=CARTESIAN_POINT('Ctrl Pts',(0.355,-0.23771968766435,0.251811183182043));
#11093=CARTESIAN_POINT('Ctrl Pts',(0.342405591591022,-0.235315841510504,
0.264405591591021));
#11094=CARTESIAN_POINT('Ctrl Pts',(0.329811183182043,-0.232911995356658,
0.277));
#11095=CARTESIAN_POINT('Ctrl Pts',(0.312,-0.230508149202812,0.277));
#11096=CARTESIAN_POINT('Ctrl Pts',(0.294188816817957,-0.228104303048966,
0.277));
#11097=CARTESIAN_POINT('Ctrl Pts',(0.281594408408979,-0.22570045689512,
0.264405591591021));
#11098=CARTESIAN_POINT('Ctrl Pts',(0.269,-0.223296610741274,0.251811183182043));
#11099=CARTESIAN_POINT('Ctrl Pts',(0.269,-0.220892764587427,0.234));
#11100=CARTESIAN_POINT('Ctrl Pts',(0.269,-0.218488918433581,0.216188816817957));
#11101=CARTESIAN_POINT('Ctrl Pts',(0.281594408408979,-0.216085072279735,
0.203594408408979));
#11102=CARTESIAN_POINT('Ctrl Pts',(0.294188816817957,-0.213681226125889,
0.191));
#11103=CARTESIAN_POINT('Ctrl Pts',(0.312,-0.211277379972043,0.191));
#11104=CARTESIAN_POINT('Ctrl Pts',(0.329811183182043,-0.208873533818197,
0.191));
#11105=CARTESIAN_POINT('Ctrl Pts',(0.342405591591022,-0.206469687664351,
0.203594408408979));
#11106=CARTESIAN_POINT('Ctrl Pts',(0.355,-0.204065841510505,0.216188816817957));
#11107=CARTESIAN_POINT('Ctrl Pts',(0.355,-0.201661995356658,0.234));
#11108=CARTESIAN_POINT('Ctrl Pts',(0.355,-0.199258149202812,0.251811183182043));
#11109=CARTESIAN_POINT('Ctrl Pts',(0.342405591591022,-0.196854303048966,
0.264405591591021));
#11110=CARTESIAN_POINT('Ctrl Pts',(0.329811183182043,-0.19445045689512,
0.277));
#11111=CARTESIAN_POINT('Ctrl Pts',(0.312,-0.192046610741274,0.277));
#11112=CARTESIAN_POINT('Ctrl Pts',(0.294188816817957,-0.189642764587428,
0.277));
#11113=CARTESIAN_POINT('Ctrl Pts',(0.281594408408979,-0.187238918433582,
0.264405591591021));
#11114=CARTESIAN_POINT('Ctrl Pts',(0.269,-0.184835072279736,0.251811183182043));
#11115=CARTESIAN_POINT('Ctrl Pts',(0.269,-0.182431226125889,0.234));
#11116=CARTESIAN_POINT('Ctrl Pts',(0.269,-0.180027379972043,0.216188816817957));
#11117=CARTESIAN_POINT('Ctrl Pts',(0.281594408408979,-0.177623533818197,
0.203594408408979));
#11118=CARTESIAN_POINT('Ctrl Pts',(0.294188816817957,-0.175219687664351,
0.191));
#11119=CARTESIAN_POINT('Ctrl Pts',(0.312,-0.172815841510505,0.191));
#11120=CARTESIAN_POINT('Ctrl Pts',(0.329811183182043,-0.170411995356659,
0.191));
#11121=CARTESIAN_POINT('Ctrl Pts',(0.342405591591022,-0.168008149202813,
0.203594408408979));
#11122=CARTESIAN_POINT('Ctrl Pts',(0.355,-0.165604303048967,0.216188816817957));
#11123=CARTESIAN_POINT('Ctrl Pts',(0.355,-0.16320045689512,0.234));
#11124=CARTESIAN_POINT('Ctrl Pts',(0.355,-0.160796610741274,0.251811183182043));
#11125=CARTESIAN_POINT('Ctrl Pts',(0.342405591591022,-0.158392764587428,
0.264405591591021));
#11126=CARTESIAN_POINT('Ctrl Pts',(0.329811183182043,-0.155988918433582,
0.277));
#11127=CARTESIAN_POINT('Ctrl Pts',(0.312,-0.153585072279736,0.277));
#11128=CARTESIAN_POINT('Ctrl Pts',(0.294188816817957,-0.15118122612589,
0.277));
#11129=CARTESIAN_POINT('Ctrl Pts',(0.281594408408979,-0.148777379972044,
0.264405591591021));
#11130=CARTESIAN_POINT('Ctrl Pts',(0.269,-0.146373533818198,0.251811183182043));
#11131=CARTESIAN_POINT('Ctrl Pts',(0.269,-0.143969687664352,0.234));
#11132=CARTESIAN_POINT('Ctrl Pts',(0.269,-0.141565841510505,0.216188816817957));
#11133=CARTESIAN_POINT('Ctrl Pts',(0.281594408408979,-0.139161995356659,
0.203594408408979));
#11134=CARTESIAN_POINT('Ctrl Pts',(0.294188816817957,-0.136758149202813,
0.191));
#11135=CARTESIAN_POINT('Ctrl Pts',(0.312,-0.134354303048967,0.191));
#11136=CARTESIAN_POINT('Ctrl Pts',(0.329811183182043,-0.131950456895121,
0.191));
#11137=CARTESIAN_POINT('Ctrl Pts',(0.342405591591022,-0.129546610741275,
0.203594408408979));
#11138=CARTESIAN_POINT('Ctrl Pts',(0.355,-0.127142764587429,0.216188816817957));
#11139=CARTESIAN_POINT('Ctrl Pts',(0.355,-0.124738918433583,0.234));
#11140=CARTESIAN_POINT('Ctrl Pts',(0.355,-0.122335072279736,0.251811183182043));
#11141=CARTESIAN_POINT('Ctrl Pts',(0.342405591591022,-0.11993122612589,
0.264405591591021));
#11142=CARTESIAN_POINT('Ctrl Pts',(0.331178505163005,-0.117788355444513,
0.275632678019038));
#11143=CARTESIAN_POINT('Ctrl Pts',(0.315349242978996,-0.115582859705443,
0.276869366352532));
#11144=CARTESIAN_POINT('Ctrl Pts',(0.312,-0.314642764587426,0.211817918360203));
#11145=CARTESIAN_POINT('Ctrl Pts',(0.321188119056871,-0.31223891843358,
0.211817918360203));
#11146=CARTESIAN_POINT('Ctrl Pts',(0.327685100348334,-0.309835072279734,
0.218314899651666));
#11147=CARTESIAN_POINT('Ctrl Pts',(0.334182081639798,-0.307431226125888,
0.224811880943129));
#11148=CARTESIAN_POINT('Ctrl Pts',(0.334182081639798,-0.305027379972042,
0.234));
#11149=CARTESIAN_POINT('Ctrl Pts',(0.334182081639798,-0.302623533818196,
0.243188119056871));
#11150=CARTESIAN_POINT('Ctrl Pts',(0.327685100348334,-0.300219687664349,
0.249685100348334));
#11151=CARTESIAN_POINT('Ctrl Pts',(0.321188119056871,-0.297815841510503,
0.256182081639797));
#11152=CARTESIAN_POINT('Ctrl Pts',(0.312,-0.295411995356657,0.256182081639797));
#11153=CARTESIAN_POINT('Ctrl Pts',(0.302811880943129,-0.293008149202811,
0.256182081639797));
#11154=CARTESIAN_POINT('Ctrl Pts',(0.296314899651666,-0.290604303048965,
0.249685100348334));
#11155=CARTESIAN_POINT('Ctrl Pts',(0.289817918360203,-0.288200456895119,
0.243188119056871));
#11156=CARTESIAN_POINT('Ctrl Pts',(0.289817918360203,-0.285796610741273,
0.234));
#11157=CARTESIAN_POINT('Ctrl Pts',(0.289817918360203,-0.283392764587427,
0.224811880943129));
#11158=CARTESIAN_POINT('Ctrl Pts',(0.296314899651666,-0.28098891843358,
0.218314899651666));
#11159=CARTESIAN_POINT('Ctrl Pts',(0.302811880943129,-0.278585072279734,
0.211817918360203));
#11160=CARTESIAN_POINT('Ctrl Pts',(0.312,-0.276181226125888,0.211817918360203));
#11161=CARTESIAN_POINT('Ctrl Pts',(0.321188119056871,-0.273777379972042,
0.211817918360203));
#11162=CARTESIAN_POINT('Ctrl Pts',(0.327685100348334,-0.271373533818196,
0.218314899651666));
#11163=CARTESIAN_POINT('Ctrl Pts',(0.334182081639798,-0.26896968766435,
0.224811880943129));
#11164=CARTESIAN_POINT('Ctrl Pts',(0.334182081639798,-0.266565841510504,
0.234));
#11165=CARTESIAN_POINT('Ctrl Pts',(0.334182081639798,-0.264161995356658,
0.243188119056871));
#11166=CARTESIAN_POINT('Ctrl Pts',(0.327685100348334,-0.261758149202811,
0.249685100348334));
#11167=CARTESIAN_POINT('Ctrl Pts',(0.321188119056871,-0.259354303048965,
0.256182081639797));
#11168=CARTESIAN_POINT('Ctrl Pts',(0.312,-0.256950456895119,0.256182081639797));
#11169=CARTESIAN_POINT('Ctrl Pts',(0.302811880943129,-0.254546610741273,
0.256182081639797));
#11170=CARTESIAN_POINT('Ctrl Pts',(0.296314899651666,-0.252142764587427,
0.249685100348334));
#11171=CARTESIAN_POINT('Ctrl Pts',(0.289817918360203,-0.249738918433581,
0.243188119056871));
#11172=CARTESIAN_POINT('Ctrl Pts',(0.289817918360203,-0.247335072279735,
0.234));
#11173=CARTESIAN_POINT('Ctrl Pts',(0.289817918360203,-0.244931226125889,
0.224811880943129));
#11174=CARTESIAN_POINT('Ctrl Pts',(0.296314899651666,-0.242527379972042,
0.218314899651666));
#11175=CARTESIAN_POINT('Ctrl Pts',(0.302811880943129,-0.240123533818196,
0.211817918360203));
#11176=CARTESIAN_POINT('Ctrl Pts',(0.312,-0.23771968766435,0.211817918360203));
#11177=CARTESIAN_POINT('Ctrl Pts',(0.321188119056871,-0.235315841510504,
0.211817918360203));
#11178=CARTESIAN_POINT('Ctrl Pts',(0.327685100348334,-0.232911995356658,
0.218314899651666));
#11179=CARTESIAN_POINT('Ctrl Pts',(0.334182081639798,-0.230508149202812,
0.224811880943129));
#11180=CARTESIAN_POINT('Ctrl Pts',(0.334182081639798,-0.228104303048966,
0.234));
#11181=CARTESIAN_POINT('Ctrl Pts',(0.334182081639798,-0.22570045689512,
0.243188119056871));
#11182=CARTESIAN_POINT('Ctrl Pts',(0.327685100348334,-0.223296610741273,
0.249685100348334));
#11183=CARTESIAN_POINT('Ctrl Pts',(0.321188119056871,-0.220892764587427,
0.256182081639797));
#11184=CARTESIAN_POINT('Ctrl Pts',(0.312,-0.218488918433581,0.256182081639797));
#11185=CARTESIAN_POINT('Ctrl Pts',(0.302811880943129,-0.216085072279735,
0.256182081639797));
#11186=CARTESIAN_POINT('Ctrl Pts',(0.296314899651666,-0.213681226125889,
0.249685100348334));
#11187=CARTESIAN_POINT('Ctrl Pts',(0.289817918360203,-0.211277379972043,
0.243188119056871));
#11188=CARTESIAN_POINT('Ctrl Pts',(0.289817918360203,-0.208873533818197,
0.234));
#11189=CARTESIAN_POINT('Ctrl Pts',(0.289817918360203,-0.206469687664351,
0.224811880943129));
#11190=CARTESIAN_POINT('Ctrl Pts',(0.296314899651666,-0.204065841510504,
0.218314899651666));
#11191=CARTESIAN_POINT('Ctrl Pts',(0.302811880943129,-0.201661995356658,
0.211817918360203));
#11192=CARTESIAN_POINT('Ctrl Pts',(0.312,-0.199258149202812,0.211817918360203));
#11193=CARTESIAN_POINT('Ctrl Pts',(0.321188119056871,-0.196854303048966,
0.211817918360203));
#11194=CARTESIAN_POINT('Ctrl Pts',(0.327685100348334,-0.19445045689512,
0.218314899651666));
#11195=CARTESIAN_POINT('Ctrl Pts',(0.334182081639798,-0.192046610741274,
0.224811880943129));
#11196=CARTESIAN_POINT('Ctrl Pts',(0.334182081639798,-0.189642764587428,
0.234));
#11197=CARTESIAN_POINT('Ctrl Pts',(0.334182081639798,-0.187238918433582,
0.243188119056871));
#11198=CARTESIAN_POINT('Ctrl Pts',(0.327685100348334,-0.184835072279736,
0.249685100348334));
#11199=CARTESIAN_POINT('Ctrl Pts',(0.321188119056871,-0.182431226125889,
0.256182081639797));
#11200=CARTESIAN_POINT('Ctrl Pts',(0.312,-0.180027379972043,0.256182081639797));
#11201=CARTESIAN_POINT('Ctrl Pts',(0.302811880943129,-0.177623533818197,
0.256182081639797));
#11202=CARTESIAN_POINT('Ctrl Pts',(0.296314899651666,-0.175219687664351,
0.249685100348334));
#11203=CARTESIAN_POINT('Ctrl Pts',(0.289817918360203,-0.172815841510505,
0.243188119056871));
#11204=CARTESIAN_POINT('Ctrl Pts',(0.289817918360203,-0.170411995356659,
0.234));
#11205=CARTESIAN_POINT('Ctrl Pts',(0.289817918360203,-0.168008149202813,
0.224811880943129));
#11206=CARTESIAN_POINT('Ctrl Pts',(0.296314899651666,-0.165604303048967,
0.218314899651666));
#11207=CARTESIAN_POINT('Ctrl Pts',(0.302811880943129,-0.16320045689512,
0.211817918360203));
#11208=CARTESIAN_POINT('Ctrl Pts',(0.312,-0.160796610741274,0.211817918360203));
#11209=CARTESIAN_POINT('Ctrl Pts',(0.321188119056871,-0.158392764587428,
0.211817918360203));
#11210=CARTESIAN_POINT('Ctrl Pts',(0.327685100348334,-0.155988918433582,
0.218314899651666));
#11211=CARTESIAN_POINT('Ctrl Pts',(0.334182081639798,-0.153585072279736,
0.224811880943129));
#11212=CARTESIAN_POINT('Ctrl Pts',(0.334182081639798,-0.15118122612589,
0.234));
#11213=CARTESIAN_POINT('Ctrl Pts',(0.334182081639798,-0.148777379972044,
0.243188119056871));
#11214=CARTESIAN_POINT('Ctrl Pts',(0.327685100348334,-0.146373533818197,
0.249685100348334));
#11215=CARTESIAN_POINT('Ctrl Pts',(0.321188119056871,-0.143969687664351,
0.256182081639797));
#11216=CARTESIAN_POINT('Ctrl Pts',(0.312,-0.141565841510505,0.256182081639797));
#11217=CARTESIAN_POINT('Ctrl Pts',(0.302811880943129,-0.139161995356659,
0.256182081639797));
#11218=CARTESIAN_POINT('Ctrl Pts',(0.296314899651666,-0.136758149202813,
0.249685100348334));
#11219=CARTESIAN_POINT('Ctrl Pts',(0.289817918360203,-0.134354303048967,
0.243188119056871));
#11220=CARTESIAN_POINT('Ctrl Pts',(0.289817918360203,-0.131950456895121,
0.234));
#11221=CARTESIAN_POINT('Ctrl Pts',(0.289817918360203,-0.129546610741275,
0.224811880943129));
#11222=CARTESIAN_POINT('Ctrl Pts',(0.296314899651666,-0.127142764587429,
0.218314899651666));
#11223=CARTESIAN_POINT('Ctrl Pts',(0.302811880943129,-0.124738918433582,
0.211817918360203));
#11224=CARTESIAN_POINT('Ctrl Pts',(0.312,-0.122335072279736,0.211817918360203));
#11225=CARTESIAN_POINT('Ctrl Pts',(0.321188119056871,-0.11993122612589,
0.211817918360203));
#11226=CARTESIAN_POINT('Ctrl Pts',(0.327685100348334,-0.117527379972044,
0.218314899651666));
#11227=CARTESIAN_POINT('Ctrl Pts',(0.334182081639798,-0.115123533818198,
0.224811880943129));
#11228=CARTESIAN_POINT('Ctrl Pts',(0.334182081639798,-0.112719687664352,
0.234));
#11229=CARTESIAN_POINT('Ctrl Pts',(0.334182081639798,-0.110315841510506,
0.243188119056871));
#11230=CARTESIAN_POINT('Ctrl Pts',(0.327685100348334,-0.107911995356659,
0.249685100348334));
#11231=CARTESIAN_POINT('Ctrl Pts',(0.321893469005932,-0.105769124675283,
0.255476731690737));
#11232=CARTESIAN_POINT('Ctrl Pts',(0.313727748399805,-0.103563628936212,
0.256114692657634));
#11233=CARTESIAN_POINT('Ctrl Pts',(0.349601059619562,-0.163888924269506,
0.21950494028));
#11234=CARTESIAN_POINT('Ctrl Pts',(0.348785855474357,-0.164704016980091,
0.21608193682574));
#11235=CARTESIAN_POINT('Ctrl Pts',(0.34752254682093,-0.165504698479238,
0.212777254697399));
#11236=CARTESIAN_POINT('Ctrl Pts',(0.34393261130351,-0.167149223145128,
0.206156212936718));
#11237=CARTESIAN_POINT('Ctrl Pts',(0.341671701420602,-0.167879540999375,
0.203253348389113));
#11238=CARTESIAN_POINT('Ctrl Pts',(0.33938946703774,-0.168568546528401,
0.20085158985126));
#11239=CARTESIAN_POINT('Ctrl Pts',(0.311959763989775,-0.343499441244889,
0.211817954852221));
#11240=CARTESIAN_POINT('Ctrl Pts',(0.321171446478633,-0.341091241038928,
0.211801245781964));
#11241=CARTESIAN_POINT('Ctrl Pts',(0.327685100348334,-0.338681226125888,
0.218314899651666));
#11242=CARTESIAN_POINT('Ctrl Pts',(0.334182081639798,-0.336277379972041,
0.224811880943129));
#11243=CARTESIAN_POINT('Ctrl Pts',(0.334182081639798,-0.333873533818195,
0.234));
#11244=CARTESIAN_POINT('Ctrl Pts',(0.334182081639798,-0.331469687664349,
0.243188119056871));
#11245=CARTESIAN_POINT('Ctrl Pts',(0.327685100348334,-0.329065841510503,
0.249685100348334));
#11246=CARTESIAN_POINT('Ctrl Pts',(0.321188119056871,-0.326661995356657,
0.256182081639797));
#11247=CARTESIAN_POINT('Ctrl Pts',(0.312,-0.324258149202811,0.256182081639797));
#11248=CARTESIAN_POINT('Ctrl Pts',(0.302811880943129,-0.321854303048965,
0.256182081639797));
#11249=CARTESIAN_POINT('Ctrl Pts',(0.296314899651666,-0.319450456895119,
0.249685100348334));
#11250=CARTESIAN_POINT('Ctrl Pts',(0.289817918360203,-0.317046610741272,
0.243188119056871));
#11251=CARTESIAN_POINT('Ctrl Pts',(0.289817918360203,-0.314642764587426,
0.234));
#11252=CARTESIAN_POINT('Ctrl Pts',(0.289817918360203,-0.31223891843358,
0.224811880943129));
#11253=CARTESIAN_POINT('Ctrl Pts',(0.296314899651666,-0.309835072279734,
0.218314899651666));
#11254=CARTESIAN_POINT('Ctrl Pts',(0.302811880943129,-0.307431226125888,
0.211817918360203));
#11255=CARTESIAN_POINT('Ctrl Pts',(0.312,-0.305027379972042,0.211817918360203));
#11256=CARTESIAN_POINT('Ctrl Pts',(0.321188119056871,-0.302623533818196,
0.211817918360203));
#11257=CARTESIAN_POINT('Ctrl Pts',(0.327685100348334,-0.30021968766435,
0.218314899651666));
#11258=CARTESIAN_POINT('Ctrl Pts',(0.334182081639798,-0.297815841510503,
0.224811880943129));
#11259=CARTESIAN_POINT('Ctrl Pts',(0.334182081639798,-0.295411995356657,
0.234));
#11260=CARTESIAN_POINT('Ctrl Pts',(0.334182081639798,-0.293008149202811,
0.243188119056871));
#11261=CARTESIAN_POINT('Ctrl Pts',(0.327685100348334,-0.290604303048965,
0.249685100348334));
#11262=CARTESIAN_POINT('Ctrl Pts',(0.321188119056871,-0.288200456895119,
0.256182081639797));
#11263=CARTESIAN_POINT('Ctrl Pts',(0.312,-0.285796610741273,0.256182081639797));
#11264=CARTESIAN_POINT('Ctrl Pts',(0.302811880943129,-0.283392764587427,
0.256182081639797));
#11265=CARTESIAN_POINT('Ctrl Pts',(0.296314899651666,-0.280988918433581,
0.249685100348334));
#11266=CARTESIAN_POINT('Ctrl Pts',(0.289817918360203,-0.278585072279735,
0.243188119056871));
#11267=CARTESIAN_POINT('Ctrl Pts',(0.289817918360203,-0.276181226125888,
0.234));
#11268=CARTESIAN_POINT('Ctrl Pts',(0.289817918360203,-0.273777379972042,
0.224811880943129));
#11269=CARTESIAN_POINT('Ctrl Pts',(0.296314899651666,-0.271373533818196,
0.218314899651666));
#11270=CARTESIAN_POINT('Ctrl Pts',(0.302811880943129,-0.26896968766435,
0.211817918360203));
#11271=CARTESIAN_POINT('Ctrl Pts',(0.312,-0.266565841510504,0.211817918360203));
#11272=CARTESIAN_POINT('Ctrl Pts',(0.321188119056871,-0.264161995356658,
0.211817918360203));
#11273=CARTESIAN_POINT('Ctrl Pts',(0.327685100348334,-0.261758149202812,
0.218314899651666));
#11274=CARTESIAN_POINT('Ctrl Pts',(0.334182081639798,-0.259354303048965,
0.224811880943129));
#11275=CARTESIAN_POINT('Ctrl Pts',(0.334182081639798,-0.256950456895119,
0.234));
#11276=CARTESIAN_POINT('Ctrl Pts',(0.334182081639798,-0.254546610741273,
0.243188119056871));
#11277=CARTESIAN_POINT('Ctrl Pts',(0.327685100348334,-0.252142764587427,
0.249685100348334));
#11278=CARTESIAN_POINT('Ctrl Pts',(0.321188119056871,-0.249738918433581,
0.256182081639797));
#11279=CARTESIAN_POINT('Ctrl Pts',(0.312,-0.247335072279735,0.256182081639797));
#11280=CARTESIAN_POINT('Ctrl Pts',(0.302811880943129,-0.244931226125889,
0.256182081639797));
#11281=CARTESIAN_POINT('Ctrl Pts',(0.296314899651666,-0.242527379972043,
0.249685100348334));
#11282=CARTESIAN_POINT('Ctrl Pts',(0.289817918360203,-0.240123533818196,
0.243188119056871));
#11283=CARTESIAN_POINT('Ctrl Pts',(0.289817918360203,-0.23771968766435,
0.234));
#11284=CARTESIAN_POINT('Ctrl Pts',(0.289817918360203,-0.235315841510504,
0.224811880943129));
#11285=CARTESIAN_POINT('Ctrl Pts',(0.296314899651666,-0.232911995356658,
0.218314899651666));
#11286=CARTESIAN_POINT('Ctrl Pts',(0.302811880943129,-0.230508149202812,
0.211817918360203));
#11287=CARTESIAN_POINT('Ctrl Pts',(0.312,-0.228104303048966,0.211817918360203));
#11288=CARTESIAN_POINT('Ctrl Pts',(0.321188119056871,-0.22570045689512,
0.211817918360203));
#11289=CARTESIAN_POINT('Ctrl Pts',(0.327685100348334,-0.223296610741274,
0.218314899651666));
#11290=CARTESIAN_POINT('Ctrl Pts',(0.334182081639798,-0.220892764587427,
0.224811880943129));
#11291=CARTESIAN_POINT('Ctrl Pts',(0.334182081639798,-0.218488918433581,
0.234));
#11292=CARTESIAN_POINT('Ctrl Pts',(0.334182081639798,-0.216085072279735,
0.243188119056871));
#11293=CARTESIAN_POINT('Ctrl Pts',(0.327685100348334,-0.213681226125889,
0.249685100348334));
#11294=CARTESIAN_POINT('Ctrl Pts',(0.321188119056871,-0.211277379972043,
0.256182081639797));
#11295=CARTESIAN_POINT('Ctrl Pts',(0.312,-0.208873533818197,0.256182081639797));
#11296=CARTESIAN_POINT('Ctrl Pts',(0.302811880943129,-0.206469687664351,
0.256182081639797));
#11297=CARTESIAN_POINT('Ctrl Pts',(0.296314899651666,-0.204065841510505,
0.249685100348334));
#11298=CARTESIAN_POINT('Ctrl Pts',(0.289817918360203,-0.201661995356658,
0.243188119056871));
#11299=CARTESIAN_POINT('Ctrl Pts',(0.289817918360203,-0.199258149202812,
0.234));
#11300=CARTESIAN_POINT('Ctrl Pts',(0.289817918360203,-0.196854303048966,
0.224811880943129));
#11301=CARTESIAN_POINT('Ctrl Pts',(0.296314899651666,-0.19445045689512,
0.218314899651666));
#11302=CARTESIAN_POINT('Ctrl Pts',(0.302811880943129,-0.192046610741274,
0.211817918360203));
#11303=CARTESIAN_POINT('Ctrl Pts',(0.312,-0.189642764587428,0.211817918360203));
#11304=CARTESIAN_POINT('Ctrl Pts',(0.321188119056871,-0.187238918433582,
0.211817918360203));
#11305=CARTESIAN_POINT('Ctrl Pts',(0.327685100348334,-0.184835072279736,
0.218314899651666));
#11306=CARTESIAN_POINT('Ctrl Pts',(0.334182081639798,-0.182431226125889,
0.224811880943129));
#11307=CARTESIAN_POINT('Ctrl Pts',(0.334182081639798,-0.180027379972043,
0.234));
#11308=CARTESIAN_POINT('Ctrl Pts',(0.334182081639798,-0.177623533818197,
0.243188119056871));
#11309=CARTESIAN_POINT('Ctrl Pts',(0.327685100348334,-0.175219687664351,
0.249685100348334));
#11310=CARTESIAN_POINT('Ctrl Pts',(0.321188119056871,-0.172815841510505,
0.256182081639797));
#11311=CARTESIAN_POINT('Ctrl Pts',(0.312,-0.170411995356659,0.256182081639797));
#11312=CARTESIAN_POINT('Ctrl Pts',(0.302811880943129,-0.168008149202813,
0.256182081639797));
#11313=CARTESIAN_POINT('Ctrl Pts',(0.296314899651666,-0.165604303048967,
0.249685100348334));
#11314=CARTESIAN_POINT('Ctrl Pts',(0.289817918360203,-0.16320045689512,
0.243188119056871));
#11315=CARTESIAN_POINT('Ctrl Pts',(0.289817918360203,-0.160796610741274,
0.234));
#11316=CARTESIAN_POINT('Ctrl Pts',(0.289817918360203,-0.158392764587428,
0.224811880943129));
#11317=CARTESIAN_POINT('Ctrl Pts',(0.296314899651666,-0.155988918433582,
0.218314899651666));
#11318=CARTESIAN_POINT('Ctrl Pts',(0.302811880943129,-0.153585072279736,
0.211817918360203));
#11319=CARTESIAN_POINT('Ctrl Pts',(0.312,-0.15118122612589,0.211817918360203));
#11320=CARTESIAN_POINT('Ctrl Pts',(0.321188119056871,-0.148777379972044,
0.211817918360203));
#11321=CARTESIAN_POINT('Ctrl Pts',(0.327685100348334,-0.146373533818198,
0.218314899651666));
#11322=CARTESIAN_POINT('Ctrl Pts',(0.334182081639798,-0.143969687664352,
0.224811880943129));
#11323=CARTESIAN_POINT('Ctrl Pts',(0.334182081639798,-0.141565841510505,
0.234));
#11324=CARTESIAN_POINT('Ctrl Pts',(0.334182081639798,-0.139161995356659,
0.243188119056871));
#11325=CARTESIAN_POINT('Ctrl Pts',(0.327685100348334,-0.136758149202813,
0.249685100348334));
#11326=CARTESIAN_POINT('Ctrl Pts',(0.321894771690453,-0.134615760507306,
0.255475429006216));
#11327=CARTESIAN_POINT('Ctrl Pts',(0.313730981084357,-0.132410655930335,
0.256114439860875));
#11328=CARTESIAN_POINT('Ctrl Pts',(0.311922002431161,-0.331480210475658,
0.191000070739834));
#11329=CARTESIAN_POINT('Ctrl Pts',(0.329778863363015,-0.329072010269697,
0.190967680180972));
#11330=CARTESIAN_POINT('Ctrl Pts',(0.342405591591022,-0.326661995356657,
0.203594408408979));
#11331=CARTESIAN_POINT('Ctrl Pts',(0.355,-0.324258149202811,0.216188816817957));
#11332=CARTESIAN_POINT('Ctrl Pts',(0.355,-0.321854303048965,0.234));
#11333=CARTESIAN_POINT('Ctrl Pts',(0.355,-0.319450456895118,0.251811183182043));
#11334=CARTESIAN_POINT('Ctrl Pts',(0.342405591591022,-0.317046610741272,
0.264405591591021));
#11335=CARTESIAN_POINT('Ctrl Pts',(0.329811183182043,-0.314642764587426,
0.277));
#11336=CARTESIAN_POINT('Ctrl Pts',(0.312,-0.31223891843358,0.277));
#11337=CARTESIAN_POINT('Ctrl Pts',(0.294188816817957,-0.309835072279734,
0.277));
#11338=CARTESIAN_POINT('Ctrl Pts',(0.281594408408979,-0.307431226125888,
0.264405591591021));
#11339=CARTESIAN_POINT('Ctrl Pts',(0.269,-0.305027379972042,0.251811183182043));
#11340=CARTESIAN_POINT('Ctrl Pts',(0.269,-0.302623533818196,0.234));
#11341=CARTESIAN_POINT('Ctrl Pts',(0.269,-0.300219687664349,0.216188816817957));
#11342=CARTESIAN_POINT('Ctrl Pts',(0.281594408408979,-0.297815841510503,
0.203594408408979));
#11343=CARTESIAN_POINT('Ctrl Pts',(0.294188816817957,-0.295411995356657,
0.191));
#11344=CARTESIAN_POINT('Ctrl Pts',(0.312,-0.293008149202811,0.191));
#11345=CARTESIAN_POINT('Ctrl Pts',(0.329811183182043,-0.290604303048965,
0.191));
#11346=CARTESIAN_POINT('Ctrl Pts',(0.342405591591022,-0.288200456895119,
0.203594408408979));
#11347=CARTESIAN_POINT('Ctrl Pts',(0.355,-0.285796610741273,0.216188816817957));
#11348=CARTESIAN_POINT('Ctrl Pts',(0.355,-0.283392764587427,0.234));
#11349=CARTESIAN_POINT('Ctrl Pts',(0.355,-0.280988918433581,0.251811183182043));
#11350=CARTESIAN_POINT('Ctrl Pts',(0.342405591591022,-0.278585072279734,
0.264405591591021));
#11351=CARTESIAN_POINT('Ctrl Pts',(0.329811183182043,-0.276181226125888,
0.277));
#11352=CARTESIAN_POINT('Ctrl Pts',(0.312,-0.273777379972042,0.277));
#11353=CARTESIAN_POINT('Ctrl Pts',(0.294188816817957,-0.271373533818196,
0.277));
#11354=CARTESIAN_POINT('Ctrl Pts',(0.281594408408979,-0.26896968766435,
0.264405591591021));
#11355=CARTESIAN_POINT('Ctrl Pts',(0.269,-0.266565841510504,0.251811183182043));
#11356=CARTESIAN_POINT('Ctrl Pts',(0.269,-0.264161995356658,0.234));
#11357=CARTESIAN_POINT('Ctrl Pts',(0.269,-0.261758149202811,0.216188816817957));
#11358=CARTESIAN_POINT('Ctrl Pts',(0.281594408408979,-0.259354303048965,
0.203594408408979));
#11359=CARTESIAN_POINT('Ctrl Pts',(0.294188816817957,-0.256950456895119,
0.191));
#11360=CARTESIAN_POINT('Ctrl Pts',(0.312,-0.254546610741273,0.191));
#11361=CARTESIAN_POINT('Ctrl Pts',(0.329811183182043,-0.252142764587427,
0.191));
#11362=CARTESIAN_POINT('Ctrl Pts',(0.342405591591022,-0.249738918433581,
0.203594408408979));
#11363=CARTESIAN_POINT('Ctrl Pts',(0.355,-0.247335072279735,0.216188816817957));
#11364=CARTESIAN_POINT('Ctrl Pts',(0.355,-0.244931226125889,0.234));
#11365=CARTESIAN_POINT('Ctrl Pts',(0.355,-0.242527379972043,0.251811183182043));
#11366=CARTESIAN_POINT('Ctrl Pts',(0.342405591591022,-0.240123533818196,
0.264405591591021));
#11367=CARTESIAN_POINT('Ctrl Pts',(0.329811183182043,-0.23771968766435,
0.277));
#11368=CARTESIAN_POINT('Ctrl Pts',(0.312,-0.235315841510504,0.277));
#11369=CARTESIAN_POINT('Ctrl Pts',(0.294188816817957,-0.232911995356658,
0.277));
#11370=CARTESIAN_POINT('Ctrl Pts',(0.281594408408979,-0.230508149202812,
0.264405591591021));
#11371=CARTESIAN_POINT('Ctrl Pts',(0.269,-0.228104303048966,0.251811183182043));
#11372=CARTESIAN_POINT('Ctrl Pts',(0.269,-0.22570045689512,0.234));
#11373=CARTESIAN_POINT('Ctrl Pts',(0.269,-0.223296610741273,0.216188816817957));
#11374=CARTESIAN_POINT('Ctrl Pts',(0.281594408408979,-0.220892764587427,
0.203594408408979));
#11375=CARTESIAN_POINT('Ctrl Pts',(0.294188816817957,-0.218488918433581,
0.191));
#11376=CARTESIAN_POINT('Ctrl Pts',(0.312,-0.216085072279735,0.191));
#11377=CARTESIAN_POINT('Ctrl Pts',(0.329811183182043,-0.213681226125889,
0.191));
#11378=CARTESIAN_POINT('Ctrl Pts',(0.342405591591022,-0.211277379972043,
0.203594408408979));
#11379=CARTESIAN_POINT('Ctrl Pts',(0.355,-0.208873533818197,0.216188816817957));
#11380=CARTESIAN_POINT('Ctrl Pts',(0.355,-0.206469687664351,0.234));
#11381=CARTESIAN_POINT('Ctrl Pts',(0.355,-0.204065841510505,0.251811183182043));
#11382=CARTESIAN_POINT('Ctrl Pts',(0.342405591591022,-0.201661995356658,
0.264405591591021));
#11383=CARTESIAN_POINT('Ctrl Pts',(0.329811183182043,-0.199258149202812,
0.277));
#11384=CARTESIAN_POINT('Ctrl Pts',(0.312,-0.196854303048966,0.277));
#11385=CARTESIAN_POINT('Ctrl Pts',(0.294188816817957,-0.19445045689512,
0.277));
#11386=CARTESIAN_POINT('Ctrl Pts',(0.281594408408979,-0.192046610741274,
0.264405591591021));
#11387=CARTESIAN_POINT('Ctrl Pts',(0.269,-0.189642764587428,0.251811183182043));
#11388=CARTESIAN_POINT('Ctrl Pts',(0.269,-0.187238918433582,0.234));
#11389=CARTESIAN_POINT('Ctrl Pts',(0.269,-0.184835072279736,0.216188816817957));
#11390=CARTESIAN_POINT('Ctrl Pts',(0.281594408408979,-0.182431226125889,
0.203594408408979));
#11391=CARTESIAN_POINT('Ctrl Pts',(0.294188816817957,-0.180027379972043,
0.191));
#11392=CARTESIAN_POINT('Ctrl Pts',(0.312,-0.177623533818197,0.191));
#11393=CARTESIAN_POINT('Ctrl Pts',(0.329811183182043,-0.175219687664351,
0.191));
#11394=CARTESIAN_POINT('Ctrl Pts',(0.342405591591022,-0.172815841510505,
0.203594408408979));
#11395=CARTESIAN_POINT('Ctrl Pts',(0.355,-0.170411995356659,0.216188816817957));
#11396=CARTESIAN_POINT('Ctrl Pts',(0.355,-0.168008149202813,0.234));
#11397=CARTESIAN_POINT('Ctrl Pts',(0.355,-0.165604303048967,0.251811183182043));
#11398=CARTESIAN_POINT('Ctrl Pts',(0.342405591591022,-0.16320045689512,
0.264405591591021));
#11399=CARTESIAN_POINT('Ctrl Pts',(0.329811183182043,-0.160796610741274,
0.277));
#11400=CARTESIAN_POINT('Ctrl Pts',(0.312,-0.158392764587428,0.277));
#11401=CARTESIAN_POINT('Ctrl Pts',(0.294188816817957,-0.155988918433582,
0.277));
#11402=CARTESIAN_POINT('Ctrl Pts',(0.281594408408979,-0.153585072279736,
0.264405591591021));
#11403=CARTESIAN_POINT('Ctrl Pts',(0.269,-0.15118122612589,0.251811183182043));
#11404=CARTESIAN_POINT('Ctrl Pts',(0.269,-0.148777379972044,0.234));
#11405=CARTESIAN_POINT('Ctrl Pts',(0.269,-0.146373533818197,0.216188816817957));
#11406=CARTESIAN_POINT('Ctrl Pts',(0.281594408408979,-0.143969687664351,
0.203594408408979));
#11407=CARTESIAN_POINT('Ctrl Pts',(0.294188816817957,-0.141565841510505,
0.191));
#11408=CARTESIAN_POINT('Ctrl Pts',(0.312,-0.139161995356659,0.191));
#11409=CARTESIAN_POINT('Ctrl Pts',(0.329811183182043,-0.136758149202813,
0.191));
#11410=CARTESIAN_POINT('Ctrl Pts',(0.342405591591022,-0.134354303048967,
0.203594408408979));
#11411=CARTESIAN_POINT('Ctrl Pts',(0.355,-0.131950456895121,0.216188816817957));
#11412=CARTESIAN_POINT('Ctrl Pts',(0.355,-0.129546610741275,0.234));
#11413=CARTESIAN_POINT('Ctrl Pts',(0.355,-0.127142764587429,0.251811183182043));
#11414=CARTESIAN_POINT('Ctrl Pts',(0.342405591591022,-0.124738918433582,
0.264405591591021));
#11415=CARTESIAN_POINT('Ctrl Pts',(0.33118103041899,-0.122596529738075,
0.275630152763052));
#11416=CARTESIAN_POINT('Ctrl Pts',(0.315355509543063,-0.120391425161105,
0.276868876305618));
#11417=CARTESIAN_POINT('Ctrl Pts',(0.354806743477195,-0.168568546528396,
0.229927812273741));
#11418=CARTESIAN_POINT('Ctrl Pts',(0.354933736204893,-0.168183050695779,
0.233612929317533));
#11419=CARTESIAN_POINT('Ctrl Pts',(0.354606454735371,-0.167833228184388,
0.237113400747402));
#11420=CARTESIAN_POINT('Ctrl Pts',(0.353119372603168,-0.167089936539165,
0.243839943259319));
#11421=CARTESIAN_POINT('Ctrl Pts',(0.35199533011912,-0.166714541914785,
0.247029310476087));
#11422=CARTESIAN_POINT('Ctrl Pts',(0.348883963320876,-0.165924696833289,
0.253308512063599));
#11423=CARTESIAN_POINT('Ctrl Pts',(0.346847432820269,-0.165512777110461,
0.256343669475972));
#11424=CARTESIAN_POINT('Ctrl Pts',(0.342338935701868,-0.164757887861888,
0.261463926389709));
#11425=CARTESIAN_POINT('Ctrl Pts',(0.339593617581974,-0.164367850272839,
0.264045716358676));
#11426=CARTESIAN_POINT('Ctrl Pts',(0.336038263964424,-0.163888924269485,
0.266343597610284));
#11427=CARTESIAN_POINT('Origin',(0.312,-0.156465841510503,0.234));
#11428=CARTESIAN_POINT('Ctrl Pts',(0.312,-0.331469687664349,0.191));
#11429=CARTESIAN_POINT('Ctrl Pts',(0.300629647486091,-0.333088334635049,
0.191562030660643));
#11430=CARTESIAN_POINT('Ctrl Pts',(0.289901444833231,-0.334694687664349,
0.196796742240042));
#11431=CARTESIAN_POINT('Ctrl Pts',(0.279009575001622,-0.337113437664349,
0.208988751160439));
#11432=CARTESIAN_POINT('Ctrl Pts',(0.27623368980287,-0.337919687664349,
0.213736486231547));
#11433=CARTESIAN_POINT('Ctrl Pts',(0.272743852598125,-0.339532187664349,
0.223828266822119));
#11434=CARTESIAN_POINT('Ctrl Pts',(0.272030473053831,-0.34033843766435,
0.229167909101611));
#11435=CARTESIAN_POINT('Ctrl Pts',(0.27269203670678,-0.341950937664349,
0.239604193809953));
#11436=CARTESIAN_POINT('Ctrl Pts',(0.274065814209823,-0.342757187664349,
0.244696641239629));
#11437=CARTESIAN_POINT('Ctrl Pts',(0.278606513492869,-0.344369687664349,
0.25387075425114));
#11438=CARTESIAN_POINT('Ctrl Pts',(0.281770779826124,-0.345175937664348,
0.257949078873876));
#11439=CARTESIAN_POINT('Ctrl Pts',(0.293116057472087,-0.347594687664351,
0.267796892668544));
#11440=CARTESIAN_POINT('Ctrl Pts',(0.30316205737798,-0.349207187664346,
0.271020301265764));
#11441=CARTESIAN_POINT('Ctrl Pts',(0.322251216519913,-0.352432187664352,
0.269528434513293));
#11442=CARTESIAN_POINT('Ctrl Pts',(0.331174481631889,-0.354044687664345,
0.264850405224889));
#11443=CARTESIAN_POINT('Ctrl Pts',(0.342936309336228,-0.357269687664354,
0.250877795435886));
#11444=CARTESIAN_POINT('Ctrl Pts',(0.345720823798418,-0.358882187664346,
0.241690569466952));
#11445=CARTESIAN_POINT('Ctrl Pts',(0.344094825361056,-0.362107187664352,
0.224385959769204));
#11446=CARTESIAN_POINT('Ctrl Pts',(0.339722397748517,-0.363719687664351,
0.216376938330813));
#11447=CARTESIAN_POINT('Ctrl Pts',(0.326929315622434,-0.366944687664347,
0.205959854755275));
#11448=CARTESIAN_POINT('Ctrl Pts',(0.318608374904662,-0.368557187664348,
0.203597169556799));
#11449=CARTESIAN_POINT('Ctrl Pts',(0.303088948948991,-0.37178218766435,
0.205322687352947));
#11450=CARTESIAN_POINT('Ctrl Pts',(0.29598729007944,-0.373394687664352,
0.209372187017456));
#11451=CARTESIAN_POINT('Ctrl Pts',(0.286890746167658,-0.376619687664346,
0.220960996967044));
#11452=CARTESIAN_POINT('Ctrl Pts',(0.284932721522902,-0.378232187664346,
0.22840839238283));
#11453=CARTESIAN_POINT('Ctrl Pts',(0.286723148329201,-0.381457187664352,
0.242142505130274));
#11454=CARTESIAN_POINT('Ctrl Pts',(0.290432499646084,-0.38306968766435,
0.24834393293692));
#11455=CARTESIAN_POINT('Ctrl Pts',(0.300792653549225,-0.386294687664348,
0.256144494875121));
#11456=CARTESIAN_POINT('Ctrl Pts',(0.307359496186863,-0.387907187664353,
0.257715128226214));
#11457=CARTESIAN_POINT('Ctrl Pts',(0.319308670970897,-0.391132187664345,
0.255894394247367));
#11458=CARTESIAN_POINT('Ctrl Pts',(0.324617248202287,-0.392744687664352,
0.25254230255697));
#11459=CARTESIAN_POINT('Ctrl Pts',(0.3311467343533,-0.395969687664346,0.24343482342523));
#11460=CARTESIAN_POINT('Ctrl Pts',(0.332347342906626,-0.397582187664347,
0.23775528719222));
#11461=CARTESIAN_POINT('Ctrl Pts',(0.330530888564414,-0.400807187664351,
0.227590170616236));
#11462=CARTESIAN_POINT('Ctrl Pts',(0.327553055414721,-0.402419687664348,
0.223166815957101));
#11463=CARTESIAN_POINT('Ctrl Pts',(0.319721900203951,-0.40564468766435,
0.217883155678546));
#11464=CARTESIAN_POINT('Ctrl Pts',(0.314937951108934,-0.40725650603536,
0.21703473071621));
#11465=CARTESIAN_POINT('Ctrl Pts',(0.310744947734307,-0.408869687664349,
0.217923916247719));
#11466=CARTESIAN_POINT('Ctrl Pts',(0.312,-0.326661995356657,0.191));
#11467=CARTESIAN_POINT('Ctrl Pts',(0.300629647486091,-0.328280642327357,
0.191562030660643));
#11468=CARTESIAN_POINT('Ctrl Pts',(0.289901444833231,-0.329886995356657,
0.196796742240042));
#11469=CARTESIAN_POINT('Ctrl Pts',(0.279009575001622,-0.332305745356657,
0.208988751160439));
#11470=CARTESIAN_POINT('Ctrl Pts',(0.27623368980287,-0.333111995356657,
0.213736486231547));
#11471=CARTESIAN_POINT('Ctrl Pts',(0.272743852598125,-0.334724495356657,
0.223828266822119));
#11472=CARTESIAN_POINT('Ctrl Pts',(0.272030473053831,-0.335530745356657,
0.229167909101611));
#11473=CARTESIAN_POINT('Ctrl Pts',(0.27269203670678,-0.337143245356656,
0.239604193809953));
#11474=CARTESIAN_POINT('Ctrl Pts',(0.274065814209823,-0.337949495356657,
0.244696641239629));
#11475=CARTESIAN_POINT('Ctrl Pts',(0.278606513492869,-0.339561995356657,
0.25387075425114));
#11476=CARTESIAN_POINT('Ctrl Pts',(0.281770779826124,-0.340368245356656,
0.257949078873876));
#11477=CARTESIAN_POINT('Ctrl Pts',(0.293116057472087,-0.342786995356659,
0.267796892668544));
#11478=CARTESIAN_POINT('Ctrl Pts',(0.30316205737798,-0.344399495356654,
0.271020301265764));
#11479=CARTESIAN_POINT('Ctrl Pts',(0.322251216519913,-0.34762449535666,
0.269528434513293));
#11480=CARTESIAN_POINT('Ctrl Pts',(0.331174481631889,-0.349236995356652,
0.264850405224889));
#11481=CARTESIAN_POINT('Ctrl Pts',(0.342936309336228,-0.352461995356661,
0.250877795435886));
#11482=CARTESIAN_POINT('Ctrl Pts',(0.345720823798418,-0.354074495356654,
0.241690569466952));
#11483=CARTESIAN_POINT('Ctrl Pts',(0.344094825361056,-0.35729949535666,
0.224385959769204));
#11484=CARTESIAN_POINT('Ctrl Pts',(0.339722397748517,-0.358911995356659,
0.216376938330813));
#11485=CARTESIAN_POINT('Ctrl Pts',(0.326929315622434,-0.362136995356655,
0.205959854755275));
#11486=CARTESIAN_POINT('Ctrl Pts',(0.318608374904662,-0.363749495356655,
0.203597169556799));
#11487=CARTESIAN_POINT('Ctrl Pts',(0.303088948948991,-0.366974495356658,
0.205322687352947));
#11488=CARTESIAN_POINT('Ctrl Pts',(0.29598729007944,-0.368586995356658,
0.209372187017456));
#11489=CARTESIAN_POINT('Ctrl Pts',(0.286890746167658,-0.371811995356656,
0.220960996967044));
#11490=CARTESIAN_POINT('Ctrl Pts',(0.284932721522902,-0.373424495356654,
0.22840839238283));
#11491=CARTESIAN_POINT('Ctrl Pts',(0.286723148329201,-0.37664949535666,
0.242142505130274));
#11492=CARTESIAN_POINT('Ctrl Pts',(0.290432499646084,-0.378261995356658,
0.24834393293692));
#11493=CARTESIAN_POINT('Ctrl Pts',(0.300792653549225,-0.381486995356656,
0.256144494875121));
#11494=CARTESIAN_POINT('Ctrl Pts',(0.307359496186863,-0.383099495356661,
0.257715128226214));
#11495=CARTESIAN_POINT('Ctrl Pts',(0.319308670970897,-0.386324495356653,
0.255894394247367));
#11496=CARTESIAN_POINT('Ctrl Pts',(0.324617248202287,-0.38793699535666,
0.25254230255697));
#11497=CARTESIAN_POINT('Ctrl Pts',(0.3311467343533,-0.391161995356654,0.24343482342523));
#11498=CARTESIAN_POINT('Ctrl Pts',(0.332347342906626,-0.392774495356655,
0.23775528719222));
#11499=CARTESIAN_POINT('Ctrl Pts',(0.330530888564414,-0.395999495356659,
0.227590170616236));
#11500=CARTESIAN_POINT('Ctrl Pts',(0.327553055414721,-0.397611995356656,
0.223166815957101));
#11501=CARTESIAN_POINT('Ctrl Pts',(0.319721900203951,-0.400836995356658,
0.217883155678546));
#11502=CARTESIAN_POINT('Ctrl Pts',(0.314937951108934,-0.402448813727668,
0.21703473071621));
#11503=CARTESIAN_POINT('Ctrl Pts',(0.310744947734307,-0.404061995356657,
0.217923916247719));
#11504=CARTESIAN_POINT('Origin',(0.313,-0.0329999999999998,-0.234));
#11505=CARTESIAN_POINT('',(0.342025,-0.292995393088607,-0.233999999999397));
#11506=CARTESIAN_POINT('',(0.342025,-0.310512299218844,-0.234));
#11507=CARTESIAN_POINT('',(0.342025,-0.0329999999999998,-0.234));
#11508=CARTESIAN_POINT('',(0.313,-0.320127683834229,-0.263025));
#11509=CARTESIAN_POINT('Ctrl Pts',(0.313,-0.320127683834229,-0.263025));
#11510=CARTESIAN_POINT('Ctrl Pts',(0.3165905224611,-0.319409777518255,-0.263025));
#11511=CARTESIAN_POINT('Ctrl Pts',(0.320143983128542,-0.318644111957143,
-0.262358860685693));
#11512=CARTESIAN_POINT('Ctrl Pts',(0.32715242144565,-0.317018031371667,
-0.259644780100646));
#11513=CARTESIAN_POINT('Ctrl Pts',(0.330501420307581,-0.316169884780525,
-0.25748911737341));
#11514=CARTESIAN_POINT('Ctrl Pts',(0.335783768444706,-0.314684761375187,
-0.252309859841824));
#11515=CARTESIAN_POINT('Ctrl Pts',(0.33808158592495,-0.313875215851103,
-0.249185809193094));
#11516=CARTESIAN_POINT('Ctrl Pts',(0.341373997831762,-0.312055512007,-0.241448540013786));
#11517=CARTESIAN_POINT('Ctrl Pts',(0.342025,-0.311217847229815,-0.237528713878691));
#11518=CARTESIAN_POINT('Ctrl Pts',(0.342025,-0.310512299218844,-0.234000000000001));
#11519=CARTESIAN_POINT('',(0.284283146588137,-0.3306,-0.238218169641157));
#11520=CARTESIAN_POINT('Ctrl Pts',(0.313,-0.320127683834229,-0.263025));
#11521=CARTESIAN_POINT('Ctrl Pts',(0.309603538027781,-0.320987689881971,
-0.263025));
#11522=CARTESIAN_POINT('Ctrl Pts',(0.306233863778875,-0.321854579716494,
-0.262428957110988));
#11523=CARTESIAN_POINT('Ctrl Pts',(0.299742448247443,-0.323608692728281,
-0.260058365489988));
#11524=CARTESIAN_POINT('Ctrl Pts',(0.296687104896534,-0.324480553029559,
-0.258263146897507));
#11525=CARTESIAN_POINT('Ctrl Pts',(0.291408475080024,-0.326235558761828,
-0.253703437942537));
#11526=CARTESIAN_POINT('Ctrl Pts',(0.289216160583795,-0.327109662746315,
-0.250992373905547));
#11527=CARTESIAN_POINT('Ctrl Pts',(0.285892070194872,-0.328857445662119,
-0.244933068954117));
#11528=CARTESIAN_POINT('Ctrl Pts',(0.28478491767019,-0.329726457633007,
-0.241634174172848));
#11529=CARTESIAN_POINT('Ctrl Pts',(0.284283146588137,-0.3306,-0.238218169641158));
#11530=CARTESIAN_POINT('',(0.341725103147295,-0.330599999999992,-0.229838380822654));
#11531=CARTESIAN_POINT('Origin',(0.313,-0.3306,-0.234));
#11532=CARTESIAN_POINT('Ctrl Pts',(0.342025,-0.292995393088607,-0.233999999998795));
#11533=CARTESIAN_POINT('Ctrl Pts',(0.342025000000121,-0.293577756236123,
-0.236912619535888));
#11534=CARTESIAN_POINT('Ctrl Pts',(0.341587982108936,-0.294192599686516,
-0.239806666680333));
#11535=CARTESIAN_POINT('Ctrl Pts',(0.339582771573124,-0.295651423024747,
-0.246272211494842));
#11536=CARTESIAN_POINT('Ctrl Pts',(0.337722923547883,-0.296488211113845,
-0.249686932630643));
#11537=CARTESIAN_POINT('Ctrl Pts',(0.332764993724267,-0.298081951089946,
-0.255604190476619));
#11538=CARTESIAN_POINT('Ctrl Pts',(0.32971574726417,-0.298855839201491,
-0.258041754292879));
#11539=CARTESIAN_POINT('Ctrl Pts',(0.322856927602712,-0.300519371517121,
-0.261569253436154));
#11540=CARTESIAN_POINT('Ctrl Pts',(0.319120381323162,-0.301354532344952,
-0.262632498631197));
#11541=CARTESIAN_POINT('Ctrl Pts',(0.311421489721295,-0.302944161881854,
-0.263239552991104));
#11542=CARTESIAN_POINT('Ctrl Pts',(0.307538750678444,-0.303723930479785,
-0.262768970306453));
#11543=CARTESIAN_POINT('Ctrl Pts',(0.300215110098174,-0.305389508747796,
-0.260338944482013));
#11544=CARTESIAN_POINT('Ctrl Pts',(0.296842973682599,-0.30622289991588,
-0.258417303630748));
#11545=CARTESIAN_POINT('Ctrl Pts',(0.291015890776764,-0.307808159874355,
-0.253344063368476));
#11546=CARTESIAN_POINT('Ctrl Pts',(0.288628998062613,-0.308594488438008,
-0.250235632863787));
#11547=CARTESIAN_POINT('Ctrl Pts',(0.285238830805035,-0.310262110684436,
-0.243299473173659));
#11548=CARTESIAN_POINT('Ctrl Pts',(0.284252311327648,-0.311093572483508,
-0.239549646310606));
#11549=CARTESIAN_POINT('Ctrl Pts',(0.283796333585839,-0.312674169948837,
-0.231833349548837));
#11550=CARTESIAN_POINT('Ctrl Pts',(0.284347925427195,-0.313467820456257,
-0.227944466303346));
#11551=CARTESIAN_POINT('Ctrl Pts',(0.286936018768471,-0.315137486295235,
-0.220665855935664));
#11552=CARTESIAN_POINT('Ctrl Pts',(0.288923386994783,-0.315966838702952,
-0.217341144066538));
#11553=CARTESIAN_POINT('Ctrl Pts',(0.293994514490355,-0.317504374411052,
-0.211751873146762));
#11554=CARTESIAN_POINT('Ctrl Pts',(0.297128542533259,-0.318305136048531,
-0.209357951736745));
#11555=CARTESIAN_POINT('Ctrl Pts',(0.304311897789952,-0.320015983515325,
-0.206042648767742));
#11556=CARTESIAN_POINT('Ctrl Pts',(0.30807427719422,-0.320843022573434,
-0.205139835749081));
#11557=CARTESIAN_POINT('Ctrl Pts',(0.315590121603535,-0.322369203646437,
-0.20485696850687));
#11558=CARTESIAN_POINT('Ctrl Pts',(0.319505966363278,-0.323178772555363,
-0.205414404799937));
#11559=CARTESIAN_POINT('Ctrl Pts',(0.326929625494393,-0.324897996420334,
-0.208250702878379));
#11560=CARTESIAN_POINT('Ctrl Pts',(0.330200757292816,-0.325722489832565,
-0.210308755382959));
#11561=CARTESIAN_POINT('Ctrl Pts',(0.335307683123633,-0.327145012970594,
-0.21515565915799));
#11562=CARTESIAN_POINT('Ctrl Pts',(0.337256942623596,-0.327810687841984,
-0.217738742807114));
#11563=CARTESIAN_POINT('Ctrl Pts',(0.340249263463947,-0.329207644897473,
-0.223485996342053));
#11564=CARTESIAN_POINT('Ctrl Pts',(0.341257399635781,-0.329915788986208,
-0.226610110517665));
#11565=CARTESIAN_POINT('Ctrl Pts',(0.341725103147308,-0.33060000000001,
-0.229838380822743));
#11566=CARTESIAN_POINT('Origin',(0.313,-0.0329999999999998,-0.234));
#11567=CARTESIAN_POINT('',(0.342025,-0.254533854627252,-0.233999999999855));
#11568=CARTESIAN_POINT('',(0.342025,-0.272050760757079,-0.233999999999431));
#11569=CARTESIAN_POINT('',(0.342025,-0.0329999999999998,-0.234));
#11570=CARTESIAN_POINT('Ctrl Pts',(0.342025,-0.310512299218844,-0.234000000000001));
#11571=CARTESIAN_POINT('Ctrl Pts',(0.342025,-0.310505231216395,-0.233964650232234));
#11572=CARTESIAN_POINT('Ctrl Pts',(0.342024935420677,-0.310498166125865,
-0.233929341777742));
#11573=CARTESIAN_POINT('Ctrl Pts',(0.342010848072962,-0.309725189458653,
-0.23006922672077));
#11574=CARTESIAN_POINT('Ctrl Pts',(0.341241133770164,-0.308906007562445,
-0.226291012677514));
#11575=CARTESIAN_POINT('Ctrl Pts',(0.338130428300996,-0.307165315337293,
-0.218873645376921));
#11576=CARTESIAN_POINT('Ctrl Pts',(0.335775936625783,-0.306334991807091,
-0.21565054428989));
#11577=CARTESIAN_POINT('Ctrl Pts',(0.330433896060997,-0.304838683587475,
-0.210480347105221));
#11578=CARTESIAN_POINT('Ctrl Pts',(0.327186598786661,-0.304016445318718,
-0.208391982473705));
#11579=CARTESIAN_POINT('Ctrl Pts',(0.31976154422183,-0.302289715516298,
-0.205468423579143));
#11580=CARTESIAN_POINT('Ctrl Pts',(0.315839377442644,-0.301472267665026,
-0.204882820524075));
#11581=CARTESIAN_POINT('Ctrl Pts',(0.308345243685899,-0.299956255115087,
-0.205095323103279));
#11582=CARTESIAN_POINT('Ctrl Pts',(0.304578045495409,-0.299131258612853,
-0.205961839906222));
#11583=CARTESIAN_POINT('Ctrl Pts',(0.297337226925978,-0.297413698475629,
-0.209219465634108));
#11584=CARTESIAN_POINT('Ctrl Pts',(0.294179746653351,-0.296605878044202,
-0.211597855318789));
#11585=CARTESIAN_POINT('Ctrl Pts',(0.289073431754502,-0.295077442097823,
-0.217127039770464));
#11586=CARTESIAN_POINT('Ctrl Pts',(0.287058099098971,-0.294249946506739,
-0.22043088174773));
#11587=CARTESIAN_POINT('Ctrl Pts',(0.284341455856725,-0.292540589996868,
-0.227854753140002));
#11588=CARTESIAN_POINT('Ctrl Pts',(0.283824521213427,-0.291741396400612,
-0.231762363566655));
#11589=CARTESIAN_POINT('Ctrl Pts',(0.284206379338974,-0.290201839421677,
-0.239304102601128));
#11590=CARTESIAN_POINT('Ctrl Pts',(0.285159934794336,-0.289372071271907,
-0.243059113025022));
#11591=CARTESIAN_POINT('Ctrl Pts',(0.288490867902513,-0.287702793787396,
-0.25002808677822));
#11592=CARTESIAN_POINT('Ctrl Pts',(0.290855933512846,-0.28691059755597,
-0.253161892197515));
#11593=CARTESIAN_POINT('Ctrl Pts',(0.296643994405415,-0.285329089828748,
-0.25828403399239));
#11594=CARTESIAN_POINT('Ctrl Pts',(0.299997573463332,-0.284497248217715,
-0.260231766296533));
#11595=CARTESIAN_POINT('Ctrl Pts',(0.307303637784887,-0.282830014302964,
-0.262724215904127));
#11596=CARTESIAN_POINT('Ctrl Pts',(0.311188835377831,-0.282044988211261,
-0.263226761775586));
#11597=CARTESIAN_POINT('Ctrl Pts',(0.318894869699429,-0.280458876492966,
-0.262679427015523));
#11598=CARTESIAN_POINT('Ctrl Pts',(0.322636870288888,-0.279625137325156,
-0.261646515381206));
#11599=CARTESIAN_POINT('Ctrl Pts',(0.329526432406474,-0.277959947625527,
-0.258173223175094));
#11600=CARTESIAN_POINT('Ctrl Pts',(0.332599097404005,-0.277181346449678,
-0.255755673195883));
#11601=CARTESIAN_POINT('Ctrl Pts',(0.337602866882307,-0.275590916842559,
-0.249873959170579));
#11602=CARTESIAN_POINT('Ctrl Pts',(0.339487324120616,-0.274755436323447,
-0.246475971159283));
#11603=CARTESIAN_POINT('Ctrl Pts',(0.341564923425836,-0.273279903219381,
-0.239956838862209));
#11604=CARTESIAN_POINT('Ctrl Pts',(0.342025000000117,-0.272648271168935,
-0.236988376764481));
#11605=CARTESIAN_POINT('Ctrl Pts',(0.342025,-0.272050760757079,-0.233999999998862));
#11606=CARTESIAN_POINT('Ctrl Pts',(0.342025,-0.254533854627252,-0.233999999999709));
#11607=CARTESIAN_POINT('Ctrl Pts',(0.342025000000023,-0.254983208174763,
-0.236247387951895));
#11608=CARTESIAN_POINT('Ctrl Pts',(0.341764693645374,-0.255452669642855,
-0.23848752083823));
#11609=CARTESIAN_POINT('Ctrl Pts',(0.340347126349929,-0.256767793578304,
-0.244477780099524));
#11610=CARTESIAN_POINT('Ctrl Pts',(0.338693834224803,-0.257619636059604,
-0.248053352230185));
#11611=CARTESIAN_POINT('Ctrl Pts',(0.334129890529324,-0.259238447800039,
-0.254259197900481));
#11612=CARTESIAN_POINT('Ctrl Pts',(0.331301020774396,-0.259978371389865,
-0.256846845756631));
#11613=CARTESIAN_POINT('Ctrl Pts',(0.324714617437779,-0.26162607687805,
-0.260840916640654));
#11614=CARTESIAN_POINT('Ctrl Pts',(0.321004015247937,-0.262478182629816,
-0.262171396198491));
#11615=CARTESIAN_POINT('Ctrl Pts',(0.31337785927955,-0.264094010323684,
-0.263270376937679));
#11616=CARTESIAN_POINT('Ctrl Pts',(0.30955037078735,-0.264835344464295,
-0.263068832742632));
#11617=CARTESIAN_POINT('Ctrl Pts',(0.30208271314752,-0.266485284282875,
-0.261175319750401));
#11618=CARTESIAN_POINT('Ctrl Pts',(0.298529584634759,-0.267337598144286,
-0.25946215230654));
#11619=CARTESIAN_POINT('Ctrl Pts',(0.292397181356007,-0.268950310717205,
-0.254794546781587));
#11620=CARTESIAN_POINT('Ctrl Pts',(0.289857397559665,-0.269693409493624,
-0.251925122216595));
#11621=CARTESIAN_POINT('Ctrl Pts',(0.285990823495534,-0.27133659454827,
-0.245308516374987));
#11622=CARTESIAN_POINT('Ctrl Pts',(0.284725982440215,-0.2721798339202,-0.241615069964075));
#11623=CARTESIAN_POINT('Ctrl Pts',(0.283721983259742,-0.273791138465587,
-0.233972193331319));
#11624=CARTESIAN_POINT('Ctrl Pts',(0.283981996477546,-0.274543705607365,
-0.23010641397159));
#11625=CARTESIAN_POINT('Ctrl Pts',(0.285998774624493,-0.276196893305543,
-0.222673570549781));
#11626=CARTESIAN_POINT('Ctrl Pts',(0.287743554908349,-0.2770390328919,-0.219184421922274));
#11627=CARTESIAN_POINT('Ctrl Pts',(0.292488523544402,-0.278647152991972,
-0.21310703219631));
#11628=CARTESIAN_POINT('Ctrl Pts',(0.295430843542235,-0.279403064044468,
-0.210578522013655));
#11629=CARTESIAN_POINT('Ctrl Pts',(0.302146735335608,-0.281058345792509,
-0.206805585126099));
#11630=CARTESIAN_POINT('Ctrl Pts',(0.305855053942532,-0.281899299134989,
-0.20560425116209));
#11631=CARTESIAN_POINT('Ctrl Pts',(0.313517163929067,-0.283504088875056,
-0.204725347770516));
#11632=CARTESIAN_POINT('Ctrl Pts',(0.31738836155396,-0.284263764219447,
-0.205051378399154));
#11633=CARTESIAN_POINT('Ctrl Pts',(0.324788245063961,-0.285921124209602,
-0.207198106734463));
#11634=CARTESIAN_POINT('Ctrl Pts',(0.328241711343665,-0.286760796744467,
-0.208999243659775));
#11635=CARTESIAN_POINT('Ctrl Pts',(0.334241883565529,-0.288362093079251,
-0.213848238969892));
#11636=CARTESIAN_POINT('Ctrl Pts',(0.336726366914166,-0.289125989497695,
-0.216842407034427));
#11637=CARTESIAN_POINT('Ctrl Pts',(0.340380701085425,-0.290785415309582,
-0.223628151720446));
#11638=CARTESIAN_POINT('Ctrl Pts',(0.341515158810038,-0.291623703067213,
-0.227350839769342));
#11639=CARTESIAN_POINT('Ctrl Pts',(0.341979612922476,-0.292616722497623,
-0.232124924331594));
#11640=CARTESIAN_POINT('Ctrl Pts',(0.342024999999961,-0.292807984869804,
-0.233062700236941));
#11641=CARTESIAN_POINT('Ctrl Pts',(0.342025,-0.292995393088607,-0.233999999998795));
#11642=CARTESIAN_POINT('Origin',(0.313,-0.0329999999999998,-0.234));
#11643=CARTESIAN_POINT('',(0.342025,-0.216072316165799,-0.234000000000065));
#11644=CARTESIAN_POINT('',(0.342025,-0.233589222295706,-0.233999999999844));
#11645=CARTESIAN_POINT('',(0.342025,-0.0329999999999998,-0.234));
#11646=CARTESIAN_POINT('',(0.284058038695645,-0.196395996936878,-0.236193969201513));
#11647=CARTESIAN_POINT('Ctrl Pts',(0.284058038695645,-0.196395996936878,
-0.236193969201513));
#11648=CARTESIAN_POINT('Ctrl Pts',(0.283835076069956,-0.197002547026338,
-0.233252735714486));
#11649=CARTESIAN_POINT('Ctrl Pts',(0.284061091438187,-0.197589104234859,
-0.230296841935379));
#11650=CARTESIAN_POINT('Ctrl Pts',(0.285413973557121,-0.198863335194453,
-0.224484310517987));
#11651=CARTESIAN_POINT('Ctrl Pts',(0.286550486471142,-0.199519595801233,
-0.221672860751379));
#11652=CARTESIAN_POINT('Ctrl Pts',(0.290067705899914,-0.200985144547383,
-0.215799974204501));
#11653=CARTESIAN_POINT('Ctrl Pts',(0.292664486198929,-0.201731440630468,
-0.21293819434709));
#11654=CARTESIAN_POINT('Ctrl Pts',(0.298860327328985,-0.203349615881166,
-0.208357782786544));
#11655=CARTESIAN_POINT('Ctrl Pts',(0.302403353927648,-0.2041950993395,-0.206702700183582));
#11656=CARTESIAN_POINT('Ctrl Pts',(0.309885222988443,-0.205841200764909,
-0.204889842891089));
#11657=CARTESIAN_POINT('Ctrl Pts',(0.313742486328365,-0.206585350080512,
-0.204733056136336));
#11658=CARTESIAN_POINT('Ctrl Pts',(0.321352246317244,-0.208206326608218,
-0.205933789350915));
#11659=CARTESIAN_POINT('Ctrl Pts',(0.325019889164395,-0.209052668474982,
-0.20729838648344));
#11660=CARTESIAN_POINT('Ctrl Pts',(0.331559673278951,-0.210696562276261,
-0.211358982293255));
#11661=CARTESIAN_POINT('Ctrl Pts',(0.334374933697277,-0.211438884868567,
-0.21399520949391));
#11662=CARTESIAN_POINT('Ctrl Pts',(0.33885859372172,-0.213062571505231,
-0.220258690959251));
#11663=CARTESIAN_POINT('Ctrl Pts',(0.340460642659562,-0.213909709012462,
-0.223831957348735));
#11664=CARTESIAN_POINT('Ctrl Pts',(0.341787774129393,-0.215195970642863,
-0.229715324993444));
#11665=CARTESIAN_POINT('Ctrl Pts',(0.342025,-0.215643390982633,-0.231854782065641));
#11666=CARTESIAN_POINT('Ctrl Pts',(0.342025,-0.216072316165799,-0.234000000000131));
#11667=CARTESIAN_POINT('',(0.341381725790302,-0.196395996936878,-0.240076863184582));
#11668=CARTESIAN_POINT('Origin',(0.313,-0.196395996936878,-0.234));
#11669=CARTESIAN_POINT('Ctrl Pts',(0.342025,-0.233589222295706,-0.233999999999689));
#11670=CARTESIAN_POINT('Ctrl Pts',(0.342024999999984,-0.233283744135117,
-0.232472187564332));
#11671=CARTESIAN_POINT('Ctrl Pts',(0.341904523661562,-0.232968382638435,
-0.230944847740507));
#11672=CARTESIAN_POINT('Ctrl Pts',(0.341048937240572,-0.231824706506968,
-0.225579284037826));
#11673=CARTESIAN_POINT('Ctrl Pts',(0.339665691396467,-0.230973129231252,
-0.221893181469067));
#11674=CARTESIAN_POINT('Ctrl Pts',(0.335577184154862,-0.229329598988611,
-0.215366776943097));
#11675=CARTESIAN_POINT('Ctrl Pts',(0.332946559848768,-0.22859141691726,
-0.212574243428241));
#11676=CARTESIAN_POINT('Ctrl Pts',(0.326675808383171,-0.226967389149851,
-0.208104015787964));
#11677=CARTESIAN_POINT('Ctrl Pts',(0.323080994995038,-0.226116171950088,
-0.206504726066976));
#11678=CARTESIAN_POINT('Ctrl Pts',(0.315562566563719,-0.224474933479837,
-0.204838848168413));
#11679=CARTESIAN_POINT('Ctrl Pts',(0.311725287198037,-0.223737251519005,
-0.204754207012243));
#11680=CARTESIAN_POINT('Ctrl Pts',(0.304141566481626,-0.222110545493178,
-0.206086984843665));
#11681=CARTESIAN_POINT('Ctrl Pts',(0.300482180689487,-0.221259739072038,
-0.207525423085739));
#11682=CARTESIAN_POINT('Ctrl Pts',(0.294019895876635,-0.219620823403631,
-0.211713010793244));
#11683=CARTESIAN_POINT('Ctrl Pts',(0.291265828609709,-0.218883344953202,
-0.214389255224485));
#11684=CARTESIAN_POINT('Ctrl Pts',(0.286895673947786,-0.217254048257073,
-0.220727810190918));
#11685=CARTESIAN_POINT('Ctrl Pts',(0.28535390945877,-0.216403702894285,
-0.224342090922091));
#11686=CARTESIAN_POINT('Ctrl Pts',(0.283802482346159,-0.214767147105567,
-0.2318845065503));
#11687=CARTESIAN_POINT('Ctrl Pts',(0.283776910952623,-0.214029582205095,
-0.235726859389368));
#11688=CARTESIAN_POINT('Ctrl Pts',(0.285227503320779,-0.212397773856684,
-0.24328729838216));
#11689=CARTESIAN_POINT('Ctrl Pts',(0.286719778855106,-0.21154793994487,
-0.24691952014876));
#11690=CARTESIAN_POINT('Ctrl Pts',(0.291004336097038,-0.209913783882865,
-0.253317834263917));
#11691=CARTESIAN_POINT('Ctrl Pts',(0.293725772156064,-0.209175853460541,
-0.256033882929087));
#11692=CARTESIAN_POINT('Ctrl Pts',(0.300130416108529,-0.207541600160304,
-0.260304332685247));
#11693=CARTESIAN_POINT('Ctrl Pts',(0.30376299785423,-0.206692330691403,
-0.261788923843646));
#11694=CARTESIAN_POINT('Ctrl Pts',(0.311328267731263,-0.20506059931632,
-0.263226924018789));
#11695=CARTESIAN_POINT('Ctrl Pts',(0.315175483305323,-0.204322066565629,
-0.26319373615251));
#11696=CARTESIAN_POINT('Ctrl Pts',(0.322711727787664,-0.202685407643252,
-0.261626165298803));
#11697=CARTESIAN_POINT('Ctrl Pts',(0.326316070286527,-0.201836755973596,
-0.260080858122895));
#11698=CARTESIAN_POINT('Ctrl Pts',(0.332650085211564,-0.200207505624753,
-0.255700302447144));
#11699=CARTESIAN_POINT('Ctrl Pts',(0.335327857103886,-0.199468084316512,
-0.252933945778307));
#11700=CARTESIAN_POINT('Ctrl Pts',(0.339296952832496,-0.197908132930445,
-0.246776089025697));
#11701=CARTESIAN_POINT('Ctrl Pts',(0.340647212748472,-0.197142742109826,
-0.243507374471364));
#11702=CARTESIAN_POINT('Ctrl Pts',(0.341381725790322,-0.196395996936857,
-0.240076863184488));
#11703=CARTESIAN_POINT('Origin',(0.313,-0.381621715207318,-0.234));
#11704=CARTESIAN_POINT('',(0.333283824216033,-0.369182181384424,-0.234));
#11705=CARTESIAN_POINT('',(0.330465524474648,-0.381621715207293,-0.234));
#11706=CARTESIAN_POINT('',(0.330465524474681,-0.381621715207318,-0.234));
#11707=CARTESIAN_POINT('',(0.302578012078371,-0.381621715207318,-0.24801523146213));
#11708=CARTESIAN_POINT('Origin',(0.313,-0.381621715207318,-0.234));
#11709=CARTESIAN_POINT('Ctrl Pts',(0.302578012078371,-0.381621715207318,
-0.24801523146213));
#11710=CARTESIAN_POINT('Ctrl Pts',(0.303851295828839,-0.381076960867881,
-0.249115872158977));
#11711=CARTESIAN_POINT('Ctrl Pts',(0.305278017150745,-0.380543316680227,
-0.250026367416474));
#11712=CARTESIAN_POINT('Ctrl Pts',(0.308339562580682,-0.379489319712314,
-0.251413182906431));
#11713=CARTESIAN_POINT('Ctrl Pts',(0.309954827765612,-0.378973855932821,
-0.251885201547076));
#11714=CARTESIAN_POINT('Ctrl Pts',(0.314094812113658,-0.377683318130456,
-0.252495275136759));
#11715=CARTESIAN_POINT('Ctrl Pts',(0.316629617288502,-0.376914688319073,
-0.252346748728252));
#11716=CARTESIAN_POINT('Ctrl Pts',(0.321520846638322,-0.375394125324668,
-0.251033393442479));
#11717=CARTESIAN_POINT('Ctrl Pts',(0.323815205048791,-0.374657318657404,
-0.249878734905836));
#11718=CARTESIAN_POINT('Ctrl Pts',(0.3279057043531,-0.373139646075677,-0.246675712592737));
#11719=CARTESIAN_POINT('Ctrl Pts',(0.32963589272275,-0.372370091931019,
-0.244629003644583));
#11720=CARTESIAN_POINT('Ctrl Pts',(0.33217791798118,-0.370856191780428,
-0.239952510084126));
#11721=CARTESIAN_POINT('Ctrl Pts',(0.332960709801066,-0.370125478937623,
-0.237382469636886));
#11722=CARTESIAN_POINT('Ctrl Pts',(0.333248559537824,-0.36931833137393,
-0.234488776445379));
#11723=CARTESIAN_POINT('Ctrl Pts',(0.333268398897817,-0.369250266324029,
-0.234244436854655));
#11724=CARTESIAN_POINT('Ctrl Pts',(0.333283824216033,-0.369182181384424,
-0.234));
#11725=CARTESIAN_POINT('Origin',(0.313,-0.381621715207318,-0.234));
#11726=CARTESIAN_POINT('',(0.341801636747273,-0.331585890427596,-0.234000000107001));
#11727=CARTESIAN_POINT('',(0.337185094425309,-0.351962585466903,-0.234));
#11728=CARTESIAN_POINT('',(0.330465524474681,-0.381621715207318,-0.234));
#11729=CARTESIAN_POINT('Ctrl Pts',(0.341725103147297,-0.33059999999999,
-0.229838380822654));
#11730=CARTESIAN_POINT('Ctrl Pts',(0.341848309041043,-0.330933048596251,
-0.231215055753489));
#11731=CARTESIAN_POINT('Ctrl Pts',(0.3418743686584,-0.331261229831584,-0.232599758521736));
#11732=CARTESIAN_POINT('Ctrl Pts',(0.341802231416185,-0.331583258073598,
-0.233988645373139));
#11733=CARTESIAN_POINT('Ctrl Pts',(0.341801934866001,-0.33158457457839,
-0.233994324004187));
#11734=CARTESIAN_POINT('Ctrl Pts',(0.341801636747273,-0.331585890427596,
-0.234000000214001));
#11735=CARTESIAN_POINT('Ctrl Pts',(0.337185094425309,-0.351962585466903,
-0.234));
#11736=CARTESIAN_POINT('Ctrl Pts',(0.33719391240642,-0.35192366427883,-0.233854737959368));
#11737=CARTESIAN_POINT('Ctrl Pts',(0.337201414116382,-0.351884776479701,
-0.233709327638024));
#11738=CARTESIAN_POINT('Ctrl Pts',(0.337345821201718,-0.350977174349407,
-0.230310144853751));
#11739=CARTESIAN_POINT('Ctrl Pts',(0.336822653276062,-0.350134377782488,
-0.22705650646285));
#11740=CARTESIAN_POINT('Ctrl Pts',(0.334519204746221,-0.348399354025268,
-0.220857235952866));
#11741=CARTESIAN_POINT('Ctrl Pts',(0.332730158122721,-0.347526022214271,
-0.217982165168278));
#11742=CARTESIAN_POINT('Ctrl Pts',(0.32808363708436,-0.345805159012097,
-0.213063398805492));
#11743=CARTESIAN_POINT('Ctrl Pts',(0.325270837168066,-0.344965557439421,
-0.211085194026328));
#11744=CARTESIAN_POINT('Ctrl Pts',(0.318960586334306,-0.343235344656313,
-0.208287374587363));
#11745=CARTESIAN_POINT('Ctrl Pts',(0.315509077804552,-0.342363843972949,
-0.207526221756987));
#11746=CARTESIAN_POINT('Ctrl Pts',(0.308453213927085,-0.340648646721108,
-0.20740471439906));
#11747=CARTESIAN_POINT('Ctrl Pts',(0.304930332288146,-0.339811890638216,
-0.208056309483634));
#11748=CARTESIAN_POINT('Ctrl Pts',(0.298243728157701,-0.338085507815299,
-0.210710590417139));
#11749=CARTESIAN_POINT('Ctrl Pts',(0.295160375601829,-0.337218826407886,
-0.212721167259576));
#11750=CARTESIAN_POINT('Ctrl Pts',(0.289890586182657,-0.335490760572461,
-0.217901855239403));
#11751=CARTESIAN_POINT('Ctrl Pts',(0.287785132051844,-0.334633663045697,
-0.221024363502351));
#11752=CARTESIAN_POINT('Ctrl Pts',(0.285450981676499,-0.333245255714984,
-0.226619644444003));
#11753=CARTESIAN_POINT('Ctrl Pts',(0.284823158027149,-0.332717064269159,
-0.228870863686293));
#11754=CARTESIAN_POINT('Ctrl Pts',(0.284122010506273,-0.331654717097642,
-0.233504482610301));
#11755=CARTESIAN_POINT('Ctrl Pts',(0.284058924431257,-0.331127092867562,
-0.235869979201071));
#11756=CARTESIAN_POINT('Ctrl Pts',(0.284283146588138,-0.3306,-0.238218169641158));
#11757=CARTESIAN_POINT('Origin',(0.313,38.9620787401575,-0.233999999999976));
#11758=CARTESIAN_POINT('',(0.324413758700159,-0.390761732807657,-0.23399999999978));
#11759=CARTESIAN_POINT('',(26.3806188467376,38.9620787401575,-0.233999999999973));
#11760=CARTESIAN_POINT('',(0.310400177088272,-0.381621715207318,-0.216729057176769));
#11761=CARTESIAN_POINT('Origin',(0.313,-0.381621715207318,-0.234));
#11762=CARTESIAN_POINT('Ctrl Pts',(0.324413758700159,-0.390761732807657,
-0.233999999999561));
#11763=CARTESIAN_POINT('Ctrl Pts',(0.324753789574052,-0.39024818217,-0.232892889606284));
#11764=CARTESIAN_POINT('Ctrl Pts',(0.324918003655748,-0.389755651209256,
-0.231728113727764));
#11765=CARTESIAN_POINT('Ctrl Pts',(0.324901727420888,-0.388558715905483,
-0.228820134188062));
#11766=CARTESIAN_POINT('Ctrl Pts',(0.32452068158436,-0.387873566013391,
-0.227089039080023));
#11767=CARTESIAN_POINT('Ctrl Pts',(0.323046523837897,-0.386504286423193,
-0.223754159639773));
#11768=CARTESIAN_POINT('Ctrl Pts',(0.32191751411667,-0.385842610469518,
-0.222204587672842));
#11769=CARTESIAN_POINT('Ctrl Pts',(0.319207094123381,-0.384576314352776,
-0.219678587316137));
#11770=CARTESIAN_POINT('Ctrl Pts',(0.317664240388425,-0.383977287580168,
-0.218689799431263));
#11771=CARTESIAN_POINT('Ctrl Pts',(0.315112133823171,-0.383088464954742,
-0.217615127977192));
#11772=CARTESIAN_POINT('Ctrl Pts',(0.314206390123705,-0.38279049561226,
-0.217325699925929));
#11773=CARTESIAN_POINT('Ctrl Pts',(0.312330442979865,-0.382199687954972,
-0.216904072074695));
#11774=CARTESIAN_POINT('Ctrl Pts',(0.31136876089852,-0.38190908552563,-0.216775671308094));
#11775=CARTESIAN_POINT('Ctrl Pts',(0.310400177088275,-0.381621715207301,
-0.216729057176797));
#11776=CARTESIAN_POINT('Origin',(0.313,-0.196395996936878,-0.234));
#11777=CARTESIAN_POINT('',(0.356,-0.158,-0.234));
#11778=CARTESIAN_POINT('Origin',(0.313,-0.158,-0.234));
#11779=CARTESIAN_POINT('',(0.353298218829189,-0.16542308275911,-0.234));
#11780=CARTESIAN_POINT('',(0.342025,-0.196395996936878,-0.234));
#11781=CARTESIAN_POINT('',(0.350601059619632,-0.16542308275911,-0.248495059719991));
#11782=CARTESIAN_POINT('Origin',(0.313,-0.16542308275911,-0.234));
#11783=CARTESIAN_POINT('',(0.342406467318434,-0.19534792409322,-0.234000000000014));
#11784=CARTESIAN_POINT('Ctrl Pts',(0.342406467318434,-0.195347924093221,
-0.234000000000028));
#11785=CARTESIAN_POINT('Ctrl Pts',(0.34249365759479,-0.195108370777737,
-0.232531081512764));
#11786=CARTESIAN_POINT('Ctrl Pts',(0.342472270380282,-0.194865833474555,
-0.231076181277155));
#11787=CARTESIAN_POINT('Ctrl Pts',(0.342050466318041,-0.194032248751159,
-0.226173192374007));
#11788=CARTESIAN_POINT('Ctrl Pts',(0.341153281152643,-0.193428497002465,
-0.222785637111264));
#11789=CARTESIAN_POINT('Ctrl Pts',(0.337818120316879,-0.192074263743055,
-0.215551127218456));
#11790=CARTESIAN_POINT('Ctrl Pts',(0.335224262839632,-0.191444521917219,
-0.212315876028541));
#11791=CARTESIAN_POINT('Ctrl Pts',(0.329408863871622,-0.190187544265194,
-0.207047411518775));
#11792=CARTESIAN_POINT('Ctrl Pts',(0.325838239811377,-0.189503145255393,
-0.204905151470916));
#11793=CARTESIAN_POINT('Ctrl Pts',(0.317479789411483,-0.188063232370355,
-0.201903466934457));
#11794=CARTESIAN_POINT('Ctrl Pts',(0.31314258266845,-0.187433388520117,
-0.201487569687162));
#11795=CARTESIAN_POINT('Ctrl Pts',(0.30716708056744,-0.186515889911832,
-0.201832560413184));
#11796=CARTESIAN_POINT('Ctrl Pts',(0.305032854769924,-0.186178806864279,
-0.20216754582238));
#11797=CARTESIAN_POINT('Ctrl Pts',(0.298908753366348,-0.18518462430672,
-0.20375491062635));
#11798=CARTESIAN_POINT('Ctrl Pts',(0.295103040086512,-0.184531933107511,
-0.205559413241712));
#11799=CARTESIAN_POINT('Ctrl Pts',(0.289885108365518,-0.183575816881853,
-0.20938233202215));
#11800=CARTESIAN_POINT('Ctrl Pts',(0.28818651020933,-0.183256590847111,
-0.210928323548985));
#11801=CARTESIAN_POINT('Ctrl Pts',(0.28364961739016,-0.182266960286658,
-0.215938963657161));
#11802=CARTESIAN_POINT('Ctrl Pts',(0.281311905211493,-0.181582703743607,
-0.219837467909266));
#11803=CARTESIAN_POINT('Ctrl Pts',(0.278091399139835,-0.180164489844181,
-0.228810625748587));
#11804=CARTESIAN_POINT('Ctrl Pts',(0.27758133406844,-0.179536719921466,
-0.233491052971453));
#11805=CARTESIAN_POINT('Ctrl Pts',(0.278080837398215,-0.178280326031524,
-0.242414097027553));
#11806=CARTESIAN_POINT('Ctrl Pts',(0.279236011122658,-0.177604041708238,
-0.24695066033628));
#11807=CARTESIAN_POINT('Ctrl Pts',(0.28345242325863,-0.176198175823308,
-0.255845124871885));
#11808=CARTESIAN_POINT('Ctrl Pts',(0.286514629055215,-0.1755708302419,-0.25966337525479));
#11809=CARTESIAN_POINT('Ctrl Pts',(0.293468605685765,-0.174312516959162,
-0.265864508244154));
#11810=CARTESIAN_POINT('Ctrl Pts',(0.297652842250491,-0.173637112266601,
-0.268344643733877));
#11811=CARTESIAN_POINT('Ctrl Pts',(0.304508841063419,-0.172637452578474,
-0.270785056741137));
#11812=CARTESIAN_POINT('Ctrl Pts',(0.30690198686542,-0.172305416837319,
-0.271378954747683));
#11813=CARTESIAN_POINT('Ctrl Pts',(0.311809617264258,-0.171656640412718,
-0.272092589278926));
#11814=CARTESIAN_POINT('Ctrl Pts',(0.314311481462974,-0.171347941901096,
-0.272198585489753));
#11815=CARTESIAN_POINT('Ctrl Pts',(0.321761121871123,-0.170380334402492,
-0.27181431325475));
#11816=CARTESIAN_POINT('Ctrl Pts',(0.326652107378548,-0.169706772539657,
-0.270595289718448));
#11817=CARTESIAN_POINT('Ctrl Pts',(0.333282751952092,-0.168737550327177,
-0.267498849194498));
#11818=CARTESIAN_POINT('Ctrl Pts',(0.335296746666325,-0.168434112965786,
-0.266327592947839));
#11819=CARTESIAN_POINT('Ctrl Pts',(0.340930482008631,-0.167556259075556,
-0.26233358946378));
#11820=CARTESIAN_POINT('Ctrl Pts',(0.343487795286876,-0.167109973056881,
-0.259532194830251));
#11821=CARTESIAN_POINT('Ctrl Pts',(0.347322837329869,-0.16633703664051,
-0.254777986617583));
#11822=CARTESIAN_POINT('Ctrl Pts',(0.349173128507541,-0.165878863755062,
-0.251738000654129));
#11823=CARTESIAN_POINT('Ctrl Pts',(0.350601059619674,-0.16542308275904,
-0.248495059719954));
#11824=CARTESIAN_POINT('',(0.350681275834026,-0.17261307454632,-0.234000000081295));
#11825=CARTESIAN_POINT('',(0.342025,-0.196395996936878,-0.234));
#11826=CARTESIAN_POINT('',(0.337038263964453,-0.16542308275911,-0.201656402389646));
#11827=CARTESIAN_POINT('Ctrl Pts',(0.337038263964535,-0.165423082758899,
-0.201656402389611));
#11828=CARTESIAN_POINT('Ctrl Pts',(0.339823836467515,-0.166123577059145,
-0.204044347126885));
#11829=CARTESIAN_POINT('Ctrl Pts',(0.343741455335948,-0.167100058205478,
-0.208016402813613));
#11830=CARTESIAN_POINT('Ctrl Pts',(0.348257500167,-0.169133014476533,-0.217104249411857));
#11831=CARTESIAN_POINT('Ctrl Pts',(0.349365452862361,-0.169833655694286,
-0.220351222015586));
#11832=CARTESIAN_POINT('Ctrl Pts',(0.350876473551304,-0.171417367174349,
-0.227935094160036));
#11833=CARTESIAN_POINT('Ctrl Pts',(0.350858680545635,-0.172125659122499,
-0.231500267521532));
#11834=CARTESIAN_POINT('Ctrl Pts',(0.350681275839558,-0.172613074531123,
-0.23400000008465));
#11835=CARTESIAN_POINT('Origin',(0.313,-0.16542308275911,-0.234));
#11836=CARTESIAN_POINT('Origin',(0.313,-0.3306,-0.234));
#11837=CARTESIAN_POINT('',(0.313,-0.198388461538463,-0.191));
#11838=CARTESIAN_POINT('',(0.313000000000002,-0.193580769230771,-0.191));
#11839=CARTESIAN_POINT('',(0.313,-0.3306,-0.191));
#11840=CARTESIAN_POINT('',(0.340389467037733,-0.170102705017895,-0.267148410148737));
#11841=CARTESIAN_POINT('Ctrl Pts',(0.340389467037788,-0.170102705017885,
-0.267148410148692));
#11842=CARTESIAN_POINT('Ctrl Pts',(0.336562299673626,-0.170796011417337,
-0.270310675666062));
#11843=CARTESIAN_POINT('Ctrl Pts',(0.332218337140747,-0.171520596602786,
-0.27278480220206));
#11844=CARTESIAN_POINT('Ctrl Pts',(0.322921981115343,-0.172962141320789,
-0.276127765320517));
#11845=CARTESIAN_POINT('Ctrl Pts',(0.318038565725233,-0.173669251241571,
-0.27698693991795));
#11846=CARTESIAN_POINT('Ctrl Pts',(0.307537665554271,-0.175088020365546,
-0.277014466397747));
#11847=CARTESIAN_POINT('Ctrl Pts',(0.302003626440633,-0.175893103688911,
-0.275944555396745));
#11848=CARTESIAN_POINT('Ctrl Pts',(0.291452626060648,-0.177556595425213,
-0.271660383431725));
#11849=CARTESIAN_POINT('Ctrl Pts',(0.286586281689898,-0.178392786953678,
-0.268419633199746));
#11850=CARTESIAN_POINT('Ctrl Pts',(0.278568934534354,-0.179928973993706,
-0.260358222676751));
#11851=CARTESIAN_POINT('Ctrl Pts',(0.275440324774906,-0.180737090101743,
-0.255666437592924));
#11852=CARTESIAN_POINT('Ctrl Pts',(0.271074390900848,-0.182397994462471,
-0.245168475140199));
#11853=CARTESIAN_POINT('Ctrl Pts',(0.269956585814817,-0.183229001228592,
-0.239438214763771));
#11854=CARTESIAN_POINT('Ctrl Pts',(0.270044613730211,-0.184767687711225,
-0.228073853170597));
#11855=CARTESIAN_POINT('Ctrl Pts',(0.271178688952156,-0.185577022292393,
-0.222546876612293));
#11856=CARTESIAN_POINT('Ctrl Pts',(0.275567270961219,-0.187237158979694,
-0.212063983363815));
#11857=CARTESIAN_POINT('Ctrl Pts',(0.278848091991917,-0.188063433191636,
-0.207244107574008));
#11858=CARTESIAN_POINT('Ctrl Pts',(0.286980298768976,-0.189604434483439,
-0.19931156035944));
#11859=CARTESIAN_POINT('Ctrl Pts',(0.291707382695884,-0.190414890054411,
-0.196226321232712));
#11860=CARTESIAN_POINT('Ctrl Pts',(0.302015537840837,-0.192038991447819,
-0.19206048346142));
#11861=CARTESIAN_POINT('Ctrl Pts',(0.307485515067339,-0.192836519213221,
-0.191));
#11862=CARTESIAN_POINT('Ctrl Pts',(0.313000000000003,-0.193580769230771,
-0.191));
#11863=CARTESIAN_POINT('',(0.355806743477192,-0.170102705017887,-0.238072187726259));
#11864=CARTESIAN_POINT('Origin',(0.313,-0.170102705017887,-0.234));
#11865=CARTESIAN_POINT('Ctrl Pts',(0.313,-0.198388461538463,-0.191));
#11866=CARTESIAN_POINT('Ctrl Pts',(0.307366783648421,-0.197628187202832,
-0.191));
#11867=CARTESIAN_POINT('Ctrl Pts',(0.301780193343818,-0.196812328043063,
-0.192106866569156));
#11868=CARTESIAN_POINT('Ctrl Pts',(0.291400507406482,-0.195171364875102,
-0.196401637154549));
#11869=CARTESIAN_POINT('Ctrl Pts',(0.286702356024093,-0.194362823119813,
-0.199522491287719));
#11870=CARTESIAN_POINT('Ctrl Pts',(0.278628195095277,-0.192825764860273,
-0.207524640615239));
#11871=CARTESIAN_POINT('Ctrl Pts',(0.275380226130249,-0.19199138921003,
-0.212382631564937));
#11872=CARTESIAN_POINT('Ctrl Pts',(0.271076323813724,-0.190328142389262,
-0.222923644675788));
#11873=CARTESIAN_POINT('Ctrl Pts',(0.269995792752492,-0.189521450085607,
-0.228456707520664));
#11874=CARTESIAN_POINT('Ctrl Pts',(0.270004398494697,-0.187986193668427,
-0.239828551949097));
#11875=CARTESIAN_POINT('Ctrl Pts',(0.271180508865701,-0.187146956625544,
-0.24555967783942));
#11876=CARTESIAN_POINT('Ctrl Pts',(0.275647207893973,-0.185485109008879,
-0.256022891008434));
#11877=CARTESIAN_POINT('Ctrl Pts',(0.278819850957203,-0.184683124089257,
-0.260679255674453));
#11878=CARTESIAN_POINT('Ctrl Pts',(0.286907538678523,-0.183145092205825,
-0.268666164620239));
#11879=CARTESIAN_POINT('Ctrl Pts',(0.291806589234765,-0.182305412569266,
-0.271858999663372));
#11880=CARTESIAN_POINT('Ctrl Pts',(0.302380473355956,-0.18064455579146,
-0.276040791252423));
#11881=CARTESIAN_POINT('Ctrl Pts',(0.307919090207065,-0.179846821877055,
-0.277060748405435));
#11882=CARTESIAN_POINT('Ctrl Pts',(0.319280341577735,-0.178306232060653,
-0.276931164914245));
#11883=CARTESIAN_POINT('Ctrl Pts',(0.324993361700789,-0.1774661627965,-0.275696456580252));
#11884=CARTESIAN_POINT('Ctrl Pts',(0.335399746106648,-0.175806246311991,
-0.271127104873253));
#11885=CARTESIAN_POINT('Ctrl Pts',(0.340019873099054,-0.175012363385833,
-0.267910930922094));
#11886=CARTESIAN_POINT('Ctrl Pts',(0.347254532689212,-0.173599353524052,
-0.260437996009221));
#11887=CARTESIAN_POINT('Ctrl Pts',(0.350003658134939,-0.172904442874047,
-0.25642781380643));
#11888=CARTESIAN_POINT('Ctrl Pts',(0.354068155440994,-0.171491020121457,
-0.24763869538585));
#11889=CARTESIAN_POINT('Ctrl Pts',(0.355346216614915,-0.170781811123287,
-0.242913235483228));
#11890=CARTESIAN_POINT('Ctrl Pts',(0.355806743477198,-0.170102705017885,
-0.238072187726189));
#11891=CARTESIAN_POINT('Origin',(0.313,-0.3306,-0.234));
#11892=CARTESIAN_POINT('',(0.313000000000024,-0.236850000000008,-0.191));
#11893=CARTESIAN_POINT('',(0.313000000000034,-0.232042307692318,-0.191));
#11894=CARTESIAN_POINT('',(0.313,-0.3306,-0.191));
#11895=CARTESIAN_POINT('Ctrl Pts',(0.313000000000003,-0.193580769230771,
-0.191));
#11896=CARTESIAN_POINT('Ctrl Pts',(0.313240949685956,-0.193613288461522,
-0.191));
#11897=CARTESIAN_POINT('Ctrl Pts',(0.313481954598547,-0.193645928363429,
-0.191002025236733));
#11898=CARTESIAN_POINT('Ctrl Pts',(0.319320336569817,-0.194439380934747,
-0.191100203895113));
#11899=CARTESIAN_POINT('Ctrl Pts',(0.324841710475954,-0.195250870305466,
-0.192286349991396));
#11900=CARTESIAN_POINT('Ctrl Pts',(0.335274524057127,-0.19690955811419,
-0.196769917472479));
#11901=CARTESIAN_POINT('Ctrl Pts',(0.340053751673503,-0.19772752730934,
-0.200085625381221));
#11902=CARTESIAN_POINT('Ctrl Pts',(0.347911601079369,-0.199272675702741,
-0.208279500754803));
#11903=CARTESIAN_POINT('Ctrl Pts',(0.350958444539072,-0.200085120630153,
-0.213037228729189));
#11904=CARTESIAN_POINT('Ctrl Pts',(0.355118626676677,-0.201743126122088,
-0.223598937311863));
#11905=CARTESIAN_POINT('Ctrl Pts',(0.356129284503602,-0.202557440880236,
-0.229321038201917));
#11906=CARTESIAN_POINT('Ctrl Pts',(0.355847856171825,-0.204104451779049,
-0.24066697008346));
#11907=CARTESIAN_POINT('Ctrl Pts',(0.354615872868763,-0.204917781828439,
-0.246182996017528));
#11908=CARTESIAN_POINT('Ctrl Pts',(0.350048973331538,-0.206575132094395,
-0.256571381871654));
#11909=CARTESIAN_POINT('Ctrl Pts',(0.346702673450092,-0.207386078654568,
-0.261314826304334));
#11910=CARTESIAN_POINT('Ctrl Pts',(0.338454706774902,-0.208934828497496,
-0.269106510485384));
#11911=CARTESIAN_POINT('Ctrl Pts',(0.333670185299947,-0.209748980074884,
-0.272119197267393));
#11912=CARTESIAN_POINT('Ctrl Pts',(0.323082799039644,-0.211405701346987,
-0.276194415883065));
#11913=CARTESIAN_POINT('Ctrl Pts',(0.317364184129688,-0.212213537018395,
-0.277160977300381));
#11914=CARTESIAN_POINT('Ctrl Pts',(0.306026462963603,-0.213763913229411,
-0.276799527843301));
#11915=CARTESIAN_POINT('Ctrl Pts',(0.300515496865839,-0.214578828755657,
-0.275526968004819));
#11916=CARTESIAN_POINT('Ctrl Pts',(0.290166711874808,-0.216234946355816,
-0.270886513452601));
#11917=CARTESIAN_POINT('Ctrl Pts',(0.285454945483264,-0.217039903089027,
-0.267513219095956));
#11918=CARTESIAN_POINT('Ctrl Pts',(0.277722158865362,-0.218591802834696,
-0.259217517197515));
#11919=CARTESIAN_POINT('Ctrl Pts',(0.274739990847072,-0.219407430037585,
-0.254409420860101));
#11920=CARTESIAN_POINT('Ctrl Pts',(0.270740218002027,-0.221062968350104,
-0.243799549020878));
#11921=CARTESIAN_POINT('Ctrl Pts',(0.269812741096761,-0.221865255792253,
-0.238084081722776));
#11922=CARTESIAN_POINT('Ctrl Pts',(0.270245324225562,-0.223418584908383,
-0.226753945678947));
#11923=CARTESIAN_POINT('Ctrl Pts',(0.271553983358589,-0.224234876213398,
-0.221247738631545));
#11924=CARTESIAN_POINT('Ctrl Pts',(0.276259713608525,-0.225889858675551,
-0.210934402470602));
#11925=CARTESIAN_POINT('Ctrl Pts',(0.279656959819587,-0.226689666794357,
-0.206250820568259));
#11926=CARTESIAN_POINT('Ctrl Pts',(0.287995015661649,-0.22824433885524,
-0.198570694240917));
#11927=CARTESIAN_POINT('Ctrl Pts',(0.292823971224898,-0.229061250859264,
-0.195615902325827));
#11928=CARTESIAN_POINT('Ctrl Pts',(0.302863810773079,-0.230623894251082,
-0.19190165413425));
#11929=CARTESIAN_POINT('Ctrl Pts',(0.307913690517679,-0.231355845408396,
-0.190999999999992));
#11930=CARTESIAN_POINT('Ctrl Pts',(0.313000000000068,-0.232042307692318,
-0.191));
#11931=CARTESIAN_POINT('Ctrl Pts',(0.313000000000049,-0.236850000000008,
-0.191));
#11932=CARTESIAN_POINT('Ctrl Pts',(0.307840521804136,-0.236153662665742,
-0.190999999999995));
#11933=CARTESIAN_POINT('Ctrl Pts',(0.30271888611392,-0.235410561987552,
-0.19192786258662));
#11934=CARTESIAN_POINT('Ctrl Pts',(0.292632050323147,-0.233837344109822,
-0.195717808215931));
#11935=CARTESIAN_POINT('Ctrl Pts',(0.287820230965872,-0.233021486142134,
-0.198695115989905));
#11936=CARTESIAN_POINT('Ctrl Pts',(0.279516977870418,-0.231469090570603,
-0.206418541738593));
#11937=CARTESIAN_POINT('Ctrl Pts',(0.276139413294656,-0.2306650632842,-0.211125288502311));
#11938=CARTESIAN_POINT('Ctrl Pts',(0.271487321768746,-0.229009145201334,
-0.221467774987162));
#11939=CARTESIAN_POINT('Ctrl Pts',(0.27020833250443,-0.228193982246515,
-0.226977911239736));
#11940=CARTESIAN_POINT('Ctrl Pts',(0.269834209995408,-0.22664307729162,
-0.238314300758331));
#11941=CARTESIAN_POINT('Ctrl Pts',(0.270793800339599,-0.225836244662642,
-0.244032358161083));
#11942=CARTESIAN_POINT('Ctrl Pts',(0.27485557208227,-0.224179731299062,
-0.254623773810297));
#11943=CARTESIAN_POINT('Ctrl Pts',(0.277862832342514,-0.223365313969266,
-0.259412512103927));
#11944=CARTESIAN_POINT('Ctrl Pts',(0.285644028947043,-0.221815999406073,
-0.267669007143361));
#11945=CARTESIAN_POINT('Ctrl Pts',(0.290381820616561,-0.221006137381676,
-0.271020129940285));
#11946=CARTESIAN_POINT('Ctrl Pts',(0.300763158591102,-0.219349003731989,
-0.275600169732168));
#11947=CARTESIAN_POINT('Ctrl Pts',(0.306278304039266,-0.21853538772908,
-0.276839393852784));
#11948=CARTESIAN_POINT('Ctrl Pts',(0.317622795241107,-0.216987772693005,
-0.2771351071004));
#11949=CARTESIAN_POINT('Ctrl Pts',(0.323344278276376,-0.21617463295306,
-0.276132331172113));
#11950=CARTESIAN_POINT('Ctrl Pts',(0.333910600495599,-0.214516853089991,
-0.271987323387586));
#11951=CARTESIAN_POINT('Ctrl Pts',(0.338673132648423,-0.213704099877954,
-0.268946563645247));
#11952=CARTESIAN_POINT('Ctrl Pts',(0.346876694665542,-0.212158304046561,
-0.261100518494796));
#11953=CARTESIAN_POINT('Ctrl Pts',(0.350197881399824,-0.211341610618424,
-0.256327690052903));
#11954=CARTESIAN_POINT('Ctrl Pts',(0.354696370682813,-0.209683157735336,
-0.245902797954727));
#11955=CARTESIAN_POINT('Ctrl Pts',(0.355890714073092,-0.208871335323667,
-0.24038235182793));
#11956=CARTESIAN_POINT('Ctrl Pts',(0.356097846480189,-0.207327490288637,
-0.229029102883134));
#11957=CARTESIAN_POINT('Ctrl Pts',(0.355046123828341,-0.206506935579569,
-0.223303821093755));
#11958=CARTESIAN_POINT('Ctrl Pts',(0.350806969361873,-0.204847782062252,
-0.212766317681548));
#11959=CARTESIAN_POINT('Ctrl Pts',(0.347728581871517,-0.20403696592243,
-0.208033724096266));
#11960=CARTESIAN_POINT('Ctrl Pts',(0.339809389761126,-0.202495216789158,
-0.199890444358313));
#11961=CARTESIAN_POINT('Ctrl Pts',(0.334996800936262,-0.201670456916475,
-0.19660335817274));
#11962=CARTESIAN_POINT('Ctrl Pts',(0.32452285524415,-0.200010574453998,
-0.192197722425397));
#11963=CARTESIAN_POINT('Ctrl Pts',(0.318996846133494,-0.199200848596325,
-0.191054312424093));
#11964=CARTESIAN_POINT('Ctrl Pts',(0.313268629676363,-0.198424751713238,
-0.191000629238444));
#11965=CARTESIAN_POINT('Ctrl Pts',(0.313134306220691,-0.198406587874526,
-0.191));
#11966=CARTESIAN_POINT('Ctrl Pts',(0.313,-0.198388461538463,-0.191));
#11967=CARTESIAN_POINT('Origin',(0.313,-0.3306,-0.234));
#11968=CARTESIAN_POINT('',(0.313000000000069,-0.275311538461557,-0.191));
#11969=CARTESIAN_POINT('',(0.313000000000055,-0.270503846153862,-0.191));
#11970=CARTESIAN_POINT('',(0.313,-0.3306,-0.191));
#11971=CARTESIAN_POINT('Ctrl Pts',(0.313000000000067,-0.232042307692318,
-0.191));
#11972=CARTESIAN_POINT('Ctrl Pts',(0.313627188222802,-0.232126954735782,
-0.191000000000001));
#11973=CARTESIAN_POINT('Ctrl Pts',(0.314254728997934,-0.232212416459596,
-0.191013721865316));
#11974=CARTESIAN_POINT('Ctrl Pts',(0.320489409250271,-0.23306913681925,
-0.191286886036558));
#11975=CARTESIAN_POINT('Ctrl Pts',(0.325991157913728,-0.233886629834257,
-0.192627804848913));
#11976=CARTESIAN_POINT('Ctrl Pts',(0.33627264026798,-0.235540567148325,
-0.197391741382024));
#11977=CARTESIAN_POINT('Ctrl Pts',(0.340931033605295,-0.236335918811231,
-0.200810343890514));
#11978=CARTESIAN_POINT('Ctrl Pts',(0.348563889358343,-0.237893044490165,
-0.209186159811226));
#11979=CARTESIAN_POINT('Ctrl Pts',(0.351494036398805,-0.238711082146213,
-0.214033664080663));
#11980=CARTESIAN_POINT('Ctrl Pts',(0.355366189161965,-0.240364528323803,
-0.224680896314875));
#11981=CARTESIAN_POINT('Ctrl Pts',(0.356227705414914,-0.241157873632237,
-0.230390936084755));
#11982=CARTESIAN_POINT('Ctrl Pts',(0.355674633454492,-0.242716121805538,
-0.241707611539409));
#11983=CARTESIAN_POINT('Ctrl Pts',(0.354304770515818,-0.243534670704226,
-0.247205194672858));
#11984=CARTESIAN_POINT('Ctrl Pts',(0.34948870912421,-0.245187645516958,
-0.257457954596139));
#11985=CARTESIAN_POINT('Ctrl Pts',(0.346050981592222,-0.245979115517248,
-0.262093746382208));
#11986=CARTESIAN_POINT('Ctrl Pts',(0.337641356550297,-0.247538423563614,
-0.269684017884913));
#11987=CARTESIAN_POINT('Ctrl Pts',(0.332777284326104,-0.248357452974612,
-0.272591906856832));
#11988=CARTESIAN_POINT('Ctrl Pts',(0.322251298899656,-0.249988763558974,
-0.276360813816032));
#11989=CARTESIAN_POINT('Ctrl Pts',(0.316696303459119,-0.250763008812852,
-0.277200432414073));
#11990=CARTESIAN_POINT('Ctrl Pts',(0.305371331995449,-0.252318881848768,
-0.276709875248673));
#11991=CARTESIAN_POINT('Ctrl Pts',(0.29971607356899,-0.253160879443978,
-0.275301223857442));
#11992=CARTESIAN_POINT('Ctrl Pts',(0.289482037369669,-0.254814584753571,
-0.27042689226967));
#11993=CARTESIAN_POINT('Ctrl Pts',(0.28497077218125,-0.255586958098682,
-0.267080139468294));
#11994=CARTESIAN_POINT('Ctrl Pts',(0.277335173460973,-0.25714415848386,
-0.25870490618946));
#11995=CARTESIAN_POINT('Ctrl Pts',(0.274347237825321,-0.257986288366424,
-0.253702828539058));
#11996=CARTESIAN_POINT('Ctrl Pts',(0.270587770681466,-0.259639401927708,
-0.243011384897664));
#11997=CARTESIAN_POINT('Ctrl Pts',(0.269779631654294,-0.260410042202021,
-0.237453545649192));
#11998=CARTESIAN_POINT('Ctrl Pts',(0.27033330085417,-0.261968490304761,
-0.226135636211606));
#11999=CARTESIAN_POINT('Ctrl Pts',(0.271772213555418,-0.262810738978092,
-0.220491052078834));
#12000=CARTESIAN_POINT('Ctrl Pts',(0.276699668569955,-0.264463288005718,
-0.210287587739318));
#12001=CARTESIAN_POINT('Ctrl Pts',(0.280069370377862,-0.265232320948062,
-0.205795470229836));
#12002=CARTESIAN_POINT('Ctrl Pts',(0.288482018076132,-0.266791943458164,
-0.198206870937756));
#12003=CARTESIAN_POINT('Ctrl Pts',(0.293497123477068,-0.267634298931289,
-0.195246351710166));
#12004=CARTESIAN_POINT('Ctrl Pts',(0.303472134219883,-0.269173445863246,
-0.191795897611437));
#12005=CARTESIAN_POINT('Ctrl Pts',(0.308220822155028,-0.26985883519844,
-0.190999999999988));
#12006=CARTESIAN_POINT('Ctrl Pts',(0.31300000000011,-0.270503846153861,
-0.191));
#12007=CARTESIAN_POINT('Ctrl Pts',(0.313000000000137,-0.275311538461557,
-0.191));
#12008=CARTESIAN_POINT('Ctrl Pts',(0.308298819825251,-0.274677054285721,
-0.190999999999985));
#12009=CARTESIAN_POINT('Ctrl Pts',(0.303626709661435,-0.274003443700642,
-0.191770074423492));
#12010=CARTESIAN_POINT('Ctrl Pts',(0.293709625710791,-0.272476585973282,
-0.195140546877687));
#12011=CARTESIAN_POINT('Ctrl Pts',(0.288680875045361,-0.271634016780688,
-0.19807194653653));
#12012=CARTESIAN_POINT('Ctrl Pts',(0.280228751640292,-0.270071857317523,
-0.205610624058255));
#12013=CARTESIAN_POINT('Ctrl Pts',(0.276834755763035,-0.269306215493417,
-0.210082469304643));
#12014=CARTESIAN_POINT('Ctrl Pts',(0.271851224785712,-0.267654911549698,
-0.22025348083015));
#12015=CARTESIAN_POINT('Ctrl Pts',(0.270380384953191,-0.266812425579983,
-0.225886598548355));
#12016=CARTESIAN_POINT('Ctrl Pts',(0.269760020624158,-0.265251287604004,
-0.2371968124461));
#12017=CARTESIAN_POINT('Ctrl Pts',(0.270534905825767,-0.264484293864599,
-0.242757653363321));
#12018=CARTESIAN_POINT('Ctrl Pts',(0.274228290432558,-0.262832484338034,
-0.253466807104879));
#12019=CARTESIAN_POINT('Ctrl Pts',(0.277183865722653,-0.261990090704888,
-0.258484243096626));
#12020=CARTESIAN_POINT('Ctrl Pts',(0.284763989500066,-0.260430034892629,
-0.26690361199964));
#12021=CARTESIAN_POINT('Ctrl Pts',(0.289252660497847,-0.259661589046181,
-0.270277444238296));
#12022=CARTESIAN_POINT('Ctrl Pts',(0.299450613708586,-0.258009250179556,
-0.275214444934676));
#12023=CARTESIAN_POINT('Ctrl Pts',(0.305093260380665,-0.257166959095232,
-0.276658793727652));
#12024=CARTESIAN_POINT('Ctrl Pts',(0.316409877328439,-0.255608051044846,
-0.277223810817467));
#12025=CARTESIAN_POINT('Ctrl Pts',(0.321968227528418,-0.254838043054454,
-0.276421330687621));
#12026=CARTESIAN_POINT('Ctrl Pts',(0.3326626993212,-0.253185149709013,-0.272673113368917));
#12027=CARTESIAN_POINT('Ctrl Pts',(0.337667406287881,-0.252342972637357,
-0.269690681345657));
#12028=CARTESIAN_POINT('Ctrl Pts',(0.346165111760345,-0.250763924796383,
-0.261959949367274));
#12029=CARTESIAN_POINT('Ctrl Pts',(0.349587111770875,-0.249969270282416,
-0.257305568098714));
#12030=CARTESIAN_POINT('Ctrl Pts',(0.35436030822904,-0.248315502118062,
-0.247029174637726));
#12031=CARTESIAN_POINT('Ctrl Pts',(0.355706365168688,-0.247497820121793,
-0.241528154008648));
#12032=CARTESIAN_POINT('Ctrl Pts',(0.356212587502089,-0.245941472292434,
-0.230206153310707));
#12033=CARTESIAN_POINT('Ctrl Pts',(0.355325459689877,-0.245144718260726,
-0.224493989512894));
#12034=CARTESIAN_POINT('Ctrl Pts',(0.351403710114133,-0.243490445423571,
-0.213861175856575));
#12035=CARTESIAN_POINT('Ctrl Pts',(0.348453287455343,-0.242673331726711,
-0.209028916054679));
#12036=CARTESIAN_POINT('Ctrl Pts',(0.340781550969174,-0.241118221781881,
-0.200684140546443));
#12037=CARTESIAN_POINT('Ctrl Pts',(0.336102447346087,-0.240319215997111,
-0.197283094049365));
#12038=CARTESIAN_POINT('Ctrl Pts',(0.325794762496958,-0.238664417234196,
-0.192567006337786));
#12039=CARTESIAN_POINT('Ctrl Pts',(0.320289333943187,-0.237847910355522,
-0.191252611573262));
#12040=CARTESIAN_POINT('Ctrl Pts',(0.314122258846046,-0.237002076841462,
-0.191010978013431));
#12041=CARTESIAN_POINT('Ctrl Pts',(0.313560986237684,-0.236925712241913,
-0.191000000000001));
#12042=CARTESIAN_POINT('Ctrl Pts',(0.313000000000049,-0.236850000000007,
-0.191));
#12043=CARTESIAN_POINT('Origin',(0.313,-0.3306,-0.234));
#12044=CARTESIAN_POINT('',(0.313000000000103,-0.313773076923105,-0.191));
#12045=CARTESIAN_POINT('',(0.313000000000094,-0.30896538461541,-0.191));
#12046=CARTESIAN_POINT('',(0.313,-0.3306,-0.191));
#12047=CARTESIAN_POINT('',(0.313,-0.333003846153846,-0.277));
#12048=CARTESIAN_POINT('Ctrl Pts',(0.313000000000005,-0.333003846153845,
-0.277));
#12049=CARTESIAN_POINT('Ctrl Pts',(0.318075427193271,-0.332318852573522,
-0.276999999999999));
#12050=CARTESIAN_POINT('Ctrl Pts',(0.323106642845265,-0.331589599447015,
-0.276101549135319));
#12051=CARTESIAN_POINT('Ctrl Pts',(0.332652609425329,-0.330104686477986,
-0.272585427928873));
#12052=CARTESIAN_POINT('Ctrl Pts',(0.337092956002855,-0.32935981442707,
-0.269981101611188));
#12053=CARTESIAN_POINT('Ctrl Pts',(0.34519448133557,-0.32787845709411,-0.263041393973337));
#12054=CARTESIAN_POINT('Ctrl Pts',(0.348675013134464,-0.327123673026954,
-0.258641762090902));
#12055=CARTESIAN_POINT('Ctrl Pts',(0.353856903743568,-0.32547697964767,
-0.24858707557192));
#12056=CARTESIAN_POINT('Ctrl Pts',(0.355440523554146,-0.324633885499574,
-0.242996166581539));
#12057=CARTESIAN_POINT('Ctrl Pts',(0.356297432739027,-0.323063467577037,
-0.231715173450721));
#12058=CARTESIAN_POINT('Ctrl Pts',(0.355640401818796,-0.322308050945364,
-0.226143699793699));
#12059=CARTESIAN_POINT('Ctrl Pts',(0.352180705503277,-0.320661056596589,
-0.215373427022219));
#12060=CARTESIAN_POINT('Ctrl Pts',(0.349340151739691,-0.319817990110085,
-0.210303362079427));
#12061=CARTESIAN_POINT('Ctrl Pts',(0.34195725228412,-0.318248147591288,
-0.201729786053151));
#12062=CARTESIAN_POINT('Ctrl Pts',(0.337548237329688,-0.317492060975642,
-0.198260499238594));
#12063=CARTESIAN_POINT('Ctrl Pts',(0.32747837176163,-0.315844752986887,
-0.193104259961432));
#12064=CARTESIAN_POINT('Ctrl Pts',(0.321881859188811,-0.315001717021375,
-0.191535209165647));
#12065=CARTESIAN_POINT('Ctrl Pts',(0.315093836411991,-0.314057802418125,
-0.191038201392209));
#12066=CARTESIAN_POINT('Ctrl Pts',(0.314046513963893,-0.313914317319144,
-0.191000000000005));
#12067=CARTESIAN_POINT('Ctrl Pts',(0.313000000000205,-0.313773076923105,
-0.191));
#12068=CARTESIAN_POINT('',(0.313,-0.328196153846154,-0.277));
#12069=CARTESIAN_POINT('',(0.313,-0.333003846153846,-0.277));
#12070=CARTESIAN_POINT('Ctrl Pts',(0.313000000000189,-0.30896538461541,
-0.191));
#12071=CARTESIAN_POINT('Ctrl Pts',(0.313995076115083,-0.309099682818238,
-0.191000000000005));
#12072=CARTESIAN_POINT('Ctrl Pts',(0.314990900876568,-0.309236012894054,
-0.19103453875129));
#12073=CARTESIAN_POINT('Ctrl Pts',(0.321731036555669,-0.310171906777063,
-0.19150368156182));
#12074=CARTESIAN_POINT('Ctrl Pts',(0.32733487974449,-0.311014856585167,
-0.193053493501333));
#12075=CARTESIAN_POINT('Ctrl Pts',(0.337424719449209,-0.3126629674313,-0.19817587245966));
#12076=CARTESIAN_POINT('Ctrl Pts',(0.341846099830565,-0.313420820091192,
-0.20163034088728));
#12077=CARTESIAN_POINT('Ctrl Pts',(0.349259783097075,-0.314989172067873,
-0.210180121740997));
#12078=CARTESIAN_POINT('Ctrl Pts',(0.352118285985863,-0.315832160491235,
-0.215242173507579));
#12079=CARTESIAN_POINT('Ctrl Pts',(0.355614332518223,-0.317479924835066,
-0.226003094767808));
#12080=CARTESIAN_POINT('Ctrl Pts',(0.356289722973502,-0.318237006212724,
-0.231572911533343));
#12081=CARTESIAN_POINT('Ctrl Pts',(0.355469677502354,-0.319806004623817,
-0.242858656312148));
#12082=CARTESIAN_POINT('Ctrl Pts',(0.353903585283873,-0.320649028029504,
-0.24845630130639));
#12083=CARTESIAN_POINT('Ctrl Pts',(0.348752554049064,-0.322296460129154,
-0.25852924370997));
#12084=CARTESIAN_POINT('Ctrl Pts',(0.345285548305389,-0.323052814932311,
-0.262940162096686));
#12085=CARTESIAN_POINT('Ctrl Pts',(0.337188939737434,-0.324535740472631,
-0.26991979194795));
#12086=CARTESIAN_POINT('Ctrl Pts',(0.332735367522642,-0.325283625139214,
-0.272546078421839));
#12087=CARTESIAN_POINT('Ctrl Pts',(0.323152799600553,-0.326775212864945,
-0.276093234219841));
#12088=CARTESIAN_POINT('Ctrl Pts',(0.318098600732956,-0.327508032701329,
-0.277));
#12089=CARTESIAN_POINT('Ctrl Pts',(0.313,-0.328196153846154,-0.277));
#12090=CARTESIAN_POINT('Origin',(0.313,-0.3306,-0.234));
#12091=CARTESIAN_POINT('Ctrl Pts',(0.31300000000011,-0.270503846153862,
-0.191));
#12092=CARTESIAN_POINT('Ctrl Pts',(0.31377185130218,-0.27060801732345,-0.191000000000002));
#12093=CARTESIAN_POINT('Ctrl Pts',(0.314544192183884,-0.270713416326444,
-0.191020781534182));
#12094=CARTESIAN_POINT('Ctrl Pts',(0.321075373569124,-0.271614578160286,
-0.191373097739379));
#12095=CARTESIAN_POINT('Ctrl Pts',(0.326710254712135,-0.272457029759057,
-0.192839065460371));
#12096=CARTESIAN_POINT('Ctrl Pts',(0.336886231871496,-0.274108525387974,
-0.197814037201913));
#12097=CARTESIAN_POINT('Ctrl Pts',(0.341361175428333,-0.274874675790501,
-0.201204320230046));
#12098=CARTESIAN_POINT('Ctrl Pts',(0.348907493513944,-0.276436449346879,
-0.209650419452038));
#12099=CARTESIAN_POINT('Ctrl Pts',(0.351843349806123,-0.277278987551862,
-0.214677094518276));
#12100=CARTESIAN_POINT('Ctrl Pts',(0.355496541600512,-0.278929991572595,
-0.225396928310879));
#12101=CARTESIAN_POINT('Ctrl Pts',(0.356251185708904,-0.279694847300445,
-0.230959595499279));
#12102=CARTESIAN_POINT('Ctrl Pts',(0.355590213219127,-0.281257607239646,
-0.24226500680507));
#12103=CARTESIAN_POINT('Ctrl Pts',(0.35409996105717,-0.282100223546477,
-0.247891049399783));
#12104=CARTESIAN_POINT('Ctrl Pts',(0.349082319370769,-0.28375075767339,
-0.258042227886128));
#12105=CARTESIAN_POINT('Ctrl Pts',(0.345673509856886,-0.284514405216288,
-0.262501711135774));
#12106=CARTESIAN_POINT('Ctrl Pts',(0.337197383168773,-0.286078097841326,
-0.270009864805625));
#12107=CARTESIAN_POINT('Ctrl Pts',(0.332160386646638,-0.286920784640052,
-0.272923460943875));
#12108=CARTESIAN_POINT('Ctrl Pts',(0.32142859749317,-0.288570869429711,
-0.276531346738466));
#12109=CARTESIAN_POINT('Ctrl Pts',(0.315863870807262,-0.289333387953874,
-0.277263160537329));
#12110=CARTESIAN_POINT('Ctrl Pts',(0.304563983966733,-0.290897963369684,
-0.276556375563011));
#12111=CARTESIAN_POINT('Ctrl Pts',(0.298946008319344,-0.291740713840205,
-0.275044248147339));
#12112=CARTESIAN_POINT('Ctrl Pts',(0.288817272179677,-0.293390368765836,
-0.269988152995725));
#12113=CARTESIAN_POINT('Ctrl Pts',(0.284371752566356,-0.294151830868634,
-0.266562610897711));
#12114=CARTESIAN_POINT('Ctrl Pts',(0.276898151718432,-0.295717242639019,
-0.258059434036856));
#12115=CARTESIAN_POINT('Ctrl Pts',(0.274004707680501,-0.296560050660235,
-0.253013192049215));
#12116=CARTESIAN_POINT('Ctrl Pts',(0.270437778062675,-0.298209294180712,
-0.242270671635666));
#12117=CARTESIAN_POINT('Ctrl Pts',(0.269726615797493,-0.298969766554188,
-0.236704082098592));
#12118=CARTESIAN_POINT('Ctrl Pts',(0.270474849374141,-0.300535971396438,
-0.225409290673956));
#12119=CARTESIAN_POINT('Ctrl Pts',(0.272006745126926,-0.301378831467096,
-0.219798691262929));
#12120=CARTESIAN_POINT('Ctrl Pts',(0.277097604531284,-0.303027681090874,
-0.209690321793828));
#12121=CARTESIAN_POINT('Ctrl Pts',(0.280538304439701,-0.303787225106688,
-0.205257451612261));
#12122=CARTESIAN_POINT('Ctrl Pts',(0.289065927755039,-0.305354182619018,
-0.197815219494406));
#12123=CARTESIAN_POINT('Ctrl Pts',(0.294120481811318,-0.306197089788578,
-0.194940068999744));
#12124=CARTESIAN_POINT('Ctrl Pts',(0.303924466505991,-0.307700188469592,
-0.191721552608929));
#12125=CARTESIAN_POINT('Ctrl Pts',(0.308449070434007,-0.308351178673994,
-0.19099999999998));
#12126=CARTESIAN_POINT('Ctrl Pts',(0.313000000000188,-0.30896538461541,
-0.191));
#12127=CARTESIAN_POINT('Ctrl Pts',(0.313000000000205,-0.313773076923105,
-0.191));
#12128=CARTESIAN_POINT('Ctrl Pts',(0.308501496898255,-0.313165946601152,
-0.190999999999979));
#12129=CARTESIAN_POINT('Ctrl Pts',(0.304028364123063,-0.31252282843327,
-0.191704999974893));
#12130=CARTESIAN_POINT('Ctrl Pts',(0.294264311142001,-0.311028046597409,
-0.194871148324163));
#12131=CARTESIAN_POINT('Ctrl Pts',(0.28920090249805,-0.310185044312283,
-0.197726623380424));
#12132=CARTESIAN_POINT('Ctrl Pts',(0.280647100777748,-0.308616439957135,
-0.205135113962311));
#12133=CARTESIAN_POINT('Ctrl Pts',(0.277190130725709,-0.30785888938998,
-0.209554406784027));
#12134=CARTESIAN_POINT('Ctrl Pts',(0.272062030932809,-0.306210913517961,
-0.219640876757232));
#12135=CARTESIAN_POINT('Ctrl Pts',(0.27050896793187,-0.305367948407288,
-0.225243486695968));
#12136=CARTESIAN_POINT('Ctrl Pts',(0.26971630045958,-0.303800010620869,
-0.236532713165386));
#12137=CARTESIAN_POINT('Ctrl Pts',(0.270405327656836,-0.303041659499376,
-0.242101299538348));
#12138=CARTESIAN_POINT('Ctrl Pts',(0.273928386865292,-0.30139332798576,
-0.252855234199205));
#12139=CARTESIAN_POINT('Ctrl Pts',(0.276800214806174,-0.300550403917515,
-0.257911289712318));
#12140=CARTESIAN_POINT('Ctrl Pts',(0.284236749301006,-0.298983167169701,
-0.266443342042363));
#12141=CARTESIAN_POINT('Ctrl Pts',(0.288667324702902,-0.298223964831056,
-0.269886791813157));
#12142=CARTESIAN_POINT('Ctrl Pts',(0.298771995649183,-0.296575262202464,
-0.274983950791565));
#12143=CARTESIAN_POINT('Ctrl Pts',(0.304381249953782,-0.295732383463024,
-0.276519427865711));
#12144=CARTESIAN_POINT('Ctrl Pts',(0.315675107768183,-0.294165884563992,
-0.277275175464551));
#12145=CARTESIAN_POINT('Ctrl Pts',(0.32124203498664,-0.293405776162111,
-0.276567756634144));
#12146=CARTESIAN_POINT('Ctrl Pts',(0.331986492149053,-0.291756686129053,
-0.273008248324624));
#12147=CARTESIAN_POINT('Ctrl Pts',(0.337034400768851,-0.290913857473732,
-0.270118458789784));
#12148=CARTESIAN_POINT('Ctrl Pts',(0.345542469559942,-0.289348135783826,
-0.262651124265794));
#12149=CARTESIAN_POINT('Ctrl Pts',(0.348971042112612,-0.28858706185188,
-0.258208133625758));
#12150=CARTESIAN_POINT('Ctrl Pts',(0.354034092933373,-0.286937567255342,
-0.24808346656934));
#12151=CARTESIAN_POINT('Ctrl Pts',(0.355550176257164,-0.286094793965946,
-0.242466960437379));
#12152=CARTESIAN_POINT('Ctrl Pts',(0.356265251929354,-0.284529891629469,
-0.231168085413293));
#12153=CARTESIAN_POINT('Ctrl Pts',(0.355537569220985,-0.283767787586559,
-0.225602986086826));
#12154=CARTESIAN_POINT('Ctrl Pts',(0.35193787821176,-0.282117870340436,
-0.214869043947938));
#12155=CARTESIAN_POINT('Ctrl Pts',(0.349028312044228,-0.281275158290928,
-0.209830191062816));
#12156=CARTESIAN_POINT('Ctrl Pts',(0.341527067952288,-0.279711120497217,
-0.201348644823044));
#12157=CARTESIAN_POINT('Ctrl Pts',(0.33707037957781,-0.278947916090725,
-0.197936486202659));
#12158=CARTESIAN_POINT('Ctrl Pts',(0.326923689635641,-0.27729755711972,
-0.192911141400901));
#12159=CARTESIAN_POINT('Ctrl Pts',(0.321299255300079,-0.276454912851342,
-0.191416506381745));
#12160=CARTESIAN_POINT('Ctrl Pts',(0.314696586625211,-0.275541916747199,
-0.191025084333556));
#12161=CARTESIAN_POINT('Ctrl Pts',(0.313848005100252,-0.275425987556686,
-0.191000000000003));
#12162=CARTESIAN_POINT('Ctrl Pts',(0.313000000000137,-0.275311538461557,
-0.191));
#12163=CARTESIAN_POINT('Origin',(0.313,-0.196395996936878,-0.234));
#12164=CARTESIAN_POINT('Ctrl Pts',(0.341381725790302,-0.196395996936877,
-0.240076863184582));
#12165=CARTESIAN_POINT('Ctrl Pts',(0.341956820564511,-0.196024060807798,
-0.238037495052433));
#12166=CARTESIAN_POINT('Ctrl Pts',(0.342287261840284,-0.195675438452715,
-0.236008287368261));
#12167=CARTESIAN_POINT('Ctrl Pts',(0.342406467318434,-0.195347924093221,
-0.234000000000028));
#12168=CARTESIAN_POINT('Ctrl Pts',(0.350681275839558,-0.172613074531123,
-0.23400000008465));
#12169=CARTESIAN_POINT('Ctrl Pts',(0.350585954929559,-0.172874966570655,
-0.235343125571531));
#12170=CARTESIAN_POINT('Ctrl Pts',(0.350365865141456,-0.173291542075246,
-0.237442796075198));
#12171=CARTESIAN_POINT('Ctrl Pts',(0.349304364669973,-0.174230234463405,
-0.241845501209153));
#12172=CARTESIAN_POINT('Ctrl Pts',(0.348705396637061,-0.17463828676196,
-0.24367857099357));
#12173=CARTESIAN_POINT('Ctrl Pts',(0.346516195645162,-0.175861034630896,
-0.248931614887964));
#12174=CARTESIAN_POINT('Ctrl Pts',(0.344537297194821,-0.176684930255757,
-0.25216277046992));
#12175=CARTESIAN_POINT('Ctrl Pts',(0.339640629877171,-0.178309899115527,
-0.257927383854447));
#12176=CARTESIAN_POINT('Ctrl Pts',(0.33603454116841,-0.179281046862614,
-0.261285902282971));
#12177=CARTESIAN_POINT('Ctrl Pts',(0.326848537004819,-0.181590226991255,
-0.265829253860263));
#12178=CARTESIAN_POINT('Ctrl Pts',(0.322410288233529,-0.182652379446063,
-0.26701269728843));
#12179=CARTESIAN_POINT('Ctrl Pts',(0.31430613641169,-0.184506547839212,
-0.267516416724974));
#12180=CARTESIAN_POINT('Ctrl Pts',(0.30972317226621,-0.185474211523216,
-0.267259242102679));
#12181=CARTESIAN_POINT('Ctrl Pts',(0.300771729115594,-0.187768877025488,
-0.264043878916175));
#12182=CARTESIAN_POINT('Ctrl Pts',(0.297131951879083,-0.188818906509299,
-0.261855041186753));
#12183=CARTESIAN_POINT('Ctrl Pts',(0.29153824271671,-0.190663155425676,
-0.256770191234323));
#12184=CARTESIAN_POINT('Ctrl Pts',(0.288734526432462,-0.19163240166572,
-0.253532624559276));
#12185=CARTESIAN_POINT('Ctrl Pts',(0.285788437185583,-0.193486824217641,
-0.247015329834347));
#12186=CARTESIAN_POINT('Ctrl Pts',(0.285106207133673,-0.194070740207024,
-0.244910759287472));
#12187=CARTESIAN_POINT('Ctrl Pts',(0.284219605778439,-0.195241152345834,
-0.240596436050645));
#12188=CARTESIAN_POINT('Ctrl Pts',(0.284016579357569,-0.19582479427863,
-0.238397466475889));
#12189=CARTESIAN_POINT('Ctrl Pts',(0.284058038695645,-0.196395996936878,
-0.236193969201513));
#12190=CARTESIAN_POINT('Origin',(0.313,38.9620787401575,-0.233999999999976));
#12191=CARTESIAN_POINT('',(0.321248507106362,-0.393576923076923,-0.238812512227823));
#12192=CARTESIAN_POINT('Ctrl Pts',(0.321248507106264,-0.39357692307695,
-0.238812512227863));
#12193=CARTESIAN_POINT('Ctrl Pts',(0.321808647157429,-0.393198378045378,
-0.238349811694189));
#12194=CARTESIAN_POINT('Ctrl Pts',(0.322316397393248,-0.392829535543346,
-0.237818799381306));
#12195=CARTESIAN_POINT('Ctrl Pts',(0.323232821474679,-0.392086652531841,
-0.236616469220628));
#12196=CARTESIAN_POINT('Ctrl Pts',(0.323632657885317,-0.391715090631428,
-0.235941482639817));
#12197=CARTESIAN_POINT('Ctrl Pts',(0.324132370326291,-0.391152129023397,
-0.234826403208355));
#12198=CARTESIAN_POINT('Ctrl Pts',(0.32428557505012,-0.390955329331587,
-0.234417354604986));
#12199=CARTESIAN_POINT('Ctrl Pts',(0.324413758700159,-0.390761732807657,
-0.233999999999561));
#12200=CARTESIAN_POINT('',(0.32254977190443,-0.393576923076925,-0.234));
#12201=CARTESIAN_POINT('Origin',(0.313,-0.393576923076923,-0.234));
#12202=CARTESIAN_POINT('',(0.313,-0.408,-0.234));
#12203=CARTESIAN_POINT('',(26.3806188467376,38.9620787401575,-0.233999999999973));
#12204=CARTESIAN_POINT('',(0.304995761175653,-0.393576923076923,-0.22879132413473));
#12205=CARTESIAN_POINT('Origin',(0.313,-0.393576923076923,-0.234));
#12206=CARTESIAN_POINT('Ctrl Pts',(0.302578012078433,-0.381621715207345,
-0.248015231462099));
#12207=CARTESIAN_POINT('Ctrl Pts',(0.30194663493781,-0.382085426548704,
-0.247163110721546));
#12208=CARTESIAN_POINT('Ctrl Pts',(0.301401005098542,-0.382557538724635,
-0.246257816020969));
#12209=CARTESIAN_POINT('Ctrl Pts',(0.300495384598814,-0.383518238323645,
-0.244362870740018));
#12210=CARTESIAN_POINT('Ctrl Pts',(0.300143313363555,-0.383998353216533,
-0.243392126141163));
#12211=CARTESIAN_POINT('Ctrl Pts',(0.299425094621685,-0.385417873144426,
-0.240527545144643));
#12212=CARTESIAN_POINT('Ctrl Pts',(0.299328057842045,-0.386367953400838,
-0.238612603781059));
#12213=CARTESIAN_POINT('Ctrl Pts',(0.299782951382764,-0.387881899930042,
-0.235863850388403));
#12214=CARTESIAN_POINT('Ctrl Pts',(0.300026601840333,-0.388389463821783,
-0.234988589019688));
#12215=CARTESIAN_POINT('Ctrl Pts',(0.300845647824247,-0.389663849724581,
-0.232952354704177));
#12216=CARTESIAN_POINT('Ctrl Pts',(0.301514702272486,-0.390436075605974,
-0.231848426531546));
#12217=CARTESIAN_POINT('Ctrl Pts',(0.30311802764715,-0.391997085001854,
-0.230035430868179));
#12218=CARTESIAN_POINT('Ctrl Pts',(0.304013088252309,-0.392765986268374,
-0.229316973569233));
#12219=CARTESIAN_POINT('Ctrl Pts',(0.304995761175678,-0.393576923076934,
-0.228791324134792));
#12220=CARTESIAN_POINT('Origin',(0.313,-0.381621715207318,-0.234));
#12221=CARTESIAN_POINT('Ctrl Pts',(0.310400177088391,-0.381621715207362,
-0.216729057176761));
#12222=CARTESIAN_POINT('Ctrl Pts',(0.308804714007979,-0.381033039494871,
-0.216834351884713));
#12223=CARTESIAN_POINT('Ctrl Pts',(0.307229314830033,-0.38045100932861,
-0.21715878574241));
#12224=CARTESIAN_POINT('Ctrl Pts',(0.304203010066431,-0.379283892247144,
-0.218220274438385));
#12225=CARTESIAN_POINT('Ctrl Pts',(0.302763544827563,-0.378703307870141,
-0.218954497276891));
#12226=CARTESIAN_POINT('Ctrl Pts',(0.299328026218689,-0.377215959055095,
-0.221329879447952));
#12227=CARTESIAN_POINT('Ctrl Pts',(0.297548507742757,-0.37634192665368,
-0.22322543316699));
#12228=CARTESIAN_POINT('Ctrl Pts',(0.294856623090683,-0.374576141329964,
-0.227615141631158));
#12229=CARTESIAN_POINT('Ctrl Pts',(0.293969384240847,-0.373699296252996,
-0.230070493822071));
#12230=CARTESIAN_POINT('Ctrl Pts',(0.29319520887046,-0.371926922949768,
-0.235324764320156));
#12231=CARTESIAN_POINT('Ctrl Pts',(0.293374002259436,-0.371054581543145,
-0.238081582125332));
#12232=CARTESIAN_POINT('Ctrl Pts',(0.29481667398626,-0.369296939670385,
-0.243329774912543));
#12233=CARTESIAN_POINT('Ctrl Pts',(0.296057543184451,-0.368427545152257,
-0.245776875367851));
#12234=CARTESIAN_POINT('Ctrl Pts',(0.299526735891227,-0.36666877141267,
-0.250174286819364));
#12235=CARTESIAN_POINT('Ctrl Pts',(0.301776483829176,-0.365797558694097,
-0.252041632858132));
#12236=CARTESIAN_POINT('Ctrl Pts',(0.306840702554418,-0.36404627596183,
-0.254738844146593));
#12237=CARTESIAN_POINT('Ctrl Pts',(0.309597061632802,-0.363183595322635,
-0.255562557013618));
#12238=CARTESIAN_POINT('Ctrl Pts',(0.315469525377544,-0.361434428339539,
-0.25610989533671));
#12239=CARTESIAN_POINT('Ctrl Pts',(0.318532420851892,-0.360564161737011,
-0.255751347430218));
#12240=CARTESIAN_POINT('Ctrl Pts',(0.324263853152341,-0.358816929748677,
-0.253854801744588));
#12241=CARTESIAN_POINT('Ctrl Pts',(0.326887083009792,-0.357958063377146,
-0.252361975631048));
#12242=CARTESIAN_POINT('Ctrl Pts',(0.330327611749415,-0.356678454728826,
-0.249379923890916));
#12243=CARTESIAN_POINT('Ctrl Pts',(0.331396620863406,-0.35624853148643,
-0.248243327694269));
#12244=CARTESIAN_POINT('Ctrl Pts',(0.334302874077136,-0.354930953052156,
-0.244456335270579));
#12245=CARTESIAN_POINT('Ctrl Pts',(0.335715519452654,-0.354051822925695,
-0.241522111094912));
#12246=CARTESIAN_POINT('Ctrl Pts',(0.336866676659514,-0.352763987624582,
-0.23695842297043));
#12247=CARTESIAN_POINT('Ctrl Pts',(0.337094820800965,-0.352361039111442,
-0.235487112608048));
#12248=CARTESIAN_POINT('Ctrl Pts',(0.337185094425309,-0.351962585466903,
-0.234));
#12249=CARTESIAN_POINT('',(0.313,-0.342648285231663,-0.260295341506718));
#12250=CARTESIAN_POINT('Ctrl Pts',(0.333283824216033,-0.369182181384424,
-0.234));
#12251=CARTESIAN_POINT('Ctrl Pts',(0.333443813224302,-0.368476014949939,
-0.231464738852514));
#12252=CARTESIAN_POINT('Ctrl Pts',(0.333128350584066,-0.36777510947183,
-0.228916914707907));
#12253=CARTESIAN_POINT('Ctrl Pts',(0.331504124525764,-0.366333714762515,
-0.223836187265639));
#12254=CARTESIAN_POINT('Ctrl Pts',(0.330136974810001,-0.365609556673233,
-0.221390981139938));
#12255=CARTESIAN_POINT('Ctrl Pts',(0.326427559143421,-0.364096232260152,
-0.217035803068362));
#12256=CARTESIAN_POINT('Ctrl Pts',(0.324088458389719,-0.363325523864325,
-0.215220133181874));
#12257=CARTESIAN_POINT('Ctrl Pts',(0.318851510243114,-0.361823531248867,
-0.212646815048133));
#12258=CARTESIAN_POINT('Ctrl Pts',(0.316025627743357,-0.361103949458512,
-0.211903050509907));
#12259=CARTESIAN_POINT('Ctrl Pts',(0.310086220465535,-0.359599574879114,
-0.211527967013678));
#12260=CARTESIAN_POINT('Ctrl Pts',(0.307040485685791,-0.358834692371026,
-0.211958747410165));
#12261=CARTESIAN_POINT('Ctrl Pts',(0.301310429468933,-0.357339076026023,
-0.214000463560175));
#12262=CARTESIAN_POINT('Ctrl Pts',(0.298686174566481,-0.356617223912998,
-0.215580795770467));
#12263=CARTESIAN_POINT('Ctrl Pts',(0.295282861365115,-0.355508577195549,
-0.218662179144396));
#12264=CARTESIAN_POINT('Ctrl Pts',(0.294231803906989,-0.355133252631724,
-0.219826515499783));
#12265=CARTESIAN_POINT('Ctrl Pts',(0.292370088156716,-0.35438367039268,
-0.222356588417144));
#12266=CARTESIAN_POINT('Ctrl Pts',(0.291566130750928,-0.354011266262562,
-0.223716629117329));
#12267=CARTESIAN_POINT('Ctrl Pts',(0.290230350981335,-0.353261551835407,
-0.226593605978405));
#12268=CARTESIAN_POINT('Ctrl Pts',(0.289705525896575,-0.352886775500897,
-0.228105361383651));
#12269=CARTESIAN_POINT('Ctrl Pts',(0.288961193951698,-0.352138069921056,
-0.23122308543698));
#12270=CARTESIAN_POINT('Ctrl Pts',(0.288745841512534,-0.351765946965498,
-0.232821182651572));
#12271=CARTESIAN_POINT('Ctrl Pts',(0.288633077179027,-0.351016983931428,
-0.236055194768651));
#12272=CARTESIAN_POINT('Ctrl Pts',(0.28873996029316,-0.350642712974363,
-0.237683701239033));
#12273=CARTESIAN_POINT('Ctrl Pts',(0.289277605958976,-0.349894823658202,
-0.240908694878296));
#12274=CARTESIAN_POINT('Ctrl Pts',(0.289709294167752,-0.34952296590115,
-0.242496214318749));
#12275=CARTESIAN_POINT('Ctrl Pts',(0.290885753475581,-0.348774700914857,
-0.245579446870666));
#12276=CARTESIAN_POINT('Ctrl Pts',(0.291631503431718,-0.348400896204499,
-0.247066756374453));
#12277=CARTESIAN_POINT('Ctrl Pts',(0.293415092879834,-0.347653499429701,
-0.249884608620007));
#12278=CARTESIAN_POINT('Ctrl Pts',(0.294449612021095,-0.347282837209672,
-0.251204786386137));
#12279=CARTESIAN_POINT('Ctrl Pts',(0.297864055550588,-0.34618203887975,
-0.254772982724824));
#12280=CARTESIAN_POINT('Ctrl Pts',(0.300552319632579,-0.345460682717102,
-0.256672895552884));
#12281=CARTESIAN_POINT('Ctrl Pts',(0.306514228127769,-0.344039318625029,
-0.259369211142525));
#12282=CARTESIAN_POINT('Ctrl Pts',(0.309727517586216,-0.343349098170386,
-0.260136565386017));
#12283=CARTESIAN_POINT('Ctrl Pts',(0.313000000000139,-0.342648285231634,
-0.260295341506725));
#12284=CARTESIAN_POINT('Ctrl Pts',(0.341801636747273,-0.331585890427596,
-0.234000000214001));
#12285=CARTESIAN_POINT('Ctrl Pts',(0.341685606421425,-0.332098030047625,
-0.236209228994171));
#12286=CARTESIAN_POINT('Ctrl Pts',(0.341338876599101,-0.332552545225244,
-0.238042386108205));
#12287=CARTESIAN_POINT('Ctrl Pts',(0.340022357370965,-0.333859496637028,
-0.243137154866594));
#12288=CARTESIAN_POINT('Ctrl Pts',(0.338406524282872,-0.334812115998757,
-0.246490055520895));
#12289=CARTESIAN_POINT('Ctrl Pts',(0.334420586451567,-0.336497232921369,
-0.251790278493664));
#12290=CARTESIAN_POINT('Ctrl Pts',(0.331726847463967,-0.337396180044948,
-0.254611105545844));
#12291=CARTESIAN_POINT('Ctrl Pts',(0.325590481377628,-0.339235567699795,
-0.258099134704678));
#12292=CARTESIAN_POINT('Ctrl Pts',(0.323187580942938,-0.339924529169268,
-0.259040962190234));
#12293=CARTESIAN_POINT('Ctrl Pts',(0.318176399087901,-0.341305207069034,
-0.260218080464315));
#12294=CARTESIAN_POINT('Ctrl Pts',(0.3155868153426,-0.341991457527589,-0.260444152336356));
#12295=CARTESIAN_POINT('Ctrl Pts',(0.313000000000003,-0.342648285231662,
-0.260295341506718));
#12296=CARTESIAN_POINT('Origin',(0.313,-0.0329999999999998,-0.234));
#12297=CARTESIAN_POINT('Ctrl Pts',(0.342025,-0.272050760757079,-0.233999999998862));
#12298=CARTESIAN_POINT('Ctrl Pts',(0.342024999999966,-0.271877375485993,
-0.233132834330593));
#12299=CARTESIAN_POINT('Ctrl Pts',(0.341986148280169,-0.271700684548694,
-0.232265228677933));
#12300=CARTESIAN_POINT('Ctrl Pts',(0.341562925314649,-0.270724957389522,
-0.227560550839069));
#12301=CARTESIAN_POINT('Ctrl Pts',(0.34045672445104,-0.269887874924807,
-0.223832186543285));
#12302=CARTESIAN_POINT('Ctrl Pts',(0.336852648744046,-0.268226782806676,
-0.217017290288631));
#12303=CARTESIAN_POINT('Ctrl Pts',(0.334386774539021,-0.267459103362967,
-0.214001250810347));
#12304=CARTESIAN_POINT('Ctrl Pts',(0.328419415091982,-0.265860769375207,
-0.209108807017147));
#12305=CARTESIAN_POINT('Ctrl Pts',(0.324981231489164,-0.265022209992974,
-0.207284215096164));
#12306=CARTESIAN_POINT('Ctrl Pts',(0.317595565188922,-0.26336317592653,
-0.205082949913515));
#12307=CARTESIAN_POINT('Ctrl Pts',(0.313722109071014,-0.262600118655252,
-0.204729158509722));
#12308=CARTESIAN_POINT('Ctrl Pts',(0.305996696008922,-0.260986517184848,
-0.205561631114521));
#12309=CARTESIAN_POINT('Ctrl Pts',(0.302230918227531,-0.260133945908992,
-0.206764525934988));
#12310=CARTESIAN_POINT('Ctrl Pts',(0.295504188614664,-0.258477005597263,
-0.21053132417313));
#12311=CARTESIAN_POINT('Ctrl Pts',(0.292589136713032,-0.257728787041391,
-0.213017339376637));
#12312=CARTESIAN_POINT('Ctrl Pts',(0.287806076639711,-0.256123291761009,
-0.219065823391347));
#12313=CARTESIAN_POINT('Ctrl Pts',(0.286026054019408,-0.255270731855269,
-0.222592490144552));
#12314=CARTESIAN_POINT('Ctrl Pts',(0.283998092474391,-0.253616012606343,
-0.230028361118851));
#12315=CARTESIAN_POINT('Ctrl Pts',(0.283727851328804,-0.252870411818065,
-0.233850201281881));
#12316=CARTESIAN_POINT('Ctrl Pts',(0.284689125962742,-0.251261466303708,
-0.241498976590084));
#12317=CARTESIAN_POINT('Ctrl Pts',(0.285955366725024,-0.250408984992654,
-0.245238065675073));
#12318=CARTESIAN_POINT('Ctrl Pts',(0.289834826864451,-0.248756485418612,
-0.251895919382751));
#12319=CARTESIAN_POINT('Ctrl Pts',(0.292370923996514,-0.248013088039697,
-0.254768470528268));
#12320=CARTESIAN_POINT('Ctrl Pts',(0.298497620753449,-0.246400857955616,
-0.259444027052343));
#12321=CARTESIAN_POINT('Ctrl Pts',(0.302048976798824,-0.245548517642781,
-0.261161792996069));
#12322=CARTESIAN_POINT('Ctrl Pts',(0.309514494402929,-0.243898241554208,
-0.263064532749963));
#12323=CARTESIAN_POINT('Ctrl Pts',(0.313341592715377,-0.243156664306555,
-0.263270799581401));
#12324=CARTESIAN_POINT('Ctrl Pts',(0.320969359269844,-0.241541298066486,
-0.262181278918721));
#12325=CARTESIAN_POINT('Ctrl Pts',(0.324681958322325,-0.240689157305558,
-0.260855197499141));
#12326=CARTESIAN_POINT('Ctrl Pts',(0.331273307928456,-0.239041113728563,
-0.256868985746536));
#12327=CARTESIAN_POINT('Ctrl Pts',(0.334105187525855,-0.238300999064273,
-0.254284893475388));
#12328=CARTESIAN_POINT('Ctrl Pts',(0.338676858488898,-0.236682629878926,
-0.248084461930386));
#12329=CARTESIAN_POINT('Ctrl Pts',(0.34033460883526,-0.235830744217678,
-0.244510520496089));
#12330=CARTESIAN_POINT('Ctrl Pts',(0.341762023337208,-0.234512831607615,
-0.238510392859184));
#12331=CARTESIAN_POINT('Ctrl Pts',(0.342025000000024,-0.234040879420422,
-0.236258909017388));
#12332=CARTESIAN_POINT('Ctrl Pts',(0.342025,-0.233589222295706,-0.233999999999689));
#12333=CARTESIAN_POINT('Ctrl Pts',(0.342025,-0.216072316165799,-0.234000000000131));
#12334=CARTESIAN_POINT('Ctrl Pts',(0.342025,-0.216403997505003,-0.235658864495202));
#12335=CARTESIAN_POINT('Ctrl Pts',(0.341883004134828,-0.216747215343548,
-0.237316610796901));
#12336=CARTESIAN_POINT('Ctrl Pts',(0.340935370094468,-0.217918474515846,
-0.24278200040256));
#12337=CARTESIAN_POINT('Ctrl Pts',(0.339512523478891,-0.218766348375805,
-0.246433177604318));
#12338=CARTESIAN_POINT('Ctrl Pts',(0.335349897172759,-0.220405705535021,
-0.252908009831562));
#12339=CARTESIAN_POINT('Ctrl Pts',(0.3326750220631,-0.221145286002565,-0.255677772102113));
#12340=CARTESIAN_POINT('Ctrl Pts',(0.326345900605232,-0.222774156482579,
-0.260065554964509));
#12341=CARTESIAN_POINT('Ctrl Pts',(0.322743698141808,-0.223622710273588,
-0.261614846817053));
#12342=CARTESIAN_POINT('Ctrl Pts',(0.315209320323258,-0.225259727162693,
-0.263191246429281));
#12343=CARTESIAN_POINT('Ctrl Pts',(0.311361749892794,-0.225998375639294,
-0.263228873120261));
#12344=CARTESIAN_POINT('Ctrl Pts',(0.303794791814723,-0.227629736342805,
-0.26179942425978));
#12345=CARTESIAN_POINT('Ctrl Pts',(0.300160871449254,-0.228478915937746,
-0.260319149989518));
#12346=CARTESIAN_POINT('Ctrl Pts',(0.293751273712584,-0.230113536285312,
-0.256056227850091));
#12347=CARTESIAN_POINT('Ctrl Pts',(0.291026455541951,-0.230851539338695,
-0.25334306596016));
#12348=CARTESIAN_POINT('Ctrl Pts',(0.286734627160808,-0.232485332651398,
-0.24694957789666));
#12349=CARTESIAN_POINT('Ctrl Pts',(0.285238327531649,-0.233335084954582,
-0.243319431120504));
#12350=CARTESIAN_POINT('Ctrl Pts',(0.283778893939836,-0.234967266041191,
-0.235760790076999));
#12351=CARTESIAN_POINT('Ctrl Pts',(0.283800027530796,-0.235704868911015,
-0.231918051901158));
#12352=CARTESIAN_POINT('Ctrl Pts',(0.285342872165823,-0.237341064884145,
-0.224373880868899));
#12353=CARTESIAN_POINT('Ctrl Pts',(0.286880316716568,-0.238191336286877,
-0.220758180663064));
#12354=CARTESIAN_POINT('Ctrl Pts',(0.291242945757623,-0.239821016958483,
-0.214414588075034));
#12355=CARTESIAN_POINT('Ctrl Pts',(0.293994134028774,-0.240558490000535,
-0.211734923257139));
#12356=CARTESIAN_POINT('Ctrl Pts',(0.30045159365641,-0.242197051995415,
-0.20753995691767));
#12357=CARTESIAN_POINT('Ctrl Pts',(0.304108947917218,-0.243047792042675,
-0.206097415549881));
#12358=CARTESIAN_POINT('Ctrl Pts',(0.311690944535908,-0.244674894497912,
-0.204755688731069));
#12359=CARTESIAN_POINT('Ctrl Pts',(0.315528605496521,-0.245412526932999,
-0.204835847204232));
#12360=CARTESIAN_POINT('Ctrl Pts',(0.323048894390916,-0.24705341693116,
-0.206493025956216));
#12361=CARTESIAN_POINT('Ctrl Pts',(0.326645222571564,-0.247904575359971,
-0.208087949020593));
#12362=CARTESIAN_POINT('Ctrl Pts',(0.332921168602102,-0.249529013363582,
-0.212550589227753));
#12363=CARTESIAN_POINT('Ctrl Pts',(0.335555261148753,-0.250267100592448,
-0.215340194268896));
#12364=CARTESIAN_POINT('Ctrl Pts',(0.339651343771317,-0.251910286670558,
-0.221861739671656));
#12365=CARTESIAN_POINT('Ctrl Pts',(0.341038815648235,-0.25276181287742,
-0.225545836345554));
#12366=CARTESIAN_POINT('Ctrl Pts',(0.341902678453221,-0.253908204592957,
-0.230921553526241));
#12367=CARTESIAN_POINT('Ctrl Pts',(0.342024999999985,-0.254226042513304,
-0.232460514576145));
#12368=CARTESIAN_POINT('Ctrl Pts',(0.342025,-0.254533854627252,-0.233999999999709));
#12369=CARTESIAN_POINT('Origin',(0.313,-0.368833404001511,-0.234));
#12370=CARTESIAN_POINT('',(0.301720945773973,-0.382894504666037,-0.212825583311103));
#12371=CARTESIAN_POINT('Ctrl Pts',(0.301720945773973,-0.382894504666037,
-0.212825583311103));
#12372=CARTESIAN_POINT('Ctrl Pts',(0.304071947507966,-0.38330488969888,
-0.212201857184028));
#12373=CARTESIAN_POINT('Ctrl Pts',(0.306511215748355,-0.383723820680105,
-0.211943889052798));
#12374=CARTESIAN_POINT('Ctrl Pts',(0.311172296222066,-0.384556766682603,
-0.212223855713233));
#12375=CARTESIAN_POINT('Ctrl Pts',(0.313384329709666,-0.384967197611027,
-0.212703440243602));
#12376=CARTESIAN_POINT('Ctrl Pts',(0.317830130416925,-0.385899539875516,
-0.214509794304361));
#12377=CARTESIAN_POINT('Ctrl Pts',(0.319988316870618,-0.386415904259136,
-0.215920678592523));
#12378=CARTESIAN_POINT('Ctrl Pts',(0.323382922851469,-0.387440047191979,
-0.219322918372883));
#12379=CARTESIAN_POINT('Ctrl Pts',(0.324675880946405,-0.387938112078765,
-0.221226756216005));
#12380=CARTESIAN_POINT('Ctrl Pts',(0.326235379437235,-0.388941508368166,
-0.225144826739015));
#12381=CARTESIAN_POINT('Ctrl Pts',(0.326606100769555,-0.389430885781392,
-0.227085614653927));
#12382=CARTESIAN_POINT('Ctrl Pts',(0.326542681199236,-0.39041552548307,
-0.230779554129312));
#12383=CARTESIAN_POINT('Ctrl Pts',(0.326179886647392,-0.390900234991378,
-0.232516606578876));
#12384=CARTESIAN_POINT('Ctrl Pts',(0.324988725478918,-0.391766728094532,
-0.235134161696702));
#12385=CARTESIAN_POINT('Ctrl Pts',(0.324370604883465,-0.392122244743053,
-0.236082137744104));
#12386=CARTESIAN_POINT('Ctrl Pts',(0.322924412440407,-0.3928436077253,-0.237667729961794));
#12387=CARTESIAN_POINT('Ctrl Pts',(0.322127073132935,-0.39320098617766,
-0.238315170350906));
#12388=CARTESIAN_POINT('Ctrl Pts',(0.321248507106366,-0.393576923076921,
-0.23881251222782));
#12389=CARTESIAN_POINT('',(0.286747669608679,-0.381217035680857,-0.233415508086292));
#12390=CARTESIAN_POINT('Ctrl Pts',(0.301720945773973,-0.382894504666037,
-0.212825583311103));
#12391=CARTESIAN_POINT('Ctrl Pts',(0.299681504943657,-0.382744453321415,
-0.213682104693146));
#12392=CARTESIAN_POINT('Ctrl Pts',(0.297757153262688,-0.38259284088517,
-0.214819369190226));
#12393=CARTESIAN_POINT('Ctrl Pts',(0.294290123884145,-0.382314254074201,
-0.217609030266627));
#12394=CARTESIAN_POINT('Ctrl Pts',(0.292757159938781,-0.382184698653954,
-0.219246316209793));
#12395=CARTESIAN_POINT('Ctrl Pts',(0.290175679376609,-0.381916709529929,
-0.222837410065233));
#12396=CARTESIAN_POINT('Ctrl Pts',(0.289121229117268,-0.3817786251746,-0.224789030808697));
#12397=CARTESIAN_POINT('Ctrl Pts',(0.287516240235867,-0.381495164204996,
-0.228945543616452));
#12398=CARTESIAN_POINT('Ctrl Pts',(0.286978155545039,-0.381350306472667,
-0.231157399716849));
#12399=CARTESIAN_POINT('Ctrl Pts',(0.286747669608671,-0.381217035680835,
-0.23341550808629));
#12400=CARTESIAN_POINT('Ctrl Pts',(0.286747669608744,-0.381217035680891,
-0.233415508086401));
#12401=CARTESIAN_POINT('Ctrl Pts',(0.289362814165929,-0.383115301665434,
-0.231246847876308));
#12402=CARTESIAN_POINT('Ctrl Pts',(0.292310857834375,-0.385052361671827,
-0.229644953420249));
#12403=CARTESIAN_POINT('Ctrl Pts',(0.297092129609315,-0.388177907087785,
-0.228381481059303));
#12404=CARTESIAN_POINT('Ctrl Pts',(0.298736716409806,-0.38925197129039,
-0.228161966424837));
#12405=CARTESIAN_POINT('Ctrl Pts',(0.301950136195099,-0.391411397301827,
-0.228167623250351));
#12406=CARTESIAN_POINT('Ctrl Pts',(0.303503264919579,-0.392483929751061,
-0.228375788684279));
#12407=CARTESIAN_POINT('Ctrl Pts',(0.304995761175654,-0.393576923076923,
-0.228791324134728));
#12408=CARTESIAN_POINT('Origin',(0.313,-0.0329999999999998,-0.234));
#12409=CARTESIAN_POINT('',(0.399,-0.0329999999999998,-0.234));
#12410=CARTESIAN_POINT('Origin',(0.313,-0.0329999999999998,-0.234));
#12411=CARTESIAN_POINT('',(0.399,-0.0345341584894968,-0.234));
#12412=CARTESIAN_POINT('',(0.399,-0.0329999999999998,-0.234));
#12413=CARTESIAN_POINT('Origin',(0.313,-0.0345341584894968,-0.234));
#12414=CARTESIAN_POINT('Origin',(0.313,-0.0839999999999998,-0.234));
#12415=CARTESIAN_POINT('',(0.356,-0.0839999999999998,-0.234));
#12416=CARTESIAN_POINT('',(0.356,-0.0839999999999998,-0.234));
#12417=CARTESIAN_POINT('Origin',(0.313,-0.0839999999999998,-0.234));
#12418=CARTESIAN_POINT('Origin',(0.313,-0.0329999999999998,-0.234));
#12419=CARTESIAN_POINT('',(0.356,-0.0329999999999998,-0.234));
#12420=CARTESIAN_POINT('Origin',(0.313,-0.0329999999999998,-0.234));
#12421=CARTESIAN_POINT('',(0.322,-0.0329999999999998,-0.264708305065568));
#12422=CARTESIAN_POINT('',(0.322,-0.0329999999999998,-0.298));
#12423=CARTESIAN_POINT('',(0.322,-0.0329999999999998,-0.298));
#12424=CARTESIAN_POINT('',(0.328813708498985,-0.0329999999999998,-0.249813708498985));
#12425=CARTESIAN_POINT('',(0.328813708498985,-0.0329999999999998,-0.249813708498985));
#12426=CARTESIAN_POINT('',(0.343708305065568,-0.0329999999999998,-0.243));
#12427=CARTESIAN_POINT('',(0.343708305065568,-0.0329999999999998,-0.243));
#12428=CARTESIAN_POINT('',(0.377,-0.0329999999999998,-0.243));
#12429=CARTESIAN_POINT('',(0.377,-0.0329999999999998,-0.243));
#12430=CARTESIAN_POINT('',(0.377,-0.0329999999999998,-0.225));
#12431=CARTESIAN_POINT('',(0.377,-0.0329999999999998,-0.243));
#12432=CARTESIAN_POINT('',(0.343708305065568,-0.0329999999999998,-0.225));
#12433=CARTESIAN_POINT('',(0.377,-0.0329999999999998,-0.225));
#12434=CARTESIAN_POINT('',(0.328813708498985,-0.0329999999999998,-0.218186291501015));
#12435=CARTESIAN_POINT('',(0.343708305065568,-0.0329999999999998,-0.225));
#12436=CARTESIAN_POINT('',(0.322,-0.0329999999999998,-0.203291694934432));
#12437=CARTESIAN_POINT('',(0.328813708498985,-0.0329999999999998,-0.218186291501015));
#12438=CARTESIAN_POINT('',(0.322,-0.0329999999999998,-0.17));
#12439=CARTESIAN_POINT('',(0.322,-0.0329999999999998,-0.203291694934432));
#12440=CARTESIAN_POINT('',(0.304,-0.0329999999999998,-0.17));
#12441=CARTESIAN_POINT('',(0.322,-0.0329999999999998,-0.17));
#12442=CARTESIAN_POINT('',(0.304,-0.0329999999999998,-0.203291694934432));
#12443=CARTESIAN_POINT('',(0.304,-0.0329999999999998,-0.203291694934432));
#12444=CARTESIAN_POINT('',(0.297186291501015,-0.0329999999999998,-0.218186291501015));
#12445=CARTESIAN_POINT('',(0.297186291501015,-0.0329999999999998,-0.218186291501015));
#12446=CARTESIAN_POINT('',(0.282291694934432,-0.0329999999999998,-0.225));
#12447=CARTESIAN_POINT('',(0.282291694934432,-0.0329999999999998,-0.225));
#12448=CARTESIAN_POINT('',(0.249,-0.0329999999999998,-0.225));
#12449=CARTESIAN_POINT('',(0.282291694934432,-0.0329999999999998,-0.225));
#12450=CARTESIAN_POINT('',(0.249,-0.0329999999999998,-0.243));
#12451=CARTESIAN_POINT('',(0.249,-0.0329999999999998,-0.243));
#12452=CARTESIAN_POINT('',(0.282291694934432,-0.0329999999999998,-0.243));
#12453=CARTESIAN_POINT('',(0.282291694934432,-0.0329999999999998,-0.243));
#12454=CARTESIAN_POINT('',(0.297186291501015,-0.0329999999999998,-0.249813708498985));
#12455=CARTESIAN_POINT('',(0.282291694934432,-0.0329999999999998,-0.243));
#12456=CARTESIAN_POINT('',(0.304,-0.0329999999999998,-0.264708305065568));
#12457=CARTESIAN_POINT('',(0.297186291501015,-0.0329999999999998,-0.249813708498985));
#12458=CARTESIAN_POINT('',(0.304,-0.0329999999999998,-0.298));
#12459=CARTESIAN_POINT('',(0.304,-0.0329999999999998,-0.298));
#12460=CARTESIAN_POINT('',(0.322,-0.0329999999999998,-0.298));
#12461=CARTESIAN_POINT('Origin',(0.322,-0.122,-0.298));
#12462=CARTESIAN_POINT('',(0.322,-0.0418999999999997,-0.298));
#12463=CARTESIAN_POINT('',(0.322,-0.122,-0.298));
#12464=CARTESIAN_POINT('',(0.322,-0.114366519470391,-0.254457722252248));
#12465=CARTESIAN_POINT('',(0.322,-0.100752336089575,-0.262637948906));
#12466=CARTESIAN_POINT('',(0.322,-0.0348471109387378,-0.264475605378201));
#12467=CARTESIAN_POINT('Origin',(0.322,-0.122,-0.298));
#12468=CARTESIAN_POINT('',(0.304,-0.0418999999999997,-0.298));
#12469=CARTESIAN_POINT('',(0.304,-0.122,-0.298));
#12470=CARTESIAN_POINT('',(0.399,-0.0418999999999997,-0.298));
#12471=CARTESIAN_POINT('Origin',(0.304,-0.122,-0.298));
#12472=CARTESIAN_POINT('',(0.304,-0.114366519470391,-0.254457722252248));
#12473=CARTESIAN_POINT('',(0.304,-0.116480969948349,-0.254191343035464));
#12474=CARTESIAN_POINT('',(0.304,-0.100752336089575,-0.262637948906));
#12475=CARTESIAN_POINT('Origin',(0.297186291501015,-0.0329999999999998,
-0.249813708498985));
#12476=CARTESIAN_POINT('',(0.302341705995792,-0.122,-0.249871064415892));
#12477=CARTESIAN_POINT('',(0.300705544261835,-0.122,-0.246294455738165));
#12478=CARTESIAN_POINT('',(0.298182233588354,-0.122,-0.240778561640369));
#12479=CARTESIAN_POINT('',(0.315893172995696,-0.0596197108420508,-0.287352923574456));
#12480=CARTESIAN_POINT('',(0.297186291501015,-0.0329999999999998,-0.249813708498985));
#12481=CARTESIAN_POINT('Origin',(0.282291694934432,-0.0329999999999998,
-0.243));
#12482=CARTESIAN_POINT('',(0.292542277747752,-0.114366519470391,-0.243));
#12483=CARTESIAN_POINT('',(0.282291694934432,-0.0329999999999998,-0.243));
#12484=CARTESIAN_POINT('',(0.297128935584108,-0.122,-0.244658294004208));
#12485=CARTESIAN_POINT('',(0.25519690724425,-0.0522133855806348,-0.229497880112178));
#12486=CARTESIAN_POINT('',(0.306221438359632,-0.122,-0.248817766411647));
#12487=CARTESIAN_POINT('Origin',(0.282291694934432,-0.122,-0.243));
#12488=CARTESIAN_POINT('',(0.249,-0.0418999999999998,-0.243));
#12489=CARTESIAN_POINT('',(0.249,-0.122,-0.243));
#12490=CARTESIAN_POINT('',(0.293193146536887,-0.11544974704185,-0.243));
#12491=CARTESIAN_POINT('Origin',(0.249,-0.122,-0.243));
#12492=CARTESIAN_POINT('',(0.249,-0.0418999999999998,-0.225));
#12493=CARTESIAN_POINT('',(0.249,-0.122,-0.225));
#12494=CARTESIAN_POINT('',(0.249,-0.0418999999999997,-0.298));
#12495=CARTESIAN_POINT('Origin',(0.282291694934432,-0.122,-0.225));
#12496=CARTESIAN_POINT('',(0.292542277747752,-0.114366519470391,-0.225));
#12497=CARTESIAN_POINT('',(0.29332877625535,-0.120609544603433,-0.225));
#12498=CARTESIAN_POINT('',(0.293193146536887,-0.11544974704185,-0.225));
#12499=CARTESIAN_POINT('Origin',(0.282291694934432,-0.0329999999999998,
-0.225));
#12500=CARTESIAN_POINT('',(0.297128935584108,-0.122,-0.223341705995792));
#12501=CARTESIAN_POINT('',(0.300705544261835,-0.122,-0.221705544261835));
#12502=CARTESIAN_POINT('',(0.306221438359632,-0.122,-0.219182233588353));
#12503=CARTESIAN_POINT('',(0.25519690724425,-0.0522133855806348,-0.238502119887822));
#12504=CARTESIAN_POINT('',(0.297173695751771,-0.0326814603102118,-0.218173695751771));
#12505=CARTESIAN_POINT('Origin',(0.297186291501015,-0.0329999999999998,
-0.218186291501015));
#12506=CARTESIAN_POINT('',(0.304,-0.114366519470391,-0.213542277747752));
#12507=CARTESIAN_POINT('',(0.304,-0.0348471109387378,-0.203524394621799));
#12508=CARTESIAN_POINT('',(0.302341705995792,-0.122,-0.218128935584108));
#12509=CARTESIAN_POINT('',(0.315893172995696,-0.0596197108420508,-0.180647076425544));
#12510=CARTESIAN_POINT('',(0.298182233588354,-0.122,-0.227221438359632));
#12511=CARTESIAN_POINT('Origin',(0.304,-0.122,-0.203291694934432));
#12512=CARTESIAN_POINT('',(0.304,-0.0418999999999998,-0.17));
#12513=CARTESIAN_POINT('',(0.304,-0.122,-0.17));
#12514=CARTESIAN_POINT('',(0.304,-0.11544974704185,-0.214193146536887));
#12515=CARTESIAN_POINT('Origin',(0.322,-0.122,-0.17));
#12516=CARTESIAN_POINT('',(0.322,-0.0418999999999998,-0.17));
#12517=CARTESIAN_POINT('',(0.322,-0.122,-0.17));
#12518=CARTESIAN_POINT('',(0.249,-0.0418999999999998,-0.17));
#12519=CARTESIAN_POINT('Origin',(0.322,-0.122,-0.203291694934432));
#12520=CARTESIAN_POINT('',(0.322,-0.114366519470391,-0.213542277747752));
#12521=CARTESIAN_POINT('',(0.322,-0.120609544603433,-0.21432877625535));
#12522=CARTESIAN_POINT('',(0.322,-0.11544974704185,-0.214193146536887));
#12523=CARTESIAN_POINT('Origin',(0.328813708498985,-0.0329999999999998,
-0.218186291501015));
#12524=CARTESIAN_POINT('',(0.323658294004208,-0.122,-0.218128935584108));
#12525=CARTESIAN_POINT('',(0.325294455738165,-0.122,-0.221705544261835));
#12526=CARTESIAN_POINT('',(0.327817766411647,-0.122,-0.227221438359632));
#12527=CARTESIAN_POINT('',(0.310106827004304,-0.0596197108420508,-0.180647076425544));
#12528=CARTESIAN_POINT('',(0.328813708498985,-0.0329999999999998,-0.218186291501015));
#12529=CARTESIAN_POINT('Origin',(0.343708305065568,-0.0329999999999998,
-0.225));
#12530=CARTESIAN_POINT('',(0.333457722252248,-0.114366519470391,-0.225));
#12531=CARTESIAN_POINT('',(0.343708305065568,-0.0329999999999998,-0.225));
#12532=CARTESIAN_POINT('',(0.328871064415893,-0.122,-0.223341705995792));
#12533=CARTESIAN_POINT('',(0.37080309275575,-0.0522133855806348,-0.238502119887822));
#12534=CARTESIAN_POINT('',(0.319778561640369,-0.122,-0.219182233588353));
#12535=CARTESIAN_POINT('Origin',(0.377,-0.122,-0.225));
#12536=CARTESIAN_POINT('',(0.377,-0.0418999999999998,-0.225));
#12537=CARTESIAN_POINT('',(0.377,-0.122,-0.225));
#12538=CARTESIAN_POINT('',(0.341637948906,-0.100752336089575,-0.225));
#12539=CARTESIAN_POINT('Origin',(0.377,-0.122,-0.243));
#12540=CARTESIAN_POINT('',(0.377,-0.0418999999999998,-0.243));
#12541=CARTESIAN_POINT('',(0.377,-0.122,-0.243));
#12542=CARTESIAN_POINT('',(0.377000000000001,-0.0418999999999998,-0.17));
#12543=CARTESIAN_POINT('Origin',(0.377,-0.122,-0.243));
#12544=CARTESIAN_POINT('',(0.333457722252248,-0.114366519470391,-0.243));
#12545=CARTESIAN_POINT('',(0.333191343035464,-0.116480969948349,-0.243));
#12546=CARTESIAN_POINT('',(0.341637948906,-0.100752336089575,-0.243));
#12547=CARTESIAN_POINT('Origin',(0.343708305065568,-0.0329999999999998,
-0.243));
#12548=CARTESIAN_POINT('',(0.328871064415892,-0.122,-0.244658294004208));
#12549=CARTESIAN_POINT('',(0.325294455738165,-0.122,-0.246294455738165));
#12550=CARTESIAN_POINT('',(0.319778561640369,-0.122,-0.248817766411647));
#12551=CARTESIAN_POINT('',(0.37080309275575,-0.0522133855806348,-0.229497880112178));
#12552=CARTESIAN_POINT('',(0.328826304248229,-0.0326814603102118,-0.249826304248229));
#12553=CARTESIAN_POINT('Origin',(0.328813708498985,-0.0329999999999998,
-0.249813708498985));
#12554=CARTESIAN_POINT('',(0.323658294004208,-0.122,-0.249871064415892));
#12555=CARTESIAN_POINT('',(0.310106827004304,-0.0596197108420508,-0.287352923574456));
#12556=CARTESIAN_POINT('',(0.327817766411647,-0.122,-0.240778561640369));
#12557=CARTESIAN_POINT('Origin',(0.313,-0.122,-0.234));
#12558=CARTESIAN_POINT('',(0.297128935584108,-0.122,-0.234));
#12559=CARTESIAN_POINT('',(0.313,-0.122,-0.218128935584108));
#12560=CARTESIAN_POINT('',(0.328871064415892,-0.122,-0.234));
#12561=CARTESIAN_POINT('',(0.313,-0.122,-0.249871064415892));
#12562=CARTESIAN_POINT('Origin',(0.399,-0.0418999999999997,-0.298));
#12563=CARTESIAN_POINT('Origin',(0.377000000000001,-0.0418999999999998,
-0.17));
#12564=CARTESIAN_POINT('Origin',(0.249,-0.0418999999999998,-0.17));
#12565=CARTESIAN_POINT('Origin',(0.249,-0.0418999999999997,-0.298));
#12566=CARTESIAN_POINT('Ctrl Pts',(0.31301586738867,-0.328194017577199,
-0.277000993433985));
#12567=CARTESIAN_POINT('Ctrl Pts',(0.301639572758121,-0.32981342890255,
-0.276443050807631));
#12568=CARTESIAN_POINT('Ctrl Pts',(0.290904711018568,-0.331420526284588,
-0.271207227563952));
#12569=CARTESIAN_POINT('Ctrl Pts',(0.280009404578334,-0.333840026345367,
-0.259011378280835));
#12570=CARTESIAN_POINT('Ctrl Pts',(0.277233503696556,-0.334646276345367,
-0.254263619426297));
#12571=CARTESIAN_POINT('Ctrl Pts',(0.273743645480744,-0.336258776345367,
-0.24417178704374));
#12572=CARTESIAN_POINT('Ctrl Pts',(0.273030260616874,-0.337065026345367,
-0.238832116776555));
#12573=CARTESIAN_POINT('Ctrl Pts',(0.27369182481414,-0.338677526345366,
-0.228395776179231));
#12574=CARTESIAN_POINT('Ctrl Pts',(0.275065608180855,-0.339483776345367,
-0.223303300870778));
#12575=CARTESIAN_POINT('Ctrl Pts',(0.279606329479717,-0.341096276345367,
-0.214129136486332));
#12576=CARTESIAN_POINT('Ctrl Pts',(0.282770611956245,-0.341902526345366,
-0.210050788390129));
#12577=CARTESIAN_POINT('Ctrl Pts',(0.294115949743896,-0.344321276345369,
-0.200202916185745));
#12578=CARTESIAN_POINT('Ctrl Pts',(0.304162005629405,-0.345933776345364,
-0.196979485511041));
#12579=CARTESIAN_POINT('Ctrl Pts',(0.323251276533396,-0.34915877634537,
-0.198471354440674));
#12580=CARTESIAN_POINT('Ctrl Pts',(0.332174596722691,-0.350771276345362,
-0.20314940796999));
#12581=CARTESIAN_POINT('Ctrl Pts',(0.343936501522016,-0.353996276345371,
-0.217122098702558));
#12582=CARTESIAN_POINT('Ctrl Pts',(0.34672103751547,-0.355608776345364,
-0.226309380863464));
#12583=CARTESIAN_POINT('Ctrl Pts',(0.345095035812623,-0.35883377634537,
-0.243614102296763));
#12584=CARTESIAN_POINT('Ctrl Pts',(0.340722583423933,-0.360446276345369,
-0.251623178573788));
#12585=CARTESIAN_POINT('Ctrl Pts',(0.327929419607317,-0.363671276345365,
-0.262040338452359));
#12586=CARTESIAN_POINT('Ctrl Pts',(0.319608422490544,-0.365283776345365,
-0.26440304463384));
#12587=CARTESIAN_POINT('Ctrl Pts',(0.304088884836428,-0.368508776345368,
-0.262677522484193));
#12588=CARTESIAN_POINT('Ctrl Pts',(0.296987171372128,-0.370121276345368,
-0.258627997510643));
#12589=CARTESIAN_POINT('Ctrl Pts',(0.287890551956503,-0.373346276345366,
-0.247039105131303));
#12590=CARTESIAN_POINT('Ctrl Pts',(0.285932506878993,-0.374958776345364,
-0.239591653114835));
#12591=CARTESIAN_POINT('Ctrl Pts',(0.287722939126391,-0.37818377634537,
-0.22585742871665));
#12592=CARTESIAN_POINT('Ctrl Pts',(0.291432316282804,-0.379796276345368,
-0.219655946564316));
#12593=CARTESIAN_POINT('Ctrl Pts',(0.301792553347096,-0.383021276345366,
-0.211855309928623));
#12594=CARTESIAN_POINT('Ctrl Pts',(0.308359452781731,-0.384633776345371,
-0.210284656696965));
#12595=CARTESIAN_POINT('Ctrl Pts',(0.320308739158211,-0.387858776345363,
-0.212105397203994));
#12596=CARTESIAN_POINT('Ctrl Pts',(0.325617370481078,-0.38947127634537,
-0.215457515261962));
#12597=CARTESIAN_POINT('Ctrl Pts',(0.332146930516141,-0.392696276345364,
-0.224565078278363));
#12598=CARTESIAN_POINT('Ctrl Pts',(0.33334755839596,-0.394308776345365,
-0.230244671499303));
#12599=CARTESIAN_POINT('Ctrl Pts',(0.331531096439102,-0.397533776345369,
-0.240409899598846));
#12600=CARTESIAN_POINT('Ctrl Pts',(0.328553236396295,-0.399146276345366,
-0.244833308090119));
#12601=CARTESIAN_POINT('Ctrl Pts',(0.320721996585317,-0.402371276345368,
-0.250117041432273));
#12602=CARTESIAN_POINT('Ctrl Pts',(0.315937990401364,-0.403983094793248,
-0.250965485145025));
#12603=CARTESIAN_POINT('Ctrl Pts',(0.311744931220165,-0.405596276345367,
-0.250076295283496));
#12604=CARTESIAN_POINT('Ctrl Pts',(0.313008191386441,-0.316174662684455,
-0.256182864938238));
#12605=CARTESIAN_POINT('Ctrl Pts',(0.307135176002929,-0.317795239621428,
-0.25562240209521));
#12606=CARTESIAN_POINT('Ctrl Pts',(0.301836244509255,-0.319401173016144,
-0.252660044996196));
#12607=CARTESIAN_POINT('Ctrl Pts',(0.296730962607499,-0.321820673076923,
-0.246310885313694));
#12608=CARTESIAN_POINT('Ctrl Pts',(0.295493845791549,-0.322626923076923,
-0.243896704214224));
#12609=CARTESIAN_POINT('Ctrl Pts',(0.294065547208146,-0.324239423076923,
-0.238886587461671));
#12610=CARTESIAN_POINT('Ctrl Pts',(0.293874107460773,-0.325045673076924,
-0.236293008056489));
#12611=CARTESIAN_POINT('Ctrl Pts',(0.294482264520864,-0.326658173076923,
-0.231340371422263));
#12612=CARTESIAN_POINT('Ctrl Pts',(0.295280717132445,-0.327464423076923,
-0.228983300370536));
#12613=CARTESIAN_POINT('Ctrl Pts',(0.297661295119669,-0.329076923076923,
-0.224849735349365));
#12614=CARTESIAN_POINT('Ctrl Pts',(0.299241635092051,-0.329883173076922,
-0.223074552093174));
#12615=CARTESIAN_POINT('Ctrl Pts',(0.304686002815686,-0.332301923076925,
-0.218957712843309));
#12616=CARTESIAN_POINT('Ctrl Pts',(0.309239461959752,-0.33391442307692,
-0.217900476306417));
#12617=CARTESIAN_POINT('Ctrl Pts',(0.317362885615951,-0.337139423076926,
-0.219178726824688));
#12618=CARTESIAN_POINT('Ctrl Pts',(0.320882140426812,-0.338751923076919,
-0.221478315421216));
#12619=CARTESIAN_POINT('Ctrl Pts',(0.325079654947842,-0.341976923076928,
-0.22750900174572));
#12620=CARTESIAN_POINT('Ctrl Pts',(0.325751590617281,-0.34358942307692,
-0.231182851195121));
#12621=CARTESIAN_POINT('Ctrl Pts',(0.324445991192577,-0.346814423076926,
-0.2375243262279));
#12622=CARTESIAN_POINT('Ctrl Pts',(0.322504520151466,-0.348426923076925,
-0.240152756374397));
#12623=CARTESIAN_POINT('Ctrl Pts',(0.317726651703971,-0.351651923076921,
-0.243083230499342));
#12624=CARTESIAN_POINT('Ctrl Pts',(0.314939400460029,-0.353264423076922,
-0.243387130511131));
#12625=CARTESIAN_POINT('Ctrl Pts',(0.310379468392343,-0.356489423076925,
-0.242088764103453));
#12626=CARTESIAN_POINT('Ctrl Pts',(0.308634471605942,-0.358101923076924,
-0.24052250639866));
#12627=CARTESIAN_POINT('Ctrl Pts',(0.306946123223406,-0.361326923076922,
-0.237021439992427));
#12628=CARTESIAN_POINT('Ctrl Pts',(0.306992894936809,-0.36293942307692,
-0.235127522332672));
#12629=CARTESIAN_POINT('Ctrl Pts',(0.308249458514283,-0.366164423076926,
-0.232348223013542));
#12630=CARTESIAN_POINT('Ctrl Pts',(0.309423517893299,-0.367776923076924,
-0.231479020216403));
#12631=CARTESIAN_POINT('Ctrl Pts',(0.311624165689449,-0.371001923076922,
-0.231007537076448));
#12632=CARTESIAN_POINT('Ctrl Pts',(0.312618268741087,-0.372614423076927,
-0.231387521175581));
#12633=CARTESIAN_POINT('Ctrl Pts',(0.313618349916027,-0.375839423076919,
-0.232567730755341));
#12634=CARTESIAN_POINT('Ctrl Pts',(0.313619644648246,-0.377451923076926,
-0.233332720807087));
#12635=CARTESIAN_POINT('Ctrl Pts',(0.31289986413785,-0.38067692307692,-0.234209705501326));
#12636=CARTESIAN_POINT('Ctrl Pts',(0.31220421905184,-0.382289423076921,
-0.234297768427834));
#12637=CARTESIAN_POINT('Ctrl Pts',(0.311134889467954,-0.385514423076925,
-0.233520550244748));
#12638=CARTESIAN_POINT('Ctrl Pts',(0.310795722593297,-0.387126923076922,
-0.232662067788452));
#12639=CARTESIAN_POINT('Ctrl Pts',(0.311265268955135,-0.390351923076924,
-0.230776961559813));
#12640=CARTESIAN_POINT('Ctrl Pts',(0.312082703708549,-0.391956199231483,
-0.229785655718559));
#12641=CARTESIAN_POINT('Ctrl Pts',(0.313365262500508,-0.393576923076923,
-0.229321317916202));
#12642=CARTESIAN_POINT('',(0.313,-0.328196153846154,-0.277));
#12643=CARTESIAN_POINT('Ctrl Pts',(0.313,-0.328196153846154,-0.277));
#12644=CARTESIAN_POINT('Ctrl Pts',(0.301629647486091,-0.329814800816854,
-0.276437969339357));
#12645=CARTESIAN_POINT('Ctrl Pts',(0.290901444833231,-0.331421153846154,
-0.271203257759958));
#12646=CARTESIAN_POINT('Ctrl Pts',(0.280009575001622,-0.333839903846154,
-0.259011248839562));
#12647=CARTESIAN_POINT('Ctrl Pts',(0.27723368980287,-0.334646153846154,
-0.254263513768453));
#12648=CARTESIAN_POINT('Ctrl Pts',(0.273743852598125,-0.336258653846154,
-0.244171733177881));
#12649=CARTESIAN_POINT('Ctrl Pts',(0.273030473053831,-0.337064903846154,
-0.238832090898389));
#12650=CARTESIAN_POINT('Ctrl Pts',(0.273692036706781,-0.338677403846153,
-0.228395806190047));
#12651=CARTESIAN_POINT('Ctrl Pts',(0.275065814209823,-0.339483653846154,
-0.223303358760371));
#12652=CARTESIAN_POINT('Ctrl Pts',(0.279606513492869,-0.341096153846154,
-0.21412924574886));
#12653=CARTESIAN_POINT('Ctrl Pts',(0.282770779826124,-0.341902403846153,
-0.210050921126124));
#12654=CARTESIAN_POINT('Ctrl Pts',(0.294116057472087,-0.344321153846156,
-0.200203107331456));
#12655=CARTESIAN_POINT('Ctrl Pts',(0.30416205737798,-0.345933653846151,
-0.196979698734236));
#12656=CARTESIAN_POINT('Ctrl Pts',(0.323251216519913,-0.349158653846157,
-0.198471565486707));
#12657=CARTESIAN_POINT('Ctrl Pts',(0.332174481631889,-0.350771153846149,
-0.203149594775111));
#12658=CARTESIAN_POINT('Ctrl Pts',(0.343936309336228,-0.353996153846158,
-0.217122204564115));
#12659=CARTESIAN_POINT('Ctrl Pts',(0.346720823798419,-0.355608653846151,
-0.226309430533048));
#12660=CARTESIAN_POINT('Ctrl Pts',(0.345094825361056,-0.358833653846157,
-0.243614040230796));
#12661=CARTESIAN_POINT('Ctrl Pts',(0.340722397748517,-0.360446153846156,
-0.251623061669188));
#12662=CARTESIAN_POINT('Ctrl Pts',(0.327929315622434,-0.363671153846152,
-0.262040145244725));
#12663=CARTESIAN_POINT('Ctrl Pts',(0.319608374904662,-0.365283653846152,
-0.264402830443201));
#12664=CARTESIAN_POINT('Ctrl Pts',(0.304088948948991,-0.368508653846155,
-0.262677312647053));
#12665=CARTESIAN_POINT('Ctrl Pts',(0.29698729007944,-0.370121153846155,
-0.258627812982544));
#12666=CARTESIAN_POINT('Ctrl Pts',(0.287890746167658,-0.373346153846153,
-0.247039003032957));
#12667=CARTESIAN_POINT('Ctrl Pts',(0.285932721522902,-0.374958653846151,
-0.23959160761717));
#12668=CARTESIAN_POINT('Ctrl Pts',(0.287723148329201,-0.378183653846157,
-0.225857494869726));
#12669=CARTESIAN_POINT('Ctrl Pts',(0.291432499646084,-0.379796153846155,
-0.219656067063081));
#12670=CARTESIAN_POINT('Ctrl Pts',(0.298203650827225,-0.381903937452781,
-0.214557804558949));
#12671=CARTESIAN_POINT('Ctrl Pts',(0.299925556323858,-0.382399221059409,
-0.213579608350839));
#12672=CARTESIAN_POINT('Ctrl Pts',(0.301720945773973,-0.382894504666037,
-0.212825583311103));
#12673=CARTESIAN_POINT('Ctrl Pts',(0.313037230342499,-0.34501280480393,
-0.256185616112497));
#12674=CARTESIAN_POINT('Ctrl Pts',(0.307152645282155,-0.346636100677879,
-0.255632161932652));
#12675=CARTESIAN_POINT('Ctrl Pts',(0.301841854014064,-0.348244668400436,
-0.252667021230311));
#12676=CARTESIAN_POINT('Ctrl Pts',(0.296730962607499,-0.350666826923077,
-0.246310885313694));
#12677=CARTESIAN_POINT('Ctrl Pts',(0.295493845791549,-0.351473076923077,
-0.243896704214224));
#12678=CARTESIAN_POINT('Ctrl Pts',(0.294065547208146,-0.353085576923077,
-0.238886587461671));
#12679=CARTESIAN_POINT('Ctrl Pts',(0.293874107460773,-0.353891826923077,
-0.236293008056489));
#12680=CARTESIAN_POINT('Ctrl Pts',(0.294482264520864,-0.355504326923076,
-0.231340371422263));
#12681=CARTESIAN_POINT('Ctrl Pts',(0.295280717132445,-0.356310576923077,
-0.228983300370536));
#12682=CARTESIAN_POINT('Ctrl Pts',(0.297661295119669,-0.357923076923077,
-0.224849735349364));
#12683=CARTESIAN_POINT('Ctrl Pts',(0.299241635092051,-0.358729326923076,
-0.223074552093174));
#12684=CARTESIAN_POINT('Ctrl Pts',(0.304686002815685,-0.361148076923078,
-0.21895771284331));
#12685=CARTESIAN_POINT('Ctrl Pts',(0.309239461959752,-0.362760576923074,
-0.217900476306417));
#12686=CARTESIAN_POINT('Ctrl Pts',(0.317362885615951,-0.36598557692308,
-0.219178726824688));
#12687=CARTESIAN_POINT('Ctrl Pts',(0.320882140426812,-0.367598076923072,
-0.221478315421216));
#12688=CARTESIAN_POINT('Ctrl Pts',(0.325079654947842,-0.370823076923081,
-0.22750900174572));
#12689=CARTESIAN_POINT('Ctrl Pts',(0.325751590617281,-0.372435576923074,
-0.231182851195121));
#12690=CARTESIAN_POINT('Ctrl Pts',(0.324445991192577,-0.37566057692308,
-0.2375243262279));
#12691=CARTESIAN_POINT('Ctrl Pts',(0.322504520151466,-0.377273076923079,
-0.240152756374397));
#12692=CARTESIAN_POINT('Ctrl Pts',(0.317726651703971,-0.380498076923075,
-0.243083230499342));
#12693=CARTESIAN_POINT('Ctrl Pts',(0.314939400460029,-0.382110576923075,
-0.243387130511131));
#12694=CARTESIAN_POINT('Ctrl Pts',(0.310379468392343,-0.385335576923078,
-0.242088764103453));
#12695=CARTESIAN_POINT('Ctrl Pts',(0.308634471605942,-0.386948076923079,
-0.24052250639866));
#12696=CARTESIAN_POINT('Ctrl Pts',(0.306946123223406,-0.390173076923074,
-0.237021439992427));
#12697=CARTESIAN_POINT('Ctrl Pts',(0.306992894936809,-0.391785576923074,
-0.235127522332672));
#12698=CARTESIAN_POINT('Ctrl Pts',(0.308249458514283,-0.39501057692308,
-0.232348223013542));
#12699=CARTESIAN_POINT('Ctrl Pts',(0.3094235178933,-0.396623076923078,-0.231479020216403));
#12700=CARTESIAN_POINT('Ctrl Pts',(0.311624165689449,-0.399848076923075,
-0.231007537076448));
#12701=CARTESIAN_POINT('Ctrl Pts',(0.312618268741087,-0.401460576923081,
-0.231387521175581));
#12702=CARTESIAN_POINT('Ctrl Pts',(0.313618349916027,-0.404685576923072,
-0.232567730755341));
#12703=CARTESIAN_POINT('Ctrl Pts',(0.313619644648246,-0.40629807692308,
-0.233332720807087));
#12704=CARTESIAN_POINT('Ctrl Pts',(0.31289986413785,-0.409523076923073,
-0.234209705501326));
#12705=CARTESIAN_POINT('Ctrl Pts',(0.31220421905184,-0.411135576923075,
-0.234297768427834));
#12706=CARTESIAN_POINT('Ctrl Pts',(0.311134889467954,-0.414360576923078,
-0.233520550244748));
#12707=CARTESIAN_POINT('Ctrl Pts',(0.310795722593297,-0.415973076923076,
-0.232662067788452));
#12708=CARTESIAN_POINT('Ctrl Pts',(0.311265268955135,-0.419198076923078,
-0.230776961559813));
#12709=CARTESIAN_POINT('Ctrl Pts',(0.312082703708549,-0.420802353077637,
-0.229785655718559));
#12710=CARTESIAN_POINT('Ctrl Pts',(0.313365262500508,-0.422423076923077,
-0.229321317916202));
#12711=CARTESIAN_POINT('Ctrl Pts',(0.313072112960579,-0.332993581440324,
-0.277003501430021));
#12712=CARTESIAN_POINT('Ctrl Pts',(0.301675017794688,-0.334615702093817,
-0.276460086808969));
#12713=CARTESIAN_POINT('Ctrl Pts',(0.290916793746893,-0.336225437631205,
-0.27122043884045));
#12714=CARTESIAN_POINT('Ctrl Pts',(0.280009575001622,-0.338647596153846,
-0.259011248839562));
#12715=CARTESIAN_POINT('Ctrl Pts',(0.27723368980287,-0.339453846153846,
-0.254263513768453));
#12716=CARTESIAN_POINT('Ctrl Pts',(0.273743852598125,-0.341066346153846,
-0.244171733177881));
#12717=CARTESIAN_POINT('Ctrl Pts',(0.273030473053831,-0.341872596153847,
-0.238832090898389));
#12718=CARTESIAN_POINT('Ctrl Pts',(0.273692036706781,-0.343485096153846,
-0.228395806190047));
#12719=CARTESIAN_POINT('Ctrl Pts',(0.275065814209823,-0.344291346153846,
-0.223303358760371));
#12720=CARTESIAN_POINT('Ctrl Pts',(0.279606513492869,-0.345903846153846,
-0.21412924574886));
#12721=CARTESIAN_POINT('Ctrl Pts',(0.282770779826124,-0.346710096153845,
-0.210050921126124));
#12722=CARTESIAN_POINT('Ctrl Pts',(0.294116057472087,-0.349128846153848,
-0.200203107331456));
#12723=CARTESIAN_POINT('Ctrl Pts',(0.30416205737798,-0.350741346153843,
-0.196979698734236));
#12724=CARTESIAN_POINT('Ctrl Pts',(0.323251216519913,-0.353966346153849,
-0.198471565486707));
#12725=CARTESIAN_POINT('Ctrl Pts',(0.332174481631889,-0.355578846153842,
-0.203149594775111));
#12726=CARTESIAN_POINT('Ctrl Pts',(0.343936309336228,-0.358803846153851,
-0.217122204564115));
#12727=CARTESIAN_POINT('Ctrl Pts',(0.346720823798419,-0.360416346153843,
-0.226309430533048));
#12728=CARTESIAN_POINT('Ctrl Pts',(0.345094825361056,-0.363641346153849,
-0.243614040230796));
#12729=CARTESIAN_POINT('Ctrl Pts',(0.340722397748517,-0.365253846153848,
-0.251623061669188));
#12730=CARTESIAN_POINT('Ctrl Pts',(0.327929315622434,-0.368478846153844,
-0.262040145244725));
#12731=CARTESIAN_POINT('Ctrl Pts',(0.319608374904662,-0.370091346153845,
-0.264402830443201));
#12732=CARTESIAN_POINT('Ctrl Pts',(0.304088948948991,-0.373316346153847,
-0.262677312647053));
#12733=CARTESIAN_POINT('Ctrl Pts',(0.29698729007944,-0.374928846153849,
-0.258627812982544));
#12734=CARTESIAN_POINT('Ctrl Pts',(0.287890746167658,-0.378153846153843,
-0.247039003032957));
#12735=CARTESIAN_POINT('Ctrl Pts',(0.285932721522902,-0.379766346153843,
-0.23959160761717));
#12736=CARTESIAN_POINT('Ctrl Pts',(0.287723148329201,-0.382991346153849,
-0.225857494869726));
#12737=CARTESIAN_POINT('Ctrl Pts',(0.291432499646084,-0.384603846153847,
-0.219656067063081));
#12738=CARTESIAN_POINT('Ctrl Pts',(0.301792653549225,-0.387828846153845,
-0.211855505124879));
#12739=CARTESIAN_POINT('Ctrl Pts',(0.308359496186863,-0.38944134615385,
-0.210284871773786));
#12740=CARTESIAN_POINT('Ctrl Pts',(0.320308670970897,-0.392666346153842,
-0.212105605752633));
#12741=CARTESIAN_POINT('Ctrl Pts',(0.325617248202287,-0.394278846153849,
-0.21545769744303));
#12742=CARTESIAN_POINT('Ctrl Pts',(0.3321467343533,-0.397503846153843,-0.22456517657477));
#12743=CARTESIAN_POINT('Ctrl Pts',(0.333347342906626,-0.399116346153844,
-0.23024471280778));
#12744=CARTESIAN_POINT('Ctrl Pts',(0.331530888564414,-0.402341346153848,
-0.240409829383764));
#12745=CARTESIAN_POINT('Ctrl Pts',(0.328553055414721,-0.403953846153845,
-0.244833184042899));
#12746=CARTESIAN_POINT('Ctrl Pts',(0.320721900203951,-0.407178846153847,
-0.250116844321454));
#12747=CARTESIAN_POINT('Ctrl Pts',(0.315937951108934,-0.408790664524857,
-0.25096526928379));
#12748=CARTESIAN_POINT('Ctrl Pts',(0.311744947734307,-0.410403846153846,
-0.250076083752281));
#12749=CARTESIAN_POINT('Ctrl Pts',(0.313,-0.333003846153846,-0.277));
#12750=CARTESIAN_POINT('Ctrl Pts',(0.301629647486091,-0.334622493124546,
-0.276437969339357));
#12751=CARTESIAN_POINT('Ctrl Pts',(0.290901444833231,-0.336228846153846,
-0.271203257759958));
#12752=CARTESIAN_POINT('Ctrl Pts',(0.280009575001622,-0.338647596153846,
-0.259011248839562));
#12753=CARTESIAN_POINT('Ctrl Pts',(0.27723368980287,-0.339453846153846,
-0.254263513768453));
#12754=CARTESIAN_POINT('Ctrl Pts',(0.273743852598125,-0.341066346153846,
-0.244171733177881));
#12755=CARTESIAN_POINT('Ctrl Pts',(0.273030473053831,-0.341872596153847,
-0.238832090898389));
#12756=CARTESIAN_POINT('Ctrl Pts',(0.273692036706781,-0.343485096153846,
-0.228395806190047));
#12757=CARTESIAN_POINT('Ctrl Pts',(0.275065814209823,-0.344291346153846,
-0.223303358760371));
#12758=CARTESIAN_POINT('Ctrl Pts',(0.279606513492869,-0.345903846153846,
-0.21412924574886));
#12759=CARTESIAN_POINT('Ctrl Pts',(0.282770779826124,-0.346710096153845,
-0.210050921126124));
#12760=CARTESIAN_POINT('Ctrl Pts',(0.294116057472087,-0.349128846153848,
-0.200203107331456));
#12761=CARTESIAN_POINT('Ctrl Pts',(0.30416205737798,-0.350741346153843,
-0.196979698734236));
#12762=CARTESIAN_POINT('Ctrl Pts',(0.323251216519913,-0.353966346153849,
-0.198471565486707));
#12763=CARTESIAN_POINT('Ctrl Pts',(0.332174481631889,-0.355578846153842,
-0.203149594775111));
#12764=CARTESIAN_POINT('Ctrl Pts',(0.343936309336228,-0.358803846153851,
-0.217122204564115));
#12765=CARTESIAN_POINT('Ctrl Pts',(0.346720823798419,-0.360416346153843,
-0.226309430533048));
#12766=CARTESIAN_POINT('Ctrl Pts',(0.345094825361056,-0.363641346153849,
-0.243614040230796));
#12767=CARTESIAN_POINT('Ctrl Pts',(0.340722397748517,-0.365253846153848,
-0.251623061669188));
#12768=CARTESIAN_POINT('Ctrl Pts',(0.327929315622434,-0.368478846153844,
-0.262040145244725));
#12769=CARTESIAN_POINT('Ctrl Pts',(0.319608374904662,-0.370091346153845,
-0.264402830443201));
#12770=CARTESIAN_POINT('Ctrl Pts',(0.304088948948991,-0.373316346153847,
-0.262677312647053));
#12771=CARTESIAN_POINT('Ctrl Pts',(0.29698729007944,-0.374928846153849,
-0.258627812982544));
#12772=CARTESIAN_POINT('Ctrl Pts',(0.288042882195899,-0.378099909329503,
-0.247232821205536));
#12773=CARTESIAN_POINT('Ctrl Pts',(0.286066608307328,-0.379658472505162,
-0.240087976910253));
#12774=CARTESIAN_POINT('Ctrl Pts',(0.286747669608679,-0.381217035680857,
-0.233415508086292));
#12775=CARTESIAN_POINT('',(0.313,-0.342648285231663,-0.260295341506718));
#12776=CARTESIAN_POINT('Ctrl Pts',(0.313,-0.328196153846154,-0.277));
#12777=CARTESIAN_POINT('Ctrl Pts',(0.330811183182043,-0.325792307692308,
-0.277));
#12778=CARTESIAN_POINT('Ctrl Pts',(0.343405591591022,-0.323388461538462,
-0.264405591591022));
#12779=CARTESIAN_POINT('Ctrl Pts',(0.356,-0.320984615384616,-0.251811183182043));
#12780=CARTESIAN_POINT('Ctrl Pts',(0.356,-0.318580769230769,-0.234));
#12781=CARTESIAN_POINT('Ctrl Pts',(0.356,-0.316176923076923,-0.216188816817957));
#12782=CARTESIAN_POINT('Ctrl Pts',(0.343405591591022,-0.313773076923077,
-0.203594408408979));
#12783=CARTESIAN_POINT('Ctrl Pts',(0.330811183182043,-0.311369230769231,
-0.191));
#12784=CARTESIAN_POINT('Ctrl Pts',(0.313,-0.308965384615385,-0.191));
#12785=CARTESIAN_POINT('Ctrl Pts',(0.295188816817957,-0.306561538461539,
-0.191));
#12786=CARTESIAN_POINT('Ctrl Pts',(0.282594408408979,-0.304157692307693,
-0.203594408408979));
#12787=CARTESIAN_POINT('Ctrl Pts',(0.27,-0.301753846153846,-0.216188816817957));
#12788=CARTESIAN_POINT('Ctrl Pts',(0.27,-0.29935,-0.234));
#12789=CARTESIAN_POINT('Ctrl Pts',(0.27,-0.296946153846154,-0.251811183182043));
#12790=CARTESIAN_POINT('Ctrl Pts',(0.282594408408979,-0.294542307692308,
-0.264405591591022));
#12791=CARTESIAN_POINT('Ctrl Pts',(0.295188816817957,-0.292138461538462,
-0.277));
#12792=CARTESIAN_POINT('Ctrl Pts',(0.313,-0.289734615384616,-0.277));
#12793=CARTESIAN_POINT('Ctrl Pts',(0.330811183182043,-0.28733076923077,
-0.277));
#12794=CARTESIAN_POINT('Ctrl Pts',(0.343405591591022,-0.284926923076923,
-0.264405591591022));
#12795=CARTESIAN_POINT('Ctrl Pts',(0.356,-0.282523076923077,-0.251811183182043));
#12796=CARTESIAN_POINT('Ctrl Pts',(0.356,-0.280119230769231,-0.234));
#12797=CARTESIAN_POINT('Ctrl Pts',(0.356,-0.277715384615385,-0.216188816817957));
#12798=CARTESIAN_POINT('Ctrl Pts',(0.343405591591022,-0.275311538461539,
-0.203594408408979));
#12799=CARTESIAN_POINT('Ctrl Pts',(0.330811183182043,-0.272907692307693,
-0.191));
#12800=CARTESIAN_POINT('Ctrl Pts',(0.313,-0.270503846153847,-0.191));
#12801=CARTESIAN_POINT('Ctrl Pts',(0.295188816817957,-0.268100000000001,
-0.191));
#12802=CARTESIAN_POINT('Ctrl Pts',(0.282594408408979,-0.265696153846155,
-0.203594408408979));
#12803=CARTESIAN_POINT('Ctrl Pts',(0.27,-0.263292307692308,-0.216188816817957));
#12804=CARTESIAN_POINT('Ctrl Pts',(0.27,-0.260888461538462,-0.234));
#12805=CARTESIAN_POINT('Ctrl Pts',(0.27,-0.258484615384616,-0.251811183182043));
#12806=CARTESIAN_POINT('Ctrl Pts',(0.282594408408979,-0.25608076923077,
-0.264405591591022));
#12807=CARTESIAN_POINT('Ctrl Pts',(0.295188816817957,-0.253676923076924,
-0.277));
#12808=CARTESIAN_POINT('Ctrl Pts',(0.313,-0.251273076923078,-0.277));
#12809=CARTESIAN_POINT('Ctrl Pts',(0.330811183182043,-0.248869230769232,
-0.277));
#12810=CARTESIAN_POINT('Ctrl Pts',(0.343405591591022,-0.246465384615386,
-0.264405591591022));
#12811=CARTESIAN_POINT('Ctrl Pts',(0.356,-0.244061538461539,-0.251811183182043));
#12812=CARTESIAN_POINT('Ctrl Pts',(0.356,-0.241657692307693,-0.234));
#12813=CARTESIAN_POINT('Ctrl Pts',(0.356,-0.239253846153847,-0.216188816817957));
#12814=CARTESIAN_POINT('Ctrl Pts',(0.343405591591022,-0.236850000000001,
-0.203594408408979));
#12815=CARTESIAN_POINT('Ctrl Pts',(0.330811183182043,-0.234446153846155,
-0.191));
#12816=CARTESIAN_POINT('Ctrl Pts',(0.313,-0.232042307692309,-0.191));
#12817=CARTESIAN_POINT('Ctrl Pts',(0.295188816817957,-0.229638461538463,
-0.191));
#12818=CARTESIAN_POINT('Ctrl Pts',(0.282594408408979,-0.227234615384617,
-0.203594408408979));
#12819=CARTESIAN_POINT('Ctrl Pts',(0.27,-0.22483076923077,-0.216188816817957));
#12820=CARTESIAN_POINT('Ctrl Pts',(0.27,-0.222426923076924,-0.234));
#12821=CARTESIAN_POINT('Ctrl Pts',(0.27,-0.220023076923078,-0.251811183182043));
#12822=CARTESIAN_POINT('Ctrl Pts',(0.282594408408979,-0.217619230769232,
-0.264405591591022));
#12823=CARTESIAN_POINT('Ctrl Pts',(0.295188816817957,-0.215215384615386,
-0.277));
#12824=CARTESIAN_POINT('Ctrl Pts',(0.313,-0.21281153846154,-0.277));
#12825=CARTESIAN_POINT('Ctrl Pts',(0.330811183182043,-0.210407692307694,
-0.277));
#12826=CARTESIAN_POINT('Ctrl Pts',(0.343405591591022,-0.208003846153847,
-0.264405591591022));
#12827=CARTESIAN_POINT('Ctrl Pts',(0.356,-0.205600000000001,-0.251811183182043));
#12828=CARTESIAN_POINT('Ctrl Pts',(0.356,-0.203196153846155,-0.234));
#12829=CARTESIAN_POINT('Ctrl Pts',(0.356,-0.200792307692309,-0.216188816817957));
#12830=CARTESIAN_POINT('Ctrl Pts',(0.343405591591022,-0.198388461538463,
-0.203594408408979));
#12831=CARTESIAN_POINT('Ctrl Pts',(0.330811183182043,-0.195984615384617,
-0.191));
#12832=CARTESIAN_POINT('Ctrl Pts',(0.313,-0.193580769230771,-0.191));
#12833=CARTESIAN_POINT('Ctrl Pts',(0.295188816817957,-0.191176923076925,
-0.191));
#12834=CARTESIAN_POINT('Ctrl Pts',(0.282594408408979,-0.188773076923078,
-0.203594408408979));
#12835=CARTESIAN_POINT('Ctrl Pts',(0.27,-0.186369230769232,-0.216188816817957));
#12836=CARTESIAN_POINT('Ctrl Pts',(0.27,-0.183965384615386,-0.234));
#12837=CARTESIAN_POINT('Ctrl Pts',(0.27,-0.18156153846154,-0.251811183182043));
#12838=CARTESIAN_POINT('Ctrl Pts',(0.282594408408979,-0.179157692307694,
-0.264405591591022));
#12839=CARTESIAN_POINT('Ctrl Pts',(0.295188816817957,-0.176753846153848,
-0.277));
#12840=CARTESIAN_POINT('Ctrl Pts',(0.313,-0.174350000000002,-0.277));
#12841=CARTESIAN_POINT('Ctrl Pts',(0.330811183182043,-0.171946153846156,
-0.277));
#12842=CARTESIAN_POINT('Ctrl Pts',(0.343405591591022,-0.169542307692309,
-0.264405591591022));
#12843=CARTESIAN_POINT('Ctrl Pts',(0.356,-0.167138461538463,-0.251811183182043));
#12844=CARTESIAN_POINT('Ctrl Pts',(0.356,-0.164734615384617,-0.234));
#12845=CARTESIAN_POINT('Ctrl Pts',(0.356,-0.162330769230771,-0.216188816817957));
#12846=CARTESIAN_POINT('Ctrl Pts',(0.343405591591022,-0.159926923076925,
-0.203594408408979));
#12847=CARTESIAN_POINT('Ctrl Pts',(0.330811183182043,-0.157523076923079,
-0.191));
#12848=CARTESIAN_POINT('Ctrl Pts',(0.313,-0.155119230769233,-0.191));
#12849=CARTESIAN_POINT('Ctrl Pts',(0.295188816817957,-0.152715384615387,
-0.191));
#12850=CARTESIAN_POINT('Ctrl Pts',(0.282594408408979,-0.15031153846154,
-0.203594408408979));
#12851=CARTESIAN_POINT('Ctrl Pts',(0.27,-0.147907692307694,-0.216188816817957));
#12852=CARTESIAN_POINT('Ctrl Pts',(0.27,-0.145503846153848,-0.234));
#12853=CARTESIAN_POINT('Ctrl Pts',(0.27,-0.143100000000002,-0.251811183182043));
#12854=CARTESIAN_POINT('Ctrl Pts',(0.282594408408979,-0.140696153846156,
-0.264405591591022));
#12855=CARTESIAN_POINT('Ctrl Pts',(0.295188816817957,-0.13829230769231,
-0.277));
#12856=CARTESIAN_POINT('Ctrl Pts',(0.313,-0.135888461538464,-0.277));
#12857=CARTESIAN_POINT('Ctrl Pts',(0.330811183182043,-0.133484615384618,
-0.277));
#12858=CARTESIAN_POINT('Ctrl Pts',(0.343405591591022,-0.131080769230771,
-0.264405591591022));
#12859=CARTESIAN_POINT('Ctrl Pts',(0.356,-0.128676923076925,-0.251811183182043));
#12860=CARTESIAN_POINT('Ctrl Pts',(0.356,-0.126273076923079,-0.234));
#12861=CARTESIAN_POINT('Ctrl Pts',(0.356,-0.123869230769233,-0.216188816817957));
#12862=CARTESIAN_POINT('Ctrl Pts',(0.343405591591022,-0.121465384615387,
-0.203594408408979));
#12863=CARTESIAN_POINT('Ctrl Pts',(0.332178505163005,-0.11932251393401,
-0.192367321980962));
#12864=CARTESIAN_POINT('Ctrl Pts',(0.316349242978996,-0.11711701819494,
-0.191130633647468));
#12865=CARTESIAN_POINT('Ctrl Pts',(0.313,-0.316176923076923,-0.256182081639798));
#12866=CARTESIAN_POINT('Ctrl Pts',(0.322188119056872,-0.313773076923077,
-0.256182081639798));
#12867=CARTESIAN_POINT('Ctrl Pts',(0.328685100348334,-0.311369230769231,
-0.249685100348334));
#12868=CARTESIAN_POINT('Ctrl Pts',(0.335182081639798,-0.308965384615385,
-0.243188119056871));
#12869=CARTESIAN_POINT('Ctrl Pts',(0.335182081639798,-0.306561538461538,
-0.234));
#12870=CARTESIAN_POINT('Ctrl Pts',(0.335182081639798,-0.304157692307692,
-0.224811880943129));
#12871=CARTESIAN_POINT('Ctrl Pts',(0.328685100348334,-0.301753846153846,
-0.218314899651666));
#12872=CARTESIAN_POINT('Ctrl Pts',(0.322188119056872,-0.29935,-0.211817918360203));
#12873=CARTESIAN_POINT('Ctrl Pts',(0.313,-0.296946153846154,-0.211817918360203));
#12874=CARTESIAN_POINT('Ctrl Pts',(0.303811880943129,-0.294542307692308,
-0.211817918360203));
#12875=CARTESIAN_POINT('Ctrl Pts',(0.297314899651666,-0.292138461538462,
-0.218314899651666));
#12876=CARTESIAN_POINT('Ctrl Pts',(0.290817918360203,-0.289734615384616,
-0.224811880943129));
#12877=CARTESIAN_POINT('Ctrl Pts',(0.290817918360203,-0.287330769230769,
-0.234));
#12878=CARTESIAN_POINT('Ctrl Pts',(0.290817918360203,-0.284926923076923,
-0.243188119056871));
#12879=CARTESIAN_POINT('Ctrl Pts',(0.297314899651666,-0.282523076923077,
-0.249685100348334));
#12880=CARTESIAN_POINT('Ctrl Pts',(0.303811880943129,-0.280119230769231,
-0.256182081639798));
#12881=CARTESIAN_POINT('Ctrl Pts',(0.313,-0.277715384615385,-0.256182081639798));
#12882=CARTESIAN_POINT('Ctrl Pts',(0.322188119056872,-0.275311538461539,
-0.256182081639798));
#12883=CARTESIAN_POINT('Ctrl Pts',(0.328685100348334,-0.272907692307693,
-0.249685100348334));
#12884=CARTESIAN_POINT('Ctrl Pts',(0.335182081639798,-0.270503846153847,
-0.243188119056871));
#12885=CARTESIAN_POINT('Ctrl Pts',(0.335182081639798,-0.268100000000001,
-0.234));
#12886=CARTESIAN_POINT('Ctrl Pts',(0.335182081639798,-0.265696153846154,
-0.224811880943129));
#12887=CARTESIAN_POINT('Ctrl Pts',(0.328685100348334,-0.263292307692308,
-0.218314899651666));
#12888=CARTESIAN_POINT('Ctrl Pts',(0.322188119056872,-0.260888461538462,
-0.211817918360203));
#12889=CARTESIAN_POINT('Ctrl Pts',(0.313,-0.258484615384616,-0.211817918360203));
#12890=CARTESIAN_POINT('Ctrl Pts',(0.303811880943129,-0.25608076923077,
-0.211817918360203));
#12891=CARTESIAN_POINT('Ctrl Pts',(0.297314899651666,-0.253676923076924,
-0.218314899651666));
#12892=CARTESIAN_POINT('Ctrl Pts',(0.290817918360203,-0.251273076923078,
-0.224811880943129));
#12893=CARTESIAN_POINT('Ctrl Pts',(0.290817918360203,-0.248869230769232,
-0.234));
#12894=CARTESIAN_POINT('Ctrl Pts',(0.290817918360203,-0.246465384615385,
-0.243188119056871));
#12895=CARTESIAN_POINT('Ctrl Pts',(0.297314899651666,-0.244061538461539,
-0.249685100348334));
#12896=CARTESIAN_POINT('Ctrl Pts',(0.303811880943129,-0.241657692307693,
-0.256182081639798));
#12897=CARTESIAN_POINT('Ctrl Pts',(0.313,-0.239253846153847,-0.256182081639798));
#12898=CARTESIAN_POINT('Ctrl Pts',(0.322188119056872,-0.236850000000001,
-0.256182081639798));
#12899=CARTESIAN_POINT('Ctrl Pts',(0.328685100348334,-0.234446153846155,
-0.249685100348334));
#12900=CARTESIAN_POINT('Ctrl Pts',(0.335182081639798,-0.232042307692309,
-0.243188119056871));
#12901=CARTESIAN_POINT('Ctrl Pts',(0.335182081639798,-0.229638461538462,
-0.234));
#12902=CARTESIAN_POINT('Ctrl Pts',(0.335182081639798,-0.227234615384616,
-0.224811880943129));
#12903=CARTESIAN_POINT('Ctrl Pts',(0.328685100348334,-0.22483076923077,
-0.218314899651666));
#12904=CARTESIAN_POINT('Ctrl Pts',(0.322188119056872,-0.222426923076924,
-0.211817918360203));
#12905=CARTESIAN_POINT('Ctrl Pts',(0.313,-0.220023076923078,-0.211817918360203));
#12906=CARTESIAN_POINT('Ctrl Pts',(0.303811880943129,-0.217619230769232,
-0.211817918360203));
#12907=CARTESIAN_POINT('Ctrl Pts',(0.297314899651666,-0.215215384615386,
-0.218314899651666));
#12908=CARTESIAN_POINT('Ctrl Pts',(0.290817918360203,-0.21281153846154,
-0.224811880943129));
#12909=CARTESIAN_POINT('Ctrl Pts',(0.290817918360203,-0.210407692307693,
-0.234));
#12910=CARTESIAN_POINT('Ctrl Pts',(0.290817918360203,-0.208003846153847,
-0.243188119056871));
#12911=CARTESIAN_POINT('Ctrl Pts',(0.297314899651666,-0.205600000000001,
-0.249685100348334));
#12912=CARTESIAN_POINT('Ctrl Pts',(0.303811880943129,-0.203196153846155,
-0.256182081639797));
#12913=CARTESIAN_POINT('Ctrl Pts',(0.313,-0.200792307692309,-0.256182081639797));
#12914=CARTESIAN_POINT('Ctrl Pts',(0.322188119056872,-0.198388461538463,
-0.256182081639797));
#12915=CARTESIAN_POINT('Ctrl Pts',(0.328685100348334,-0.195984615384617,
-0.249685100348334));
#12916=CARTESIAN_POINT('Ctrl Pts',(0.335182081639798,-0.193580769230771,
-0.243188119056871));
#12917=CARTESIAN_POINT('Ctrl Pts',(0.335182081639798,-0.191176923076924,
-0.234));
#12918=CARTESIAN_POINT('Ctrl Pts',(0.335182081639798,-0.188773076923078,
-0.224811880943129));
#12919=CARTESIAN_POINT('Ctrl Pts',(0.328685100348334,-0.186369230769232,
-0.218314899651666));
#12920=CARTESIAN_POINT('Ctrl Pts',(0.322188119056872,-0.183965384615386,
-0.211817918360203));
#12921=CARTESIAN_POINT('Ctrl Pts',(0.313,-0.18156153846154,-0.211817918360203));
#12922=CARTESIAN_POINT('Ctrl Pts',(0.303811880943129,-0.179157692307694,
-0.211817918360203));
#12923=CARTESIAN_POINT('Ctrl Pts',(0.297314899651666,-0.176753846153848,
-0.218314899651666));
#12924=CARTESIAN_POINT('Ctrl Pts',(0.290817918360203,-0.174350000000002,
-0.224811880943129));
#12925=CARTESIAN_POINT('Ctrl Pts',(0.290817918360203,-0.171946153846155,
-0.234));
#12926=CARTESIAN_POINT('Ctrl Pts',(0.290817918360203,-0.169542307692309,
-0.243188119056871));
#12927=CARTESIAN_POINT('Ctrl Pts',(0.297314899651666,-0.167138461538463,
-0.249685100348334));
#12928=CARTESIAN_POINT('Ctrl Pts',(0.303811880943129,-0.164734615384617,
-0.256182081639797));
#12929=CARTESIAN_POINT('Ctrl Pts',(0.313,-0.162330769230771,-0.256182081639797));
#12930=CARTESIAN_POINT('Ctrl Pts',(0.322188119056872,-0.159926923076925,
-0.256182081639797));
#12931=CARTESIAN_POINT('Ctrl Pts',(0.328685100348334,-0.157523076923079,
-0.249685100348334));
#12932=CARTESIAN_POINT('Ctrl Pts',(0.335182081639798,-0.155119230769233,
-0.243188119056871));
#12933=CARTESIAN_POINT('Ctrl Pts',(0.335182081639798,-0.152715384615386,
-0.234));
#12934=CARTESIAN_POINT('Ctrl Pts',(0.335182081639798,-0.15031153846154,
-0.224811880943129));
#12935=CARTESIAN_POINT('Ctrl Pts',(0.328685100348334,-0.147907692307694,
-0.218314899651666));
#12936=CARTESIAN_POINT('Ctrl Pts',(0.322188119056872,-0.145503846153848,
-0.211817918360203));
#12937=CARTESIAN_POINT('Ctrl Pts',(0.313,-0.143100000000002,-0.211817918360203));
#12938=CARTESIAN_POINT('Ctrl Pts',(0.303811880943129,-0.140696153846156,
-0.211817918360203));
#12939=CARTESIAN_POINT('Ctrl Pts',(0.297314899651666,-0.13829230769231,
-0.218314899651666));
#12940=CARTESIAN_POINT('Ctrl Pts',(0.290817918360203,-0.135888461538464,
-0.224811880943129));
#12941=CARTESIAN_POINT('Ctrl Pts',(0.290817918360203,-0.133484615384617,
-0.234));
#12942=CARTESIAN_POINT('Ctrl Pts',(0.290817918360203,-0.131080769230771,
-0.243188119056871));
#12943=CARTESIAN_POINT('Ctrl Pts',(0.297314899651666,-0.128676923076925,
-0.249685100348334));
#12944=CARTESIAN_POINT('Ctrl Pts',(0.303811880943129,-0.126273076923079,
-0.256182081639797));
#12945=CARTESIAN_POINT('Ctrl Pts',(0.313,-0.123869230769233,-0.256182081639797));
#12946=CARTESIAN_POINT('Ctrl Pts',(0.322188119056872,-0.121465384615387,
-0.256182081639797));
#12947=CARTESIAN_POINT('Ctrl Pts',(0.328685100348334,-0.119061538461541,
-0.249685100348334));
#12948=CARTESIAN_POINT('Ctrl Pts',(0.335182081639798,-0.116657692307695,
-0.243188119056871));
#12949=CARTESIAN_POINT('Ctrl Pts',(0.335182081639798,-0.114253846153849,
-0.234));
#12950=CARTESIAN_POINT('Ctrl Pts',(0.335182081639798,-0.111850000000003,
-0.224811880943129));
#12951=CARTESIAN_POINT('Ctrl Pts',(0.328685100348334,-0.109446153846156,
-0.218314899651666));
#12952=CARTESIAN_POINT('Ctrl Pts',(0.322893469005932,-0.10730328316478,
-0.212523268309263));
#12953=CARTESIAN_POINT('Ctrl Pts',(0.314727748399805,-0.105097787425709,
-0.211885307342366));
#12954=CARTESIAN_POINT('Ctrl Pts',(0.350601059619562,-0.165423082759003,
-0.24849505972));
#12955=CARTESIAN_POINT('Ctrl Pts',(0.349785855474357,-0.166238175469588,
-0.25191806317426));
#12956=CARTESIAN_POINT('Ctrl Pts',(0.34852254682093,-0.167038856968735,
-0.255222745302601));
#12957=CARTESIAN_POINT('Ctrl Pts',(0.34493261130351,-0.168683381634624,
-0.261843787063282));
#12958=CARTESIAN_POINT('Ctrl Pts',(0.342671701420602,-0.169413699488872,
-0.264746651610887));
#12959=CARTESIAN_POINT('Ctrl Pts',(0.34038946703774,-0.170102705017898,
-0.26714841014874));
#12960=CARTESIAN_POINT('Ctrl Pts',(0.312959763989775,-0.345033599734385,
-0.256182045147779));
#12961=CARTESIAN_POINT('Ctrl Pts',(0.322171446478633,-0.342625399528424,
-0.256198754218036));
#12962=CARTESIAN_POINT('Ctrl Pts',(0.328685100348334,-0.340215384615385,
-0.249685100348334));
#12963=CARTESIAN_POINT('Ctrl Pts',(0.335182081639798,-0.337811538461538,
-0.243188119056871));
#12964=CARTESIAN_POINT('Ctrl Pts',(0.335182081639798,-0.335407692307692,
-0.234));
#12965=CARTESIAN_POINT('Ctrl Pts',(0.335182081639798,-0.333003846153846,
-0.224811880943129));
#12966=CARTESIAN_POINT('Ctrl Pts',(0.328685100348334,-0.3306,-0.218314899651666));
#12967=CARTESIAN_POINT('Ctrl Pts',(0.322188119056872,-0.328196153846154,
-0.211817918360203));
#12968=CARTESIAN_POINT('Ctrl Pts',(0.313,-0.325792307692308,-0.211817918360203));
#12969=CARTESIAN_POINT('Ctrl Pts',(0.303811880943129,-0.323388461538462,
-0.211817918360203));
#12970=CARTESIAN_POINT('Ctrl Pts',(0.297314899651666,-0.320984615384616,
-0.218314899651666));
#12971=CARTESIAN_POINT('Ctrl Pts',(0.290817918360203,-0.318580769230769,
-0.224811880943129));
#12972=CARTESIAN_POINT('Ctrl Pts',(0.290817918360203,-0.316176923076923,
-0.234));
#12973=CARTESIAN_POINT('Ctrl Pts',(0.290817918360203,-0.313773076923077,
-0.243188119056871));
#12974=CARTESIAN_POINT('Ctrl Pts',(0.297314899651666,-0.311369230769231,
-0.249685100348334));
#12975=CARTESIAN_POINT('Ctrl Pts',(0.303811880943129,-0.308965384615385,
-0.256182081639798));
#12976=CARTESIAN_POINT('Ctrl Pts',(0.313,-0.306561538461539,-0.256182081639798));
#12977=CARTESIAN_POINT('Ctrl Pts',(0.322188119056872,-0.304157692307692,
-0.256182081639798));
#12978=CARTESIAN_POINT('Ctrl Pts',(0.328685100348334,-0.301753846153846,
-0.249685100348334));
#12979=CARTESIAN_POINT('Ctrl Pts',(0.335182081639798,-0.29935,-0.243188119056871));
#12980=CARTESIAN_POINT('Ctrl Pts',(0.335182081639798,-0.296946153846154,
-0.234));
#12981=CARTESIAN_POINT('Ctrl Pts',(0.335182081639798,-0.294542307692308,
-0.224811880943129));
#12982=CARTESIAN_POINT('Ctrl Pts',(0.328685100348334,-0.292138461538462,
-0.218314899651666));
#12983=CARTESIAN_POINT('Ctrl Pts',(0.322188119056872,-0.289734615384616,
-0.211817918360203));
#12984=CARTESIAN_POINT('Ctrl Pts',(0.313,-0.28733076923077,-0.211817918360203));
#12985=CARTESIAN_POINT('Ctrl Pts',(0.303811880943129,-0.284926923076924,
-0.211817918360203));
#12986=CARTESIAN_POINT('Ctrl Pts',(0.297314899651666,-0.282523076923077,
-0.218314899651666));
#12987=CARTESIAN_POINT('Ctrl Pts',(0.290817918360203,-0.280119230769231,
-0.224811880943129));
#12988=CARTESIAN_POINT('Ctrl Pts',(0.290817918360203,-0.277715384615385,
-0.234));
#12989=CARTESIAN_POINT('Ctrl Pts',(0.290817918360203,-0.275311538461539,
-0.243188119056871));
#12990=CARTESIAN_POINT('Ctrl Pts',(0.297314899651666,-0.272907692307693,
-0.249685100348334));
#12991=CARTESIAN_POINT('Ctrl Pts',(0.303811880943129,-0.270503846153847,
-0.256182081639798));
#12992=CARTESIAN_POINT('Ctrl Pts',(0.313,-0.268100000000001,-0.256182081639798));
#12993=CARTESIAN_POINT('Ctrl Pts',(0.322188119056872,-0.265696153846154,
-0.256182081639798));
#12994=CARTESIAN_POINT('Ctrl Pts',(0.328685100348334,-0.263292307692308,
-0.249685100348334));
#12995=CARTESIAN_POINT('Ctrl Pts',(0.335182081639798,-0.260888461538462,
-0.243188119056871));
#12996=CARTESIAN_POINT('Ctrl Pts',(0.335182081639798,-0.258484615384616,
-0.234));
#12997=CARTESIAN_POINT('Ctrl Pts',(0.335182081639798,-0.25608076923077,
-0.224811880943129));
#12998=CARTESIAN_POINT('Ctrl Pts',(0.328685100348334,-0.253676923076924,
-0.218314899651666));
#12999=CARTESIAN_POINT('Ctrl Pts',(0.322188119056872,-0.251273076923078,
-0.211817918360203));
#13000=CARTESIAN_POINT('Ctrl Pts',(0.313,-0.248869230769232,-0.211817918360203));
#13001=CARTESIAN_POINT('Ctrl Pts',(0.303811880943129,-0.246465384615386,
-0.211817918360203));
#13002=CARTESIAN_POINT('Ctrl Pts',(0.297314899651666,-0.244061538461539,
-0.218314899651666));
#13003=CARTESIAN_POINT('Ctrl Pts',(0.290817918360203,-0.241657692307693,
-0.224811880943129));
#13004=CARTESIAN_POINT('Ctrl Pts',(0.290817918360203,-0.239253846153847,
-0.234));
#13005=CARTESIAN_POINT('Ctrl Pts',(0.290817918360203,-0.236850000000001,
-0.243188119056871));
#13006=CARTESIAN_POINT('Ctrl Pts',(0.297314899651666,-0.234446153846155,
-0.249685100348334));
#13007=CARTESIAN_POINT('Ctrl Pts',(0.303811880943129,-0.232042307692309,
-0.256182081639798));
#13008=CARTESIAN_POINT('Ctrl Pts',(0.313,-0.229638461538463,-0.256182081639798));
#13009=CARTESIAN_POINT('Ctrl Pts',(0.322188119056872,-0.227234615384617,
-0.256182081639798));
#13010=CARTESIAN_POINT('Ctrl Pts',(0.328685100348334,-0.22483076923077,
-0.249685100348334));
#13011=CARTESIAN_POINT('Ctrl Pts',(0.335182081639798,-0.222426923076924,
-0.243188119056871));
#13012=CARTESIAN_POINT('Ctrl Pts',(0.335182081639798,-0.220023076923078,
-0.234));
#13013=CARTESIAN_POINT('Ctrl Pts',(0.335182081639798,-0.217619230769232,
-0.224811880943129));
#13014=CARTESIAN_POINT('Ctrl Pts',(0.328685100348334,-0.215215384615386,
-0.218314899651666));
#13015=CARTESIAN_POINT('Ctrl Pts',(0.322188119056872,-0.21281153846154,
-0.211817918360203));
#13016=CARTESIAN_POINT('Ctrl Pts',(0.313,-0.210407692307694,-0.211817918360203));
#13017=CARTESIAN_POINT('Ctrl Pts',(0.303811880943129,-0.208003846153848,
-0.211817918360203));
#13018=CARTESIAN_POINT('Ctrl Pts',(0.297314899651666,-0.205600000000001,
-0.218314899651666));
#13019=CARTESIAN_POINT('Ctrl Pts',(0.290817918360203,-0.203196153846155,
-0.224811880943129));
#13020=CARTESIAN_POINT('Ctrl Pts',(0.290817918360203,-0.200792307692309,
-0.234));
#13021=CARTESIAN_POINT('Ctrl Pts',(0.290817918360203,-0.198388461538463,
-0.243188119056871));
#13022=CARTESIAN_POINT('Ctrl Pts',(0.297314899651666,-0.195984615384617,
-0.249685100348334));
#13023=CARTESIAN_POINT('Ctrl Pts',(0.303811880943129,-0.193580769230771,
-0.256182081639797));
#13024=CARTESIAN_POINT('Ctrl Pts',(0.313,-0.191176923076925,-0.256182081639797));
#13025=CARTESIAN_POINT('Ctrl Pts',(0.322188119056872,-0.188773076923078,
-0.256182081639797));
#13026=CARTESIAN_POINT('Ctrl Pts',(0.328685100348334,-0.186369230769232,
-0.249685100348334));
#13027=CARTESIAN_POINT('Ctrl Pts',(0.335182081639798,-0.183965384615386,
-0.243188119056871));
#13028=CARTESIAN_POINT('Ctrl Pts',(0.335182081639798,-0.18156153846154,
-0.234));
#13029=CARTESIAN_POINT('Ctrl Pts',(0.335182081639798,-0.179157692307694,
-0.224811880943129));
#13030=CARTESIAN_POINT('Ctrl Pts',(0.328685100348334,-0.176753846153848,
-0.218314899651666));
#13031=CARTESIAN_POINT('Ctrl Pts',(0.322188119056872,-0.174350000000002,
-0.211817918360203));
#13032=CARTESIAN_POINT('Ctrl Pts',(0.313,-0.171946153846156,-0.211817918360203));
#13033=CARTESIAN_POINT('Ctrl Pts',(0.303811880943129,-0.169542307692309,
-0.211817918360203));
#13034=CARTESIAN_POINT('Ctrl Pts',(0.297314899651666,-0.167138461538463,
-0.218314899651666));
#13035=CARTESIAN_POINT('Ctrl Pts',(0.290817918360203,-0.164734615384617,
-0.224811880943129));
#13036=CARTESIAN_POINT('Ctrl Pts',(0.290817918360203,-0.162330769230771,
-0.234));
#13037=CARTESIAN_POINT('Ctrl Pts',(0.290817918360203,-0.159926923076925,
-0.243188119056871));
#13038=CARTESIAN_POINT('Ctrl Pts',(0.297314899651666,-0.157523076923079,
-0.249685100348334));
#13039=CARTESIAN_POINT('Ctrl Pts',(0.303811880943129,-0.155119230769233,
-0.256182081639797));
#13040=CARTESIAN_POINT('Ctrl Pts',(0.313,-0.152715384615387,-0.256182081639797));
#13041=CARTESIAN_POINT('Ctrl Pts',(0.322188119056872,-0.15031153846154,
-0.256182081639797));
#13042=CARTESIAN_POINT('Ctrl Pts',(0.328685100348334,-0.147907692307694,
-0.249685100348334));
#13043=CARTESIAN_POINT('Ctrl Pts',(0.335182081639798,-0.145503846153848,
-0.243188119056871));
#13044=CARTESIAN_POINT('Ctrl Pts',(0.335182081639798,-0.143100000000002,
-0.234));
#13045=CARTESIAN_POINT('Ctrl Pts',(0.335182081639798,-0.140696153846156,
-0.224811880943129));
#13046=CARTESIAN_POINT('Ctrl Pts',(0.328685100348334,-0.13829230769231,
-0.218314899651666));
#13047=CARTESIAN_POINT('Ctrl Pts',(0.322894771690453,-0.136149918996803,
-0.212524570993784));
#13048=CARTESIAN_POINT('Ctrl Pts',(0.314730981084357,-0.133944814419832,
-0.211885560139126));
#13049=CARTESIAN_POINT('Ctrl Pts',(0.312922002431161,-0.333014368965154,
-0.276999929260166));
#13050=CARTESIAN_POINT('Ctrl Pts',(0.330778863363015,-0.330606168759193,
-0.277032319819028));
#13051=CARTESIAN_POINT('Ctrl Pts',(0.343405591591022,-0.328196153846154,
-0.264405591591022));
#13052=CARTESIAN_POINT('Ctrl Pts',(0.356,-0.325792307692308,-0.251811183182043));
#13053=CARTESIAN_POINT('Ctrl Pts',(0.356,-0.323388461538462,-0.234));
#13054=CARTESIAN_POINT('Ctrl Pts',(0.356,-0.320984615384615,-0.216188816817957));
#13055=CARTESIAN_POINT('Ctrl Pts',(0.343405591591022,-0.318580769230769,
-0.203594408408979));
#13056=CARTESIAN_POINT('Ctrl Pts',(0.330811183182043,-0.316176923076923,
-0.191));
#13057=CARTESIAN_POINT('Ctrl Pts',(0.313,-0.313773076923077,-0.191));
#13058=CARTESIAN_POINT('Ctrl Pts',(0.295188816817957,-0.311369230769231,
-0.191));
#13059=CARTESIAN_POINT('Ctrl Pts',(0.282594408408979,-0.308965384615385,
-0.203594408408979));
#13060=CARTESIAN_POINT('Ctrl Pts',(0.27,-0.306561538461538,-0.216188816817957));
#13061=CARTESIAN_POINT('Ctrl Pts',(0.27,-0.304157692307692,-0.234));
#13062=CARTESIAN_POINT('Ctrl Pts',(0.27,-0.301753846153846,-0.251811183182043));
#13063=CARTESIAN_POINT('Ctrl Pts',(0.282594408408979,-0.29935,-0.264405591591022));
#13064=CARTESIAN_POINT('Ctrl Pts',(0.295188816817957,-0.296946153846154,
-0.277));
#13065=CARTESIAN_POINT('Ctrl Pts',(0.313,-0.294542307692308,-0.277));
#13066=CARTESIAN_POINT('Ctrl Pts',(0.330811183182043,-0.292138461538462,
-0.277));
#13067=CARTESIAN_POINT('Ctrl Pts',(0.343405591591022,-0.289734615384616,
-0.264405591591022));
#13068=CARTESIAN_POINT('Ctrl Pts',(0.356,-0.287330769230769,-0.251811183182043));
#13069=CARTESIAN_POINT('Ctrl Pts',(0.356,-0.284926923076923,-0.234));
#13070=CARTESIAN_POINT('Ctrl Pts',(0.356,-0.282523076923077,-0.216188816817957));
#13071=CARTESIAN_POINT('Ctrl Pts',(0.343405591591022,-0.280119230769231,
-0.203594408408979));
#13072=CARTESIAN_POINT('Ctrl Pts',(0.330811183182043,-0.277715384615385,
-0.191));
#13073=CARTESIAN_POINT('Ctrl Pts',(0.313,-0.275311538461539,-0.191));
#13074=CARTESIAN_POINT('Ctrl Pts',(0.295188816817957,-0.272907692307693,
-0.191));
#13075=CARTESIAN_POINT('Ctrl Pts',(0.282594408408979,-0.270503846153847,
-0.203594408408979));
#13076=CARTESIAN_POINT('Ctrl Pts',(0.27,-0.268100000000001,-0.216188816817957));
#13077=CARTESIAN_POINT('Ctrl Pts',(0.27,-0.265696153846154,-0.234));
#13078=CARTESIAN_POINT('Ctrl Pts',(0.27,-0.263292307692308,-0.251811183182043));
#13079=CARTESIAN_POINT('Ctrl Pts',(0.282594408408979,-0.260888461538462,
-0.264405591591022));
#13080=CARTESIAN_POINT('Ctrl Pts',(0.295188816817957,-0.258484615384616,
-0.277));
#13081=CARTESIAN_POINT('Ctrl Pts',(0.313,-0.25608076923077,-0.277));
#13082=CARTESIAN_POINT('Ctrl Pts',(0.330811183182043,-0.253676923076924,
-0.277));
#13083=CARTESIAN_POINT('Ctrl Pts',(0.343405591591022,-0.251273076923078,
-0.264405591591022));
#13084=CARTESIAN_POINT('Ctrl Pts',(0.356,-0.248869230769232,-0.251811183182043));
#13085=CARTESIAN_POINT('Ctrl Pts',(0.356,-0.246465384615385,-0.234));
#13086=CARTESIAN_POINT('Ctrl Pts',(0.356,-0.244061538461539,-0.216188816817957));
#13087=CARTESIAN_POINT('Ctrl Pts',(0.343405591591022,-0.241657692307693,
-0.203594408408979));
#13088=CARTESIAN_POINT('Ctrl Pts',(0.330811183182043,-0.239253846153847,
-0.191));
#13089=CARTESIAN_POINT('Ctrl Pts',(0.313,-0.236850000000001,-0.191));
#13090=CARTESIAN_POINT('Ctrl Pts',(0.295188816817957,-0.234446153846155,
-0.191));
#13091=CARTESIAN_POINT('Ctrl Pts',(0.282594408408979,-0.232042307692309,
-0.203594408408979));
#13092=CARTESIAN_POINT('Ctrl Pts',(0.27,-0.229638461538462,-0.216188816817957));
#13093=CARTESIAN_POINT('Ctrl Pts',(0.27,-0.227234615384616,-0.234));
#13094=CARTESIAN_POINT('Ctrl Pts',(0.27,-0.22483076923077,-0.251811183182043));
#13095=CARTESIAN_POINT('Ctrl Pts',(0.282594408408979,-0.222426923076924,
-0.264405591591022));
#13096=CARTESIAN_POINT('Ctrl Pts',(0.295188816817957,-0.220023076923078,
-0.277));
#13097=CARTESIAN_POINT('Ctrl Pts',(0.313,-0.217619230769232,-0.277));
#13098=CARTESIAN_POINT('Ctrl Pts',(0.330811183182043,-0.215215384615386,
-0.277));
#13099=CARTESIAN_POINT('Ctrl Pts',(0.343405591591022,-0.21281153846154,
-0.264405591591022));
#13100=CARTESIAN_POINT('Ctrl Pts',(0.356,-0.210407692307693,-0.251811183182043));
#13101=CARTESIAN_POINT('Ctrl Pts',(0.356,-0.208003846153847,-0.234));
#13102=CARTESIAN_POINT('Ctrl Pts',(0.356,-0.205600000000001,-0.216188816817957));
#13103=CARTESIAN_POINT('Ctrl Pts',(0.343405591591022,-0.203196153846155,
-0.203594408408979));
#13104=CARTESIAN_POINT('Ctrl Pts',(0.330811183182043,-0.200792307692309,
-0.191));
#13105=CARTESIAN_POINT('Ctrl Pts',(0.313,-0.198388461538463,-0.191));
#13106=CARTESIAN_POINT('Ctrl Pts',(0.295188816817957,-0.195984615384617,
-0.191));
#13107=CARTESIAN_POINT('Ctrl Pts',(0.282594408408979,-0.193580769230771,
-0.203594408408979));
#13108=CARTESIAN_POINT('Ctrl Pts',(0.27,-0.191176923076924,-0.216188816817957));
#13109=CARTESIAN_POINT('Ctrl Pts',(0.27,-0.188773076923078,-0.234));
#13110=CARTESIAN_POINT('Ctrl Pts',(0.27,-0.186369230769232,-0.251811183182043));
#13111=CARTESIAN_POINT('Ctrl Pts',(0.282594408408979,-0.183965384615386,
-0.264405591591022));
#13112=CARTESIAN_POINT('Ctrl Pts',(0.295188816817957,-0.18156153846154,
-0.277));
#13113=CARTESIAN_POINT('Ctrl Pts',(0.313,-0.179157692307694,-0.277));
#13114=CARTESIAN_POINT('Ctrl Pts',(0.330811183182043,-0.176753846153848,
-0.277));
#13115=CARTESIAN_POINT('Ctrl Pts',(0.343405591591022,-0.174350000000002,
-0.264405591591022));
#13116=CARTESIAN_POINT('Ctrl Pts',(0.356,-0.171946153846155,-0.251811183182043));
#13117=CARTESIAN_POINT('Ctrl Pts',(0.356,-0.169542307692309,-0.234));
#13118=CARTESIAN_POINT('Ctrl Pts',(0.356,-0.167138461538463,-0.216188816817957));
#13119=CARTESIAN_POINT('Ctrl Pts',(0.343405591591022,-0.164734615384617,
-0.203594408408979));
#13120=CARTESIAN_POINT('Ctrl Pts',(0.330811183182043,-0.162330769230771,
-0.191));
#13121=CARTESIAN_POINT('Ctrl Pts',(0.313,-0.159926923076925,-0.191));
#13122=CARTESIAN_POINT('Ctrl Pts',(0.295188816817957,-0.157523076923079,
-0.191));
#13123=CARTESIAN_POINT('Ctrl Pts',(0.282594408408979,-0.155119230769233,
-0.203594408408979));
#13124=CARTESIAN_POINT('Ctrl Pts',(0.27,-0.152715384615387,-0.216188816817957));
#13125=CARTESIAN_POINT('Ctrl Pts',(0.27,-0.15031153846154,-0.234));
#13126=CARTESIAN_POINT('Ctrl Pts',(0.27,-0.147907692307694,-0.251811183182043));
#13127=CARTESIAN_POINT('Ctrl Pts',(0.282594408408979,-0.145503846153848,
-0.264405591591022));
#13128=CARTESIAN_POINT('Ctrl Pts',(0.295188816817957,-0.143100000000002,
-0.277));
#13129=CARTESIAN_POINT('Ctrl Pts',(0.313,-0.140696153846156,-0.277));
#13130=CARTESIAN_POINT('Ctrl Pts',(0.330811183182043,-0.13829230769231,
-0.277));
#13131=CARTESIAN_POINT('Ctrl Pts',(0.343405591591022,-0.135888461538464,
-0.264405591591022));
#13132=CARTESIAN_POINT('Ctrl Pts',(0.356,-0.133484615384617,-0.251811183182043));
#13133=CARTESIAN_POINT('Ctrl Pts',(0.356,-0.131080769230771,-0.234));
#13134=CARTESIAN_POINT('Ctrl Pts',(0.356,-0.128676923076925,-0.216188816817957));
#13135=CARTESIAN_POINT('Ctrl Pts',(0.343405591591022,-0.126273076923079,
-0.203594408408979));
#13136=CARTESIAN_POINT('Ctrl Pts',(0.332181030418991,-0.124130688227572,
-0.192369847236948));
#13137=CARTESIAN_POINT('Ctrl Pts',(0.316355509543063,-0.121925583650601,
-0.191131123694382));
#13138=CARTESIAN_POINT('Ctrl Pts',(0.355806743477195,-0.170102705017893,
-0.238072187726259));
#13139=CARTESIAN_POINT('Ctrl Pts',(0.355933736204893,-0.169717209185275,
-0.234387070682467));
#13140=CARTESIAN_POINT('Ctrl Pts',(0.355606454735371,-0.169367386673885,
-0.230886599252598));
#13141=CARTESIAN_POINT('Ctrl Pts',(0.354119372603168,-0.168624095028662,
-0.224160056740681));
#13142=CARTESIAN_POINT('Ctrl Pts',(0.35299533011912,-0.168248700404282,
-0.220970689523913));
#13143=CARTESIAN_POINT('Ctrl Pts',(0.349883963320876,-0.167458855322785,
-0.214691487936401));
#13144=CARTESIAN_POINT('Ctrl Pts',(0.347847432820269,-0.167046935599958,
-0.211656330524028));
#13145=CARTESIAN_POINT('Ctrl Pts',(0.343338935701868,-0.166292046351385,
-0.206536073610292));
#13146=CARTESIAN_POINT('Ctrl Pts',(0.340593617581974,-0.165902008762336,
-0.203954283641325));
#13147=CARTESIAN_POINT('Ctrl Pts',(0.337038263964424,-0.165423082758982,
-0.201656402389717));
#13148=CARTESIAN_POINT('Origin',(0.313,-0.157999999999999,-0.234));
#13149=CARTESIAN_POINT('Ctrl Pts',(0.313,-0.333003846153846,-0.277));
#13150=CARTESIAN_POINT('Ctrl Pts',(0.301629647486091,-0.334622493124546,
-0.276437969339357));
#13151=CARTESIAN_POINT('Ctrl Pts',(0.290901444833231,-0.336228846153846,
-0.271203257759958));
#13152=CARTESIAN_POINT('Ctrl Pts',(0.280009575001622,-0.338647596153846,
-0.259011248839562));
#13153=CARTESIAN_POINT('Ctrl Pts',(0.27723368980287,-0.339453846153846,
-0.254263513768453));
#13154=CARTESIAN_POINT('Ctrl Pts',(0.273743852598125,-0.341066346153846,
-0.244171733177881));
#13155=CARTESIAN_POINT('Ctrl Pts',(0.273030473053831,-0.341872596153847,
-0.238832090898389));
#13156=CARTESIAN_POINT('Ctrl Pts',(0.273692036706781,-0.343485096153846,
-0.228395806190047));
#13157=CARTESIAN_POINT('Ctrl Pts',(0.275065814209823,-0.344291346153846,
-0.223303358760371));
#13158=CARTESIAN_POINT('Ctrl Pts',(0.279606513492869,-0.345903846153846,
-0.21412924574886));
#13159=CARTESIAN_POINT('Ctrl Pts',(0.282770779826124,-0.346710096153845,
-0.210050921126124));
#13160=CARTESIAN_POINT('Ctrl Pts',(0.294116057472087,-0.349128846153848,
-0.200203107331456));
#13161=CARTESIAN_POINT('Ctrl Pts',(0.30416205737798,-0.350741346153843,
-0.196979698734236));
#13162=CARTESIAN_POINT('Ctrl Pts',(0.323251216519913,-0.353966346153849,
-0.198471565486707));
#13163=CARTESIAN_POINT('Ctrl Pts',(0.332174481631889,-0.355578846153842,
-0.203149594775111));
#13164=CARTESIAN_POINT('Ctrl Pts',(0.343936309336228,-0.358803846153851,
-0.217122204564115));
#13165=CARTESIAN_POINT('Ctrl Pts',(0.346720823798419,-0.360416346153843,
-0.226309430533048));
#13166=CARTESIAN_POINT('Ctrl Pts',(0.345094825361056,-0.363641346153849,
-0.243614040230796));
#13167=CARTESIAN_POINT('Ctrl Pts',(0.340722397748517,-0.365253846153848,
-0.251623061669188));
#13168=CARTESIAN_POINT('Ctrl Pts',(0.327929315622434,-0.368478846153844,
-0.262040145244725));
#13169=CARTESIAN_POINT('Ctrl Pts',(0.319608374904662,-0.370091346153845,
-0.264402830443201));
#13170=CARTESIAN_POINT('Ctrl Pts',(0.304088948948991,-0.373316346153847,
-0.262677312647053));
#13171=CARTESIAN_POINT('Ctrl Pts',(0.29698729007944,-0.374928846153849,
-0.258627812982544));
#13172=CARTESIAN_POINT('Ctrl Pts',(0.287890746167658,-0.378153846153843,
-0.247039003032957));
#13173=CARTESIAN_POINT('Ctrl Pts',(0.285932721522902,-0.379766346153843,
-0.23959160761717));
#13174=CARTESIAN_POINT('Ctrl Pts',(0.287723148329201,-0.382991346153849,
-0.225857494869726));
#13175=CARTESIAN_POINT('Ctrl Pts',(0.291432499646084,-0.384603846153847,
-0.219656067063081));
#13176=CARTESIAN_POINT('Ctrl Pts',(0.301792653549225,-0.387828846153845,
-0.211855505124879));
#13177=CARTESIAN_POINT('Ctrl Pts',(0.308359496186863,-0.38944134615385,
-0.210284871773786));
#13178=CARTESIAN_POINT('Ctrl Pts',(0.320308670970897,-0.392666346153842,
-0.212105605752633));
#13179=CARTESIAN_POINT('Ctrl Pts',(0.325617248202287,-0.394278846153849,
-0.21545769744303));
#13180=CARTESIAN_POINT('Ctrl Pts',(0.3321467343533,-0.397503846153843,-0.22456517657477));
#13181=CARTESIAN_POINT('Ctrl Pts',(0.333347342906626,-0.399116346153844,
-0.23024471280778));
#13182=CARTESIAN_POINT('Ctrl Pts',(0.331530888564414,-0.402341346153848,
-0.240409829383764));
#13183=CARTESIAN_POINT('Ctrl Pts',(0.328553055414721,-0.403953846153845,
-0.244833184042899));
#13184=CARTESIAN_POINT('Ctrl Pts',(0.320721900203951,-0.407178846153847,
-0.250116844321454));
#13185=CARTESIAN_POINT('Ctrl Pts',(0.315937951108934,-0.408790664524857,
-0.25096526928379));
#13186=CARTESIAN_POINT('Ctrl Pts',(0.311744947734307,-0.410403846153846,
-0.250076083752281));
#13187=CARTESIAN_POINT('Ctrl Pts',(0.313,-0.328196153846154,-0.277));
#13188=CARTESIAN_POINT('Ctrl Pts',(0.301629647486091,-0.329814800816854,
-0.276437969339357));
#13189=CARTESIAN_POINT('Ctrl Pts',(0.290901444833231,-0.331421153846154,
-0.271203257759958));
#13190=CARTESIAN_POINT('Ctrl Pts',(0.280009575001622,-0.333839903846154,
-0.259011248839562));
#13191=CARTESIAN_POINT('Ctrl Pts',(0.27723368980287,-0.334646153846154,
-0.254263513768453));
#13192=CARTESIAN_POINT('Ctrl Pts',(0.273743852598125,-0.336258653846154,
-0.244171733177881));
#13193=CARTESIAN_POINT('Ctrl Pts',(0.273030473053831,-0.337064903846154,
-0.238832090898389));
#13194=CARTESIAN_POINT('Ctrl Pts',(0.273692036706781,-0.338677403846153,
-0.228395806190047));
#13195=CARTESIAN_POINT('Ctrl Pts',(0.275065814209823,-0.339483653846154,
-0.223303358760371));
#13196=CARTESIAN_POINT('Ctrl Pts',(0.279606513492869,-0.341096153846154,
-0.21412924574886));
#13197=CARTESIAN_POINT('Ctrl Pts',(0.282770779826124,-0.341902403846153,
-0.210050921126124));
#13198=CARTESIAN_POINT('Ctrl Pts',(0.294116057472087,-0.344321153846156,
-0.200203107331456));
#13199=CARTESIAN_POINT('Ctrl Pts',(0.30416205737798,-0.345933653846151,
-0.196979698734236));
#13200=CARTESIAN_POINT('Ctrl Pts',(0.323251216519913,-0.349158653846157,
-0.198471565486707));
#13201=CARTESIAN_POINT('Ctrl Pts',(0.332174481631889,-0.350771153846149,
-0.203149594775111));
#13202=CARTESIAN_POINT('Ctrl Pts',(0.343936309336228,-0.353996153846158,
-0.217122204564115));
#13203=CARTESIAN_POINT('Ctrl Pts',(0.346720823798419,-0.355608653846151,
-0.226309430533048));
#13204=CARTESIAN_POINT('Ctrl Pts',(0.345094825361056,-0.358833653846157,
-0.243614040230796));
#13205=CARTESIAN_POINT('Ctrl Pts',(0.340722397748517,-0.360446153846156,
-0.251623061669188));
#13206=CARTESIAN_POINT('Ctrl Pts',(0.327929315622434,-0.363671153846152,
-0.262040145244725));
#13207=CARTESIAN_POINT('Ctrl Pts',(0.319608374904662,-0.365283653846152,
-0.264402830443201));
#13208=CARTESIAN_POINT('Ctrl Pts',(0.304088948948991,-0.368508653846155,
-0.262677312647053));
#13209=CARTESIAN_POINT('Ctrl Pts',(0.29698729007944,-0.370121153846155,
-0.258627812982544));
#13210=CARTESIAN_POINT('Ctrl Pts',(0.287890746167658,-0.373346153846153,
-0.247039003032957));
#13211=CARTESIAN_POINT('Ctrl Pts',(0.285932721522902,-0.374958653846151,
-0.23959160761717));
#13212=CARTESIAN_POINT('Ctrl Pts',(0.287723148329201,-0.378183653846157,
-0.225857494869726));
#13213=CARTESIAN_POINT('Ctrl Pts',(0.291432499646084,-0.379796153846155,
-0.219656067063081));
#13214=CARTESIAN_POINT('Ctrl Pts',(0.301792653549225,-0.383021153846153,
-0.211855505124879));
#13215=CARTESIAN_POINT('Ctrl Pts',(0.308359496186863,-0.384633653846158,
-0.210284871773786));
#13216=CARTESIAN_POINT('Ctrl Pts',(0.320308670970897,-0.38785865384615,
-0.212105605752633));
#13217=CARTESIAN_POINT('Ctrl Pts',(0.325617248202287,-0.389471153846157,
-0.21545769744303));
#13218=CARTESIAN_POINT('Ctrl Pts',(0.3321467343533,-0.392696153846151,-0.22456517657477));
#13219=CARTESIAN_POINT('Ctrl Pts',(0.333347342906626,-0.394308653846152,
-0.23024471280778));
#13220=CARTESIAN_POINT('Ctrl Pts',(0.331530888564414,-0.397533653846156,
-0.240409829383764));
#13221=CARTESIAN_POINT('Ctrl Pts',(0.328553055414721,-0.399146153846153,
-0.244833184042899));
#13222=CARTESIAN_POINT('Ctrl Pts',(0.320721900203951,-0.402371153846155,
-0.250116844321454));
#13223=CARTESIAN_POINT('Ctrl Pts',(0.315937951108934,-0.403982972217165,
-0.25096526928379));
#13224=CARTESIAN_POINT('Ctrl Pts',(0.311744947734307,-0.405596153846154,
-0.250076083752281));
#13225=UNCERTAINTY_MEASURE_WITH_UNIT(LENGTH_MEASURE(0.000393700787401575),
#13230,'DISTANCE_ACCURACY_VALUE',
'Maximum model space distance between geometric entities at asserted c
onnectivities');
#13226=UNCERTAINTY_MEASURE_WITH_UNIT(LENGTH_MEASURE(0.000393700787401575),
#13230,'DISTANCE_ACCURACY_VALUE',
'Maximum model space distance between geometric entities at asserted c
onnectivities');
#13227=(
GEOMETRIC_REPRESENTATION_CONTEXT(3)
GLOBAL_UNCERTAINTY_ASSIGNED_CONTEXT((#13225))
GLOBAL_UNIT_ASSIGNED_CONTEXT((#13230,#13234,#13235))
REPRESENTATION_CONTEXT('','3D')
);
#13228=(
GEOMETRIC_REPRESENTATION_CONTEXT(3)
GLOBAL_UNCERTAINTY_ASSIGNED_CONTEXT((#13226))
GLOBAL_UNIT_ASSIGNED_CONTEXT((#13230,#13234,#13235))
REPRESENTATION_CONTEXT('','3D')
);
#13229=DIMENSIONAL_EXPONENTS(1.,0.,0.,0.,0.,0.,0.);
#13230=(
CONVERSION_BASED_UNIT('inch',#13233)
LENGTH_UNIT()
NAMED_UNIT(#13229)
);
#13231=(
LENGTH_UNIT()
NAMED_UNIT(*)
SI_UNIT(.MILLI.,.METRE.)
);
#13232=(
LENGTH_UNIT()
NAMED_UNIT(*)
SI_UNIT($,.METRE.)
);
#13233=LENGTH_MEASURE_WITH_UNIT(LENGTH_MEASURE(25.4),#13231);
#13234=(
NAMED_UNIT(*)
PLANE_ANGLE_UNIT()
SI_UNIT($,.RADIAN.)
);
#13235=(
NAMED_UNIT(*)
SI_UNIT($,.STERADIAN.)
SOLID_ANGLE_UNIT()
);
#13236=SHAPE_DEFINITION_REPRESENTATION(#13237,#13238);
#13237=PRODUCT_DEFINITION_SHAPE('',$,#13240);
#13238=SHAPE_REPRESENTATION('',(#4710),#13227);
#13239=PRODUCT_DEFINITION_CONTEXT('part definition',#13244,'design');
#13240=PRODUCT_DEFINITION('1603A3_Surface-Mount Hinge with Holes',
'1603A3_Surface-Mount Hinge with Holes',#13241,#13239);
#13241=PRODUCT_DEFINITION_FORMATION('',$,#13246);
#13242=PRODUCT_RELATED_PRODUCT_CATEGORY(
'1603A3_Surface-Mount Hinge with Holes',
'1603A3_Surface-Mount Hinge with Holes',(#13246));
#13243=APPLICATION_PROTOCOL_DEFINITION('international standard',
'automotive_design',2009,#13244);
#13244=APPLICATION_CONTEXT(
'Core Data for Automotive Mechanical Design Process');
#13245=PRODUCT_CONTEXT('part definition',#13244,'mechanical');
#13246=PRODUCT('1603A3_Surface-Mount Hinge with Holes',
'1603A3_Surface-Mount Hinge with Holes',$,(#13245));
#13247=PRESENTATION_STYLE_ASSIGNMENT((#13249));
#13248=PRESENTATION_STYLE_ASSIGNMENT((#13250));
#13249=SURFACE_STYLE_USAGE(.BOTH.,#13251);
#13250=SURFACE_STYLE_USAGE(.BOTH.,#13252);
#13251=SURFACE_SIDE_STYLE('',(#13253));
#13252=SURFACE_SIDE_STYLE('',(#13254));
#13253=SURFACE_STYLE_FILL_AREA(#13255);
#13254=SURFACE_STYLE_FILL_AREA(#13256);
#13255=FILL_AREA_STYLE('Steel - Satin',(#13257));
#13256=FILL_AREA_STYLE('Opaque(160,160,160)',(#13258));
#13257=FILL_AREA_STYLE_COLOUR('Steel - Satin',#13259);
#13258=FILL_AREA_STYLE_COLOUR('Opaque(160,160,160)',#13260);
#13259=COLOUR_RGB('Steel - Satin',0.627450980392157,0.627450980392157,0.627450980392157);
#13260=COLOUR_RGB('Opaque(160,160,160)',0.627450980392157,0.627450980392157,
0.627450980392157);
ENDSEC;
END-ISO-10303-21;
