ISO-10303-21;
HEADER;
/* Generated by software containing ST-Developer
 * from STEP Tools, Inc. (www.steptools.com) 
 */

FILE_DESCRIPTION(
/* description */ (''),
/* implementation_level */ '2;1');

FILE_NAME(
/* name */ '1603A7.step',
/* time_stamp */ '2026-03-16T15:06:50-04:00',
/* author */ (''),
/* organization */ (''),
/* preprocessor_version */ 'ST-DEVELOPER v20.1',
/* originating_system */ 'Autodesk Translation Framework v14.24.0.0',
/* authorisation */ '');

FILE_SCHEMA (('AUTOMOTIVE_DESIGN { 1 0 10303 214 3 1 1 }'));
ENDSEC;

DATA;
#10=MECHANICAL_DESIGN_GEOMETRIC_PRESENTATION_REPRESENTATION('',(#13,#14,
#15),#2316);
#11=SHAPE_REPRESENTATION_RELATIONSHIP('SRR','None',#2326,#12);
#12=ADVANCED_BREP_SHAPE_REPRESENTATION('',(#16,#17,#18),#2315);
#13=STYLED_ITEM('',(#2335),#16);
#14=STYLED_ITEM('',(#2335),#17);
#15=STYLED_ITEM('',(#2335),#18);
#16=MANIFOLD_SOLID_BREP('Body1',#1377);
#17=MANIFOLD_SOLID_BREP('Body2',#1378);
#18=MANIFOLD_SOLID_BREP('Body3',#1379);
#19=FACE_BOUND('',#172,.T.);
#20=FACE_BOUND('',#173,.T.);
#21=FACE_BOUND('',#174,.T.);
#22=FACE_BOUND('',#177,.T.);
#23=FACE_BOUND('',#178,.T.);
#24=FACE_BOUND('',#179,.T.);
#25=FACE_BOUND('',#217,.T.);
#26=FACE_BOUND('',#218,.T.);
#27=FACE_BOUND('',#219,.T.);
#28=FACE_BOUND('',#222,.T.);
#29=FACE_BOUND('',#223,.T.);
#30=FACE_BOUND('',#224,.T.);
#31=PLANE('',#1432);
#32=PLANE('',#1433);
#33=PLANE('',#1434);
#34=PLANE('',#1435);
#35=PLANE('',#1436);
#36=PLANE('',#1437);
#37=PLANE('',#1438);
#38=PLANE('',#1439);
#39=PLANE('',#1440);
#40=PLANE('',#1441);
#41=PLANE('',#1442);
#42=PLANE('',#1443);
#43=PLANE('',#1444);
#44=PLANE('',#1445);
#45=PLANE('',#1446);
#46=PLANE('',#1447);
#47=PLANE('',#1448);
#48=PLANE('',#1449);
#49=PLANE('',#1450);
#50=PLANE('',#1451);
#51=PLANE('',#1460);
#52=PLANE('',#1461);
#53=PLANE('',#1501);
#54=PLANE('',#1502);
#55=PLANE('',#1503);
#56=PLANE('',#1504);
#57=PLANE('',#1505);
#58=PLANE('',#1506);
#59=PLANE('',#1507);
#60=PLANE('',#1508);
#61=PLANE('',#1509);
#62=PLANE('',#1510);
#63=PLANE('',#1511);
#64=PLANE('',#1512);
#65=PLANE('',#1513);
#66=PLANE('',#1514);
#67=PLANE('',#1515);
#68=PLANE('',#1516);
#69=PLANE('',#1517);
#70=PLANE('',#1518);
#71=PLANE('',#1519);
#72=PLANE('',#1520);
#73=CONICAL_SURFACE('',#1402,0.126,0.715584993317677);
#74=CONICAL_SURFACE('',#1404,0.126,0.715584993317677);
#75=CONICAL_SURFACE('',#1406,0.126,0.715584993317677);
#76=CONICAL_SURFACE('',#1452,0.0412800000000001,0.785398163397431);
#77=CONICAL_SURFACE('',#1455,0.043,0.78539816339751);
#78=CONICAL_SURFACE('',#1471,0.126,0.715584993317677);
#79=CONICAL_SURFACE('',#1473,0.126,0.715584993317677);
#80=CONICAL_SURFACE('',#1475,0.126,0.715584993317677);
#81=FACE_OUTER_BOUND('',#154,.T.);
#82=FACE_OUTER_BOUND('',#155,.T.);
#83=FACE_OUTER_BOUND('',#156,.T.);
#84=FACE_OUTER_BOUND('',#157,.T.);
#85=FACE_OUTER_BOUND('',#158,.T.);
#86=FACE_OUTER_BOUND('',#159,.T.);
#87=FACE_OUTER_BOUND('',#160,.T.);
#88=FACE_OUTER_BOUND('',#161,.T.);
#89=FACE_OUTER_BOUND('',#162,.T.);
#90=FACE_OUTER_BOUND('',#163,.T.);
#91=FACE_OUTER_BOUND('',#164,.T.);
#92=FACE_OUTER_BOUND('',#165,.T.);
#93=FACE_OUTER_BOUND('',#166,.T.);
#94=FACE_OUTER_BOUND('',#167,.T.);
#95=FACE_OUTER_BOUND('',#168,.T.);
#96=FACE_OUTER_BOUND('',#169,.T.);
#97=FACE_OUTER_BOUND('',#170,.T.);
#98=FACE_OUTER_BOUND('',#171,.T.);
#99=FACE_OUTER_BOUND('',#175,.T.);
#100=FACE_OUTER_BOUND('',#176,.T.);
#101=FACE_OUTER_BOUND('',#180,.T.);
#102=FACE_OUTER_BOUND('',#181,.T.);
#103=FACE_OUTER_BOUND('',#182,.T.);
#104=FACE_OUTER_BOUND('',#183,.T.);
#105=FACE_OUTER_BOUND('',#184,.T.);
#106=FACE_OUTER_BOUND('',#185,.T.);
#107=FACE_OUTER_BOUND('',#186,.T.);
#108=FACE_OUTER_BOUND('',#187,.T.);
#109=FACE_OUTER_BOUND('',#188,.T.);
#110=FACE_OUTER_BOUND('',#189,.T.);
#111=FACE_OUTER_BOUND('',#190,.T.);
#112=FACE_OUTER_BOUND('',#191,.T.);
#113=FACE_OUTER_BOUND('',#192,.T.);
#114=FACE_OUTER_BOUND('',#193,.T.);
#115=FACE_OUTER_BOUND('',#194,.T.);
#116=FACE_OUTER_BOUND('',#195,.T.);
#117=FACE_OUTER_BOUND('',#196,.T.);
#118=FACE_OUTER_BOUND('',#197,.T.);
#119=FACE_OUTER_BOUND('',#198,.T.);
#120=FACE_OUTER_BOUND('',#199,.T.);
#121=FACE_OUTER_BOUND('',#200,.T.);
#122=FACE_OUTER_BOUND('',#201,.T.);
#123=FACE_OUTER_BOUND('',#202,.T.);
#124=FACE_OUTER_BOUND('',#203,.T.);
#125=FACE_OUTER_BOUND('',#204,.T.);
#126=FACE_OUTER_BOUND('',#205,.T.);
#127=FACE_OUTER_BOUND('',#206,.T.);
#128=FACE_OUTER_BOUND('',#207,.T.);
#129=FACE_OUTER_BOUND('',#208,.T.);
#130=FACE_OUTER_BOUND('',#209,.T.);
#131=FACE_OUTER_BOUND('',#210,.T.);
#132=FACE_OUTER_BOUND('',#211,.T.);
#133=FACE_OUTER_BOUND('',#212,.T.);
#134=FACE_OUTER_BOUND('',#213,.T.);
#135=FACE_OUTER_BOUND('',#214,.T.);
#136=FACE_OUTER_BOUND('',#215,.T.);
#137=FACE_OUTER_BOUND('',#216,.T.);
#138=FACE_OUTER_BOUND('',#220,.T.);
#139=FACE_OUTER_BOUND('',#221,.T.);
#140=FACE_OUTER_BOUND('',#225,.T.);
#141=FACE_OUTER_BOUND('',#226,.T.);
#142=FACE_OUTER_BOUND('',#227,.T.);
#143=FACE_OUTER_BOUND('',#228,.T.);
#144=FACE_OUTER_BOUND('',#229,.T.);
#145=FACE_OUTER_BOUND('',#230,.T.);
#146=FACE_OUTER_BOUND('',#231,.T.);
#147=FACE_OUTER_BOUND('',#232,.T.);
#148=FACE_OUTER_BOUND('',#233,.T.);
#149=FACE_OUTER_BOUND('',#234,.T.);
#150=FACE_OUTER_BOUND('',#235,.T.);
#151=FACE_OUTER_BOUND('',#236,.T.);
#152=FACE_OUTER_BOUND('',#237,.T.);
#153=FACE_OUTER_BOUND('',#238,.T.);
#154=EDGE_LOOP('',(#893,#894,#895,#896));
#155=EDGE_LOOP('',(#897,#898,#899,#900));
#156=EDGE_LOOP('',(#901,#902,#903,#904));
#157=EDGE_LOOP('',(#905,#906,#907,#908));
#158=EDGE_LOOP('',(#909,#910,#911,#912));
#159=EDGE_LOOP('',(#913,#914,#915,#916));
#160=EDGE_LOOP('',(#917,#918,#919,#920));
#161=EDGE_LOOP('',(#921,#922,#923,#924));
#162=EDGE_LOOP('',(#925,#926,#927,#928));
#163=EDGE_LOOP('',(#929,#930,#931,#932));
#164=EDGE_LOOP('',(#933,#934,#935,#936));
#165=EDGE_LOOP('',(#937,#938,#939,#940));
#166=EDGE_LOOP('',(#941,#942,#943,#944));
#167=EDGE_LOOP('',(#945,#946,#947,#948));
#168=EDGE_LOOP('',(#949,#950,#951,#952));
#169=EDGE_LOOP('',(#953,#954,#955,#956));
#170=EDGE_LOOP('',(#957,#958,#959,#960));
#171=EDGE_LOOP('',(#961,#962,#963,#964,#965,#966,#967,#968,#969,#970,#971,
#972,#973,#974,#975,#976,#977,#978));
#172=EDGE_LOOP('',(#979));
#173=EDGE_LOOP('',(#980));
#174=EDGE_LOOP('',(#981));
#175=EDGE_LOOP('',(#982,#983,#984,#985));
#176=EDGE_LOOP('',(#986,#987,#988,#989,#990,#991,#992,#993,#994,#995,#996,
#997,#998,#999,#1000,#1001,#1002,#1003));
#177=EDGE_LOOP('',(#1004));
#178=EDGE_LOOP('',(#1005));
#179=EDGE_LOOP('',(#1006));
#180=EDGE_LOOP('',(#1007,#1008,#1009,#1010));
#181=EDGE_LOOP('',(#1011,#1012,#1013,#1014));
#182=EDGE_LOOP('',(#1015,#1016,#1017,#1018,#1019,#1020));
#183=EDGE_LOOP('',(#1021,#1022,#1023,#1024));
#184=EDGE_LOOP('',(#1025,#1026,#1027,#1028,#1029,#1030));
#185=EDGE_LOOP('',(#1031,#1032,#1033,#1034,#1035,#1036));
#186=EDGE_LOOP('',(#1037,#1038,#1039,#1040,#1041,#1042));
#187=EDGE_LOOP('',(#1043,#1044,#1045,#1046));
#188=EDGE_LOOP('',(#1047,#1048,#1049,#1050,#1051,#1052));
#189=EDGE_LOOP('',(#1053,#1054,#1055,#1056));
#190=EDGE_LOOP('',(#1057,#1058,#1059,#1060,#1061,#1062));
#191=EDGE_LOOP('',(#1063,#1064,#1065,#1066,#1067,#1068));
#192=EDGE_LOOP('',(#1069,#1070,#1071,#1072));
#193=EDGE_LOOP('',(#1073,#1074,#1075,#1076,#1077,#1078));
#194=EDGE_LOOP('',(#1079,#1080,#1081,#1082));
#195=EDGE_LOOP('',(#1083,#1084,#1085,#1086,#1087));
#196=EDGE_LOOP('',(#1088,#1089,#1090,#1091,#1092));
#197=EDGE_LOOP('',(#1093));
#198=EDGE_LOOP('',(#1094));
#199=EDGE_LOOP('',(#1095,#1096,#1097,#1098));
#200=EDGE_LOOP('',(#1099,#1100,#1101,#1102));
#201=EDGE_LOOP('',(#1103,#1104,#1105,#1106));
#202=EDGE_LOOP('',(#1107,#1108,#1109,#1110));
#203=EDGE_LOOP('',(#1111,#1112,#1113,#1114));
#204=EDGE_LOOP('',(#1115,#1116,#1117,#1118));
#205=EDGE_LOOP('',(#1119,#1120,#1121,#1122));
#206=EDGE_LOOP('',(#1123,#1124,#1125,#1126));
#207=EDGE_LOOP('',(#1127,#1128,#1129,#1130));
#208=EDGE_LOOP('',(#1131,#1132,#1133,#1134));
#209=EDGE_LOOP('',(#1135,#1136,#1137,#1138));
#210=EDGE_LOOP('',(#1139,#1140,#1141,#1142));
#211=EDGE_LOOP('',(#1143,#1144,#1145,#1146));
#212=EDGE_LOOP('',(#1147,#1148,#1149,#1150));
#213=EDGE_LOOP('',(#1151,#1152,#1153,#1154));
#214=EDGE_LOOP('',(#1155,#1156,#1157,#1158));
#215=EDGE_LOOP('',(#1159,#1160,#1161,#1162));
#216=EDGE_LOOP('',(#1163,#1164,#1165,#1166,#1167,#1168,#1169,#1170,#1171,
#1172,#1173,#1174,#1175,#1176,#1177,#1178,#1179,#1180));
#217=EDGE_LOOP('',(#1181));
#218=EDGE_LOOP('',(#1182));
#219=EDGE_LOOP('',(#1183));
#220=EDGE_LOOP('',(#1184,#1185,#1186,#1187));
#221=EDGE_LOOP('',(#1188,#1189,#1190,#1191,#1192,#1193,#1194,#1195,#1196,
#1197,#1198,#1199,#1200,#1201,#1202,#1203,#1204,#1205));
#222=EDGE_LOOP('',(#1206));
#223=EDGE_LOOP('',(#1207));
#224=EDGE_LOOP('',(#1208));
#225=EDGE_LOOP('',(#1209,#1210,#1211,#1212));
#226=EDGE_LOOP('',(#1213,#1214,#1215,#1216));
#227=EDGE_LOOP('',(#1217,#1218,#1219,#1220,#1221,#1222));
#228=EDGE_LOOP('',(#1223,#1224,#1225,#1226));
#229=EDGE_LOOP('',(#1227,#1228,#1229,#1230,#1231,#1232));
#230=EDGE_LOOP('',(#1233,#1234,#1235,#1236,#1237,#1238));
#231=EDGE_LOOP('',(#1239,#1240,#1241,#1242,#1243,#1244));
#232=EDGE_LOOP('',(#1245,#1246,#1247,#1248));
#233=EDGE_LOOP('',(#1249,#1250,#1251,#1252,#1253,#1254));
#234=EDGE_LOOP('',(#1255,#1256,#1257,#1258));
#235=EDGE_LOOP('',(#1259,#1260,#1261,#1262,#1263,#1264));
#236=EDGE_LOOP('',(#1265,#1266,#1267,#1268,#1269,#1270));
#237=EDGE_LOOP('',(#1271,#1272,#1273,#1274));
#238=EDGE_LOOP('',(#1275,#1276,#1277,#1278,#1279,#1280));
#239=LINE('',#1923,#378);
#240=LINE('',#1929,#379);
#241=LINE('',#1935,#380);
#242=LINE('',#1939,#381);
#243=LINE('',#1943,#382);
#244=LINE('',#1947,#383);
#245=LINE('',#1954,#384);
#246=LINE('',#1957,#385);
#247=LINE('',#1963,#386);
#248=LINE('',#1966,#387);
#249=LINE('',#1972,#388);
#250=LINE('',#1975,#389);
#251=LINE('',#1981,#390);
#252=LINE('',#1984,#391);
#253=LINE('',#1990,#392);
#254=LINE('',#1993,#393);
#255=LINE('',#1999,#394);
#256=LINE('',#2002,#395);
#257=LINE('',#2008,#396);
#258=LINE('',#2011,#397);
#259=LINE('',#2017,#398);
#260=LINE('',#2020,#399);
#261=LINE('',#2022,#400);
#262=LINE('',#2023,#401);
#263=LINE('',#2025,#402);
#264=LINE('',#2026,#403);
#265=LINE('',#2028,#404);
#266=LINE('',#2029,#405);
#267=LINE('',#2032,#406);
#268=LINE('',#2034,#407);
#269=LINE('',#2035,#408);
#270=LINE('',#2037,#409);
#271=LINE('',#2039,#410);
#272=LINE('',#2040,#411);
#273=LINE('',#2042,#412);
#274=LINE('',#2044,#413);
#275=LINE('',#2046,#414);
#276=LINE('',#2048,#415);
#277=LINE('',#2049,#416);
#278=LINE('',#2051,#417);
#279=LINE('',#2053,#418);
#280=LINE('',#2054,#419);
#281=LINE('',#2057,#420);
#282=LINE('',#2059,#421);
#283=LINE('',#2060,#422);
#284=LINE('',#2064,#423);
#285=LINE('',#2065,#424);
#286=LINE('',#2067,#425);
#287=LINE('',#2069,#426);
#288=LINE('',#2070,#427);
#289=LINE('',#2072,#428);
#290=LINE('',#2074,#429);
#291=LINE('',#2075,#430);
#292=LINE('',#2076,#431);
#293=LINE('',#2078,#432);
#294=LINE('',#2080,#433);
#295=LINE('',#2081,#434);
#296=LINE('',#2082,#435);
#297=LINE('',#2084,#436);
#298=LINE('',#2085,#437);
#299=LINE('',#2087,#438);
#300=LINE('',#2090,#439);
#301=LINE('',#2091,#440);
#302=LINE('',#2095,#441);
#303=LINE('',#2098,#442);
#304=LINE('',#2100,#443);
#305=LINE('',#2103,#444);
#306=LINE('',#2105,#445);
#307=LINE('',#2111,#446);
#308=LINE('',#2119,#447);
#309=LINE('',#2122,#448);
#310=LINE('',#2129,#449);
#311=LINE('',#2135,#450);
#312=LINE('',#2141,#451);
#313=LINE('',#2145,#452);
#314=LINE('',#2149,#453);
#315=LINE('',#2153,#454);
#316=LINE('',#2160,#455);
#317=LINE('',#2163,#456);
#318=LINE('',#2169,#457);
#319=LINE('',#2172,#458);
#320=LINE('',#2178,#459);
#321=LINE('',#2181,#460);
#322=LINE('',#2187,#461);
#323=LINE('',#2190,#462);
#324=LINE('',#2196,#463);
#325=LINE('',#2199,#464);
#326=LINE('',#2205,#465);
#327=LINE('',#2208,#466);
#328=LINE('',#2214,#467);
#329=LINE('',#2217,#468);
#330=LINE('',#2223,#469);
#331=LINE('',#2226,#470);
#332=LINE('',#2228,#471);
#333=LINE('',#2229,#472);
#334=LINE('',#2231,#473);
#335=LINE('',#2232,#474);
#336=LINE('',#2234,#475);
#337=LINE('',#2235,#476);
#338=LINE('',#2238,#477);
#339=LINE('',#2240,#478);
#340=LINE('',#2241,#479);
#341=LINE('',#2243,#480);
#342=LINE('',#2245,#481);
#343=LINE('',#2246,#482);
#344=LINE('',#2248,#483);
#345=LINE('',#2250,#484);
#346=LINE('',#2252,#485);
#347=LINE('',#2254,#486);
#348=LINE('',#2255,#487);
#349=LINE('',#2257,#488);
#350=LINE('',#2259,#489);
#351=LINE('',#2260,#490);
#352=LINE('',#2263,#491);
#353=LINE('',#2265,#492);
#354=LINE('',#2266,#493);
#355=LINE('',#2270,#494);
#356=LINE('',#2271,#495);
#357=LINE('',#2273,#496);
#358=LINE('',#2275,#497);
#359=LINE('',#2276,#498);
#360=LINE('',#2278,#499);
#361=LINE('',#2280,#500);
#362=LINE('',#2281,#501);
#363=LINE('',#2282,#502);
#364=LINE('',#2284,#503);
#365=LINE('',#2286,#504);
#366=LINE('',#2287,#505);
#367=LINE('',#2288,#506);
#368=LINE('',#2290,#507);
#369=LINE('',#2291,#508);
#370=LINE('',#2293,#509);
#371=LINE('',#2296,#510);
#372=LINE('',#2297,#511);
#373=LINE('',#2301,#512);
#374=LINE('',#2304,#513);
#375=LINE('',#2306,#514);
#376=LINE('',#2309,#515);
#377=LINE('',#2311,#516);
#378=VECTOR('',#1527,0.106);
#379=VECTOR('',#1534,0.106);
#380=VECTOR('',#1541,0.106);
#381=VECTOR('',#1546,0.126);
#382=VECTOR('',#1551,0.126);
#383=VECTOR('',#1556,0.126);
#384=VECTOR('',#1563,39.3700787401575);
#385=VECTOR('',#1566,39.3700787401575);
#386=VECTOR('',#1571,39.3700787401575);
#387=VECTOR('',#1574,39.3700787401575);
#388=VECTOR('',#1579,39.3700787401575);
#389=VECTOR('',#1582,39.3700787401575);
#390=VECTOR('',#1587,39.3700787401575);
#391=VECTOR('',#1590,39.3700787401575);
#392=VECTOR('',#1595,39.3700787401575);
#393=VECTOR('',#1598,39.3700787401575);
#394=VECTOR('',#1603,39.3700787401575);
#395=VECTOR('',#1606,39.3700787401575);
#396=VECTOR('',#1611,39.3700787401575);
#397=VECTOR('',#1614,39.3700787401575);
#398=VECTOR('',#1619,39.3700787401575);
#399=VECTOR('',#1622,39.3700787401575);
#400=VECTOR('',#1625,39.3700787401575);
#401=VECTOR('',#1626,39.3700787401575);
#402=VECTOR('',#1629,39.3700787401575);
#403=VECTOR('',#1630,39.3700787401575);
#404=VECTOR('',#1633,39.3700787401575);
#405=VECTOR('',#1634,39.3700787401575);
#406=VECTOR('',#1637,39.3700787401575);
#407=VECTOR('',#1638,39.3700787401575);
#408=VECTOR('',#1639,39.3700787401575);
#409=VECTOR('',#1640,39.3700787401575);
#410=VECTOR('',#1641,39.3700787401575);
#411=VECTOR('',#1642,39.3700787401575);
#412=VECTOR('',#1643,39.3700787401575);
#413=VECTOR('',#1644,39.3700787401575);
#414=VECTOR('',#1645,39.3700787401575);
#415=VECTOR('',#1646,39.3700787401575);
#416=VECTOR('',#1647,39.3700787401575);
#417=VECTOR('',#1648,39.3700787401575);
#418=VECTOR('',#1649,39.3700787401575);
#419=VECTOR('',#1650,39.3700787401575);
#420=VECTOR('',#1653,39.3700787401575);
#421=VECTOR('',#1654,39.3700787401575);
#422=VECTOR('',#1655,39.3700787401575);
#423=VECTOR('',#1658,39.3700787401575);
#424=VECTOR('',#1659,39.3700787401575);
#425=VECTOR('',#1660,39.3700787401575);
#426=VECTOR('',#1661,39.3700787401575);
#427=VECTOR('',#1662,39.3700787401575);
#428=VECTOR('',#1663,39.3700787401575);
#429=VECTOR('',#1664,39.3700787401575);
#430=VECTOR('',#1665,39.3700787401575);
#431=VECTOR('',#1666,39.3700787401575);
#432=VECTOR('',#1667,39.3700787401575);
#433=VECTOR('',#1668,39.3700787401575);
#434=VECTOR('',#1669,39.3700787401575);
#435=VECTOR('',#1670,39.3700787401575);
#436=VECTOR('',#1673,39.3700787401575);
#437=VECTOR('',#1674,39.3700787401575);
#438=VECTOR('',#1677,39.3700787401575);
#439=VECTOR('',#1682,39.3700787401575);
#440=VECTOR('',#1683,39.3700787401575);
#441=VECTOR('',#1690,39.3700787401575);
#442=VECTOR('',#1695,39.3700787401575);
#443=VECTOR('',#1698,39.3700787401575);
#444=VECTOR('',#1703,39.3700787401575);
#445=VECTOR('',#1706,39.3700787401575);
#446=VECTOR('',#1713,0.0412800000000001);
#447=VECTOR('',#1722,0.043);
#448=VECTOR('',#1727,0.043);
#449=VECTOR('',#1736,0.106);
#450=VECTOR('',#1743,0.106);
#451=VECTOR('',#1750,0.106);
#452=VECTOR('',#1755,0.126);
#453=VECTOR('',#1760,0.126);
#454=VECTOR('',#1765,0.126);
#455=VECTOR('',#1772,39.3700787401575);
#456=VECTOR('',#1775,39.3700787401575);
#457=VECTOR('',#1780,39.3700787401575);
#458=VECTOR('',#1783,39.3700787401575);
#459=VECTOR('',#1788,39.3700787401575);
#460=VECTOR('',#1791,39.3700787401575);
#461=VECTOR('',#1796,39.3700787401575);
#462=VECTOR('',#1799,39.3700787401575);
#463=VECTOR('',#1804,39.3700787401575);
#464=VECTOR('',#1807,39.3700787401575);
#465=VECTOR('',#1812,39.3700787401575);
#466=VECTOR('',#1815,39.3700787401575);
#467=VECTOR('',#1820,39.3700787401575);
#468=VECTOR('',#1823,39.3700787401575);
#469=VECTOR('',#1828,39.3700787401575);
#470=VECTOR('',#1831,39.3700787401575);
#471=VECTOR('',#1834,39.3700787401575);
#472=VECTOR('',#1835,39.3700787401575);
#473=VECTOR('',#1838,39.3700787401575);
#474=VECTOR('',#1839,39.3700787401575);
#475=VECTOR('',#1842,39.3700787401575);
#476=VECTOR('',#1843,39.3700787401575);
#477=VECTOR('',#1846,39.3700787401575);
#478=VECTOR('',#1847,39.3700787401575);
#479=VECTOR('',#1848,39.3700787401575);
#480=VECTOR('',#1849,39.3700787401575);
#481=VECTOR('',#1850,39.3700787401575);
#482=VECTOR('',#1851,39.3700787401575);
#483=VECTOR('',#1852,39.3700787401575);
#484=VECTOR('',#1853,39.3700787401575);
#485=VECTOR('',#1854,39.3700787401575);
#486=VECTOR('',#1855,39.3700787401575);
#487=VECTOR('',#1856,39.3700787401575);
#488=VECTOR('',#1857,39.3700787401575);
#489=VECTOR('',#1858,39.3700787401575);
#490=VECTOR('',#1859,39.3700787401575);
#491=VECTOR('',#1862,39.3700787401575);
#492=VECTOR('',#1863,39.3700787401575);
#493=VECTOR('',#1864,39.3700787401575);
#494=VECTOR('',#1867,39.3700787401575);
#495=VECTOR('',#1868,39.3700787401575);
#496=VECTOR('',#1869,39.3700787401575);
#497=VECTOR('',#1870,39.3700787401575);
#498=VECTOR('',#1871,39.3700787401575);
#499=VECTOR('',#1872,39.3700787401575);
#500=VECTOR('',#1873,39.3700787401575);
#501=VECTOR('',#1874,39.3700787401575);
#502=VECTOR('',#1875,39.3700787401575);
#503=VECTOR('',#1876,39.3700787401575);
#504=VECTOR('',#1877,39.3700787401575);
#505=VECTOR('',#1878,39.3700787401575);
#506=VECTOR('',#1879,39.3700787401575);
#507=VECTOR('',#1882,39.3700787401575);
#508=VECTOR('',#1883,39.3700787401575);
#509=VECTOR('',#1886,39.3700787401575);
#510=VECTOR('',#1891,39.3700787401575);
#511=VECTOR('',#1892,39.3700787401575);
#512=VECTOR('',#1899,39.3700787401575);
#513=VECTOR('',#1904,39.3700787401575);
#514=VECTOR('',#1907,39.3700787401575);
#515=VECTOR('',#1912,39.3700787401575);
#516=VECTOR('',#1915,39.3700787401575);
#517=CIRCLE('',#1394,0.106);
#518=CIRCLE('',#1395,0.106);
#519=CIRCLE('',#1397,0.106);
#520=CIRCLE('',#1398,0.106);
#521=CIRCLE('',#1400,0.106);
#522=CIRCLE('',#1401,0.106);
#523=CIRCLE('',#1403,0.126);
#524=CIRCLE('',#1405,0.126);
#525=CIRCLE('',#1407,0.126);
#526=CIRCLE('',#1409,0.0830000000000032);
#527=CIRCLE('',#1410,0.0830000000000032);
#528=CIRCLE('',#1412,0.043);
#529=CIRCLE('',#1413,0.043);
#530=CIRCLE('',#1415,0.043);
#531=CIRCLE('',#1416,0.043);
#532=CIRCLE('',#1418,0.0830000000000032);
#533=CIRCLE('',#1419,0.0830000000000032);
#534=CIRCLE('',#1421,0.0830000000000032);
#535=CIRCLE('',#1422,0.0830000000000032);
#536=CIRCLE('',#1424,0.0830000000000032);
#537=CIRCLE('',#1425,0.0830000000000032);
#538=CIRCLE('',#1427,0.043);
#539=CIRCLE('',#1428,0.043);
#540=CIRCLE('',#1430,0.043);
#541=CIRCLE('',#1431,0.043);
#542=CIRCLE('',#1453,0.043);
#543=CIRCLE('',#1454,0.0412800000000001);
#544=CIRCLE('',#1456,0.043);
#545=CIRCLE('',#1457,0.043);
#546=CIRCLE('',#1458,0.0412799999999998);
#547=CIRCLE('',#1463,0.106);
#548=CIRCLE('',#1464,0.106);
#549=CIRCLE('',#1466,0.106);
#550=CIRCLE('',#1467,0.106);
#551=CIRCLE('',#1469,0.106);
#552=CIRCLE('',#1470,0.106);
#553=CIRCLE('',#1472,0.126);
#554=CIRCLE('',#1474,0.126);
#555=CIRCLE('',#1476,0.126);
#556=CIRCLE('',#1478,0.0830000000000032);
#557=CIRCLE('',#1479,0.0830000000000032);
#558=CIRCLE('',#1481,0.043);
#559=CIRCLE('',#1482,0.043);
#560=CIRCLE('',#1484,0.043);
#561=CIRCLE('',#1485,0.043);
#562=CIRCLE('',#1487,0.0830000000000032);
#563=CIRCLE('',#1488,0.0830000000000032);
#564=CIRCLE('',#1490,0.0830000000000032);
#565=CIRCLE('',#1491,0.0830000000000032);
#566=CIRCLE('',#1493,0.0830000000000032);
#567=CIRCLE('',#1494,0.0830000000000032);
#568=CIRCLE('',#1496,0.043);
#569=CIRCLE('',#1497,0.043);
#570=CIRCLE('',#1499,0.043);
#571=CIRCLE('',#1500,0.043);
#572=VERTEX_POINT('',#1920);
#573=VERTEX_POINT('',#1922);
#574=VERTEX_POINT('',#1926);
#575=VERTEX_POINT('',#1928);
#576=VERTEX_POINT('',#1932);
#577=VERTEX_POINT('',#1934);
#578=VERTEX_POINT('',#1938);
#579=VERTEX_POINT('',#1942);
#580=VERTEX_POINT('',#1946);
#581=VERTEX_POINT('',#1950);
#582=VERTEX_POINT('',#1951);
#583=VERTEX_POINT('',#1953);
#584=VERTEX_POINT('',#1955);
#585=VERTEX_POINT('',#1959);
#586=VERTEX_POINT('',#1960);
#587=VERTEX_POINT('',#1962);
#588=VERTEX_POINT('',#1964);
#589=VERTEX_POINT('',#1968);
#590=VERTEX_POINT('',#1969);
#591=VERTEX_POINT('',#1971);
#592=VERTEX_POINT('',#1973);
#593=VERTEX_POINT('',#1977);
#594=VERTEX_POINT('',#1978);
#595=VERTEX_POINT('',#1980);
#596=VERTEX_POINT('',#1982);
#597=VERTEX_POINT('',#1986);
#598=VERTEX_POINT('',#1987);
#599=VERTEX_POINT('',#1989);
#600=VERTEX_POINT('',#1991);
#601=VERTEX_POINT('',#1995);
#602=VERTEX_POINT('',#1996);
#603=VERTEX_POINT('',#1998);
#604=VERTEX_POINT('',#2000);
#605=VERTEX_POINT('',#2004);
#606=VERTEX_POINT('',#2005);
#607=VERTEX_POINT('',#2007);
#608=VERTEX_POINT('',#2009);
#609=VERTEX_POINT('',#2013);
#610=VERTEX_POINT('',#2014);
#611=VERTEX_POINT('',#2016);
#612=VERTEX_POINT('',#2018);
#613=VERTEX_POINT('',#2031);
#614=VERTEX_POINT('',#2033);
#615=VERTEX_POINT('',#2036);
#616=VERTEX_POINT('',#2038);
#617=VERTEX_POINT('',#2041);
#618=VERTEX_POINT('',#2043);
#619=VERTEX_POINT('',#2045);
#620=VERTEX_POINT('',#2047);
#621=VERTEX_POINT('',#2050);
#622=VERTEX_POINT('',#2052);
#623=VERTEX_POINT('',#2056);
#624=VERTEX_POINT('',#2058);
#625=VERTEX_POINT('',#2062);
#626=VERTEX_POINT('',#2063);
#627=VERTEX_POINT('',#2066);
#628=VERTEX_POINT('',#2068);
#629=VERTEX_POINT('',#2071);
#630=VERTEX_POINT('',#2073);
#631=VERTEX_POINT('',#2077);
#632=VERTEX_POINT('',#2079);
#633=VERTEX_POINT('',#2108);
#634=VERTEX_POINT('',#2110);
#635=VERTEX_POINT('',#2114);
#636=VERTEX_POINT('',#2115);
#637=VERTEX_POINT('',#2118);
#638=VERTEX_POINT('',#2126);
#639=VERTEX_POINT('',#2128);
#640=VERTEX_POINT('',#2132);
#641=VERTEX_POINT('',#2134);
#642=VERTEX_POINT('',#2138);
#643=VERTEX_POINT('',#2140);
#644=VERTEX_POINT('',#2144);
#645=VERTEX_POINT('',#2148);
#646=VERTEX_POINT('',#2152);
#647=VERTEX_POINT('',#2156);
#648=VERTEX_POINT('',#2157);
#649=VERTEX_POINT('',#2159);
#650=VERTEX_POINT('',#2161);
#651=VERTEX_POINT('',#2165);
#652=VERTEX_POINT('',#2166);
#653=VERTEX_POINT('',#2168);
#654=VERTEX_POINT('',#2170);
#655=VERTEX_POINT('',#2174);
#656=VERTEX_POINT('',#2175);
#657=VERTEX_POINT('',#2177);
#658=VERTEX_POINT('',#2179);
#659=VERTEX_POINT('',#2183);
#660=VERTEX_POINT('',#2184);
#661=VERTEX_POINT('',#2186);
#662=VERTEX_POINT('',#2188);
#663=VERTEX_POINT('',#2192);
#664=VERTEX_POINT('',#2193);
#665=VERTEX_POINT('',#2195);
#666=VERTEX_POINT('',#2197);
#667=VERTEX_POINT('',#2201);
#668=VERTEX_POINT('',#2202);
#669=VERTEX_POINT('',#2204);
#670=VERTEX_POINT('',#2206);
#671=VERTEX_POINT('',#2210);
#672=VERTEX_POINT('',#2211);
#673=VERTEX_POINT('',#2213);
#674=VERTEX_POINT('',#2215);
#675=VERTEX_POINT('',#2219);
#676=VERTEX_POINT('',#2220);
#677=VERTEX_POINT('',#2222);
#678=VERTEX_POINT('',#2224);
#679=VERTEX_POINT('',#2237);
#680=VERTEX_POINT('',#2239);
#681=VERTEX_POINT('',#2242);
#682=VERTEX_POINT('',#2244);
#683=VERTEX_POINT('',#2247);
#684=VERTEX_POINT('',#2249);
#685=VERTEX_POINT('',#2251);
#686=VERTEX_POINT('',#2253);
#687=VERTEX_POINT('',#2256);
#688=VERTEX_POINT('',#2258);
#689=VERTEX_POINT('',#2262);
#690=VERTEX_POINT('',#2264);
#691=VERTEX_POINT('',#2268);
#692=VERTEX_POINT('',#2269);
#693=VERTEX_POINT('',#2272);
#694=VERTEX_POINT('',#2274);
#695=VERTEX_POINT('',#2277);
#696=VERTEX_POINT('',#2279);
#697=VERTEX_POINT('',#2283);
#698=VERTEX_POINT('',#2285);
#699=EDGE_CURVE('',#572,#572,#517,.T.);
#700=EDGE_CURVE('',#572,#573,#239,.T.);
#701=EDGE_CURVE('',#573,#573,#518,.T.);
#702=EDGE_CURVE('',#574,#574,#519,.T.);
#703=EDGE_CURVE('',#574,#575,#240,.T.);
#704=EDGE_CURVE('',#575,#575,#520,.T.);
#705=EDGE_CURVE('',#576,#576,#521,.T.);
#706=EDGE_CURVE('',#576,#577,#241,.T.);
#707=EDGE_CURVE('',#577,#577,#522,.T.);
#708=EDGE_CURVE('',#577,#578,#242,.T.);
#709=EDGE_CURVE('',#578,#578,#523,.T.);
#710=EDGE_CURVE('',#575,#579,#243,.T.);
#711=EDGE_CURVE('',#579,#579,#524,.T.);
#712=EDGE_CURVE('',#573,#580,#244,.T.);
#713=EDGE_CURVE('',#580,#580,#525,.T.);
#714=EDGE_CURVE('',#581,#582,#526,.T.);
#715=EDGE_CURVE('',#582,#583,#245,.T.);
#716=EDGE_CURVE('',#583,#584,#527,.T.);
#717=EDGE_CURVE('',#581,#584,#246,.T.);
#718=EDGE_CURVE('',#585,#586,#528,.T.);
#719=EDGE_CURVE('',#586,#587,#247,.T.);
#720=EDGE_CURVE('',#587,#588,#529,.T.);
#721=EDGE_CURVE('',#585,#588,#248,.T.);
#722=EDGE_CURVE('',#589,#590,#530,.T.);
#723=EDGE_CURVE('',#590,#591,#249,.T.);
#724=EDGE_CURVE('',#591,#592,#531,.T.);
#725=EDGE_CURVE('',#589,#592,#250,.T.);
#726=EDGE_CURVE('',#593,#594,#532,.T.);
#727=EDGE_CURVE('',#594,#595,#251,.T.);
#728=EDGE_CURVE('',#595,#596,#533,.T.);
#729=EDGE_CURVE('',#593,#596,#252,.T.);
#730=EDGE_CURVE('',#597,#598,#534,.T.);
#731=EDGE_CURVE('',#598,#599,#253,.T.);
#732=EDGE_CURVE('',#599,#600,#535,.T.);
#733=EDGE_CURVE('',#597,#600,#254,.T.);
#734=EDGE_CURVE('',#601,#602,#536,.T.);
#735=EDGE_CURVE('',#602,#603,#255,.T.);
#736=EDGE_CURVE('',#603,#604,#537,.T.);
#737=EDGE_CURVE('',#601,#604,#256,.T.);
#738=EDGE_CURVE('',#605,#606,#538,.T.);
#739=EDGE_CURVE('',#606,#607,#257,.T.);
#740=EDGE_CURVE('',#607,#608,#539,.T.);
#741=EDGE_CURVE('',#605,#608,#258,.T.);
#742=EDGE_CURVE('',#609,#610,#540,.T.);
#743=EDGE_CURVE('',#610,#611,#259,.T.);
#744=EDGE_CURVE('',#611,#612,#541,.T.);
#745=EDGE_CURVE('',#609,#612,#260,.T.);
#746=EDGE_CURVE('',#604,#611,#261,.T.);
#747=EDGE_CURVE('',#610,#601,#262,.T.);
#748=EDGE_CURVE('',#600,#607,#263,.T.);
#749=EDGE_CURVE('',#606,#597,#264,.T.);
#750=EDGE_CURVE('',#590,#593,#265,.T.);
#751=EDGE_CURVE('',#596,#591,#266,.T.);
#752=EDGE_CURVE('',#612,#613,#267,.T.);
#753=EDGE_CURVE('',#613,#614,#268,.T.);
#754=EDGE_CURVE('',#614,#589,#269,.T.);
#755=EDGE_CURVE('',#592,#615,#270,.T.);
#756=EDGE_CURVE('',#615,#616,#271,.T.);
#757=EDGE_CURVE('',#616,#585,#272,.T.);
#758=EDGE_CURVE('',#588,#617,#273,.T.);
#759=EDGE_CURVE('',#618,#617,#274,.T.);
#760=EDGE_CURVE('',#619,#618,#275,.T.);
#761=EDGE_CURVE('',#619,#620,#276,.T.);
#762=EDGE_CURVE('',#620,#605,#277,.T.);
#763=EDGE_CURVE('',#608,#621,#278,.T.);
#764=EDGE_CURVE('',#621,#622,#279,.T.);
#765=EDGE_CURVE('',#622,#609,#280,.T.);
#766=EDGE_CURVE('',#617,#623,#281,.T.);
#767=EDGE_CURVE('',#624,#623,#282,.T.);
#768=EDGE_CURVE('',#618,#624,#283,.T.);
#769=EDGE_CURVE('',#625,#626,#284,.T.);
#770=EDGE_CURVE('',#626,#603,#285,.T.);
#771=EDGE_CURVE('',#602,#627,#286,.T.);
#772=EDGE_CURVE('',#627,#628,#287,.T.);
#773=EDGE_CURVE('',#628,#599,#288,.T.);
#774=EDGE_CURVE('',#598,#629,#289,.T.);
#775=EDGE_CURVE('',#629,#630,#290,.T.);
#776=EDGE_CURVE('',#624,#630,#291,.T.);
#777=EDGE_CURVE('',#623,#583,#292,.T.);
#778=EDGE_CURVE('',#582,#631,#293,.T.);
#779=EDGE_CURVE('',#631,#632,#294,.T.);
#780=EDGE_CURVE('',#632,#595,#295,.T.);
#781=EDGE_CURVE('',#594,#625,#296,.T.);
#782=EDGE_CURVE('',#586,#581,#297,.T.);
#783=EDGE_CURVE('',#584,#587,#298,.T.);
#784=EDGE_CURVE('',#630,#619,#299,.T.);
#785=EDGE_CURVE('',#632,#615,#300,.T.);
#786=EDGE_CURVE('',#631,#616,#301,.T.);
#787=EDGE_CURVE('',#629,#620,#302,.T.);
#788=EDGE_CURVE('',#628,#621,#303,.T.);
#789=EDGE_CURVE('',#627,#622,#304,.T.);
#790=EDGE_CURVE('',#626,#613,#305,.T.);
#791=EDGE_CURVE('',#625,#614,#306,.T.);
#792=EDGE_CURVE('',#633,#633,#542,.T.);
#793=EDGE_CURVE('',#633,#634,#307,.T.);
#794=EDGE_CURVE('',#634,#634,#543,.T.);
#795=EDGE_CURVE('',#635,#636,#544,.T.);
#796=EDGE_CURVE('',#636,#635,#545,.T.);
#797=EDGE_CURVE('',#636,#637,#308,.T.);
#798=EDGE_CURVE('',#637,#637,#546,.T.);
#799=EDGE_CURVE('',#635,#633,#309,.T.);
#800=EDGE_CURVE('',#638,#638,#547,.T.);
#801=EDGE_CURVE('',#638,#639,#310,.T.);
#802=EDGE_CURVE('',#639,#639,#548,.T.);
#803=EDGE_CURVE('',#640,#640,#549,.T.);
#804=EDGE_CURVE('',#640,#641,#311,.T.);
#805=EDGE_CURVE('',#641,#641,#550,.T.);
#806=EDGE_CURVE('',#642,#642,#551,.T.);
#807=EDGE_CURVE('',#642,#643,#312,.T.);
#808=EDGE_CURVE('',#643,#643,#552,.T.);
#809=EDGE_CURVE('',#643,#644,#313,.T.);
#810=EDGE_CURVE('',#644,#644,#553,.T.);
#811=EDGE_CURVE('',#641,#645,#314,.T.);
#812=EDGE_CURVE('',#645,#645,#554,.T.);
#813=EDGE_CURVE('',#639,#646,#315,.T.);
#814=EDGE_CURVE('',#646,#646,#555,.T.);
#815=EDGE_CURVE('',#647,#648,#556,.T.);
#816=EDGE_CURVE('',#648,#649,#316,.T.);
#817=EDGE_CURVE('',#649,#650,#557,.T.);
#818=EDGE_CURVE('',#647,#650,#317,.T.);
#819=EDGE_CURVE('',#651,#652,#558,.T.);
#820=EDGE_CURVE('',#652,#653,#318,.T.);
#821=EDGE_CURVE('',#653,#654,#559,.T.);
#822=EDGE_CURVE('',#651,#654,#319,.T.);
#823=EDGE_CURVE('',#655,#656,#560,.T.);
#824=EDGE_CURVE('',#656,#657,#320,.T.);
#825=EDGE_CURVE('',#657,#658,#561,.T.);
#826=EDGE_CURVE('',#655,#658,#321,.T.);
#827=EDGE_CURVE('',#659,#660,#562,.T.);
#828=EDGE_CURVE('',#660,#661,#322,.T.);
#829=EDGE_CURVE('',#661,#662,#563,.T.);
#830=EDGE_CURVE('',#659,#662,#323,.T.);
#831=EDGE_CURVE('',#663,#664,#564,.T.);
#832=EDGE_CURVE('',#664,#665,#324,.T.);
#833=EDGE_CURVE('',#665,#666,#565,.T.);
#834=EDGE_CURVE('',#663,#666,#325,.T.);
#835=EDGE_CURVE('',#667,#668,#566,.T.);
#836=EDGE_CURVE('',#668,#669,#326,.T.);
#837=EDGE_CURVE('',#669,#670,#567,.T.);
#838=EDGE_CURVE('',#667,#670,#327,.T.);
#839=EDGE_CURVE('',#671,#672,#568,.T.);
#840=EDGE_CURVE('',#672,#673,#328,.T.);
#841=EDGE_CURVE('',#673,#674,#569,.T.);
#842=EDGE_CURVE('',#671,#674,#329,.T.);
#843=EDGE_CURVE('',#675,#676,#570,.T.);
#844=EDGE_CURVE('',#676,#677,#330,.T.);
#845=EDGE_CURVE('',#677,#678,#571,.T.);
#846=EDGE_CURVE('',#675,#678,#331,.T.);
#847=EDGE_CURVE('',#670,#677,#332,.T.);
#848=EDGE_CURVE('',#676,#667,#333,.T.);
#849=EDGE_CURVE('',#666,#673,#334,.T.);
#850=EDGE_CURVE('',#672,#663,#335,.T.);
#851=EDGE_CURVE('',#656,#659,#336,.T.);
#852=EDGE_CURVE('',#662,#657,#337,.T.);
#853=EDGE_CURVE('',#678,#679,#338,.T.);
#854=EDGE_CURVE('',#679,#680,#339,.T.);
#855=EDGE_CURVE('',#680,#655,#340,.T.);
#856=EDGE_CURVE('',#658,#681,#341,.T.);
#857=EDGE_CURVE('',#681,#682,#342,.T.);
#858=EDGE_CURVE('',#682,#651,#343,.T.);
#859=EDGE_CURVE('',#654,#683,#344,.T.);
#860=EDGE_CURVE('',#684,#683,#345,.T.);
#861=EDGE_CURVE('',#685,#684,#346,.T.);
#862=EDGE_CURVE('',#685,#686,#347,.T.);
#863=EDGE_CURVE('',#686,#671,#348,.T.);
#864=EDGE_CURVE('',#674,#687,#349,.T.);
#865=EDGE_CURVE('',#687,#688,#350,.T.);
#866=EDGE_CURVE('',#688,#675,#351,.T.);
#867=EDGE_CURVE('',#683,#689,#352,.T.);
#868=EDGE_CURVE('',#690,#689,#353,.T.);
#869=EDGE_CURVE('',#684,#690,#354,.T.);
#870=EDGE_CURVE('',#691,#692,#355,.T.);
#871=EDGE_CURVE('',#692,#669,#356,.T.);
#872=EDGE_CURVE('',#668,#693,#357,.T.);
#873=EDGE_CURVE('',#693,#694,#358,.T.);
#874=EDGE_CURVE('',#694,#665,#359,.T.);
#875=EDGE_CURVE('',#664,#695,#360,.T.);
#876=EDGE_CURVE('',#695,#696,#361,.T.);
#877=EDGE_CURVE('',#690,#696,#362,.T.);
#878=EDGE_CURVE('',#689,#649,#363,.T.);
#879=EDGE_CURVE('',#648,#697,#364,.T.);
#880=EDGE_CURVE('',#697,#698,#365,.T.);
#881=EDGE_CURVE('',#698,#661,#366,.T.);
#882=EDGE_CURVE('',#660,#691,#367,.T.);
#883=EDGE_CURVE('',#652,#647,#368,.T.);
#884=EDGE_CURVE('',#650,#653,#369,.T.);
#885=EDGE_CURVE('',#696,#685,#370,.T.);
#886=EDGE_CURVE('',#698,#681,#371,.T.);
#887=EDGE_CURVE('',#697,#682,#372,.T.);
#888=EDGE_CURVE('',#695,#686,#373,.T.);
#889=EDGE_CURVE('',#694,#687,#374,.T.);
#890=EDGE_CURVE('',#693,#688,#375,.T.);
#891=EDGE_CURVE('',#692,#679,#376,.T.);
#892=EDGE_CURVE('',#691,#680,#377,.T.);
#893=ORIENTED_EDGE('',*,*,#699,.F.);
#894=ORIENTED_EDGE('',*,*,#700,.T.);
#895=ORIENTED_EDGE('',*,*,#701,.F.);
#896=ORIENTED_EDGE('',*,*,#700,.F.);
#897=ORIENTED_EDGE('',*,*,#702,.F.);
#898=ORIENTED_EDGE('',*,*,#703,.T.);
#899=ORIENTED_EDGE('',*,*,#704,.F.);
#900=ORIENTED_EDGE('',*,*,#703,.F.);
#901=ORIENTED_EDGE('',*,*,#705,.F.);
#902=ORIENTED_EDGE('',*,*,#706,.T.);
#903=ORIENTED_EDGE('',*,*,#707,.F.);
#904=ORIENTED_EDGE('',*,*,#706,.F.);
#905=ORIENTED_EDGE('',*,*,#707,.T.);
#906=ORIENTED_EDGE('',*,*,#708,.T.);
#907=ORIENTED_EDGE('',*,*,#709,.T.);
#908=ORIENTED_EDGE('',*,*,#708,.F.);
#909=ORIENTED_EDGE('',*,*,#704,.T.);
#910=ORIENTED_EDGE('',*,*,#710,.T.);
#911=ORIENTED_EDGE('',*,*,#711,.T.);
#912=ORIENTED_EDGE('',*,*,#710,.F.);
#913=ORIENTED_EDGE('',*,*,#701,.T.);
#914=ORIENTED_EDGE('',*,*,#712,.T.);
#915=ORIENTED_EDGE('',*,*,#713,.T.);
#916=ORIENTED_EDGE('',*,*,#712,.F.);
#917=ORIENTED_EDGE('',*,*,#714,.T.);
#918=ORIENTED_EDGE('',*,*,#715,.T.);
#919=ORIENTED_EDGE('',*,*,#716,.T.);
#920=ORIENTED_EDGE('',*,*,#717,.F.);
#921=ORIENTED_EDGE('',*,*,#718,.T.);
#922=ORIENTED_EDGE('',*,*,#719,.T.);
#923=ORIENTED_EDGE('',*,*,#720,.T.);
#924=ORIENTED_EDGE('',*,*,#721,.F.);
#925=ORIENTED_EDGE('',*,*,#722,.T.);
#926=ORIENTED_EDGE('',*,*,#723,.T.);
#927=ORIENTED_EDGE('',*,*,#724,.T.);
#928=ORIENTED_EDGE('',*,*,#725,.F.);
#929=ORIENTED_EDGE('',*,*,#726,.T.);
#930=ORIENTED_EDGE('',*,*,#727,.T.);
#931=ORIENTED_EDGE('',*,*,#728,.T.);
#932=ORIENTED_EDGE('',*,*,#729,.F.);
#933=ORIENTED_EDGE('',*,*,#730,.T.);
#934=ORIENTED_EDGE('',*,*,#731,.T.);
#935=ORIENTED_EDGE('',*,*,#732,.T.);
#936=ORIENTED_EDGE('',*,*,#733,.F.);
#937=ORIENTED_EDGE('',*,*,#734,.T.);
#938=ORIENTED_EDGE('',*,*,#735,.T.);
#939=ORIENTED_EDGE('',*,*,#736,.T.);
#940=ORIENTED_EDGE('',*,*,#737,.F.);
#941=ORIENTED_EDGE('',*,*,#738,.T.);
#942=ORIENTED_EDGE('',*,*,#739,.T.);
#943=ORIENTED_EDGE('',*,*,#740,.T.);
#944=ORIENTED_EDGE('',*,*,#741,.F.);
#945=ORIENTED_EDGE('',*,*,#742,.T.);
#946=ORIENTED_EDGE('',*,*,#743,.T.);
#947=ORIENTED_EDGE('',*,*,#744,.T.);
#948=ORIENTED_EDGE('',*,*,#745,.F.);
#949=ORIENTED_EDGE('',*,*,#737,.T.);
#950=ORIENTED_EDGE('',*,*,#746,.T.);
#951=ORIENTED_EDGE('',*,*,#743,.F.);
#952=ORIENTED_EDGE('',*,*,#747,.T.);
#953=ORIENTED_EDGE('',*,*,#733,.T.);
#954=ORIENTED_EDGE('',*,*,#748,.T.);
#955=ORIENTED_EDGE('',*,*,#739,.F.);
#956=ORIENTED_EDGE('',*,*,#749,.T.);
#957=ORIENTED_EDGE('',*,*,#723,.F.);
#958=ORIENTED_EDGE('',*,*,#750,.T.);
#959=ORIENTED_EDGE('',*,*,#729,.T.);
#960=ORIENTED_EDGE('',*,*,#751,.T.);
#961=ORIENTED_EDGE('',*,*,#745,.T.);
#962=ORIENTED_EDGE('',*,*,#752,.T.);
#963=ORIENTED_EDGE('',*,*,#753,.T.);
#964=ORIENTED_EDGE('',*,*,#754,.T.);
#965=ORIENTED_EDGE('',*,*,#725,.T.);
#966=ORIENTED_EDGE('',*,*,#755,.T.);
#967=ORIENTED_EDGE('',*,*,#756,.T.);
#968=ORIENTED_EDGE('',*,*,#757,.T.);
#969=ORIENTED_EDGE('',*,*,#721,.T.);
#970=ORIENTED_EDGE('',*,*,#758,.T.);
#971=ORIENTED_EDGE('',*,*,#759,.F.);
#972=ORIENTED_EDGE('',*,*,#760,.F.);
#973=ORIENTED_EDGE('',*,*,#761,.T.);
#974=ORIENTED_EDGE('',*,*,#762,.T.);
#975=ORIENTED_EDGE('',*,*,#741,.T.);
#976=ORIENTED_EDGE('',*,*,#763,.T.);
#977=ORIENTED_EDGE('',*,*,#764,.T.);
#978=ORIENTED_EDGE('',*,*,#765,.T.);
#979=ORIENTED_EDGE('',*,*,#709,.F.);
#980=ORIENTED_EDGE('',*,*,#711,.F.);
#981=ORIENTED_EDGE('',*,*,#713,.F.);
#982=ORIENTED_EDGE('',*,*,#766,.T.);
#983=ORIENTED_EDGE('',*,*,#767,.F.);
#984=ORIENTED_EDGE('',*,*,#768,.F.);
#985=ORIENTED_EDGE('',*,*,#759,.T.);
#986=ORIENTED_EDGE('',*,*,#769,.T.);
#987=ORIENTED_EDGE('',*,*,#770,.T.);
#988=ORIENTED_EDGE('',*,*,#735,.F.);
#989=ORIENTED_EDGE('',*,*,#771,.T.);
#990=ORIENTED_EDGE('',*,*,#772,.T.);
#991=ORIENTED_EDGE('',*,*,#773,.T.);
#992=ORIENTED_EDGE('',*,*,#731,.F.);
#993=ORIENTED_EDGE('',*,*,#774,.T.);
#994=ORIENTED_EDGE('',*,*,#775,.T.);
#995=ORIENTED_EDGE('',*,*,#776,.F.);
#996=ORIENTED_EDGE('',*,*,#767,.T.);
#997=ORIENTED_EDGE('',*,*,#777,.T.);
#998=ORIENTED_EDGE('',*,*,#715,.F.);
#999=ORIENTED_EDGE('',*,*,#778,.T.);
#1000=ORIENTED_EDGE('',*,*,#779,.T.);
#1001=ORIENTED_EDGE('',*,*,#780,.T.);
#1002=ORIENTED_EDGE('',*,*,#727,.F.);
#1003=ORIENTED_EDGE('',*,*,#781,.T.);
#1004=ORIENTED_EDGE('',*,*,#705,.T.);
#1005=ORIENTED_EDGE('',*,*,#702,.T.);
#1006=ORIENTED_EDGE('',*,*,#699,.T.);
#1007=ORIENTED_EDGE('',*,*,#719,.F.);
#1008=ORIENTED_EDGE('',*,*,#782,.T.);
#1009=ORIENTED_EDGE('',*,*,#717,.T.);
#1010=ORIENTED_EDGE('',*,*,#783,.T.);
#1011=ORIENTED_EDGE('',*,*,#776,.T.);
#1012=ORIENTED_EDGE('',*,*,#784,.T.);
#1013=ORIENTED_EDGE('',*,*,#760,.T.);
#1014=ORIENTED_EDGE('',*,*,#768,.T.);
#1015=ORIENTED_EDGE('',*,*,#720,.F.);
#1016=ORIENTED_EDGE('',*,*,#783,.F.);
#1017=ORIENTED_EDGE('',*,*,#716,.F.);
#1018=ORIENTED_EDGE('',*,*,#777,.F.);
#1019=ORIENTED_EDGE('',*,*,#766,.F.);
#1020=ORIENTED_EDGE('',*,*,#758,.F.);
#1021=ORIENTED_EDGE('',*,*,#785,.F.);
#1022=ORIENTED_EDGE('',*,*,#779,.F.);
#1023=ORIENTED_EDGE('',*,*,#786,.T.);
#1024=ORIENTED_EDGE('',*,*,#756,.F.);
#1025=ORIENTED_EDGE('',*,*,#724,.F.);
#1026=ORIENTED_EDGE('',*,*,#751,.F.);
#1027=ORIENTED_EDGE('',*,*,#728,.F.);
#1028=ORIENTED_EDGE('',*,*,#780,.F.);
#1029=ORIENTED_EDGE('',*,*,#785,.T.);
#1030=ORIENTED_EDGE('',*,*,#755,.F.);
#1031=ORIENTED_EDGE('',*,*,#714,.F.);
#1032=ORIENTED_EDGE('',*,*,#782,.F.);
#1033=ORIENTED_EDGE('',*,*,#718,.F.);
#1034=ORIENTED_EDGE('',*,*,#757,.F.);
#1035=ORIENTED_EDGE('',*,*,#786,.F.);
#1036=ORIENTED_EDGE('',*,*,#778,.F.);
#1037=ORIENTED_EDGE('',*,*,#730,.F.);
#1038=ORIENTED_EDGE('',*,*,#749,.F.);
#1039=ORIENTED_EDGE('',*,*,#738,.F.);
#1040=ORIENTED_EDGE('',*,*,#762,.F.);
#1041=ORIENTED_EDGE('',*,*,#787,.F.);
#1042=ORIENTED_EDGE('',*,*,#774,.F.);
#1043=ORIENTED_EDGE('',*,*,#784,.F.);
#1044=ORIENTED_EDGE('',*,*,#775,.F.);
#1045=ORIENTED_EDGE('',*,*,#787,.T.);
#1046=ORIENTED_EDGE('',*,*,#761,.F.);
#1047=ORIENTED_EDGE('',*,*,#773,.F.);
#1048=ORIENTED_EDGE('',*,*,#788,.T.);
#1049=ORIENTED_EDGE('',*,*,#763,.F.);
#1050=ORIENTED_EDGE('',*,*,#740,.F.);
#1051=ORIENTED_EDGE('',*,*,#748,.F.);
#1052=ORIENTED_EDGE('',*,*,#732,.F.);
#1053=ORIENTED_EDGE('',*,*,#788,.F.);
#1054=ORIENTED_EDGE('',*,*,#772,.F.);
#1055=ORIENTED_EDGE('',*,*,#789,.T.);
#1056=ORIENTED_EDGE('',*,*,#764,.F.);
#1057=ORIENTED_EDGE('',*,*,#734,.F.);
#1058=ORIENTED_EDGE('',*,*,#747,.F.);
#1059=ORIENTED_EDGE('',*,*,#742,.F.);
#1060=ORIENTED_EDGE('',*,*,#765,.F.);
#1061=ORIENTED_EDGE('',*,*,#789,.F.);
#1062=ORIENTED_EDGE('',*,*,#771,.F.);
#1063=ORIENTED_EDGE('',*,*,#770,.F.);
#1064=ORIENTED_EDGE('',*,*,#790,.T.);
#1065=ORIENTED_EDGE('',*,*,#752,.F.);
#1066=ORIENTED_EDGE('',*,*,#744,.F.);
#1067=ORIENTED_EDGE('',*,*,#746,.F.);
#1068=ORIENTED_EDGE('',*,*,#736,.F.);
#1069=ORIENTED_EDGE('',*,*,#790,.F.);
#1070=ORIENTED_EDGE('',*,*,#769,.F.);
#1071=ORIENTED_EDGE('',*,*,#791,.T.);
#1072=ORIENTED_EDGE('',*,*,#753,.F.);
#1073=ORIENTED_EDGE('',*,*,#726,.F.);
#1074=ORIENTED_EDGE('',*,*,#750,.F.);
#1075=ORIENTED_EDGE('',*,*,#722,.F.);
#1076=ORIENTED_EDGE('',*,*,#754,.F.);
#1077=ORIENTED_EDGE('',*,*,#791,.F.);
#1078=ORIENTED_EDGE('',*,*,#781,.F.);
#1079=ORIENTED_EDGE('',*,*,#792,.F.);
#1080=ORIENTED_EDGE('',*,*,#793,.T.);
#1081=ORIENTED_EDGE('',*,*,#794,.F.);
#1082=ORIENTED_EDGE('',*,*,#793,.F.);
#1083=ORIENTED_EDGE('',*,*,#795,.F.);
#1084=ORIENTED_EDGE('',*,*,#796,.F.);
#1085=ORIENTED_EDGE('',*,*,#797,.T.);
#1086=ORIENTED_EDGE('',*,*,#798,.F.);
#1087=ORIENTED_EDGE('',*,*,#797,.F.);
#1088=ORIENTED_EDGE('',*,*,#795,.T.);
#1089=ORIENTED_EDGE('',*,*,#796,.T.);
#1090=ORIENTED_EDGE('',*,*,#799,.T.);
#1091=ORIENTED_EDGE('',*,*,#792,.T.);
#1092=ORIENTED_EDGE('',*,*,#799,.F.);
#1093=ORIENTED_EDGE('',*,*,#794,.T.);
#1094=ORIENTED_EDGE('',*,*,#798,.T.);
#1095=ORIENTED_EDGE('',*,*,#800,.F.);
#1096=ORIENTED_EDGE('',*,*,#801,.T.);
#1097=ORIENTED_EDGE('',*,*,#802,.F.);
#1098=ORIENTED_EDGE('',*,*,#801,.F.);
#1099=ORIENTED_EDGE('',*,*,#803,.F.);
#1100=ORIENTED_EDGE('',*,*,#804,.T.);
#1101=ORIENTED_EDGE('',*,*,#805,.F.);
#1102=ORIENTED_EDGE('',*,*,#804,.F.);
#1103=ORIENTED_EDGE('',*,*,#806,.F.);
#1104=ORIENTED_EDGE('',*,*,#807,.T.);
#1105=ORIENTED_EDGE('',*,*,#808,.F.);
#1106=ORIENTED_EDGE('',*,*,#807,.F.);
#1107=ORIENTED_EDGE('',*,*,#808,.T.);
#1108=ORIENTED_EDGE('',*,*,#809,.T.);
#1109=ORIENTED_EDGE('',*,*,#810,.T.);
#1110=ORIENTED_EDGE('',*,*,#809,.F.);
#1111=ORIENTED_EDGE('',*,*,#805,.T.);
#1112=ORIENTED_EDGE('',*,*,#811,.T.);
#1113=ORIENTED_EDGE('',*,*,#812,.T.);
#1114=ORIENTED_EDGE('',*,*,#811,.F.);
#1115=ORIENTED_EDGE('',*,*,#802,.T.);
#1116=ORIENTED_EDGE('',*,*,#813,.T.);
#1117=ORIENTED_EDGE('',*,*,#814,.T.);
#1118=ORIENTED_EDGE('',*,*,#813,.F.);
#1119=ORIENTED_EDGE('',*,*,#815,.T.);
#1120=ORIENTED_EDGE('',*,*,#816,.T.);
#1121=ORIENTED_EDGE('',*,*,#817,.T.);
#1122=ORIENTED_EDGE('',*,*,#818,.F.);
#1123=ORIENTED_EDGE('',*,*,#819,.T.);
#1124=ORIENTED_EDGE('',*,*,#820,.T.);
#1125=ORIENTED_EDGE('',*,*,#821,.T.);
#1126=ORIENTED_EDGE('',*,*,#822,.F.);
#1127=ORIENTED_EDGE('',*,*,#823,.T.);
#1128=ORIENTED_EDGE('',*,*,#824,.T.);
#1129=ORIENTED_EDGE('',*,*,#825,.T.);
#1130=ORIENTED_EDGE('',*,*,#826,.F.);
#1131=ORIENTED_EDGE('',*,*,#827,.T.);
#1132=ORIENTED_EDGE('',*,*,#828,.T.);
#1133=ORIENTED_EDGE('',*,*,#829,.T.);
#1134=ORIENTED_EDGE('',*,*,#830,.F.);
#1135=ORIENTED_EDGE('',*,*,#831,.T.);
#1136=ORIENTED_EDGE('',*,*,#832,.T.);
#1137=ORIENTED_EDGE('',*,*,#833,.T.);
#1138=ORIENTED_EDGE('',*,*,#834,.F.);
#1139=ORIENTED_EDGE('',*,*,#835,.T.);
#1140=ORIENTED_EDGE('',*,*,#836,.T.);
#1141=ORIENTED_EDGE('',*,*,#837,.T.);
#1142=ORIENTED_EDGE('',*,*,#838,.F.);
#1143=ORIENTED_EDGE('',*,*,#839,.T.);
#1144=ORIENTED_EDGE('',*,*,#840,.T.);
#1145=ORIENTED_EDGE('',*,*,#841,.T.);
#1146=ORIENTED_EDGE('',*,*,#842,.F.);
#1147=ORIENTED_EDGE('',*,*,#843,.T.);
#1148=ORIENTED_EDGE('',*,*,#844,.T.);
#1149=ORIENTED_EDGE('',*,*,#845,.T.);
#1150=ORIENTED_EDGE('',*,*,#846,.F.);
#1151=ORIENTED_EDGE('',*,*,#838,.T.);
#1152=ORIENTED_EDGE('',*,*,#847,.T.);
#1153=ORIENTED_EDGE('',*,*,#844,.F.);
#1154=ORIENTED_EDGE('',*,*,#848,.T.);
#1155=ORIENTED_EDGE('',*,*,#834,.T.);
#1156=ORIENTED_EDGE('',*,*,#849,.T.);
#1157=ORIENTED_EDGE('',*,*,#840,.F.);
#1158=ORIENTED_EDGE('',*,*,#850,.T.);
#1159=ORIENTED_EDGE('',*,*,#824,.F.);
#1160=ORIENTED_EDGE('',*,*,#851,.T.);
#1161=ORIENTED_EDGE('',*,*,#830,.T.);
#1162=ORIENTED_EDGE('',*,*,#852,.T.);
#1163=ORIENTED_EDGE('',*,*,#846,.T.);
#1164=ORIENTED_EDGE('',*,*,#853,.T.);
#1165=ORIENTED_EDGE('',*,*,#854,.T.);
#1166=ORIENTED_EDGE('',*,*,#855,.T.);
#1167=ORIENTED_EDGE('',*,*,#826,.T.);
#1168=ORIENTED_EDGE('',*,*,#856,.T.);
#1169=ORIENTED_EDGE('',*,*,#857,.T.);
#1170=ORIENTED_EDGE('',*,*,#858,.T.);
#1171=ORIENTED_EDGE('',*,*,#822,.T.);
#1172=ORIENTED_EDGE('',*,*,#859,.T.);
#1173=ORIENTED_EDGE('',*,*,#860,.F.);
#1174=ORIENTED_EDGE('',*,*,#861,.F.);
#1175=ORIENTED_EDGE('',*,*,#862,.T.);
#1176=ORIENTED_EDGE('',*,*,#863,.T.);
#1177=ORIENTED_EDGE('',*,*,#842,.T.);
#1178=ORIENTED_EDGE('',*,*,#864,.T.);
#1179=ORIENTED_EDGE('',*,*,#865,.T.);
#1180=ORIENTED_EDGE('',*,*,#866,.T.);
#1181=ORIENTED_EDGE('',*,*,#810,.F.);
#1182=ORIENTED_EDGE('',*,*,#812,.F.);
#1183=ORIENTED_EDGE('',*,*,#814,.F.);
#1184=ORIENTED_EDGE('',*,*,#867,.T.);
#1185=ORIENTED_EDGE('',*,*,#868,.F.);
#1186=ORIENTED_EDGE('',*,*,#869,.F.);
#1187=ORIENTED_EDGE('',*,*,#860,.T.);
#1188=ORIENTED_EDGE('',*,*,#870,.T.);
#1189=ORIENTED_EDGE('',*,*,#871,.T.);
#1190=ORIENTED_EDGE('',*,*,#836,.F.);
#1191=ORIENTED_EDGE('',*,*,#872,.T.);
#1192=ORIENTED_EDGE('',*,*,#873,.T.);
#1193=ORIENTED_EDGE('',*,*,#874,.T.);
#1194=ORIENTED_EDGE('',*,*,#832,.F.);
#1195=ORIENTED_EDGE('',*,*,#875,.T.);
#1196=ORIENTED_EDGE('',*,*,#876,.T.);
#1197=ORIENTED_EDGE('',*,*,#877,.F.);
#1198=ORIENTED_EDGE('',*,*,#868,.T.);
#1199=ORIENTED_EDGE('',*,*,#878,.T.);
#1200=ORIENTED_EDGE('',*,*,#816,.F.);
#1201=ORIENTED_EDGE('',*,*,#879,.T.);
#1202=ORIENTED_EDGE('',*,*,#880,.T.);
#1203=ORIENTED_EDGE('',*,*,#881,.T.);
#1204=ORIENTED_EDGE('',*,*,#828,.F.);
#1205=ORIENTED_EDGE('',*,*,#882,.T.);
#1206=ORIENTED_EDGE('',*,*,#806,.T.);
#1207=ORIENTED_EDGE('',*,*,#803,.T.);
#1208=ORIENTED_EDGE('',*,*,#800,.T.);
#1209=ORIENTED_EDGE('',*,*,#820,.F.);
#1210=ORIENTED_EDGE('',*,*,#883,.T.);
#1211=ORIENTED_EDGE('',*,*,#818,.T.);
#1212=ORIENTED_EDGE('',*,*,#884,.T.);
#1213=ORIENTED_EDGE('',*,*,#877,.T.);
#1214=ORIENTED_EDGE('',*,*,#885,.T.);
#1215=ORIENTED_EDGE('',*,*,#861,.T.);
#1216=ORIENTED_EDGE('',*,*,#869,.T.);
#1217=ORIENTED_EDGE('',*,*,#821,.F.);
#1218=ORIENTED_EDGE('',*,*,#884,.F.);
#1219=ORIENTED_EDGE('',*,*,#817,.F.);
#1220=ORIENTED_EDGE('',*,*,#878,.F.);
#1221=ORIENTED_EDGE('',*,*,#867,.F.);
#1222=ORIENTED_EDGE('',*,*,#859,.F.);
#1223=ORIENTED_EDGE('',*,*,#886,.F.);
#1224=ORIENTED_EDGE('',*,*,#880,.F.);
#1225=ORIENTED_EDGE('',*,*,#887,.T.);
#1226=ORIENTED_EDGE('',*,*,#857,.F.);
#1227=ORIENTED_EDGE('',*,*,#825,.F.);
#1228=ORIENTED_EDGE('',*,*,#852,.F.);
#1229=ORIENTED_EDGE('',*,*,#829,.F.);
#1230=ORIENTED_EDGE('',*,*,#881,.F.);
#1231=ORIENTED_EDGE('',*,*,#886,.T.);
#1232=ORIENTED_EDGE('',*,*,#856,.F.);
#1233=ORIENTED_EDGE('',*,*,#815,.F.);
#1234=ORIENTED_EDGE('',*,*,#883,.F.);
#1235=ORIENTED_EDGE('',*,*,#819,.F.);
#1236=ORIENTED_EDGE('',*,*,#858,.F.);
#1237=ORIENTED_EDGE('',*,*,#887,.F.);
#1238=ORIENTED_EDGE('',*,*,#879,.F.);
#1239=ORIENTED_EDGE('',*,*,#831,.F.);
#1240=ORIENTED_EDGE('',*,*,#850,.F.);
#1241=ORIENTED_EDGE('',*,*,#839,.F.);
#1242=ORIENTED_EDGE('',*,*,#863,.F.);
#1243=ORIENTED_EDGE('',*,*,#888,.F.);
#1244=ORIENTED_EDGE('',*,*,#875,.F.);
#1245=ORIENTED_EDGE('',*,*,#885,.F.);
#1246=ORIENTED_EDGE('',*,*,#876,.F.);
#1247=ORIENTED_EDGE('',*,*,#888,.T.);
#1248=ORIENTED_EDGE('',*,*,#862,.F.);
#1249=ORIENTED_EDGE('',*,*,#874,.F.);
#1250=ORIENTED_EDGE('',*,*,#889,.T.);
#1251=ORIENTED_EDGE('',*,*,#864,.F.);
#1252=ORIENTED_EDGE('',*,*,#841,.F.);
#1253=ORIENTED_EDGE('',*,*,#849,.F.);
#1254=ORIENTED_EDGE('',*,*,#833,.F.);
#1255=ORIENTED_EDGE('',*,*,#889,.F.);
#1256=ORIENTED_EDGE('',*,*,#873,.F.);
#1257=ORIENTED_EDGE('',*,*,#890,.T.);
#1258=ORIENTED_EDGE('',*,*,#865,.F.);
#1259=ORIENTED_EDGE('',*,*,#835,.F.);
#1260=ORIENTED_EDGE('',*,*,#848,.F.);
#1261=ORIENTED_EDGE('',*,*,#843,.F.);
#1262=ORIENTED_EDGE('',*,*,#866,.F.);
#1263=ORIENTED_EDGE('',*,*,#890,.F.);
#1264=ORIENTED_EDGE('',*,*,#872,.F.);
#1265=ORIENTED_EDGE('',*,*,#871,.F.);
#1266=ORIENTED_EDGE('',*,*,#891,.T.);
#1267=ORIENTED_EDGE('',*,*,#853,.F.);
#1268=ORIENTED_EDGE('',*,*,#845,.F.);
#1269=ORIENTED_EDGE('',*,*,#847,.F.);
#1270=ORIENTED_EDGE('',*,*,#837,.F.);
#1271=ORIENTED_EDGE('',*,*,#891,.F.);
#1272=ORIENTED_EDGE('',*,*,#870,.F.);
#1273=ORIENTED_EDGE('',*,*,#892,.T.);
#1274=ORIENTED_EDGE('',*,*,#854,.F.);
#1275=ORIENTED_EDGE('',*,*,#827,.F.);
#1276=ORIENTED_EDGE('',*,*,#851,.F.);
#1277=ORIENTED_EDGE('',*,*,#823,.F.);
#1278=ORIENTED_EDGE('',*,*,#855,.F.);
#1279=ORIENTED_EDGE('',*,*,#892,.F.);
#1280=ORIENTED_EDGE('',*,*,#882,.F.);
#1281=CYLINDRICAL_SURFACE('',#1393,0.106);
#1282=CYLINDRICAL_SURFACE('',#1396,0.106);
#1283=CYLINDRICAL_SURFACE('',#1399,0.106);
#1284=CYLINDRICAL_SURFACE('',#1408,0.0830000000000032);
#1285=CYLINDRICAL_SURFACE('',#1411,0.043);
#1286=CYLINDRICAL_SURFACE('',#1414,0.043);
#1287=CYLINDRICAL_SURFACE('',#1417,0.0830000000000032);
#1288=CYLINDRICAL_SURFACE('',#1420,0.0830000000000032);
#1289=CYLINDRICAL_SURFACE('',#1423,0.0830000000000032);
#1290=CYLINDRICAL_SURFACE('',#1426,0.043);
#1291=CYLINDRICAL_SURFACE('',#1429,0.043);
#1292=CYLINDRICAL_SURFACE('',#1459,0.043);
#1293=CYLINDRICAL_SURFACE('',#1462,0.106);
#1294=CYLINDRICAL_SURFACE('',#1465,0.106);
#1295=CYLINDRICAL_SURFACE('',#1468,0.106);
#1296=CYLINDRICAL_SURFACE('',#1477,0.0830000000000032);
#1297=CYLINDRICAL_SURFACE('',#1480,0.043);
#1298=CYLINDRICAL_SURFACE('',#1483,0.043);
#1299=CYLINDRICAL_SURFACE('',#1486,0.0830000000000032);
#1300=CYLINDRICAL_SURFACE('',#1489,0.0830000000000032);
#1301=CYLINDRICAL_SURFACE('',#1492,0.0830000000000032);
#1302=CYLINDRICAL_SURFACE('',#1495,0.043);
#1303=CYLINDRICAL_SURFACE('',#1498,0.043);
#1304=ADVANCED_FACE('',(#81),#1281,.F.);
#1305=ADVANCED_FACE('',(#82),#1282,.F.);
#1306=ADVANCED_FACE('',(#83),#1283,.F.);
#1307=ADVANCED_FACE('',(#84),#73,.F.);
#1308=ADVANCED_FACE('',(#85),#74,.F.);
#1309=ADVANCED_FACE('',(#86),#75,.F.);
#1310=ADVANCED_FACE('',(#87),#1284,.T.);
#1311=ADVANCED_FACE('',(#88),#1285,.F.);
#1312=ADVANCED_FACE('',(#89),#1286,.F.);
#1313=ADVANCED_FACE('',(#90),#1287,.T.);
#1314=ADVANCED_FACE('',(#91),#1288,.T.);
#1315=ADVANCED_FACE('',(#92),#1289,.T.);
#1316=ADVANCED_FACE('',(#93),#1290,.F.);
#1317=ADVANCED_FACE('',(#94),#1291,.F.);
#1318=ADVANCED_FACE('',(#95),#31,.F.);
#1319=ADVANCED_FACE('',(#96),#32,.F.);
#1320=ADVANCED_FACE('',(#97),#33,.F.);
#1321=ADVANCED_FACE('',(#98,#19,#20,#21),#34,.F.);
#1322=ADVANCED_FACE('',(#99),#35,.F.);
#1323=ADVANCED_FACE('',(#100,#22,#23,#24),#36,.F.);
#1324=ADVANCED_FACE('',(#101),#37,.F.);
#1325=ADVANCED_FACE('',(#102),#38,.F.);
#1326=ADVANCED_FACE('',(#103),#39,.T.);
#1327=ADVANCED_FACE('',(#104),#40,.F.);
#1328=ADVANCED_FACE('',(#105),#41,.F.);
#1329=ADVANCED_FACE('',(#106),#42,.F.);
#1330=ADVANCED_FACE('',(#107),#43,.F.);
#1331=ADVANCED_FACE('',(#108),#44,.F.);
#1332=ADVANCED_FACE('',(#109),#45,.F.);
#1333=ADVANCED_FACE('',(#110),#46,.F.);
#1334=ADVANCED_FACE('',(#111),#47,.F.);
#1335=ADVANCED_FACE('',(#112),#48,.F.);
#1336=ADVANCED_FACE('',(#113),#49,.F.);
#1337=ADVANCED_FACE('',(#114),#50,.F.);
#1338=ADVANCED_FACE('',(#115),#76,.T.);
#1339=ADVANCED_FACE('',(#116),#77,.T.);
#1340=ADVANCED_FACE('',(#117),#1292,.T.);
#1341=ADVANCED_FACE('',(#118),#51,.T.);
#1342=ADVANCED_FACE('',(#119),#52,.F.);
#1343=ADVANCED_FACE('',(#120),#1293,.F.);
#1344=ADVANCED_FACE('',(#121),#1294,.F.);
#1345=ADVANCED_FACE('',(#122),#1295,.F.);
#1346=ADVANCED_FACE('',(#123),#78,.F.);
#1347=ADVANCED_FACE('',(#124),#79,.F.);
#1348=ADVANCED_FACE('',(#125),#80,.F.);
#1349=ADVANCED_FACE('',(#126),#1296,.T.);
#1350=ADVANCED_FACE('',(#127),#1297,.F.);
#1351=ADVANCED_FACE('',(#128),#1298,.F.);
#1352=ADVANCED_FACE('',(#129),#1299,.T.);
#1353=ADVANCED_FACE('',(#130),#1300,.T.);
#1354=ADVANCED_FACE('',(#131),#1301,.T.);
#1355=ADVANCED_FACE('',(#132),#1302,.F.);
#1356=ADVANCED_FACE('',(#133),#1303,.F.);
#1357=ADVANCED_FACE('',(#134),#53,.F.);
#1358=ADVANCED_FACE('',(#135),#54,.F.);
#1359=ADVANCED_FACE('',(#136),#55,.F.);
#1360=ADVANCED_FACE('',(#137,#25,#26,#27),#56,.F.);
#1361=ADVANCED_FACE('',(#138),#57,.F.);
#1362=ADVANCED_FACE('',(#139,#28,#29,#30),#58,.F.);
#1363=ADVANCED_FACE('',(#140),#59,.F.);
#1364=ADVANCED_FACE('',(#141),#60,.F.);
#1365=ADVANCED_FACE('',(#142),#61,.T.);
#1366=ADVANCED_FACE('',(#143),#62,.F.);
#1367=ADVANCED_FACE('',(#144),#63,.F.);
#1368=ADVANCED_FACE('',(#145),#64,.F.);
#1369=ADVANCED_FACE('',(#146),#65,.F.);
#1370=ADVANCED_FACE('',(#147),#66,.F.);
#1371=ADVANCED_FACE('',(#148),#67,.F.);
#1372=ADVANCED_FACE('',(#149),#68,.F.);
#1373=ADVANCED_FACE('',(#150),#69,.F.);
#1374=ADVANCED_FACE('',(#151),#70,.F.);
#1375=ADVANCED_FACE('',(#152),#71,.F.);
#1376=ADVANCED_FACE('',(#153),#72,.F.);
#1377=CLOSED_SHELL('',(#1304,#1305,#1306,#1307,#1308,#1309,#1310,#1311,
#1312,#1313,#1314,#1315,#1316,#1317,#1318,#1319,#1320,#1321,#1322,#1323,
#1324,#1325,#1326,#1327,#1328,#1329,#1330,#1331,#1332,#1333,#1334,#1335,
#1336,#1337));
#1378=CLOSED_SHELL('',(#1338,#1339,#1340,#1341,#1342));
#1379=CLOSED_SHELL('',(#1343,#1344,#1345,#1346,#1347,#1348,#1349,#1350,
#1351,#1352,#1353,#1354,#1355,#1356,#1357,#1358,#1359,#1360,#1361,#1362,
#1363,#1364,#1365,#1366,#1367,#1368,#1369,#1370,#1371,#1372,#1373,#1374,
#1375,#1376));
#1380=DERIVED_UNIT_ELEMENT(#1382,1.);
#1381=DERIVED_UNIT_ELEMENT(#2320,-3.);
#1382=(
MASS_UNIT()
NAMED_UNIT(*)
SI_UNIT(.KILO.,.GRAM.)
);
#1383=DERIVED_UNIT((#1380,#1381));
#1384=MEASURE_REPRESENTATION_ITEM('density measure',
POSITIVE_RATIO_MEASURE(7850.),#1383);
#1385=PROPERTY_DEFINITION_REPRESENTATION(#1390,#1387);
#1386=PROPERTY_DEFINITION_REPRESENTATION(#1391,#1388);
#1387=REPRESENTATION('material name',(#1389),#2315);
#1388=REPRESENTATION('density',(#1384),#2315);
#1389=DESCRIPTIVE_REPRESENTATION_ITEM('Steel','Steel');
#1390=PROPERTY_DEFINITION('material property','material name',#2328);
#1391=PROPERTY_DEFINITION('material property','density of part',#2328);
#1392=AXIS2_PLACEMENT_3D('',#1918,#1521,#1522);
#1393=AXIS2_PLACEMENT_3D('',#1919,#1523,#1524);
#1394=AXIS2_PLACEMENT_3D('',#1921,#1525,#1526);
#1395=AXIS2_PLACEMENT_3D('',#1924,#1528,#1529);
#1396=AXIS2_PLACEMENT_3D('',#1925,#1530,#1531);
#1397=AXIS2_PLACEMENT_3D('',#1927,#1532,#1533);
#1398=AXIS2_PLACEMENT_3D('',#1930,#1535,#1536);
#1399=AXIS2_PLACEMENT_3D('',#1931,#1537,#1538);
#1400=AXIS2_PLACEMENT_3D('',#1933,#1539,#1540);
#1401=AXIS2_PLACEMENT_3D('',#1936,#1542,#1543);
#1402=AXIS2_PLACEMENT_3D('',#1937,#1544,#1545);
#1403=AXIS2_PLACEMENT_3D('',#1940,#1547,#1548);
#1404=AXIS2_PLACEMENT_3D('',#1941,#1549,#1550);
#1405=AXIS2_PLACEMENT_3D('',#1944,#1552,#1553);
#1406=AXIS2_PLACEMENT_3D('',#1945,#1554,#1555);
#1407=AXIS2_PLACEMENT_3D('',#1948,#1557,#1558);
#1408=AXIS2_PLACEMENT_3D('',#1949,#1559,#1560);
#1409=AXIS2_PLACEMENT_3D('',#1952,#1561,#1562);
#1410=AXIS2_PLACEMENT_3D('',#1956,#1564,#1565);
#1411=AXIS2_PLACEMENT_3D('',#1958,#1567,#1568);
#1412=AXIS2_PLACEMENT_3D('',#1961,#1569,#1570);
#1413=AXIS2_PLACEMENT_3D('',#1965,#1572,#1573);
#1414=AXIS2_PLACEMENT_3D('',#1967,#1575,#1576);
#1415=AXIS2_PLACEMENT_3D('',#1970,#1577,#1578);
#1416=AXIS2_PLACEMENT_3D('',#1974,#1580,#1581);
#1417=AXIS2_PLACEMENT_3D('',#1976,#1583,#1584);
#1418=AXIS2_PLACEMENT_3D('',#1979,#1585,#1586);
#1419=AXIS2_PLACEMENT_3D('',#1983,#1588,#1589);
#1420=AXIS2_PLACEMENT_3D('',#1985,#1591,#1592);
#1421=AXIS2_PLACEMENT_3D('',#1988,#1593,#1594);
#1422=AXIS2_PLACEMENT_3D('',#1992,#1596,#1597);
#1423=AXIS2_PLACEMENT_3D('',#1994,#1599,#1600);
#1424=AXIS2_PLACEMENT_3D('',#1997,#1601,#1602);
#1425=AXIS2_PLACEMENT_3D('',#2001,#1604,#1605);
#1426=AXIS2_PLACEMENT_3D('',#2003,#1607,#1608);
#1427=AXIS2_PLACEMENT_3D('',#2006,#1609,#1610);
#1428=AXIS2_PLACEMENT_3D('',#2010,#1612,#1613);
#1429=AXIS2_PLACEMENT_3D('',#2012,#1615,#1616);
#1430=AXIS2_PLACEMENT_3D('',#2015,#1617,#1618);
#1431=AXIS2_PLACEMENT_3D('',#2019,#1620,#1621);
#1432=AXIS2_PLACEMENT_3D('',#2021,#1623,#1624);
#1433=AXIS2_PLACEMENT_3D('',#2024,#1627,#1628);
#1434=AXIS2_PLACEMENT_3D('',#2027,#1631,#1632);
#1435=AXIS2_PLACEMENT_3D('',#2030,#1635,#1636);
#1436=AXIS2_PLACEMENT_3D('',#2055,#1651,#1652);
#1437=AXIS2_PLACEMENT_3D('',#2061,#1656,#1657);
#1438=AXIS2_PLACEMENT_3D('',#2083,#1671,#1672);
#1439=AXIS2_PLACEMENT_3D('',#2086,#1675,#1676);
#1440=AXIS2_PLACEMENT_3D('',#2088,#1678,#1679);
#1441=AXIS2_PLACEMENT_3D('',#2089,#1680,#1681);
#1442=AXIS2_PLACEMENT_3D('',#2092,#1684,#1685);
#1443=AXIS2_PLACEMENT_3D('',#2093,#1686,#1687);
#1444=AXIS2_PLACEMENT_3D('',#2094,#1688,#1689);
#1445=AXIS2_PLACEMENT_3D('',#2096,#1691,#1692);
#1446=AXIS2_PLACEMENT_3D('',#2097,#1693,#1694);
#1447=AXIS2_PLACEMENT_3D('',#2099,#1696,#1697);
#1448=AXIS2_PLACEMENT_3D('',#2101,#1699,#1700);
#1449=AXIS2_PLACEMENT_3D('',#2102,#1701,#1702);
#1450=AXIS2_PLACEMENT_3D('',#2104,#1704,#1705);
#1451=AXIS2_PLACEMENT_3D('',#2106,#1707,#1708);
#1452=AXIS2_PLACEMENT_3D('',#2107,#1709,#1710);
#1453=AXIS2_PLACEMENT_3D('',#2109,#1711,#1712);
#1454=AXIS2_PLACEMENT_3D('',#2112,#1714,#1715);
#1455=AXIS2_PLACEMENT_3D('',#2113,#1716,#1717);
#1456=AXIS2_PLACEMENT_3D('',#2116,#1718,#1719);
#1457=AXIS2_PLACEMENT_3D('',#2117,#1720,#1721);
#1458=AXIS2_PLACEMENT_3D('',#2120,#1723,#1724);
#1459=AXIS2_PLACEMENT_3D('',#2121,#1725,#1726);
#1460=AXIS2_PLACEMENT_3D('',#2123,#1728,#1729);
#1461=AXIS2_PLACEMENT_3D('',#2124,#1730,#1731);
#1462=AXIS2_PLACEMENT_3D('',#2125,#1732,#1733);
#1463=AXIS2_PLACEMENT_3D('',#2127,#1734,#1735);
#1464=AXIS2_PLACEMENT_3D('',#2130,#1737,#1738);
#1465=AXIS2_PLACEMENT_3D('',#2131,#1739,#1740);
#1466=AXIS2_PLACEMENT_3D('',#2133,#1741,#1742);
#1467=AXIS2_PLACEMENT_3D('',#2136,#1744,#1745);
#1468=AXIS2_PLACEMENT_3D('',#2137,#1746,#1747);
#1469=AXIS2_PLACEMENT_3D('',#2139,#1748,#1749);
#1470=AXIS2_PLACEMENT_3D('',#2142,#1751,#1752);
#1471=AXIS2_PLACEMENT_3D('',#2143,#1753,#1754);
#1472=AXIS2_PLACEMENT_3D('',#2146,#1756,#1757);
#1473=AXIS2_PLACEMENT_3D('',#2147,#1758,#1759);
#1474=AXIS2_PLACEMENT_3D('',#2150,#1761,#1762);
#1475=AXIS2_PLACEMENT_3D('',#2151,#1763,#1764);
#1476=AXIS2_PLACEMENT_3D('',#2154,#1766,#1767);
#1477=AXIS2_PLACEMENT_3D('',#2155,#1768,#1769);
#1478=AXIS2_PLACEMENT_3D('',#2158,#1770,#1771);
#1479=AXIS2_PLACEMENT_3D('',#2162,#1773,#1774);
#1480=AXIS2_PLACEMENT_3D('',#2164,#1776,#1777);
#1481=AXIS2_PLACEMENT_3D('',#2167,#1778,#1779);
#1482=AXIS2_PLACEMENT_3D('',#2171,#1781,#1782);
#1483=AXIS2_PLACEMENT_3D('',#2173,#1784,#1785);
#1484=AXIS2_PLACEMENT_3D('',#2176,#1786,#1787);
#1485=AXIS2_PLACEMENT_3D('',#2180,#1789,#1790);
#1486=AXIS2_PLACEMENT_3D('',#2182,#1792,#1793);
#1487=AXIS2_PLACEMENT_3D('',#2185,#1794,#1795);
#1488=AXIS2_PLACEMENT_3D('',#2189,#1797,#1798);
#1489=AXIS2_PLACEMENT_3D('',#2191,#1800,#1801);
#1490=AXIS2_PLACEMENT_3D('',#2194,#1802,#1803);
#1491=AXIS2_PLACEMENT_3D('',#2198,#1805,#1806);
#1492=AXIS2_PLACEMENT_3D('',#2200,#1808,#1809);
#1493=AXIS2_PLACEMENT_3D('',#2203,#1810,#1811);
#1494=AXIS2_PLACEMENT_3D('',#2207,#1813,#1814);
#1495=AXIS2_PLACEMENT_3D('',#2209,#1816,#1817);
#1496=AXIS2_PLACEMENT_3D('',#2212,#1818,#1819);
#1497=AXIS2_PLACEMENT_3D('',#2216,#1821,#1822);
#1498=AXIS2_PLACEMENT_3D('',#2218,#1824,#1825);
#1499=AXIS2_PLACEMENT_3D('',#2221,#1826,#1827);
#1500=AXIS2_PLACEMENT_3D('',#2225,#1829,#1830);
#1501=AXIS2_PLACEMENT_3D('',#2227,#1832,#1833);
#1502=AXIS2_PLACEMENT_3D('',#2230,#1836,#1837);
#1503=AXIS2_PLACEMENT_3D('',#2233,#1840,#1841);
#1504=AXIS2_PLACEMENT_3D('',#2236,#1844,#1845);
#1505=AXIS2_PLACEMENT_3D('',#2261,#1860,#1861);
#1506=AXIS2_PLACEMENT_3D('',#2267,#1865,#1866);
#1507=AXIS2_PLACEMENT_3D('',#2289,#1880,#1881);
#1508=AXIS2_PLACEMENT_3D('',#2292,#1884,#1885);
#1509=AXIS2_PLACEMENT_3D('',#2294,#1887,#1888);
#1510=AXIS2_PLACEMENT_3D('',#2295,#1889,#1890);
#1511=AXIS2_PLACEMENT_3D('',#2298,#1893,#1894);
#1512=AXIS2_PLACEMENT_3D('',#2299,#1895,#1896);
#1513=AXIS2_PLACEMENT_3D('',#2300,#1897,#1898);
#1514=AXIS2_PLACEMENT_3D('',#2302,#1900,#1901);
#1515=AXIS2_PLACEMENT_3D('',#2303,#1902,#1903);
#1516=AXIS2_PLACEMENT_3D('',#2305,#1905,#1906);
#1517=AXIS2_PLACEMENT_3D('',#2307,#1908,#1909);
#1518=AXIS2_PLACEMENT_3D('',#2308,#1910,#1911);
#1519=AXIS2_PLACEMENT_3D('',#2310,#1913,#1914);
#1520=AXIS2_PLACEMENT_3D('',#2312,#1916,#1917);
#1521=DIRECTION('axis',(0.,0.,1.));
#1522=DIRECTION('refdir',(1.,0.,0.));
#1523=DIRECTION('center_axis',(0.,1.,6.12323399573677E-16));
#1524=DIRECTION('ref_axis',(0.,6.12323399573677E-16,-1.));
#1525=DIRECTION('center_axis',(0.,1.,6.12323399573677E-16));
#1526=DIRECTION('ref_axis',(0.,6.12323399573677E-16,-1.));
#1527=DIRECTION('',(0.,1.,6.12323399573677E-16));
#1528=DIRECTION('center_axis',(0.,-1.,-6.12323399573677E-16));
#1529=DIRECTION('ref_axis',(0.,6.12323399573677E-16,-1.));
#1530=DIRECTION('center_axis',(0.,1.,6.12323399573677E-16));
#1531=DIRECTION('ref_axis',(0.,6.12323399573677E-16,-1.));
#1532=DIRECTION('center_axis',(0.,1.,6.12323399573677E-16));
#1533=DIRECTION('ref_axis',(0.,6.12323399573677E-16,-1.));
#1534=DIRECTION('',(0.,1.,6.12323399573677E-16));
#1535=DIRECTION('center_axis',(0.,-1.,-6.12323399573677E-16));
#1536=DIRECTION('ref_axis',(0.,6.12323399573677E-16,-1.));
#1537=DIRECTION('center_axis',(0.,1.,6.12323399573677E-16));
#1538=DIRECTION('ref_axis',(0.,6.12323399573677E-16,-1.));
#1539=DIRECTION('center_axis',(0.,1.,6.12323399573677E-16));
#1540=DIRECTION('ref_axis',(0.,6.12323399573677E-16,-1.));
#1541=DIRECTION('',(0.,1.,6.12323399573677E-16));
#1542=DIRECTION('center_axis',(0.,-1.,-6.12323399573677E-16));
#1543=DIRECTION('ref_axis',(0.,6.12323399573677E-16,-1.));
#1544=DIRECTION('center_axis',(0.,1.,6.12323399573677E-16));
#1545=DIRECTION('ref_axis',(0.,6.12323399573676E-16,-1.));
#1546=DIRECTION('',(8.03440589904947E-17,0.754709580222771,0.656059028990509));
#1547=DIRECTION('center_axis',(0.,1.,6.12323399573677E-16));
#1548=DIRECTION('ref_axis',(0.,6.12323399573676E-16,-1.));
#1549=DIRECTION('center_axis',(0.,1.,6.12323399573677E-16));
#1550=DIRECTION('ref_axis',(0.,6.12323399573676E-16,-1.));
#1551=DIRECTION('',(8.03440589904947E-17,0.754709580222771,0.656059028990509));
#1552=DIRECTION('center_axis',(0.,1.,6.12323399573677E-16));
#1553=DIRECTION('ref_axis',(0.,6.12323399573676E-16,-1.));
#1554=DIRECTION('center_axis',(0.,1.,6.12323399573677E-16));
#1555=DIRECTION('ref_axis',(0.,6.12323399573676E-16,-1.));
#1556=DIRECTION('',(8.03440589904947E-17,0.754709580222771,0.656059028990509));
#1557=DIRECTION('center_axis',(0.,1.,6.12323399573677E-16));
#1558=DIRECTION('ref_axis',(0.,6.12323399573676E-16,-1.));
#1559=DIRECTION('center_axis',(1.,0.,0.));
#1560=DIRECTION('ref_axis',(0.,0.854401801328509,0.519612896189652));
#1561=DIRECTION('center_axis',(1.,0.,0.));
#1562=DIRECTION('ref_axis',(0.,6.12323399573674E-16,-1.));
#1563=DIRECTION('',(1.,0.,0.));
#1564=DIRECTION('center_axis',(-1.,0.,0.));
#1565=DIRECTION('ref_axis',(0.,6.12323399573674E-16,-1.));
#1566=DIRECTION('',(1.,0.,0.));
#1567=DIRECTION('center_axis',(1.,0.,0.));
#1568=DIRECTION('ref_axis',(0.,0.854401801328509,0.519612896189652));
#1569=DIRECTION('center_axis',(-1.,0.,0.));
#1570=DIRECTION('ref_axis',(0.,6.12323399573677E-16,-1.));
#1571=DIRECTION('',(1.,0.,0.));
#1572=DIRECTION('center_axis',(1.,0.,0.));
#1573=DIRECTION('ref_axis',(0.,6.12323399573677E-16,-1.));
#1574=DIRECTION('',(1.,0.,0.));
#1575=DIRECTION('center_axis',(1.,0.,0.));
#1576=DIRECTION('ref_axis',(0.,0.854401801328509,0.519612896189652));
#1577=DIRECTION('center_axis',(-1.,0.,0.));
#1578=DIRECTION('ref_axis',(0.,6.12323399573677E-16,-1.));
#1579=DIRECTION('',(1.,0.,0.));
#1580=DIRECTION('center_axis',(1.,0.,0.));
#1581=DIRECTION('ref_axis',(0.,-6.12323399573677E-16,1.));
#1582=DIRECTION('',(1.,0.,0.));
#1583=DIRECTION('center_axis',(1.,0.,0.));
#1584=DIRECTION('ref_axis',(0.,0.854401801328509,0.519612896189652));
#1585=DIRECTION('center_axis',(1.,0.,0.));
#1586=DIRECTION('ref_axis',(0.,6.12323399573674E-16,-1.));
#1587=DIRECTION('',(1.,0.,0.));
#1588=DIRECTION('center_axis',(-1.,0.,0.));
#1589=DIRECTION('ref_axis',(0.,-6.12323399573674E-16,1.));
#1590=DIRECTION('',(1.,0.,0.));
#1591=DIRECTION('center_axis',(1.,0.,0.));
#1592=DIRECTION('ref_axis',(0.,0.854401801328509,0.519612896189652));
#1593=DIRECTION('center_axis',(1.,0.,0.));
#1594=DIRECTION('ref_axis',(0.,6.12323399573674E-16,-1.));
#1595=DIRECTION('',(1.,0.,0.));
#1596=DIRECTION('center_axis',(-1.,0.,0.));
#1597=DIRECTION('ref_axis',(0.,-6.12323399573674E-16,1.));
#1598=DIRECTION('',(1.,0.,0.));
#1599=DIRECTION('center_axis',(1.,0.,0.));
#1600=DIRECTION('ref_axis',(0.,0.854401801328509,0.519612896189652));
#1601=DIRECTION('center_axis',(1.,0.,0.));
#1602=DIRECTION('ref_axis',(0.,6.12323399573674E-16,-1.));
#1603=DIRECTION('',(1.,0.,0.));
#1604=DIRECTION('center_axis',(-1.,0.,0.));
#1605=DIRECTION('ref_axis',(0.,-6.12323399573674E-16,1.));
#1606=DIRECTION('',(1.,0.,0.));
#1607=DIRECTION('center_axis',(1.,0.,0.));
#1608=DIRECTION('ref_axis',(0.,0.854401801328509,0.519612896189652));
#1609=DIRECTION('center_axis',(-1.,0.,0.));
#1610=DIRECTION('ref_axis',(0.,6.12323399573677E-16,-1.));
#1611=DIRECTION('',(1.,0.,0.));
#1612=DIRECTION('center_axis',(1.,0.,0.));
#1613=DIRECTION('ref_axis',(0.,-6.12323399573677E-16,1.));
#1614=DIRECTION('',(1.,0.,0.));
#1615=DIRECTION('center_axis',(1.,0.,0.));
#1616=DIRECTION('ref_axis',(0.,0.854401801328509,0.519612896189652));
#1617=DIRECTION('center_axis',(-1.,0.,0.));
#1618=DIRECTION('ref_axis',(0.,6.12323399573677E-16,-1.));
#1619=DIRECTION('',(1.,0.,0.));
#1620=DIRECTION('center_axis',(1.,0.,0.));
#1621=DIRECTION('ref_axis',(0.,-6.12323399573677E-16,1.));
#1622=DIRECTION('',(1.,0.,0.));
#1623=DIRECTION('center_axis',(0.,0.887916388995925,-0.460004876226804));
#1624=DIRECTION('ref_axis',(0.,-0.460004876226804,-0.887916388995925));
#1625=DIRECTION('',(0.,0.460004876226804,0.887916388995925));
#1626=DIRECTION('',(0.,-0.460004876226804,-0.887916388995925));
#1627=DIRECTION('center_axis',(0.,0.887916388995925,-0.460004876226804));
#1628=DIRECTION('ref_axis',(0.,-0.460004876226804,-0.887916388995925));
#1629=DIRECTION('',(0.,0.460004876226804,0.887916388995925));
#1630=DIRECTION('',(0.,-0.460004876226804,-0.887916388995925));
#1631=DIRECTION('center_axis',(0.,0.887916388995925,-0.460004876226804));
#1632=DIRECTION('ref_axis',(0.,-0.460004876226804,-0.887916388995925));
#1633=DIRECTION('',(0.,-0.460004876226804,-0.887916388995925));
#1634=DIRECTION('',(0.,0.460004876226804,0.887916388995925));
#1635=DIRECTION('center_axis',(0.,-1.,-6.12323399573677E-16));
#1636=DIRECTION('ref_axis',(0.,-6.12323399573677E-16,1.));
#1637=DIRECTION('',(0.,6.12323399573677E-16,-1.));
#1638=DIRECTION('',(1.,8.36387225299515E-32,-1.36592399683213E-16));
#1639=DIRECTION('',(0.,-6.12323399573677E-16,1.));
#1640=DIRECTION('',(0.,6.12323399573677E-16,-1.));
#1641=DIRECTION('',(1.,8.36387225299515E-32,-1.36592399683213E-16));
#1642=DIRECTION('',(0.,-6.12323399573677E-16,1.));
#1643=DIRECTION('',(0.,6.12323399573677E-16,-1.));
#1644=DIRECTION('',(1.,0.,0.));
#1645=DIRECTION('',(0.,6.12323399573677E-16,-1.));
#1646=DIRECTION('',(1.,8.36387225299515E-32,-1.36592399683213E-16));
#1647=DIRECTION('',(0.,-6.12323399573677E-16,1.));
#1648=DIRECTION('',(0.,6.12323399573677E-16,-1.));
#1649=DIRECTION('',(1.,8.36387225299515E-32,-1.36592399683213E-16));
#1650=DIRECTION('',(0.,-6.12323399573677E-16,1.));
#1651=DIRECTION('center_axis',(0.,-6.12323399573677E-16,1.));
#1652=DIRECTION('ref_axis',(1.,0.,0.));
#1653=DIRECTION('',(0.,-1.,-6.12323399573677E-16));
#1654=DIRECTION('',(1.,0.,0.));
#1655=DIRECTION('',(0.,-1.,-6.12323399573677E-16));
#1656=DIRECTION('center_axis',(0.,1.,4.75730999890463E-16));
#1657=DIRECTION('ref_axis',(0.,4.75730999890463E-16,-1.));
#1658=DIRECTION('',(-1.,-8.36387225299515E-32,1.36592399683213E-16));
#1659=DIRECTION('',(0.,-6.12323399573677E-16,1.));
#1660=DIRECTION('',(0.,4.75730999890463E-16,-1.));
#1661=DIRECTION('',(-1.,-8.36387225299515E-32,1.36592399683213E-16));
#1662=DIRECTION('',(0.,-6.12323399573677E-16,1.));
#1663=DIRECTION('',(0.,6.12323399573677E-16,-1.));
#1664=DIRECTION('',(-1.,-8.36387225299515E-32,1.36592399683213E-16));
#1665=DIRECTION('',(0.,-4.75730999890463E-16,1.));
#1666=DIRECTION('',(0.,-4.75730999890463E-16,1.));
#1667=DIRECTION('',(0.,6.12323399573677E-16,-1.));
#1668=DIRECTION('',(-1.,-8.36387225299515E-32,1.36592399683213E-16));
#1669=DIRECTION('',(0.,-6.12323399573677E-16,1.));
#1670=DIRECTION('',(0.,4.75730999890463E-16,-1.));
#1671=DIRECTION('center_axis',(0.,0.887916388995925,-0.460004876226804));
#1672=DIRECTION('ref_axis',(0.,-0.460004876226804,-0.887916388995925));
#1673=DIRECTION('',(0.,-0.460004876226804,-0.887916388995925));
#1674=DIRECTION('',(0.,0.460004876226804,0.887916388995925));
#1675=DIRECTION('center_axis',(1.,0.,0.));
#1676=DIRECTION('ref_axis',(0.,6.12323399573677E-16,-1.));
#1677=DIRECTION('',(0.,1.,6.12323399573677E-16));
#1678=DIRECTION('center_axis',(1.,0.,0.));
#1679=DIRECTION('ref_axis',(0.,6.12323399573677E-16,-1.));
#1680=DIRECTION('center_axis',(-1.36592399683213E-16,6.12323399573677E-16,
-1.));
#1681=DIRECTION('ref_axis',(-1.,-8.36387225299515E-32,1.36592399683213E-16));
#1682=DIRECTION('',(0.,1.,6.12323399573677E-16));
#1683=DIRECTION('',(0.,1.,6.12323399573677E-16));
#1684=DIRECTION('center_axis',(-1.,0.,0.));
#1685=DIRECTION('ref_axis',(0.,-6.12323399573677E-16,1.));
#1686=DIRECTION('center_axis',(1.,0.,0.));
#1687=DIRECTION('ref_axis',(0.,6.12323399573677E-16,-1.));
#1688=DIRECTION('center_axis',(1.,0.,0.));
#1689=DIRECTION('ref_axis',(0.,6.12323399573677E-16,-1.));
#1690=DIRECTION('',(0.,1.,6.12323399573677E-16));
#1691=DIRECTION('center_axis',(-1.36592399683213E-16,6.12323399573677E-16,
-1.));
#1692=DIRECTION('ref_axis',(-1.,-8.36387225299515E-32,1.36592399683213E-16));
#1693=DIRECTION('center_axis',(-1.,0.,0.));
#1694=DIRECTION('ref_axis',(0.,-6.12323399573677E-16,1.));
#1695=DIRECTION('',(0.,1.,6.12323399573677E-16));
#1696=DIRECTION('center_axis',(-1.36592399683213E-16,6.12323399573677E-16,
-1.));
#1697=DIRECTION('ref_axis',(-1.,-8.36387225299515E-32,1.36592399683213E-16));
#1698=DIRECTION('',(0.,1.,6.12323399573677E-16));
#1699=DIRECTION('center_axis',(1.,0.,0.));
#1700=DIRECTION('ref_axis',(0.,6.12323399573677E-16,-1.));
#1701=DIRECTION('center_axis',(-1.,0.,0.));
#1702=DIRECTION('ref_axis',(0.,-6.12323399573677E-16,1.));
#1703=DIRECTION('',(0.,1.,6.12323399573677E-16));
#1704=DIRECTION('center_axis',(-1.36592399683213E-16,6.12323399573677E-16,
-1.));
#1705=DIRECTION('ref_axis',(-1.,-8.36387225299515E-32,1.36592399683213E-16));
#1706=DIRECTION('',(0.,1.,6.12323399573677E-16));
#1707=DIRECTION('center_axis',(1.,0.,0.));
#1708=DIRECTION('ref_axis',(0.,6.12323399573677E-16,-1.));
#1709=DIRECTION('center_axis',(-1.,0.,0.));
#1710=DIRECTION('ref_axis',(0.,0.,1.));
#1711=DIRECTION('center_axis',(-1.,0.,0.));
#1712=DIRECTION('ref_axis',(0.,0.,-1.));
#1713=DIRECTION('',(0.70710678118656,8.65956056235478E-17,0.707106781186535));
#1714=DIRECTION('center_axis',(1.,0.,0.));
#1715=DIRECTION('ref_axis',(0.,0.,-1.));
#1716=DIRECTION('center_axis',(1.,0.,0.));
#1717=DIRECTION('ref_axis',(0.,0.,-1.));
#1718=DIRECTION('center_axis',(1.,0.,0.));
#1719=DIRECTION('ref_axis',(0.,0.,-1.));
#1720=DIRECTION('center_axis',(1.,0.,0.));
#1721=DIRECTION('ref_axis',(0.,0.,-1.));
#1722=DIRECTION('',(-0.707106781186504,8.65956056235547E-17,-0.707106781186591));
#1723=DIRECTION('center_axis',(-1.,0.,0.));
#1724=DIRECTION('ref_axis',(0.,0.,-1.));
#1725=DIRECTION('center_axis',(-1.,0.,0.));
#1726=DIRECTION('ref_axis',(0.,0.,1.));
#1727=DIRECTION('',(1.,0.,0.));
#1728=DIRECTION('center_axis',(1.,0.,0.));
#1729=DIRECTION('ref_axis',(0.,0.,-1.));
#1730=DIRECTION('center_axis',(1.,0.,0.));
#1731=DIRECTION('ref_axis',(0.,0.,-1.));
#1732=DIRECTION('center_axis',(0.,1.,0.));
#1733=DIRECTION('ref_axis',(0.,0.,1.));
#1734=DIRECTION('center_axis',(0.,1.,0.));
#1735=DIRECTION('ref_axis',(0.,0.,1.));
#1736=DIRECTION('',(0.,1.,0.));
#1737=DIRECTION('center_axis',(0.,-1.,0.));
#1738=DIRECTION('ref_axis',(0.,0.,1.));
#1739=DIRECTION('center_axis',(0.,1.,0.));
#1740=DIRECTION('ref_axis',(0.,0.,1.));
#1741=DIRECTION('center_axis',(0.,1.,0.));
#1742=DIRECTION('ref_axis',(0.,0.,1.));
#1743=DIRECTION('',(0.,1.,0.));
#1744=DIRECTION('center_axis',(0.,-1.,0.));
#1745=DIRECTION('ref_axis',(0.,0.,1.));
#1746=DIRECTION('center_axis',(0.,1.,0.));
#1747=DIRECTION('ref_axis',(0.,0.,1.));
#1748=DIRECTION('center_axis',(0.,1.,0.));
#1749=DIRECTION('ref_axis',(0.,0.,1.));
#1750=DIRECTION('',(0.,1.,0.));
#1751=DIRECTION('center_axis',(0.,-1.,0.));
#1752=DIRECTION('ref_axis',(0.,0.,1.));
#1753=DIRECTION('center_axis',(0.,1.,0.));
#1754=DIRECTION('ref_axis',(0.,0.,1.));
#1755=DIRECTION('',(-8.03440589904947E-17,0.754709580222771,-0.656059028990508));
#1756=DIRECTION('center_axis',(0.,1.,0.));
#1757=DIRECTION('ref_axis',(0.,0.,1.));
#1758=DIRECTION('center_axis',(0.,1.,0.));
#1759=DIRECTION('ref_axis',(0.,0.,1.));
#1760=DIRECTION('',(-8.03440589904947E-17,0.754709580222771,-0.656059028990508));
#1761=DIRECTION('center_axis',(0.,1.,0.));
#1762=DIRECTION('ref_axis',(0.,0.,1.));
#1763=DIRECTION('center_axis',(0.,1.,0.));
#1764=DIRECTION('ref_axis',(0.,0.,1.));
#1765=DIRECTION('',(-8.03440589904947E-17,0.754709580222771,-0.656059028990508));
#1766=DIRECTION('center_axis',(0.,1.,0.));
#1767=DIRECTION('ref_axis',(0.,0.,1.));
#1768=DIRECTION('center_axis',(-1.,0.,0.));
#1769=DIRECTION('ref_axis',(0.,0.85440180132851,-0.519612896189652));
#1770=DIRECTION('center_axis',(-1.,0.,0.));
#1771=DIRECTION('ref_axis',(0.,0.,1.));
#1772=DIRECTION('',(-1.,0.,0.));
#1773=DIRECTION('center_axis',(1.,0.,0.));
#1774=DIRECTION('ref_axis',(0.,0.,1.));
#1775=DIRECTION('',(-1.,0.,0.));
#1776=DIRECTION('center_axis',(-1.,0.,0.));
#1777=DIRECTION('ref_axis',(0.,0.85440180132851,-0.519612896189652));
#1778=DIRECTION('center_axis',(1.,0.,0.));
#1779=DIRECTION('ref_axis',(0.,0.,1.));
#1780=DIRECTION('',(-1.,0.,0.));
#1781=DIRECTION('center_axis',(-1.,0.,0.));
#1782=DIRECTION('ref_axis',(0.,0.,1.));
#1783=DIRECTION('',(-1.,0.,0.));
#1784=DIRECTION('center_axis',(-1.,0.,0.));
#1785=DIRECTION('ref_axis',(0.,0.85440180132851,-0.519612896189652));
#1786=DIRECTION('center_axis',(1.,0.,0.));
#1787=DIRECTION('ref_axis',(0.,0.,1.));
#1788=DIRECTION('',(-1.,0.,0.));
#1789=DIRECTION('center_axis',(-1.,0.,0.));
#1790=DIRECTION('ref_axis',(0.,0.,-1.));
#1791=DIRECTION('',(-1.,0.,0.));
#1792=DIRECTION('center_axis',(-1.,0.,0.));
#1793=DIRECTION('ref_axis',(0.,0.85440180132851,-0.519612896189651));
#1794=DIRECTION('center_axis',(-1.,0.,0.));
#1795=DIRECTION('ref_axis',(0.,0.,1.));
#1796=DIRECTION('',(-1.,0.,0.));
#1797=DIRECTION('center_axis',(1.,0.,0.));
#1798=DIRECTION('ref_axis',(0.,0.,-1.));
#1799=DIRECTION('',(-1.,0.,0.));
#1800=DIRECTION('center_axis',(-1.,0.,0.));
#1801=DIRECTION('ref_axis',(0.,0.85440180132851,-0.519612896189651));
#1802=DIRECTION('center_axis',(-1.,0.,0.));
#1803=DIRECTION('ref_axis',(0.,0.,1.));
#1804=DIRECTION('',(-1.,0.,0.));
#1805=DIRECTION('center_axis',(1.,0.,0.));
#1806=DIRECTION('ref_axis',(0.,0.,-1.));
#1807=DIRECTION('',(-1.,0.,0.));
#1808=DIRECTION('center_axis',(-1.,0.,0.));
#1809=DIRECTION('ref_axis',(0.,0.85440180132851,-0.519612896189651));
#1810=DIRECTION('center_axis',(-1.,0.,0.));
#1811=DIRECTION('ref_axis',(0.,0.,1.));
#1812=DIRECTION('',(-1.,0.,0.));
#1813=DIRECTION('center_axis',(1.,0.,0.));
#1814=DIRECTION('ref_axis',(0.,0.,-1.));
#1815=DIRECTION('',(-1.,0.,0.));
#1816=DIRECTION('center_axis',(-1.,0.,0.));
#1817=DIRECTION('ref_axis',(0.,0.85440180132851,-0.519612896189652));
#1818=DIRECTION('center_axis',(1.,0.,0.));
#1819=DIRECTION('ref_axis',(0.,0.,1.));
#1820=DIRECTION('',(-1.,0.,0.));
#1821=DIRECTION('center_axis',(-1.,0.,0.));
#1822=DIRECTION('ref_axis',(0.,0.,-1.));
#1823=DIRECTION('',(-1.,0.,0.));
#1824=DIRECTION('center_axis',(-1.,0.,0.));
#1825=DIRECTION('ref_axis',(0.,0.85440180132851,-0.519612896189652));
#1826=DIRECTION('center_axis',(1.,0.,0.));
#1827=DIRECTION('ref_axis',(0.,0.,1.));
#1828=DIRECTION('',(-1.,0.,0.));
#1829=DIRECTION('center_axis',(-1.,0.,0.));
#1830=DIRECTION('ref_axis',(0.,0.,-1.));
#1831=DIRECTION('',(-1.,0.,0.));
#1832=DIRECTION('center_axis',(0.,0.887916388995925,0.460004876226804));
#1833=DIRECTION('ref_axis',(0.,-0.460004876226804,0.887916388995925));
#1834=DIRECTION('',(0.,0.460004876226804,-0.887916388995925));
#1835=DIRECTION('',(0.,-0.460004876226804,0.887916388995925));
#1836=DIRECTION('center_axis',(0.,0.887916388995925,0.460004876226804));
#1837=DIRECTION('ref_axis',(0.,-0.460004876226804,0.887916388995925));
#1838=DIRECTION('',(0.,0.460004876226804,-0.887916388995925));
#1839=DIRECTION('',(0.,-0.460004876226804,0.887916388995925));
#1840=DIRECTION('center_axis',(0.,0.887916388995925,0.460004876226804));
#1841=DIRECTION('ref_axis',(0.,-0.460004876226804,0.887916388995925));
#1842=DIRECTION('',(0.,-0.460004876226804,0.887916388995925));
#1843=DIRECTION('',(0.,0.460004876226804,-0.887916388995925));
#1844=DIRECTION('center_axis',(0.,-1.,0.));
#1845=DIRECTION('ref_axis',(0.,0.,-1.));
#1846=DIRECTION('',(0.,0.,1.));
#1847=DIRECTION('',(-1.,0.,1.36592399683213E-16));
#1848=DIRECTION('',(0.,0.,-1.));
#1849=DIRECTION('',(0.,0.,1.));
#1850=DIRECTION('',(-1.,0.,1.36592399683213E-16));
#1851=DIRECTION('',(0.,0.,-1.));
#1852=DIRECTION('',(0.,0.,1.));
#1853=DIRECTION('',(-1.,0.,0.));
#1854=DIRECTION('',(0.,0.,1.));
#1855=DIRECTION('',(-1.,0.,1.36592399683213E-16));
#1856=DIRECTION('',(0.,0.,-1.));
#1857=DIRECTION('',(0.,0.,1.));
#1858=DIRECTION('',(-1.,0.,1.36592399683213E-16));
#1859=DIRECTION('',(0.,0.,-1.));
#1860=DIRECTION('center_axis',(0.,0.,-1.));
#1861=DIRECTION('ref_axis',(-1.,0.,0.));
#1862=DIRECTION('',(0.,-1.,0.));
#1863=DIRECTION('',(-1.,0.,0.));
#1864=DIRECTION('',(0.,-1.,0.));
#1865=DIRECTION('center_axis',(0.,1.,1.36592399683213E-16));
#1866=DIRECTION('ref_axis',(0.,-1.36592399683213E-16,1.));
#1867=DIRECTION('',(1.,0.,-1.36592399683213E-16));
#1868=DIRECTION('',(0.,0.,-1.));
#1869=DIRECTION('',(0.,-1.36592399683213E-16,1.));
#1870=DIRECTION('',(1.,0.,-1.36592399683213E-16));
#1871=DIRECTION('',(0.,0.,-1.));
#1872=DIRECTION('',(0.,0.,1.));
#1873=DIRECTION('',(1.,0.,-1.36592399683213E-16));
#1874=DIRECTION('',(0.,1.36592399683213E-16,-1.));
#1875=DIRECTION('',(0.,1.36592399683213E-16,-1.));
#1876=DIRECTION('',(0.,0.,1.));
#1877=DIRECTION('',(1.,0.,-1.36592399683213E-16));
#1878=DIRECTION('',(0.,0.,-1.));
#1879=DIRECTION('',(0.,-1.36592399683213E-16,1.));
#1880=DIRECTION('center_axis',(0.,0.887916388995925,0.460004876226804));
#1881=DIRECTION('ref_axis',(0.,-0.460004876226804,0.887916388995925));
#1882=DIRECTION('',(0.,-0.460004876226804,0.887916388995925));
#1883=DIRECTION('',(0.,0.460004876226804,-0.887916388995925));
#1884=DIRECTION('center_axis',(-1.,0.,0.));
#1885=DIRECTION('ref_axis',(0.,0.,1.));
#1886=DIRECTION('',(0.,1.,0.));
#1887=DIRECTION('center_axis',(-1.,0.,0.));
#1888=DIRECTION('ref_axis',(0.,0.,1.));
#1889=DIRECTION('center_axis',(1.36592399683213E-16,0.,1.));
#1890=DIRECTION('ref_axis',(1.,0.,-1.36592399683213E-16));
#1891=DIRECTION('',(0.,1.,0.));
#1892=DIRECTION('',(0.,1.,0.));
#1893=DIRECTION('center_axis',(1.,0.,0.));
#1894=DIRECTION('ref_axis',(0.,0.,-1.));
#1895=DIRECTION('center_axis',(-1.,0.,0.));
#1896=DIRECTION('ref_axis',(0.,0.,1.));
#1897=DIRECTION('center_axis',(-1.,0.,0.));
#1898=DIRECTION('ref_axis',(0.,0.,1.));
#1899=DIRECTION('',(0.,1.,0.));
#1900=DIRECTION('center_axis',(1.36592399683213E-16,0.,1.));
#1901=DIRECTION('ref_axis',(1.,0.,-1.36592399683213E-16));
#1902=DIRECTION('center_axis',(1.,0.,0.));
#1903=DIRECTION('ref_axis',(0.,0.,-1.));
#1904=DIRECTION('',(0.,1.,0.));
#1905=DIRECTION('center_axis',(1.36592399683213E-16,0.,1.));
#1906=DIRECTION('ref_axis',(1.,0.,-1.36592399683213E-16));
#1907=DIRECTION('',(0.,1.,0.));
#1908=DIRECTION('center_axis',(-1.,0.,0.));
#1909=DIRECTION('ref_axis',(0.,0.,1.));
#1910=DIRECTION('center_axis',(1.,0.,0.));
#1911=DIRECTION('ref_axis',(0.,0.,-1.));
#1912=DIRECTION('',(0.,1.,0.));
#1913=DIRECTION('center_axis',(1.36592399683213E-16,0.,1.));
#1914=DIRECTION('ref_axis',(1.,0.,-1.36592399683213E-16));
#1915=DIRECTION('',(0.,1.,0.));
#1916=DIRECTION('center_axis',(-1.,0.,0.));
#1917=DIRECTION('ref_axis',(0.,0.,1.));
#1918=CARTESIAN_POINT('',(0.,0.,0.));
#1919=CARTESIAN_POINT('Origin',(0.719,-0.0829999999999999,-0.3125));
#1920=CARTESIAN_POINT('',(0.719,-0.0829999999999999,-0.2065));
#1921=CARTESIAN_POINT('Origin',(0.719,-0.0829999999999999,-0.3125));
#1922=CARTESIAN_POINT('',(0.719,-0.0660073681444201,-0.2065));
#1923=CARTESIAN_POINT('',(0.719,-0.0829999999999999,-0.2065));
#1924=CARTESIAN_POINT('Origin',(0.719,-0.06600736814442,-0.3125));
#1925=CARTESIAN_POINT('Origin',(0.,-0.0829999999999999,-0.3125));
#1926=CARTESIAN_POINT('',(1.29812560709619E-17,-0.0829999999999999,-0.2065));
#1927=CARTESIAN_POINT('Origin',(0.,-0.0829999999999999,-0.3125));
#1928=CARTESIAN_POINT('',(1.29812560709619E-17,-0.0660073681444201,-0.2065));
#1929=CARTESIAN_POINT('',(1.29812560709619E-17,-0.0829999999999999,-0.2065));
#1930=CARTESIAN_POINT('Origin',(0.,-0.06600736814442,-0.3125));
#1931=CARTESIAN_POINT('Origin',(-0.719,-0.0829999999999999,-0.3125));
#1932=CARTESIAN_POINT('',(-0.719,-0.0829999999999999,-0.2065));
#1933=CARTESIAN_POINT('Origin',(-0.719,-0.0829999999999999,-0.3125));
#1934=CARTESIAN_POINT('',(-0.719,-0.0660073681444199,-0.2065));
#1935=CARTESIAN_POINT('',(-0.719,-0.0829999999999999,-0.2065));
#1936=CARTESIAN_POINT('Origin',(-0.719,-0.0660073681444199,-0.3125));
#1937=CARTESIAN_POINT('Origin',(-0.719,-0.0429999999999998,-0.3125));
#1938=CARTESIAN_POINT('',(-0.719,-0.0429999999999999,-0.1865));
#1939=CARTESIAN_POINT('',(-0.719,-0.0429999999999999,-0.1865));
#1940=CARTESIAN_POINT('Origin',(-0.719,-0.0429999999999998,-0.3125));
#1941=CARTESIAN_POINT('Origin',(0.,-0.0429999999999998,-0.3125));
#1942=CARTESIAN_POINT('',(1.54305496692567E-17,-0.0429999999999999,-0.1865));
#1943=CARTESIAN_POINT('',(1.54305496692567E-17,-0.0429999999999999,-0.1865));
#1944=CARTESIAN_POINT('Origin',(0.,-0.0429999999999998,-0.3125));
#1945=CARTESIAN_POINT('Origin',(0.719,-0.0429999999999998,-0.3125));
#1946=CARTESIAN_POINT('',(0.719,-0.0429999999999999,-0.1865));
#1947=CARTESIAN_POINT('',(0.719,-0.0429999999999999,-0.1865));
#1948=CARTESIAN_POINT('Origin',(0.719,-0.0429999999999998,-0.3125));
#1949=CARTESIAN_POINT('Origin',(-1.,3.1586992426743E-15,1.88668252062438E-15));
#1950=CARTESIAN_POINT('',(0.75,-0.0381804047268247,-0.0736970602866618));
#1951=CARTESIAN_POINT('',(0.75,-0.0830000000000001,1.84439670343997E-15));
#1952=CARTESIAN_POINT('Origin',(0.75,3.1586992426743E-15,1.88668252062438E-15));
#1953=CARTESIAN_POINT('',(1.,-0.083,-6.55824986037912E-17));
#1954=CARTESIAN_POINT('',(-1.,-0.083,-6.55824986037912E-17));
#1955=CARTESIAN_POINT('',(1.,-0.0381804047268247,-0.0736970602866618));
#1956=CARTESIAN_POINT('Origin',(1.,3.1586992426743E-15,1.88668252062438E-15));
#1957=CARTESIAN_POINT('',(-1.,-0.0381804047268247,-0.0736970602866618));
#1958=CARTESIAN_POINT('Origin',(-1.,0.,0.));
#1959=CARTESIAN_POINT('',(0.75,-0.043,-1.10218211923262E-17));
#1960=CARTESIAN_POINT('',(0.75,-0.0197802096777526,-0.0381804047268248));
#1961=CARTESIAN_POINT('Origin',(0.75,0.,0.));
#1962=CARTESIAN_POINT('',(1.,-0.0197802096777526,-0.0381804047268248));
#1963=CARTESIAN_POINT('',(-1.,-0.0197802096777526,-0.0381804047268248));
#1964=CARTESIAN_POINT('',(1.,-0.043,-1.10218211923262E-17));
#1965=CARTESIAN_POINT('Origin',(1.,0.,0.));
#1966=CARTESIAN_POINT('',(-1.,-0.043,-1.10218211923262E-17));
#1967=CARTESIAN_POINT('Origin',(-1.,0.,0.));
#1968=CARTESIAN_POINT('',(0.25,-0.043,-2.63299061816681E-17));
#1969=CARTESIAN_POINT('',(0.25,-0.0197802096777526,-0.0381804047268248));
#1970=CARTESIAN_POINT('Origin',(0.25,0.,0.));
#1971=CARTESIAN_POINT('',(0.5,-0.0197802096777526,-0.0381804047268248));
#1972=CARTESIAN_POINT('',(-1.,-0.0197802096777526,-0.0381804047268248));
#1973=CARTESIAN_POINT('',(0.5,-0.043,-1.10218211923262E-17));
#1974=CARTESIAN_POINT('Origin',(0.5,0.,0.));
#1975=CARTESIAN_POINT('',(-1.,-0.043,-1.10218211923262E-17));
#1976=CARTESIAN_POINT('Origin',(-1.,3.1586992426743E-15,1.88668252062438E-15));
#1977=CARTESIAN_POINT('',(0.25,-0.0381804047268247,-0.0736970602866618));
#1978=CARTESIAN_POINT('',(0.25,-0.0830000000000001,-6.78968921250169E-17));
#1979=CARTESIAN_POINT('Origin',(0.25,3.1586992426743E-15,1.88668252062438E-15));
#1980=CARTESIAN_POINT('',(0.5,-0.0830000000000001,1.84439670343997E-15));
#1981=CARTESIAN_POINT('',(-1.,-0.083,-6.55824986037912E-17));
#1982=CARTESIAN_POINT('',(0.5,-0.0381804047268247,-0.0736970602866618));
#1983=CARTESIAN_POINT('Origin',(0.5,3.1586992426743E-15,1.88668252062438E-15));
#1984=CARTESIAN_POINT('',(-1.,-0.0381804047268247,-0.0736970602866618));
#1985=CARTESIAN_POINT('Origin',(-1.,3.1586992426743E-15,1.88668252062438E-15));
#1986=CARTESIAN_POINT('',(-0.75,-0.0381804047268247,-0.0736970602866618));
#1987=CARTESIAN_POINT('',(-0.75,-0.0830000000000001,-6.78968921250169E-17));
#1988=CARTESIAN_POINT('Origin',(-0.75,3.1586992426743E-15,1.88668252062438E-15));
#1989=CARTESIAN_POINT('',(-0.5,-0.0830000000000001,-6.78968921250169E-17));
#1990=CARTESIAN_POINT('',(-1.,-0.083,-6.55824986037912E-17));
#1991=CARTESIAN_POINT('',(-0.5,-0.0381804047268247,-0.0736970602866618));
#1992=CARTESIAN_POINT('Origin',(-0.5,3.1586992426743E-15,1.88668252062438E-15));
#1993=CARTESIAN_POINT('',(-1.,-0.0381804047268247,-0.0736970602866618));
#1994=CARTESIAN_POINT('Origin',(-1.,3.1586992426743E-15,1.88668252062438E-15));
#1995=CARTESIAN_POINT('',(-0.25,-0.0381804047268247,-0.0736970602866618));
#1996=CARTESIAN_POINT('',(-0.25,-0.0830000000000001,-6.78968921250169E-17));
#1997=CARTESIAN_POINT('Origin',(-0.25,3.1586992426743E-15,1.88668252062438E-15));
#1998=CARTESIAN_POINT('',(-6.82961998416066E-17,-0.0830000000000001,-6.78968921250169E-17));
#1999=CARTESIAN_POINT('',(-1.,-0.083,-6.55824986037912E-17));
#2000=CARTESIAN_POINT('',(0.,-0.0381804047268247,-0.0736970602866618));
#2001=CARTESIAN_POINT('Origin',(0.,3.1586992426743E-15,1.88668252062438E-15));
#2002=CARTESIAN_POINT('',(-1.,-0.0381804047268247,-0.0736970602866618));
#2003=CARTESIAN_POINT('Origin',(-1.,0.,0.));
#2004=CARTESIAN_POINT('',(-0.75,-0.043,-2.63299061816681E-17));
#2005=CARTESIAN_POINT('',(-0.75,-0.0197802096777526,-0.0381804047268248));
#2006=CARTESIAN_POINT('Origin',(-0.75,0.,0.));
#2007=CARTESIAN_POINT('',(-0.5,-0.0197802096777526,-0.0381804047268248));
#2008=CARTESIAN_POINT('',(-1.,-0.0197802096777526,-0.0381804047268248));
#2009=CARTESIAN_POINT('',(-0.5,-0.043,-2.63299061816681E-17));
#2010=CARTESIAN_POINT('Origin',(-0.5,0.,0.));
#2011=CARTESIAN_POINT('',(-1.,-0.043,-1.10218211923262E-17));
#2012=CARTESIAN_POINT('Origin',(-1.,0.,0.));
#2013=CARTESIAN_POINT('',(-0.25,-0.043,-2.63299061816681E-17));
#2014=CARTESIAN_POINT('',(-0.25,-0.0197802096777526,-0.0381804047268248));
#2015=CARTESIAN_POINT('Origin',(-0.25,0.,0.));
#2016=CARTESIAN_POINT('',(0.,-0.0197802096777526,-0.0381804047268248));
#2017=CARTESIAN_POINT('',(-1.,-0.0197802096777526,-0.0381804047268248));
#2018=CARTESIAN_POINT('',(0.,-0.043,-2.63299061816681E-17));
#2019=CARTESIAN_POINT('Origin',(0.,0.,0.));
#2020=CARTESIAN_POINT('',(-1.,-0.043,-1.10218211923262E-17));
#2021=CARTESIAN_POINT('Origin',(-1.,-0.0197802096777526,-0.0381804047268248));
#2022=CARTESIAN_POINT('',(0.,-0.0197802096777526,-0.0381804047268248));
#2023=CARTESIAN_POINT('',(-0.25,-0.0197802096777526,-0.0381804047268248));
#2024=CARTESIAN_POINT('Origin',(-1.,-0.0197802096777526,-0.0381804047268248));
#2025=CARTESIAN_POINT('',(-0.5,-0.0197802096777526,-0.0381804047268248));
#2026=CARTESIAN_POINT('',(-0.75,-0.0197802096777526,-0.0381804047268248));
#2027=CARTESIAN_POINT('Origin',(-1.,-0.0197802096777526,-0.0381804047268248));
#2028=CARTESIAN_POINT('',(0.25,-0.0197802096777526,-0.0381804047268248));
#2029=CARTESIAN_POINT('',(0.5,-0.0197802096777526,-0.0381804047268248));
#2030=CARTESIAN_POINT('Origin',(-1.,-0.0429999999999997,-0.5));
#2031=CARTESIAN_POINT('',(-6.82961998416066E-17,-0.0429999999999999,-0.0830000000000047));
#2032=CARTESIAN_POINT('',(0.,-0.0429999999999997,-0.5));
#2033=CARTESIAN_POINT('',(0.25,-0.0429999999999999,-0.0830000000000047));
#2034=CARTESIAN_POINT('',(-1.,-0.0429999999999999,-0.0830000000000046));
#2035=CARTESIAN_POINT('',(0.25,-0.0429999999999997,-0.5));
#2036=CARTESIAN_POINT('',(0.5,-0.0429999999999999,-0.0830000000000047));
#2037=CARTESIAN_POINT('',(0.5,-0.0429999999999997,-0.5));
#2038=CARTESIAN_POINT('',(0.75,-0.0429999999999999,-0.0830000000000047));
#2039=CARTESIAN_POINT('',(-1.,-0.0429999999999999,-0.0830000000000045));
#2040=CARTESIAN_POINT('',(0.75,-0.0429999999999997,-0.5));
#2041=CARTESIAN_POINT('',(1.,-0.0429999999999997,-0.5));
#2042=CARTESIAN_POINT('',(1.,-0.0429999999999997,-0.5));
#2043=CARTESIAN_POINT('',(-1.,-0.0429999999999997,-0.5));
#2044=CARTESIAN_POINT('',(-1.,-0.0429999999999997,-0.5));
#2045=CARTESIAN_POINT('',(-1.,-0.0429999999999999,-0.0830000000000047));
#2046=CARTESIAN_POINT('',(-1.,-0.0429999999999997,-0.5));
#2047=CARTESIAN_POINT('',(-0.75,-0.0429999999999999,-0.0830000000000047));
#2048=CARTESIAN_POINT('',(-1.,-0.0429999999999999,-0.0830000000000047));
#2049=CARTESIAN_POINT('',(-0.75,-0.0429999999999997,-0.5));
#2050=CARTESIAN_POINT('',(-0.5,-0.0429999999999999,-0.0830000000000047));
#2051=CARTESIAN_POINT('',(-0.5,-0.0429999999999997,-0.5));
#2052=CARTESIAN_POINT('',(-0.25,-0.0429999999999999,-0.0830000000000047));
#2053=CARTESIAN_POINT('',(-1.,-0.0429999999999999,-0.0830000000000047));
#2054=CARTESIAN_POINT('',(-0.25,-0.0429999999999997,-0.5));
#2055=CARTESIAN_POINT('Origin',(-1.,-0.0829999999999998,-0.5));
#2056=CARTESIAN_POINT('',(1.,-0.0829999999999998,-0.5));
#2057=CARTESIAN_POINT('',(1.,-0.0829999999999998,-0.5));
#2058=CARTESIAN_POINT('',(-1.,-0.0829999999999998,-0.5));
#2059=CARTESIAN_POINT('',(-1.,-0.0829999999999998,-0.5));
#2060=CARTESIAN_POINT('',(-1.,-0.0829999999999998,-0.5));
#2061=CARTESIAN_POINT('Origin',(-1.,-0.083,-3.60046158949322E-17));
#2062=CARTESIAN_POINT('',(0.25,-0.083,-0.0830000000000048));
#2063=CARTESIAN_POINT('',(-6.82961998416066E-17,-0.083,-0.0830000000000047));
#2064=CARTESIAN_POINT('',(-6.82961998416066E-17,-0.083,-0.0830000000000047));
#2065=CARTESIAN_POINT('',(-6.82961998416066E-17,-0.0830000000000001,0.0830000000000047));
#2066=CARTESIAN_POINT('',(-0.25,-0.083,-0.0830000000000048));
#2067=CARTESIAN_POINT('',(-0.25,-0.083,-3.60046158949322E-17));
#2068=CARTESIAN_POINT('',(-0.5,-0.083,-0.0830000000000047));
#2069=CARTESIAN_POINT('',(-0.5,-0.083,-0.0830000000000047));
#2070=CARTESIAN_POINT('',(-0.5,-0.0830000000000001,0.0830000000000047));
#2071=CARTESIAN_POINT('',(-0.75,-0.083,-0.0830000000000048));
#2072=CARTESIAN_POINT('',(-0.75,-0.083,-0.0830000000000048));
#2073=CARTESIAN_POINT('',(-1.,-0.083,-0.0830000000000047));
#2074=CARTESIAN_POINT('',(-1.,-0.083,-0.0830000000000047));
#2075=CARTESIAN_POINT('',(-1.,-0.083,-3.60046158949322E-17));
#2076=CARTESIAN_POINT('',(1.,-0.083,-3.60046158949322E-17));
#2077=CARTESIAN_POINT('',(0.75,-0.083,-0.0830000000000048));
#2078=CARTESIAN_POINT('',(0.75,-0.083,-0.0830000000000048));
#2079=CARTESIAN_POINT('',(0.5,-0.083,-0.0830000000000047));
#2080=CARTESIAN_POINT('',(0.5,-0.083,-0.0830000000000047));
#2081=CARTESIAN_POINT('',(0.5,-0.0830000000000001,0.0830000000000047));
#2082=CARTESIAN_POINT('',(0.25,-0.083,-3.60046158949322E-17));
#2083=CARTESIAN_POINT('Origin',(-1.,-0.0197802096777526,-0.0381804047268248));
#2084=CARTESIAN_POINT('',(0.75,-0.0197802096777526,-0.0381804047268248));
#2085=CARTESIAN_POINT('',(1.,-0.0197802096777526,-0.0381804047268248));
#2086=CARTESIAN_POINT('Origin',(-1.,0.,0.));
#2087=CARTESIAN_POINT('',(-1.,-0.083,-0.0830000000000047));
#2088=CARTESIAN_POINT('Origin',(1.,0.,0.));
#2089=CARTESIAN_POINT('Origin',(0.5,-0.083,-0.0830000000000047));
#2090=CARTESIAN_POINT('',(0.5,-0.083,-0.0830000000000047));
#2091=CARTESIAN_POINT('',(0.75,-0.083,-0.0830000000000048));
#2092=CARTESIAN_POINT('Origin',(0.5,-0.0830000000000001,0.0830000000000047));
#2093=CARTESIAN_POINT('Origin',(0.75,-0.083,-0.0830000000000048));
#2094=CARTESIAN_POINT('Origin',(-0.75,-0.083,-0.0830000000000048));
#2095=CARTESIAN_POINT('',(-0.75,-0.083,-0.0830000000000048));
#2096=CARTESIAN_POINT('Origin',(-1.,-0.083,-0.0830000000000047));
#2097=CARTESIAN_POINT('Origin',(-0.5,-0.0830000000000001,0.0830000000000047));
#2098=CARTESIAN_POINT('',(-0.5,-0.083,-0.0830000000000047));
#2099=CARTESIAN_POINT('Origin',(-0.5,-0.083,-0.0830000000000047));
#2100=CARTESIAN_POINT('',(-0.25,-0.083,-0.0830000000000048));
#2101=CARTESIAN_POINT('Origin',(-0.25,-0.083,-0.0830000000000048));
#2102=CARTESIAN_POINT('Origin',(-6.82961998416066E-17,-0.0830000000000001,
0.0830000000000047));
#2103=CARTESIAN_POINT('',(-6.82961998416066E-17,-0.083,-0.0830000000000047));
#2104=CARTESIAN_POINT('Origin',(-6.82961998416066E-17,-0.083,-0.0830000000000047));
#2105=CARTESIAN_POINT('',(0.25,-0.083,-0.0830000000000048));
#2106=CARTESIAN_POINT('Origin',(0.25,-0.083,-0.0830000000000048));
#2107=CARTESIAN_POINT('Origin',(1.,0.,0.));
#2108=CARTESIAN_POINT('',(0.99828,-5.26598123633362E-18,-0.043));
#2109=CARTESIAN_POINT('Origin',(0.99828,0.,0.));
#2110=CARTESIAN_POINT('',(1.,-5.05534198688028E-18,-0.0412800000000001));
#2111=CARTESIAN_POINT('',(1.,-5.05534198688028E-18,-0.0412800000000001));
#2112=CARTESIAN_POINT('Origin',(1.,0.,0.));
#2113=CARTESIAN_POINT('Origin',(-0.99828,0.,0.));
#2114=CARTESIAN_POINT('',(-0.99828,5.26598123633362E-18,-0.043));
#2115=CARTESIAN_POINT('',(-0.99828,-5.26598123633362E-18,0.043));
#2116=CARTESIAN_POINT('Origin',(-0.99828,0.,0.));
#2117=CARTESIAN_POINT('Origin',(-0.99828,0.,0.));
#2118=CARTESIAN_POINT('',(-1.,-5.05534198688025E-18,0.0412799999999998));
#2119=CARTESIAN_POINT('',(-0.99828,-5.26598123633362E-18,0.043));
#2120=CARTESIAN_POINT('Origin',(-1.,0.,0.));
#2121=CARTESIAN_POINT('Origin',(1.,0.,0.));
#2122=CARTESIAN_POINT('',(1.,-5.26598123633362E-18,-0.043));
#2123=CARTESIAN_POINT('Origin',(1.,0.,0.));
#2124=CARTESIAN_POINT('Origin',(-1.,0.,0.));
#2125=CARTESIAN_POINT('Origin',(-0.719,-0.0830000000000001,0.3125));
#2126=CARTESIAN_POINT('',(-0.719,-0.0830000000000001,0.2065));
#2127=CARTESIAN_POINT('Origin',(-0.719,-0.0830000000000001,0.3125));
#2128=CARTESIAN_POINT('',(-0.719,-0.0660073681444202,0.2065));
#2129=CARTESIAN_POINT('',(-0.719,-0.0830000000000001,0.2065));
#2130=CARTESIAN_POINT('Origin',(-0.719,-0.0660073681444202,0.3125));
#2131=CARTESIAN_POINT('Origin',(0.,-0.0830000000000001,0.3125));
#2132=CARTESIAN_POINT('',(-1.29812560709619E-17,-0.0830000000000001,0.2065));
#2133=CARTESIAN_POINT('Origin',(0.,-0.0830000000000001,0.3125));
#2134=CARTESIAN_POINT('',(-1.29812560709619E-17,-0.0660073681444202,0.2065));
#2135=CARTESIAN_POINT('',(-1.29812560709619E-17,-0.0830000000000001,0.2065));
#2136=CARTESIAN_POINT('Origin',(0.,-0.0660073681444202,0.3125));
#2137=CARTESIAN_POINT('Origin',(0.719,-0.0830000000000001,0.3125));
#2138=CARTESIAN_POINT('',(0.719,-0.0830000000000001,0.2065));
#2139=CARTESIAN_POINT('Origin',(0.719,-0.0830000000000001,0.3125));
#2140=CARTESIAN_POINT('',(0.719,-0.0660073681444201,0.2065));
#2141=CARTESIAN_POINT('',(0.719,-0.0830000000000001,0.2065));
#2142=CARTESIAN_POINT('Origin',(0.719,-0.0660073681444201,0.3125));
#2143=CARTESIAN_POINT('Origin',(0.719,-0.043,0.3125));
#2144=CARTESIAN_POINT('',(0.719,-0.043,0.1865));
#2145=CARTESIAN_POINT('',(0.719,-0.043,0.1865));
#2146=CARTESIAN_POINT('Origin',(0.719,-0.043,0.3125));
#2147=CARTESIAN_POINT('Origin',(0.,-0.043,0.3125));
#2148=CARTESIAN_POINT('',(-1.54305496692567E-17,-0.043,0.1865));
#2149=CARTESIAN_POINT('',(-1.54305496692567E-17,-0.043,0.1865));
#2150=CARTESIAN_POINT('Origin',(0.,-0.043,0.3125));
#2151=CARTESIAN_POINT('Origin',(-0.719,-0.043,0.3125));
#2152=CARTESIAN_POINT('',(-0.719,-0.043,0.1865));
#2153=CARTESIAN_POINT('',(-0.719,-0.043,0.1865));
#2154=CARTESIAN_POINT('Origin',(-0.719,-0.043,0.3125));
#2155=CARTESIAN_POINT('Origin',(1.,3.1586992426743E-15,-1.88668252062438E-15));
#2156=CARTESIAN_POINT('',(-0.75,-0.0381804047268248,0.0736970602866618));
#2157=CARTESIAN_POINT('',(-0.75,-0.0830000000000001,-1.89521954560458E-15));
#2158=CARTESIAN_POINT('Origin',(-0.75,3.1586992426743E-15,-1.88668252062438E-15));
#2159=CARTESIAN_POINT('',(-1.,-0.083,1.4759656439176E-17));
#2160=CARTESIAN_POINT('',(1.,-0.083,1.4759656439176E-17));
#2161=CARTESIAN_POINT('',(-1.,-0.0381804047268248,0.0736970602866618));
#2162=CARTESIAN_POINT('Origin',(-1.,3.1586992426743E-15,-1.88668252062438E-15));
#2163=CARTESIAN_POINT('',(1.,-0.0381804047268248,0.0736970602866618));
#2164=CARTESIAN_POINT('Origin',(1.,0.,0.));
#2165=CARTESIAN_POINT('',(-0.75,-0.043,-1.53080849893419E-17));
#2166=CARTESIAN_POINT('',(-0.75,-0.0197802096777526,0.0381804047268248));
#2167=CARTESIAN_POINT('Origin',(-0.75,0.,0.));
#2168=CARTESIAN_POINT('',(-1.,-0.0197802096777526,0.0381804047268248));
#2169=CARTESIAN_POINT('',(1.,-0.0197802096777526,0.0381804047268248));
#2170=CARTESIAN_POINT('',(-1.,-0.043,-1.53080849893419E-17));
#2171=CARTESIAN_POINT('Origin',(-1.,0.,0.));
#2172=CARTESIAN_POINT('',(1.,-0.043,-1.53080849893419E-17));
#2173=CARTESIAN_POINT('Origin',(1.,0.,0.));
#2174=CARTESIAN_POINT('',(-0.25,-0.043,0.));
#2175=CARTESIAN_POINT('',(-0.25,-0.0197802096777526,0.0381804047268248));
#2176=CARTESIAN_POINT('Origin',(-0.25,0.,0.));
#2177=CARTESIAN_POINT('',(-0.5,-0.0197802096777526,0.0381804047268248));
#2178=CARTESIAN_POINT('',(1.,-0.0197802096777526,0.0381804047268248));
#2179=CARTESIAN_POINT('',(-0.5,-0.043,-1.53080849893419E-17));
#2180=CARTESIAN_POINT('Origin',(-0.5,0.,0.));
#2181=CARTESIAN_POINT('',(1.,-0.043,-1.53080849893419E-17));
#2182=CARTESIAN_POINT('Origin',(1.,3.1586992426743E-15,-1.88668252062438E-15));
#2183=CARTESIAN_POINT('',(-0.25,-0.0381804047268248,0.0736970602866618));
#2184=CARTESIAN_POINT('',(-0.25,-0.0830000000000001,1.70740499604016E-17));
#2185=CARTESIAN_POINT('Origin',(-0.25,3.1586992426743E-15,-1.88668252062438E-15));
#2186=CARTESIAN_POINT('',(-0.5,-0.0830000000000001,-1.89521954560458E-15));
#2187=CARTESIAN_POINT('',(1.,-0.083,1.4759656439176E-17));
#2188=CARTESIAN_POINT('',(-0.5,-0.0381804047268248,0.0736970602866618));
#2189=CARTESIAN_POINT('Origin',(-0.5,3.1586992426743E-15,-1.88668252062438E-15));
#2190=CARTESIAN_POINT('',(1.,-0.0381804047268248,0.0736970602866618));
#2191=CARTESIAN_POINT('Origin',(1.,3.1586992426743E-15,-1.88668252062438E-15));
#2192=CARTESIAN_POINT('',(0.75,-0.0381804047268248,0.0736970602866618));
#2193=CARTESIAN_POINT('',(0.75,-0.0830000000000001,1.70740499604016E-17));
#2194=CARTESIAN_POINT('Origin',(0.75,3.1586992426743E-15,-1.88668252062438E-15));
#2195=CARTESIAN_POINT('',(0.5,-0.0830000000000001,1.70740499604016E-17));
#2196=CARTESIAN_POINT('',(1.,-0.083,1.4759656439176E-17));
#2197=CARTESIAN_POINT('',(0.5,-0.0381804047268248,0.0736970602866618));
#2198=CARTESIAN_POINT('Origin',(0.5,3.1586992426743E-15,-1.88668252062438E-15));
#2199=CARTESIAN_POINT('',(1.,-0.0381804047268248,0.0736970602866618));
#2200=CARTESIAN_POINT('Origin',(1.,3.1586992426743E-15,-1.88668252062438E-15));
#2201=CARTESIAN_POINT('',(0.25,-0.0381804047268248,0.0736970602866618));
#2202=CARTESIAN_POINT('',(0.25,-0.0830000000000001,1.70740499604016E-17));
#2203=CARTESIAN_POINT('Origin',(0.25,3.1586992426743E-15,-1.88668252062438E-15));
#2204=CARTESIAN_POINT('',(6.82961998416066E-17,-0.0830000000000001,1.70740499604016E-17));
#2205=CARTESIAN_POINT('',(1.,-0.083,1.4759656439176E-17));
#2206=CARTESIAN_POINT('',(0.,-0.0381804047268248,0.0736970602866618));
#2207=CARTESIAN_POINT('Origin',(0.,3.1586992426743E-15,-1.88668252062438E-15));
#2208=CARTESIAN_POINT('',(1.,-0.0381804047268248,0.0736970602866618));
#2209=CARTESIAN_POINT('Origin',(1.,0.,0.));
#2210=CARTESIAN_POINT('',(0.75,-0.043,0.));
#2211=CARTESIAN_POINT('',(0.75,-0.0197802096777526,0.0381804047268248));
#2212=CARTESIAN_POINT('Origin',(0.75,0.,0.));
#2213=CARTESIAN_POINT('',(0.5,-0.0197802096777526,0.0381804047268248));
#2214=CARTESIAN_POINT('',(1.,-0.0197802096777526,0.0381804047268248));
#2215=CARTESIAN_POINT('',(0.5,-0.043,0.));
#2216=CARTESIAN_POINT('Origin',(0.5,0.,0.));
#2217=CARTESIAN_POINT('',(1.,-0.043,-1.53080849893419E-17));
#2218=CARTESIAN_POINT('Origin',(1.,0.,0.));
#2219=CARTESIAN_POINT('',(0.25,-0.043,0.));
#2220=CARTESIAN_POINT('',(0.25,-0.0197802096777526,0.0381804047268248));
#2221=CARTESIAN_POINT('Origin',(0.25,0.,0.));
#2222=CARTESIAN_POINT('',(0.,-0.0197802096777526,0.0381804047268248));
#2223=CARTESIAN_POINT('',(1.,-0.0197802096777526,0.0381804047268248));
#2224=CARTESIAN_POINT('',(0.,-0.043,0.));
#2225=CARTESIAN_POINT('Origin',(0.,0.,0.));
#2226=CARTESIAN_POINT('',(1.,-0.043,-1.53080849893419E-17));
#2227=CARTESIAN_POINT('Origin',(1.,-0.0197802096777526,0.0381804047268248));
#2228=CARTESIAN_POINT('',(0.,-0.0197802096777526,0.0381804047268248));
#2229=CARTESIAN_POINT('',(0.25,-0.0197802096777526,0.0381804047268248));
#2230=CARTESIAN_POINT('Origin',(1.,-0.0197802096777526,0.0381804047268248));
#2231=CARTESIAN_POINT('',(0.5,-0.0197802096777526,0.0381804047268248));
#2232=CARTESIAN_POINT('',(0.75,-0.0197802096777526,0.0381804047268248));
#2233=CARTESIAN_POINT('Origin',(1.,-0.0197802096777526,0.0381804047268248));
#2234=CARTESIAN_POINT('',(-0.25,-0.0197802096777526,0.0381804047268248));
#2235=CARTESIAN_POINT('',(-0.5,-0.0197802096777526,0.0381804047268248));
#2236=CARTESIAN_POINT('Origin',(1.,-0.043,0.5));
#2237=CARTESIAN_POINT('',(6.82961998416066E-17,-0.043,0.0830000000000047));
#2238=CARTESIAN_POINT('',(0.,-0.043,0.5));
#2239=CARTESIAN_POINT('',(-0.25,-0.043,0.0830000000000047));
#2240=CARTESIAN_POINT('',(1.,-0.043,0.0830000000000046));
#2241=CARTESIAN_POINT('',(-0.25,-0.043,0.5));
#2242=CARTESIAN_POINT('',(-0.5,-0.043,0.0830000000000047));
#2243=CARTESIAN_POINT('',(-0.5,-0.043,0.5));
#2244=CARTESIAN_POINT('',(-0.75,-0.043,0.0830000000000047));
#2245=CARTESIAN_POINT('',(1.,-0.043,0.0830000000000045));
#2246=CARTESIAN_POINT('',(-0.75,-0.043,0.5));
#2247=CARTESIAN_POINT('',(-1.,-0.043,0.5));
#2248=CARTESIAN_POINT('',(-1.,-0.043,0.5));
#2249=CARTESIAN_POINT('',(1.,-0.043,0.5));
#2250=CARTESIAN_POINT('',(1.,-0.043,0.5));
#2251=CARTESIAN_POINT('',(1.,-0.043,0.0830000000000047));
#2252=CARTESIAN_POINT('',(1.,-0.043,0.5));
#2253=CARTESIAN_POINT('',(0.75,-0.043,0.0830000000000047));
#2254=CARTESIAN_POINT('',(1.,-0.043,0.0830000000000047));
#2255=CARTESIAN_POINT('',(0.75,-0.043,0.5));
#2256=CARTESIAN_POINT('',(0.5,-0.043,0.0830000000000047));
#2257=CARTESIAN_POINT('',(0.5,-0.043,0.5));
#2258=CARTESIAN_POINT('',(0.25,-0.043,0.0830000000000047));
#2259=CARTESIAN_POINT('',(1.,-0.043,0.0830000000000046));
#2260=CARTESIAN_POINT('',(0.25,-0.043,0.5));
#2261=CARTESIAN_POINT('Origin',(1.,-0.0830000000000001,0.5));
#2262=CARTESIAN_POINT('',(-1.,-0.0830000000000001,0.5));
#2263=CARTESIAN_POINT('',(-1.,-0.0830000000000001,0.5));
#2264=CARTESIAN_POINT('',(1.,-0.0830000000000001,0.5));
#2265=CARTESIAN_POINT('',(1.,-0.0830000000000001,0.5));
#2266=CARTESIAN_POINT('',(1.,-0.0830000000000001,0.5));
#2267=CARTESIAN_POINT('Origin',(1.,-0.083,-1.4818226269683E-17));
#2268=CARTESIAN_POINT('',(-0.25,-0.083,0.0830000000000047));
#2269=CARTESIAN_POINT('',(6.82961998416066E-17,-0.0830000000000001,0.0830000000000047));
#2270=CARTESIAN_POINT('',(6.82961998416066E-17,-0.0830000000000001,0.0830000000000047));
#2271=CARTESIAN_POINT('',(6.82961998416066E-17,-0.0830000000000001,-0.0830000000000048));
#2272=CARTESIAN_POINT('',(0.25,-0.083,0.0830000000000047));
#2273=CARTESIAN_POINT('',(0.25,-0.083,-1.4818226269683E-17));
#2274=CARTESIAN_POINT('',(0.5,-0.0830000000000001,0.0830000000000047));
#2275=CARTESIAN_POINT('',(0.5,-0.0830000000000001,0.0830000000000047));
#2276=CARTESIAN_POINT('',(0.5,-0.0830000000000001,-0.0830000000000048));
#2277=CARTESIAN_POINT('',(0.75,-0.0830000000000001,0.0830000000000047));
#2278=CARTESIAN_POINT('',(0.75,-0.0830000000000001,0.0830000000000047));
#2279=CARTESIAN_POINT('',(1.,-0.0830000000000001,0.0830000000000047));
#2280=CARTESIAN_POINT('',(1.,-0.0830000000000001,0.0830000000000047));
#2281=CARTESIAN_POINT('',(1.,-0.083,-1.4818226269683E-17));
#2282=CARTESIAN_POINT('',(-1.,-0.083,-1.4818226269683E-17));
#2283=CARTESIAN_POINT('',(-0.75,-0.0830000000000001,0.0830000000000047));
#2284=CARTESIAN_POINT('',(-0.75,-0.0830000000000001,0.0830000000000047));
#2285=CARTESIAN_POINT('',(-0.5,-0.0830000000000001,0.0830000000000047));
#2286=CARTESIAN_POINT('',(-0.5,-0.0830000000000001,0.0830000000000047));
#2287=CARTESIAN_POINT('',(-0.5,-0.0830000000000001,-0.0830000000000048));
#2288=CARTESIAN_POINT('',(-0.25,-0.083,-1.4818226269683E-17));
#2289=CARTESIAN_POINT('Origin',(1.,-0.0197802096777526,0.0381804047268248));
#2290=CARTESIAN_POINT('',(-0.75,-0.0197802096777526,0.0381804047268248));
#2291=CARTESIAN_POINT('',(-1.,-0.0197802096777526,0.0381804047268248));
#2292=CARTESIAN_POINT('Origin',(1.,0.,0.));
#2293=CARTESIAN_POINT('',(1.,-0.0830000000000001,0.0830000000000047));
#2294=CARTESIAN_POINT('Origin',(-1.,0.,0.));
#2295=CARTESIAN_POINT('Origin',(-0.5,-0.0830000000000001,0.0830000000000047));
#2296=CARTESIAN_POINT('',(-0.5,-0.0830000000000001,0.0830000000000047));
#2297=CARTESIAN_POINT('',(-0.75,-0.0830000000000001,0.0830000000000047));
#2298=CARTESIAN_POINT('Origin',(-0.5,-0.0830000000000001,-0.0830000000000048));
#2299=CARTESIAN_POINT('Origin',(-0.75,-0.0830000000000001,0.0830000000000047));
#2300=CARTESIAN_POINT('Origin',(0.75,-0.0830000000000001,0.0830000000000047));
#2301=CARTESIAN_POINT('',(0.75,-0.0830000000000001,0.0830000000000047));
#2302=CARTESIAN_POINT('Origin',(1.,-0.0830000000000001,0.0830000000000047));
#2303=CARTESIAN_POINT('Origin',(0.5,-0.0830000000000001,-0.0830000000000048));
#2304=CARTESIAN_POINT('',(0.5,-0.0830000000000001,0.0830000000000047));
#2305=CARTESIAN_POINT('Origin',(0.5,-0.0830000000000001,0.0830000000000047));
#2306=CARTESIAN_POINT('',(0.25,-0.0830000000000001,0.0830000000000047));
#2307=CARTESIAN_POINT('Origin',(0.25,-0.0830000000000001,0.0830000000000047));
#2308=CARTESIAN_POINT('Origin',(6.82961998416066E-17,-0.0830000000000001,
-0.0830000000000048));
#2309=CARTESIAN_POINT('',(6.82961998416066E-17,-0.0830000000000001,0.0830000000000047));
#2310=CARTESIAN_POINT('Origin',(6.82961998416066E-17,-0.0830000000000001,
0.0830000000000047));
#2311=CARTESIAN_POINT('',(-0.25,-0.0830000000000001,0.0830000000000047));
#2312=CARTESIAN_POINT('Origin',(-0.25,-0.0830000000000001,0.0830000000000047));
#2313=UNCERTAINTY_MEASURE_WITH_UNIT(LENGTH_MEASURE(0.000393700787401575),
#2318,'DISTANCE_ACCURACY_VALUE',
'Maximum model space distance between geometric entities at asserted c
onnectivities');
#2314=UNCERTAINTY_MEASURE_WITH_UNIT(LENGTH_MEASURE(0.000393700787401575),
#2318,'DISTANCE_ACCURACY_VALUE',
'Maximum model space distance between geometric entities at asserted c
onnectivities');
#2315=(
GEOMETRIC_REPRESENTATION_CONTEXT(3)
GLOBAL_UNCERTAINTY_ASSIGNED_CONTEXT((#2313))
GLOBAL_UNIT_ASSIGNED_CONTEXT((#2318,#2322,#2323))
REPRESENTATION_CONTEXT('','3D')
);
#2316=(
GEOMETRIC_REPRESENTATION_CONTEXT(3)
GLOBAL_UNCERTAINTY_ASSIGNED_CONTEXT((#2314))
GLOBAL_UNIT_ASSIGNED_CONTEXT((#2318,#2322,#2323))
REPRESENTATION_CONTEXT('','3D')
);
#2317=DIMENSIONAL_EXPONENTS(1.,0.,0.,0.,0.,0.,0.);
#2318=(
CONVERSION_BASED_UNIT('inch',#2321)
LENGTH_UNIT()
NAMED_UNIT(#2317)
);
#2319=(
LENGTH_UNIT()
NAMED_UNIT(*)
SI_UNIT(.MILLI.,.METRE.)
);
#2320=(
LENGTH_UNIT()
NAMED_UNIT(*)
SI_UNIT($,.METRE.)
);
#2321=LENGTH_MEASURE_WITH_UNIT(LENGTH_MEASURE(25.4),#2319);
#2322=(
NAMED_UNIT(*)
PLANE_ANGLE_UNIT()
SI_UNIT($,.RADIAN.)
);
#2323=(
NAMED_UNIT(*)
SI_UNIT($,.STERADIAN.)
SOLID_ANGLE_UNIT()
);
#2324=SHAPE_DEFINITION_REPRESENTATION(#2325,#2326);
#2325=PRODUCT_DEFINITION_SHAPE('',$,#2328);
#2326=SHAPE_REPRESENTATION('',(#1392),#2315);
#2327=PRODUCT_DEFINITION_CONTEXT('part definition',#2332,'design');
#2328=PRODUCT_DEFINITION('1603A7_Surface-Mount Hinge with Holes',
'1603A7_Surface-Mount Hinge with Holes',#2329,#2327);
#2329=PRODUCT_DEFINITION_FORMATION('',$,#2334);
#2330=PRODUCT_RELATED_PRODUCT_CATEGORY(
'1603A7_Surface-Mount Hinge with Holes',
'1603A7_Surface-Mount Hinge with Holes',(#2334));
#2331=APPLICATION_PROTOCOL_DEFINITION('international standard',
'automotive_design',2009,#2332);
#2332=APPLICATION_CONTEXT(
'Core Data for Automotive Mechanical Design Process');
#2333=PRODUCT_CONTEXT('part definition',#2332,'mechanical');
#2334=PRODUCT('1603A7_Surface-Mount Hinge with Holes',
'1603A7_Surface-Mount Hinge with Holes',$,(#2333));
#2335=PRESENTATION_STYLE_ASSIGNMENT((#2336));
#2336=SURFACE_STYLE_USAGE(.BOTH.,#2337);
#2337=SURFACE_SIDE_STYLE('',(#2338));
#2338=SURFACE_STYLE_FILL_AREA(#2339);
#2339=FILL_AREA_STYLE('Steel - Satin',(#2340));
#2340=FILL_AREA_STYLE_COLOUR('Steel - Satin',#2341);
#2341=COLOUR_RGB('Steel - Satin',0.627450980392157,0.627450980392157,0.627450980392157);
ENDSEC;
END-ISO-10303-21;
